customer_id,cluster_kmeans,cluster_name
3,2,Young Grocery
4,1,Vegetables-Hygiene Oriented
5,0,Older Long-Tenure Grocery
7,7,Service Sensitive
8,3,Tech Enthusiasts
9,0,Older Long-Tenure Grocery
10,0,Older Long-Tenure Grocery
11,2,Young Grocery
12,2,Young Grocery
14,1,Vegetables-Hygiene Oriented
15,1,Vegetables-Hygiene Oriented
16,4,Promotion Seekers
18,3,Tech Enthusiasts
19,6,Protein Enjoyers
20,4,Promotion Seekers
22,1,Vegetables-Hygiene Oriented
24,0,Older Long-Tenure Grocery
25,2,Young Grocery
26,2,Young Grocery
27,2,Young Grocery
28,7,Service Sensitive
29,4,Promotion Seekers
30,1,Vegetables-Hygiene Oriented
31,3,Tech Enthusiasts
33,0,Older Long-Tenure Grocery
34,0,Older Long-Tenure Grocery
35,0,Older Long-Tenure Grocery
36,0,Older Long-Tenure Grocery
37,2,Young Grocery
38,6,Protein Enjoyers
39,4,Promotion Seekers
40,4,Promotion Seekers
41,1,Vegetables-Hygiene Oriented
42,7,Service Sensitive
44,1,Vegetables-Hygiene Oriented
46,1,Vegetables-Hygiene Oriented
47,6,Protein Enjoyers
48,7,Service Sensitive
49,5,Large Families
50,0,Older Long-Tenure Grocery
52,3,Tech Enthusiasts
53,4,Promotion Seekers
54,3,Tech Enthusiasts
55,5,Large Families
56,7,Service Sensitive
57,7,Service Sensitive
59,7,Service Sensitive
60,5,Large Families
61,1,Vegetables-Hygiene Oriented
62,0,Older Long-Tenure Grocery
63,1,Vegetables-Hygiene Oriented
64,4,Promotion Seekers
66,1,Vegetables-Hygiene Oriented
69,1,Vegetables-Hygiene Oriented
70,3,Tech Enthusiasts
71,7,Service Sensitive
72,1,Vegetables-Hygiene Oriented
73,3,Tech Enthusiasts
74,1,Vegetables-Hygiene Oriented
75,3,Tech Enthusiasts
76,0,Older Long-Tenure Grocery
77,2,Young Grocery
78,0,Older Long-Tenure Grocery
79,4,Promotion Seekers
80,2,Young Grocery
81,7,Service Sensitive
82,2,Young Grocery
83,3,Tech Enthusiasts
84,4,Promotion Seekers
85,6,Protein Enjoyers
86,2,Young Grocery
87,0,Older Long-Tenure Grocery
89,1,Vegetables-Hygiene Oriented
90,3,Tech Enthusiasts
91,4,Promotion Seekers
92,4,Promotion Seekers
94,1,Vegetables-Hygiene Oriented
95,0,Older Long-Tenure Grocery
97,7,Service Sensitive
100,4,Promotion Seekers
102,3,Tech Enthusiasts
103,1,Vegetables-Hygiene Oriented
105,5,Large Families
106,3,Tech Enthusiasts
107,4,Promotion Seekers
108,4,Promotion Seekers
109,1,Vegetables-Hygiene Oriented
110,4,Promotion Seekers
111,0,Older Long-Tenure Grocery
112,7,Service Sensitive
113,4,Promotion Seekers
114,6,Protein Enjoyers
115,3,Tech Enthusiasts
116,3,Tech Enthusiasts
117,4,Promotion Seekers
119,1,Vegetables-Hygiene Oriented
120,1,Vegetables-Hygiene Oriented
121,4,Promotion Seekers
122,0,Older Long-Tenure Grocery
123,5,Large Families
124,1,Vegetables-Hygiene Oriented
125,1,Vegetables-Hygiene Oriented
126,7,Service Sensitive
127,7,Service Sensitive
128,3,Tech Enthusiasts
129,1,Vegetables-Hygiene Oriented
130,0,Older Long-Tenure Grocery
131,4,Promotion Seekers
132,2,Young Grocery
134,7,Service Sensitive
135,0,Older Long-Tenure Grocery
136,7,Service Sensitive
137,1,Vegetables-Hygiene Oriented
138,4,Promotion Seekers
139,0,Older Long-Tenure Grocery
141,1,Vegetables-Hygiene Oriented
142,0,Older Long-Tenure Grocery
144,3,Tech Enthusiasts
145,3,Tech Enthusiasts
146,1,Vegetables-Hygiene Oriented
147,4,Promotion Seekers
148,2,Young Grocery
149,5,Large Families
152,7,Service Sensitive
154,3,Tech Enthusiasts
157,4,Promotion Seekers
158,2,Young Grocery
159,6,Protein Enjoyers
160,1,Vegetables-Hygiene Oriented
161,2,Young Grocery
162,7,Service Sensitive
163,1,Vegetables-Hygiene Oriented
165,7,Service Sensitive
166,0,Older Long-Tenure Grocery
168,2,Young Grocery
170,3,Tech Enthusiasts
171,4,Promotion Seekers
172,1,Vegetables-Hygiene Oriented
173,4,Promotion Seekers
174,6,Protein Enjoyers
176,7,Service Sensitive
179,4,Promotion Seekers
180,4,Promotion Seekers
182,2,Young Grocery
184,0,Older Long-Tenure Grocery
185,0,Older Long-Tenure Grocery
186,5,Large Families
187,3,Tech Enthusiasts
188,1,Vegetables-Hygiene Oriented
189,1,Vegetables-Hygiene Oriented
191,2,Young Grocery
192,7,Service Sensitive
193,1,Vegetables-Hygiene Oriented
195,2,Young Grocery
196,7,Service Sensitive
197,0,Older Long-Tenure Grocery
198,4,Promotion Seekers
199,6,Protein Enjoyers
200,4,Promotion Seekers
201,4,Promotion Seekers
202,0,Older Long-Tenure Grocery
203,4,Promotion Seekers
204,2,Young Grocery
205,0,Older Long-Tenure Grocery
206,4,Promotion Seekers
207,4,Promotion Seekers
208,0,Older Long-Tenure Grocery
210,7,Service Sensitive
211,0,Older Long-Tenure Grocery
212,2,Young Grocery
213,0,Older Long-Tenure Grocery
214,7,Service Sensitive
215,4,Promotion Seekers
216,2,Young Grocery
217,7,Service Sensitive
218,6,Protein Enjoyers
219,3,Tech Enthusiasts
220,0,Older Long-Tenure Grocery
221,5,Large Families
225,7,Service Sensitive
226,1,Vegetables-Hygiene Oriented
229,5,Large Families
231,5,Large Families
232,2,Young Grocery
233,2,Young Grocery
235,2,Young Grocery
236,3,Tech Enthusiasts
238,6,Protein Enjoyers
240,3,Tech Enthusiasts
241,0,Older Long-Tenure Grocery
242,0,Older Long-Tenure Grocery
243,1,Vegetables-Hygiene Oriented
244,6,Protein Enjoyers
245,0,Older Long-Tenure Grocery
248,6,Protein Enjoyers
249,2,Young Grocery
250,1,Vegetables-Hygiene Oriented
251,4,Promotion Seekers
254,6,Protein Enjoyers
256,4,Promotion Seekers
257,4,Promotion Seekers
258,0,Older Long-Tenure Grocery
259,4,Promotion Seekers
260,3,Tech Enthusiasts
261,2,Young Grocery
262,7,Service Sensitive
263,3,Tech Enthusiasts
264,1,Vegetables-Hygiene Oriented
265,4,Promotion Seekers
266,4,Promotion Seekers
270,1,Vegetables-Hygiene Oriented
272,4,Promotion Seekers
274,0,Older Long-Tenure Grocery
276,4,Promotion Seekers
278,2,Young Grocery
279,2,Young Grocery
280,0,Older Long-Tenure Grocery
282,7,Service Sensitive
283,0,Older Long-Tenure Grocery
284,6,Protein Enjoyers
285,1,Vegetables-Hygiene Oriented
286,5,Large Families
287,7,Service Sensitive
288,3,Tech Enthusiasts
290,0,Older Long-Tenure Grocery
292,0,Older Long-Tenure Grocery
293,7,Service Sensitive
295,2,Young Grocery
296,0,Older Long-Tenure Grocery
297,2,Young Grocery
298,0,Older Long-Tenure Grocery
299,0,Older Long-Tenure Grocery
300,3,Tech Enthusiasts
301,0,Older Long-Tenure Grocery
303,7,Service Sensitive
304,0,Older Long-Tenure Grocery
305,4,Promotion Seekers
306,2,Young Grocery
307,1,Vegetables-Hygiene Oriented
308,4,Promotion Seekers
310,0,Older Long-Tenure Grocery
311,1,Vegetables-Hygiene Oriented
312,4,Promotion Seekers
313,3,Tech Enthusiasts
315,1,Vegetables-Hygiene Oriented
317,1,Vegetables-Hygiene Oriented
321,0,Older Long-Tenure Grocery
322,4,Promotion Seekers
323,4,Promotion Seekers
324,1,Vegetables-Hygiene Oriented
325,5,Large Families
326,5,Large Families
328,7,Service Sensitive
329,1,Vegetables-Hygiene Oriented
330,2,Young Grocery
331,3,Tech Enthusiasts
336,7,Service Sensitive
337,7,Service Sensitive
338,3,Tech Enthusiasts
339,4,Promotion Seekers
340,2,Young Grocery
341,0,Older Long-Tenure Grocery
342,0,Older Long-Tenure Grocery
343,4,Promotion Seekers
344,5,Large Families
346,6,Protein Enjoyers
347,7,Service Sensitive
350,0,Older Long-Tenure Grocery
351,0,Older Long-Tenure Grocery
352,0,Older Long-Tenure Grocery
353,2,Young Grocery
355,0,Older Long-Tenure Grocery
356,1,Vegetables-Hygiene Oriented
358,0,Older Long-Tenure Grocery
360,0,Older Long-Tenure Grocery
361,4,Promotion Seekers
362,0,Older Long-Tenure Grocery
363,3,Tech Enthusiasts
364,0,Older Long-Tenure Grocery
365,1,Vegetables-Hygiene Oriented
366,1,Vegetables-Hygiene Oriented
367,7,Service Sensitive
368,2,Young Grocery
369,2,Young Grocery
370,7,Service Sensitive
371,4,Promotion Seekers
372,4,Promotion Seekers
373,4,Promotion Seekers
375,5,Large Families
376,7,Service Sensitive
377,2,Young Grocery
378,0,Older Long-Tenure Grocery
379,5,Large Families
381,4,Promotion Seekers
382,4,Promotion Seekers
383,5,Large Families
384,4,Promotion Seekers
385,0,Older Long-Tenure Grocery
386,2,Young Grocery
387,4,Promotion Seekers
389,1,Vegetables-Hygiene Oriented
390,3,Tech Enthusiasts
391,5,Large Families
392,7,Service Sensitive
393,1,Vegetables-Hygiene Oriented
394,2,Young Grocery
395,7,Service Sensitive
396,3,Tech Enthusiasts
397,0,Older Long-Tenure Grocery
398,3,Tech Enthusiasts
399,1,Vegetables-Hygiene Oriented
400,1,Vegetables-Hygiene Oriented
401,6,Protein Enjoyers
402,4,Promotion Seekers
403,1,Vegetables-Hygiene Oriented
405,0,Older Long-Tenure Grocery
406,0,Older Long-Tenure Grocery
407,2,Young Grocery
408,3,Tech Enthusiasts
410,2,Young Grocery
411,0,Older Long-Tenure Grocery
412,3,Tech Enthusiasts
413,5,Large Families
414,0,Older Long-Tenure Grocery
416,1,Vegetables-Hygiene Oriented
417,0,Older Long-Tenure Grocery
418,6,Protein Enjoyers
419,0,Older Long-Tenure Grocery
420,1,Vegetables-Hygiene Oriented
421,0,Older Long-Tenure Grocery
422,7,Service Sensitive
424,1,Vegetables-Hygiene Oriented
425,1,Vegetables-Hygiene Oriented
426,3,Tech Enthusiasts
427,2,Young Grocery
428,2,Young Grocery
429,0,Older Long-Tenure Grocery
431,5,Large Families
432,1,Vegetables-Hygiene Oriented
434,4,Promotion Seekers
435,5,Large Families
436,7,Service Sensitive
437,0,Older Long-Tenure Grocery
438,0,Older Long-Tenure Grocery
440,4,Promotion Seekers
441,1,Vegetables-Hygiene Oriented
442,7,Service Sensitive
443,4,Promotion Seekers
445,3,Tech Enthusiasts
446,7,Service Sensitive
447,0,Older Long-Tenure Grocery
448,0,Older Long-Tenure Grocery
449,0,Older Long-Tenure Grocery
450,4,Promotion Seekers
451,5,Large Families
452,4,Promotion Seekers
453,2,Young Grocery
455,4,Promotion Seekers
456,1,Vegetables-Hygiene Oriented
457,1,Vegetables-Hygiene Oriented
460,0,Older Long-Tenure Grocery
461,7,Service Sensitive
462,0,Older Long-Tenure Grocery
464,0,Older Long-Tenure Grocery
465,3,Tech Enthusiasts
467,0,Older Long-Tenure Grocery
469,5,Large Families
470,3,Tech Enthusiasts
471,7,Service Sensitive
472,3,Tech Enthusiasts
473,5,Large Families
474,0,Older Long-Tenure Grocery
475,1,Vegetables-Hygiene Oriented
476,4,Promotion Seekers
477,0,Older Long-Tenure Grocery
479,4,Promotion Seekers
480,1,Vegetables-Hygiene Oriented
481,3,Tech Enthusiasts
482,4,Promotion Seekers
484,4,Promotion Seekers
485,7,Service Sensitive
486,2,Young Grocery
487,2,Young Grocery
488,5,Large Families
489,2,Young Grocery
490,4,Promotion Seekers
491,4,Promotion Seekers
492,2,Young Grocery
494,7,Service Sensitive
495,2,Young Grocery
496,1,Vegetables-Hygiene Oriented
497,5,Large Families
498,0,Older Long-Tenure Grocery
499,6,Protein Enjoyers
501,6,Protein Enjoyers
502,0,Older Long-Tenure Grocery
503,7,Service Sensitive
504,5,Large Families
505,4,Promotion Seekers
506,0,Older Long-Tenure Grocery
508,4,Promotion Seekers
509,3,Tech Enthusiasts
510,6,Protein Enjoyers
511,2,Young Grocery
513,0,Older Long-Tenure Grocery
514,4,Promotion Seekers
515,1,Vegetables-Hygiene Oriented
516,3,Tech Enthusiasts
517,2,Young Grocery
518,0,Older Long-Tenure Grocery
520,5,Large Families
521,0,Older Long-Tenure Grocery
522,7,Service Sensitive
523,5,Large Families
524,4,Promotion Seekers
526,1,Vegetables-Hygiene Oriented
527,0,Older Long-Tenure Grocery
528,7,Service Sensitive
529,7,Service Sensitive
530,2,Young Grocery
531,5,Large Families
532,0,Older Long-Tenure Grocery
533,0,Older Long-Tenure Grocery
534,0,Older Long-Tenure Grocery
535,1,Vegetables-Hygiene Oriented
536,1,Vegetables-Hygiene Oriented
537,5,Large Families
538,7,Service Sensitive
539,4,Promotion Seekers
540,6,Protein Enjoyers
541,4,Promotion Seekers
542,4,Promotion Seekers
543,7,Service Sensitive
545,0,Older Long-Tenure Grocery
547,1,Vegetables-Hygiene Oriented
548,2,Young Grocery
549,1,Vegetables-Hygiene Oriented
550,2,Young Grocery
551,2,Young Grocery
552,7,Service Sensitive
553,5,Large Families
554,7,Service Sensitive
556,3,Tech Enthusiasts
557,7,Service Sensitive
558,2,Young Grocery
559,2,Young Grocery
561,4,Promotion Seekers
562,4,Promotion Seekers
563,7,Service Sensitive
565,4,Promotion Seekers
566,1,Vegetables-Hygiene Oriented
568,2,Young Grocery
569,1,Vegetables-Hygiene Oriented
570,0,Older Long-Tenure Grocery
571,5,Large Families
573,0,Older Long-Tenure Grocery
574,4,Promotion Seekers
575,4,Promotion Seekers
576,5,Large Families
577,4,Promotion Seekers
578,0,Older Long-Tenure Grocery
579,4,Promotion Seekers
580,7,Service Sensitive
581,0,Older Long-Tenure Grocery
582,5,Large Families
583,2,Young Grocery
584,4,Promotion Seekers
585,6,Protein Enjoyers
586,1,Vegetables-Hygiene Oriented
587,0,Older Long-Tenure Grocery
588,4,Promotion Seekers
589,3,Tech Enthusiasts
590,7,Service Sensitive
591,3,Tech Enthusiasts
592,4,Promotion Seekers
593,4,Promotion Seekers
594,7,Service Sensitive
595,7,Service Sensitive
596,0,Older Long-Tenure Grocery
597,4,Promotion Seekers
598,3,Tech Enthusiasts
603,6,Protein Enjoyers
604,0,Older Long-Tenure Grocery
605,7,Service Sensitive
606,7,Service Sensitive
609,2,Young Grocery
611,1,Vegetables-Hygiene Oriented
613,3,Tech Enthusiasts
614,7,Service Sensitive
615,0,Older Long-Tenure Grocery
617,4,Promotion Seekers
618,0,Older Long-Tenure Grocery
619,2,Young Grocery
621,3,Tech Enthusiasts
622,7,Service Sensitive
623,1,Vegetables-Hygiene Oriented
624,6,Protein Enjoyers
625,4,Promotion Seekers
626,4,Promotion Seekers
627,4,Promotion Seekers
628,7,Service Sensitive
629,4,Promotion Seekers
631,7,Service Sensitive
632,7,Service Sensitive
633,2,Young Grocery
634,2,Young Grocery
635,1,Vegetables-Hygiene Oriented
636,1,Vegetables-Hygiene Oriented
637,6,Protein Enjoyers
638,3,Tech Enthusiasts
639,2,Young Grocery
640,7,Service Sensitive
641,0,Older Long-Tenure Grocery
642,1,Vegetables-Hygiene Oriented
643,2,Young Grocery
644,1,Vegetables-Hygiene Oriented
645,4,Promotion Seekers
646,7,Service Sensitive
647,4,Promotion Seekers
648,3,Tech Enthusiasts
650,2,Young Grocery
653,6,Protein Enjoyers
654,5,Large Families
655,0,Older Long-Tenure Grocery
656,5,Large Families
657,4,Promotion Seekers
658,0,Older Long-Tenure Grocery
659,7,Service Sensitive
660,4,Promotion Seekers
662,5,Large Families
663,7,Service Sensitive
664,6,Protein Enjoyers
665,0,Older Long-Tenure Grocery
666,7,Service Sensitive
667,7,Service Sensitive
668,1,Vegetables-Hygiene Oriented
669,1,Vegetables-Hygiene Oriented
670,4,Promotion Seekers
671,4,Promotion Seekers
673,3,Tech Enthusiasts
674,1,Vegetables-Hygiene Oriented
675,1,Vegetables-Hygiene Oriented
676,1,Vegetables-Hygiene Oriented
677,2,Young Grocery
678,1,Vegetables-Hygiene Oriented
679,0,Older Long-Tenure Grocery
680,0,Older Long-Tenure Grocery
681,0,Older Long-Tenure Grocery
682,1,Vegetables-Hygiene Oriented
685,1,Vegetables-Hygiene Oriented
686,7,Service Sensitive
687,4,Promotion Seekers
688,4,Promotion Seekers
689,0,Older Long-Tenure Grocery
691,2,Young Grocery
692,3,Tech Enthusiasts
694,4,Promotion Seekers
695,4,Promotion Seekers
696,7,Service Sensitive
697,5,Large Families
699,7,Service Sensitive
700,2,Young Grocery
701,6,Protein Enjoyers
703,3,Tech Enthusiasts
704,1,Vegetables-Hygiene Oriented
705,3,Tech Enthusiasts
707,1,Vegetables-Hygiene Oriented
708,1,Vegetables-Hygiene Oriented
709,2,Young Grocery
710,1,Vegetables-Hygiene Oriented
712,0,Older Long-Tenure Grocery
713,4,Promotion Seekers
714,2,Young Grocery
715,2,Young Grocery
717,6,Protein Enjoyers
718,7,Service Sensitive
719,1,Vegetables-Hygiene Oriented
721,4,Promotion Seekers
722,6,Protein Enjoyers
723,2,Young Grocery
725,6,Protein Enjoyers
726,7,Service Sensitive
727,0,Older Long-Tenure Grocery
728,6,Protein Enjoyers
729,0,Older Long-Tenure Grocery
730,4,Promotion Seekers
731,7,Service Sensitive
732,0,Older Long-Tenure Grocery
733,1,Vegetables-Hygiene Oriented
734,7,Service Sensitive
735,4,Promotion Seekers
736,4,Promotion Seekers
737,2,Young Grocery
738,7,Service Sensitive
739,6,Protein Enjoyers
741,1,Vegetables-Hygiene Oriented
742,6,Protein Enjoyers
743,7,Service Sensitive
744,1,Vegetables-Hygiene Oriented
745,0,Older Long-Tenure Grocery
746,3,Tech Enthusiasts
747,7,Service Sensitive
748,2,Young Grocery
749,1,Vegetables-Hygiene Oriented
752,4,Promotion Seekers
753,1,Vegetables-Hygiene Oriented
754,0,Older Long-Tenure Grocery
755,0,Older Long-Tenure Grocery
757,0,Older Long-Tenure Grocery
758,7,Service Sensitive
759,4,Promotion Seekers
760,2,Young Grocery
761,4,Promotion Seekers
762,4,Promotion Seekers
763,4,Promotion Seekers
764,0,Older Long-Tenure Grocery
765,7,Service Sensitive
766,3,Tech Enthusiasts
767,6,Protein Enjoyers
768,7,Service Sensitive
769,4,Promotion Seekers
770,1,Vegetables-Hygiene Oriented
771,0,Older Long-Tenure Grocery
772,0,Older Long-Tenure Grocery
773,1,Vegetables-Hygiene Oriented
776,4,Promotion Seekers
777,1,Vegetables-Hygiene Oriented
779,0,Older Long-Tenure Grocery
780,0,Older Long-Tenure Grocery
781,1,Vegetables-Hygiene Oriented
782,7,Service Sensitive
783,4,Promotion Seekers
785,0,Older Long-Tenure Grocery
787,3,Tech Enthusiasts
788,0,Older Long-Tenure Grocery
789,6,Protein Enjoyers
791,3,Tech Enthusiasts
792,1,Vegetables-Hygiene Oriented
793,4,Promotion Seekers
794,7,Service Sensitive
795,0,Older Long-Tenure Grocery
797,0,Older Long-Tenure Grocery
798,5,Large Families
799,2,Young Grocery
800,5,Large Families
803,0,Older Long-Tenure Grocery
804,1,Vegetables-Hygiene Oriented
805,0,Older Long-Tenure Grocery
806,3,Tech Enthusiasts
808,7,Service Sensitive
809,3,Tech Enthusiasts
810,7,Service Sensitive
811,2,Young Grocery
812,0,Older Long-Tenure Grocery
813,2,Young Grocery
814,4,Promotion Seekers
815,2,Young Grocery
816,4,Promotion Seekers
817,5,Large Families
818,5,Large Families
819,0,Older Long-Tenure Grocery
820,2,Young Grocery
821,2,Young Grocery
822,7,Service Sensitive
823,1,Vegetables-Hygiene Oriented
824,0,Older Long-Tenure Grocery
826,1,Vegetables-Hygiene Oriented
827,6,Protein Enjoyers
830,1,Vegetables-Hygiene Oriented
831,0,Older Long-Tenure Grocery
832,0,Older Long-Tenure Grocery
833,3,Tech Enthusiasts
834,4,Promotion Seekers
835,4,Promotion Seekers
836,1,Vegetables-Hygiene Oriented
837,1,Vegetables-Hygiene Oriented
838,4,Promotion Seekers
839,1,Vegetables-Hygiene Oriented
840,7,Service Sensitive
842,4,Promotion Seekers
843,0,Older Long-Tenure Grocery
844,4,Promotion Seekers
845,7,Service Sensitive
846,7,Service Sensitive
847,4,Promotion Seekers
848,6,Protein Enjoyers
849,5,Large Families
851,1,Vegetables-Hygiene Oriented
852,5,Large Families
853,0,Older Long-Tenure Grocery
854,0,Older Long-Tenure Grocery
855,2,Young Grocery
856,3,Tech Enthusiasts
857,1,Vegetables-Hygiene Oriented
859,1,Vegetables-Hygiene Oriented
860,7,Service Sensitive
862,2,Young Grocery
863,1,Vegetables-Hygiene Oriented
864,2,Young Grocery
865,1,Vegetables-Hygiene Oriented
866,0,Older Long-Tenure Grocery
867,3,Tech Enthusiasts
868,1,Vegetables-Hygiene Oriented
870,7,Service Sensitive
873,7,Service Sensitive
874,3,Tech Enthusiasts
875,5,Large Families
876,1,Vegetables-Hygiene Oriented
878,1,Vegetables-Hygiene Oriented
879,2,Young Grocery
880,1,Vegetables-Hygiene Oriented
881,5,Large Families
883,1,Vegetables-Hygiene Oriented
884,0,Older Long-Tenure Grocery
886,2,Young Grocery
887,7,Service Sensitive
889,0,Older Long-Tenure Grocery
890,7,Service Sensitive
891,1,Vegetables-Hygiene Oriented
893,4,Promotion Seekers
894,7,Service Sensitive
896,4,Promotion Seekers
897,4,Promotion Seekers
898,7,Service Sensitive
899,4,Promotion Seekers
900,2,Young Grocery
901,7,Service Sensitive
902,2,Young Grocery
903,2,Young Grocery
904,4,Promotion Seekers
905,5,Large Families
906,0,Older Long-Tenure Grocery
907,7,Service Sensitive
908,5,Large Families
909,0,Older Long-Tenure Grocery
910,0,Older Long-Tenure Grocery
911,0,Older Long-Tenure Grocery
913,0,Older Long-Tenure Grocery
914,2,Young Grocery
916,2,Young Grocery
917,4,Promotion Seekers
918,4,Promotion Seekers
919,3,Tech Enthusiasts
920,2,Young Grocery
921,6,Protein Enjoyers
922,2,Young Grocery
923,0,Older Long-Tenure Grocery
924,1,Vegetables-Hygiene Oriented
925,1,Vegetables-Hygiene Oriented
926,2,Young Grocery
927,4,Promotion Seekers
928,7,Service Sensitive
929,6,Protein Enjoyers
930,7,Service Sensitive
931,1,Vegetables-Hygiene Oriented
933,3,Tech Enthusiasts
934,4,Promotion Seekers
935,3,Tech Enthusiasts
936,0,Older Long-Tenure Grocery
937,3,Tech Enthusiasts
938,5,Large Families
939,3,Tech Enthusiasts
940,1,Vegetables-Hygiene Oriented
941,1,Vegetables-Hygiene Oriented
942,3,Tech Enthusiasts
944,0,Older Long-Tenure Grocery
945,4,Promotion Seekers
946,4,Promotion Seekers
947,0,Older Long-Tenure Grocery
948,4,Promotion Seekers
950,2,Young Grocery
951,7,Service Sensitive
953,7,Service Sensitive
954,1,Vegetables-Hygiene Oriented
955,0,Older Long-Tenure Grocery
956,6,Protein Enjoyers
957,2,Young Grocery
958,0,Older Long-Tenure Grocery
960,3,Tech Enthusiasts
962,1,Vegetables-Hygiene Oriented
963,7,Service Sensitive
964,4,Promotion Seekers
965,0,Older Long-Tenure Grocery
966,0,Older Long-Tenure Grocery
967,3,Tech Enthusiasts
968,1,Vegetables-Hygiene Oriented
969,4,Promotion Seekers
970,2,Young Grocery
973,4,Promotion Seekers
974,1,Vegetables-Hygiene Oriented
975,1,Vegetables-Hygiene Oriented
977,3,Tech Enthusiasts
978,0,Older Long-Tenure Grocery
979,3,Tech Enthusiasts
980,7,Service Sensitive
981,7,Service Sensitive
982,3,Tech Enthusiasts
983,1,Vegetables-Hygiene Oriented
986,7,Service Sensitive
989,5,Large Families
990,7,Service Sensitive
991,3,Tech Enthusiasts
992,5,Large Families
993,2,Young Grocery
994,0,Older Long-Tenure Grocery
996,4,Promotion Seekers
997,1,Vegetables-Hygiene Oriented
998,7,Service Sensitive
999,5,Large Families
1000,1,Vegetables-Hygiene Oriented
1001,1,Vegetables-Hygiene Oriented
1002,0,Older Long-Tenure Grocery
1003,5,Large Families
1004,0,Older Long-Tenure Grocery
1007,1,Vegetables-Hygiene Oriented
1008,0,Older Long-Tenure Grocery
1009,1,Vegetables-Hygiene Oriented
1011,4,Promotion Seekers
1014,4,Promotion Seekers
1015,0,Older Long-Tenure Grocery
1016,0,Older Long-Tenure Grocery
1018,4,Promotion Seekers
1019,1,Vegetables-Hygiene Oriented
1021,3,Tech Enthusiasts
1022,4,Promotion Seekers
1023,0,Older Long-Tenure Grocery
1024,0,Older Long-Tenure Grocery
1025,0,Older Long-Tenure Grocery
1026,3,Tech Enthusiasts
1027,4,Promotion Seekers
1028,3,Tech Enthusiasts
1029,1,Vegetables-Hygiene Oriented
1030,0,Older Long-Tenure Grocery
1031,0,Older Long-Tenure Grocery
1032,6,Protein Enjoyers
1033,1,Vegetables-Hygiene Oriented
1034,0,Older Long-Tenure Grocery
1035,6,Protein Enjoyers
1038,4,Promotion Seekers
1039,2,Young Grocery
1040,2,Young Grocery
1041,1,Vegetables-Hygiene Oriented
1042,0,Older Long-Tenure Grocery
1043,2,Young Grocery
1044,2,Young Grocery
1045,4,Promotion Seekers
1046,7,Service Sensitive
1048,7,Service Sensitive
1049,2,Young Grocery
1050,3,Tech Enthusiasts
1051,0,Older Long-Tenure Grocery
1052,0,Older Long-Tenure Grocery
1055,3,Tech Enthusiasts
1058,4,Promotion Seekers
1060,0,Older Long-Tenure Grocery
1061,2,Young Grocery
1063,6,Protein Enjoyers
1064,5,Large Families
1065,3,Tech Enthusiasts
1066,2,Young Grocery
1067,0,Older Long-Tenure Grocery
1068,3,Tech Enthusiasts
1069,3,Tech Enthusiasts
1071,3,Tech Enthusiasts
1072,3,Tech Enthusiasts
1073,4,Promotion Seekers
1074,5,Large Families
1075,5,Large Families
1076,5,Large Families
1077,4,Promotion Seekers
1078,2,Young Grocery
1079,1,Vegetables-Hygiene Oriented
1080,1,Vegetables-Hygiene Oriented
1082,7,Service Sensitive
1083,2,Young Grocery
1084,4,Promotion Seekers
1085,4,Promotion Seekers
1086,3,Tech Enthusiasts
1087,4,Promotion Seekers
1088,7,Service Sensitive
1089,0,Older Long-Tenure Grocery
1090,1,Vegetables-Hygiene Oriented
1091,0,Older Long-Tenure Grocery
1092,4,Promotion Seekers
1093,1,Vegetables-Hygiene Oriented
1094,5,Large Families
1095,4,Promotion Seekers
1096,0,Older Long-Tenure Grocery
1097,5,Large Families
1098,1,Vegetables-Hygiene Oriented
1099,3,Tech Enthusiasts
1101,4,Promotion Seekers
1103,3,Tech Enthusiasts
1104,3,Tech Enthusiasts
1105,5,Large Families
1106,2,Young Grocery
1108,0,Older Long-Tenure Grocery
1110,4,Promotion Seekers
1111,4,Promotion Seekers
1112,1,Vegetables-Hygiene Oriented
1113,0,Older Long-Tenure Grocery
1114,5,Large Families
1115,3,Tech Enthusiasts
1117,2,Young Grocery
1118,4,Promotion Seekers
1119,6,Protein Enjoyers
1120,5,Large Families
1121,2,Young Grocery
1122,3,Tech Enthusiasts
1123,2,Young Grocery
1124,0,Older Long-Tenure Grocery
1125,7,Service Sensitive
1126,0,Older Long-Tenure Grocery
1127,4,Promotion Seekers
1128,4,Promotion Seekers
1129,2,Young Grocery
1130,0,Older Long-Tenure Grocery
1131,1,Vegetables-Hygiene Oriented
1132,4,Promotion Seekers
1133,0,Older Long-Tenure Grocery
1134,1,Vegetables-Hygiene Oriented
1135,7,Service Sensitive
1136,1,Vegetables-Hygiene Oriented
1137,4,Promotion Seekers
1138,4,Promotion Seekers
1139,3,Tech Enthusiasts
1140,3,Tech Enthusiasts
1141,4,Promotion Seekers
1142,2,Young Grocery
1143,4,Promotion Seekers
1145,4,Promotion Seekers
1146,3,Tech Enthusiasts
1150,5,Large Families
1152,7,Service Sensitive
1153,5,Large Families
1154,5,Large Families
1155,0,Older Long-Tenure Grocery
1156,3,Tech Enthusiasts
1157,1,Vegetables-Hygiene Oriented
1158,1,Vegetables-Hygiene Oriented
1159,1,Vegetables-Hygiene Oriented
1160,3,Tech Enthusiasts
1163,0,Older Long-Tenure Grocery
1164,0,Older Long-Tenure Grocery
1167,5,Large Families
1168,7,Service Sensitive
1170,0,Older Long-Tenure Grocery
1171,7,Service Sensitive
1172,5,Large Families
1173,0,Older Long-Tenure Grocery
1175,1,Vegetables-Hygiene Oriented
1177,3,Tech Enthusiasts
1178,0,Older Long-Tenure Grocery
1179,3,Tech Enthusiasts
1180,1,Vegetables-Hygiene Oriented
1181,1,Vegetables-Hygiene Oriented
1182,4,Promotion Seekers
1183,3,Tech Enthusiasts
1184,5,Large Families
1186,4,Promotion Seekers
1187,0,Older Long-Tenure Grocery
1189,2,Young Grocery
1190,0,Older Long-Tenure Grocery
1191,3,Tech Enthusiasts
1193,0,Older Long-Tenure Grocery
1194,0,Older Long-Tenure Grocery
1196,1,Vegetables-Hygiene Oriented
1197,1,Vegetables-Hygiene Oriented
1199,4,Promotion Seekers
1200,6,Protein Enjoyers
1201,7,Service Sensitive
1203,3,Tech Enthusiasts
1205,7,Service Sensitive
1206,2,Young Grocery
1207,0,Older Long-Tenure Grocery
1208,7,Service Sensitive
1209,5,Large Families
1210,1,Vegetables-Hygiene Oriented
1211,2,Young Grocery
1212,4,Promotion Seekers
1213,2,Young Grocery
1216,1,Vegetables-Hygiene Oriented
1217,1,Vegetables-Hygiene Oriented
1218,0,Older Long-Tenure Grocery
1219,2,Young Grocery
1221,0,Older Long-Tenure Grocery
1222,7,Service Sensitive
1223,2,Young Grocery
1224,5,Large Families
1227,3,Tech Enthusiasts
1228,1,Vegetables-Hygiene Oriented
1229,4,Promotion Seekers
1230,7,Service Sensitive
1231,2,Young Grocery
1233,0,Older Long-Tenure Grocery
1234,2,Young Grocery
1235,1,Vegetables-Hygiene Oriented
1236,1,Vegetables-Hygiene Oriented
1237,0,Older Long-Tenure Grocery
1238,1,Vegetables-Hygiene Oriented
1239,4,Promotion Seekers
1240,3,Tech Enthusiasts
1241,0,Older Long-Tenure Grocery
1242,6,Protein Enjoyers
1243,1,Vegetables-Hygiene Oriented
1245,5,Large Families
1246,0,Older Long-Tenure Grocery
1247,0,Older Long-Tenure Grocery
1249,7,Service Sensitive
1250,2,Young Grocery
1251,7,Service Sensitive
1252,2,Young Grocery
1253,3,Tech Enthusiasts
1255,0,Older Long-Tenure Grocery
1256,0,Older Long-Tenure Grocery
1257,4,Promotion Seekers
1258,7,Service Sensitive
1259,1,Vegetables-Hygiene Oriented
1261,5,Large Families
1262,4,Promotion Seekers
1263,2,Young Grocery
1264,4,Promotion Seekers
1265,4,Promotion Seekers
1266,1,Vegetables-Hygiene Oriented
1268,0,Older Long-Tenure Grocery
1269,7,Service Sensitive
1271,4,Promotion Seekers
1272,0,Older Long-Tenure Grocery
1273,1,Vegetables-Hygiene Oriented
1274,7,Service Sensitive
1275,0,Older Long-Tenure Grocery
1277,4,Promotion Seekers
1278,2,Young Grocery
1279,0,Older Long-Tenure Grocery
1280,7,Service Sensitive
1281,7,Service Sensitive
1282,3,Tech Enthusiasts
1283,7,Service Sensitive
1284,1,Vegetables-Hygiene Oriented
1285,7,Service Sensitive
1286,4,Promotion Seekers
1289,5,Large Families
1290,6,Protein Enjoyers
1291,1,Vegetables-Hygiene Oriented
1292,1,Vegetables-Hygiene Oriented
1293,0,Older Long-Tenure Grocery
1294,3,Tech Enthusiasts
1295,7,Service Sensitive
1296,0,Older Long-Tenure Grocery
1297,1,Vegetables-Hygiene Oriented
1298,7,Service Sensitive
1299,3,Tech Enthusiasts
1300,6,Protein Enjoyers
1301,5,Large Families
1302,6,Protein Enjoyers
1303,3,Tech Enthusiasts
1304,3,Tech Enthusiasts
1305,2,Young Grocery
1306,0,Older Long-Tenure Grocery
1307,0,Older Long-Tenure Grocery
1310,5,Large Families
1311,4,Promotion Seekers
1312,2,Young Grocery
1313,5,Large Families
1314,1,Vegetables-Hygiene Oriented
1315,3,Tech Enthusiasts
1316,0,Older Long-Tenure Grocery
1317,4,Promotion Seekers
1318,2,Young Grocery
1320,7,Service Sensitive
1321,7,Service Sensitive
1322,0,Older Long-Tenure Grocery
1323,1,Vegetables-Hygiene Oriented
1324,0,Older Long-Tenure Grocery
1326,4,Promotion Seekers
1327,7,Service Sensitive
1328,7,Service Sensitive
1329,1,Vegetables-Hygiene Oriented
1330,4,Promotion Seekers
1331,0,Older Long-Tenure Grocery
1332,7,Service Sensitive
1333,4,Promotion Seekers
1334,7,Service Sensitive
1335,4,Promotion Seekers
1336,5,Large Families
1338,0,Older Long-Tenure Grocery
1339,3,Tech Enthusiasts
1340,2,Young Grocery
1341,0,Older Long-Tenure Grocery
1342,0,Older Long-Tenure Grocery
1343,4,Promotion Seekers
1344,0,Older Long-Tenure Grocery
1345,4,Promotion Seekers
1346,4,Promotion Seekers
1347,5,Large Families
1348,7,Service Sensitive
1349,0,Older Long-Tenure Grocery
1350,0,Older Long-Tenure Grocery
1351,1,Vegetables-Hygiene Oriented
1352,3,Tech Enthusiasts
1353,5,Large Families
1354,2,Young Grocery
1355,7,Service Sensitive
1356,4,Promotion Seekers
1357,2,Young Grocery
1358,4,Promotion Seekers
1359,4,Promotion Seekers
1360,1,Vegetables-Hygiene Oriented
1361,0,Older Long-Tenure Grocery
1362,4,Promotion Seekers
1363,4,Promotion Seekers
1364,5,Large Families
1365,4,Promotion Seekers
1366,7,Service Sensitive
1367,2,Young Grocery
1368,4,Promotion Seekers
1370,0,Older Long-Tenure Grocery
1371,5,Large Families
1373,4,Promotion Seekers
1374,0,Older Long-Tenure Grocery
1376,1,Vegetables-Hygiene Oriented
1377,5,Large Families
1378,4,Promotion Seekers
1379,2,Young Grocery
1380,2,Young Grocery
1381,0,Older Long-Tenure Grocery
1383,4,Promotion Seekers
1387,5,Large Families
1388,6,Protein Enjoyers
1389,4,Promotion Seekers
1390,1,Vegetables-Hygiene Oriented
1391,0,Older Long-Tenure Grocery
1392,0,Older Long-Tenure Grocery
1393,0,Older Long-Tenure Grocery
1394,1,Vegetables-Hygiene Oriented
1396,5,Large Families
1397,1,Vegetables-Hygiene Oriented
1398,1,Vegetables-Hygiene Oriented
1399,2,Young Grocery
1400,1,Vegetables-Hygiene Oriented
1401,1,Vegetables-Hygiene Oriented
1402,1,Vegetables-Hygiene Oriented
1403,4,Promotion Seekers
1404,0,Older Long-Tenure Grocery
1405,1,Vegetables-Hygiene Oriented
1406,1,Vegetables-Hygiene Oriented
1407,3,Tech Enthusiasts
1408,3,Tech Enthusiasts
1409,3,Tech Enthusiasts
1411,0,Older Long-Tenure Grocery
1412,2,Young Grocery
1413,0,Older Long-Tenure Grocery
1414,0,Older Long-Tenure Grocery
1415,4,Promotion Seekers
1416,0,Older Long-Tenure Grocery
1417,6,Protein Enjoyers
1418,5,Large Families
1419,5,Large Families
1420,5,Large Families
1421,5,Large Families
1422,5,Large Families
1423,5,Large Families
1424,7,Service Sensitive
1426,4,Promotion Seekers
1427,2,Young Grocery
1428,1,Vegetables-Hygiene Oriented
1429,7,Service Sensitive
1430,1,Vegetables-Hygiene Oriented
1431,2,Young Grocery
1432,5,Large Families
1433,7,Service Sensitive
1434,4,Promotion Seekers
1435,1,Vegetables-Hygiene Oriented
1436,3,Tech Enthusiasts
1437,4,Promotion Seekers
1438,2,Young Grocery
1439,0,Older Long-Tenure Grocery
1440,4,Promotion Seekers
1441,6,Protein Enjoyers
1442,5,Large Families
1443,4,Promotion Seekers
1444,0,Older Long-Tenure Grocery
1447,7,Service Sensitive
1448,4,Promotion Seekers
1450,2,Young Grocery
1451,5,Large Families
1452,1,Vegetables-Hygiene Oriented
1453,3,Tech Enthusiasts
1454,4,Promotion Seekers
1456,1,Vegetables-Hygiene Oriented
1460,7,Service Sensitive
1461,1,Vegetables-Hygiene Oriented
1462,7,Service Sensitive
1463,4,Promotion Seekers
1465,4,Promotion Seekers
1466,7,Service Sensitive
1467,7,Service Sensitive
1468,3,Tech Enthusiasts
1469,0,Older Long-Tenure Grocery
1471,0,Older Long-Tenure Grocery
1472,4,Promotion Seekers
1474,3,Tech Enthusiasts
1475,3,Tech Enthusiasts
1476,4,Promotion Seekers
1477,5,Large Families
1478,1,Vegetables-Hygiene Oriented
1479,5,Large Families
1480,2,Young Grocery
1481,0,Older Long-Tenure Grocery
1483,1,Vegetables-Hygiene Oriented
1484,2,Young Grocery
1485,2,Young Grocery
1486,2,Young Grocery
1487,7,Service Sensitive
1488,0,Older Long-Tenure Grocery
1489,2,Young Grocery
1490,3,Tech Enthusiasts
1491,4,Promotion Seekers
1492,0,Older Long-Tenure Grocery
1495,4,Promotion Seekers
1496,0,Older Long-Tenure Grocery
1497,3,Tech Enthusiasts
1498,0,Older Long-Tenure Grocery
1499,1,Vegetables-Hygiene Oriented
1500,2,Young Grocery
1501,0,Older Long-Tenure Grocery
1502,4,Promotion Seekers
1503,0,Older Long-Tenure Grocery
1504,0,Older Long-Tenure Grocery
1505,2,Young Grocery
1506,0,Older Long-Tenure Grocery
1507,0,Older Long-Tenure Grocery
1510,0,Older Long-Tenure Grocery
1511,0,Older Long-Tenure Grocery
1512,1,Vegetables-Hygiene Oriented
1513,0,Older Long-Tenure Grocery
1514,6,Protein Enjoyers
1516,7,Service Sensitive
1517,2,Young Grocery
1518,1,Vegetables-Hygiene Oriented
1519,0,Older Long-Tenure Grocery
1520,1,Vegetables-Hygiene Oriented
1522,7,Service Sensitive
1523,0,Older Long-Tenure Grocery
1524,0,Older Long-Tenure Grocery
1526,1,Vegetables-Hygiene Oriented
1527,5,Large Families
1528,0,Older Long-Tenure Grocery
1529,5,Large Families
1530,3,Tech Enthusiasts
1531,6,Protein Enjoyers
1532,2,Young Grocery
1533,1,Vegetables-Hygiene Oriented
1534,0,Older Long-Tenure Grocery
1535,6,Protein Enjoyers
1536,0,Older Long-Tenure Grocery
1537,5,Large Families
1538,4,Promotion Seekers
1539,0,Older Long-Tenure Grocery
1541,0,Older Long-Tenure Grocery
1542,5,Large Families
1543,6,Protein Enjoyers
1544,5,Large Families
1546,4,Promotion Seekers
1547,5,Large Families
1550,2,Young Grocery
1551,7,Service Sensitive
1552,7,Service Sensitive
1553,5,Large Families
1555,1,Vegetables-Hygiene Oriented
1556,3,Tech Enthusiasts
1557,3,Tech Enthusiasts
1558,5,Large Families
1559,0,Older Long-Tenure Grocery
1560,1,Vegetables-Hygiene Oriented
1561,2,Young Grocery
1562,0,Older Long-Tenure Grocery
1564,0,Older Long-Tenure Grocery
1565,1,Vegetables-Hygiene Oriented
1566,0,Older Long-Tenure Grocery
1568,1,Vegetables-Hygiene Oriented
1570,3,Tech Enthusiasts
1571,4,Promotion Seekers
1572,4,Promotion Seekers
1575,4,Promotion Seekers
1579,7,Service Sensitive
1580,1,Vegetables-Hygiene Oriented
1581,3,Tech Enthusiasts
1583,1,Vegetables-Hygiene Oriented
1584,4,Promotion Seekers
1585,1,Vegetables-Hygiene Oriented
1586,7,Service Sensitive
1587,1,Vegetables-Hygiene Oriented
1590,0,Older Long-Tenure Grocery
1591,2,Young Grocery
1592,0,Older Long-Tenure Grocery
1593,3,Tech Enthusiasts
1595,0,Older Long-Tenure Grocery
1596,2,Young Grocery
1597,0,Older Long-Tenure Grocery
1598,1,Vegetables-Hygiene Oriented
1599,6,Protein Enjoyers
1600,5,Large Families
1601,0,Older Long-Tenure Grocery
1602,5,Large Families
1603,4,Promotion Seekers
1604,1,Vegetables-Hygiene Oriented
1605,3,Tech Enthusiasts
1606,2,Young Grocery
1607,0,Older Long-Tenure Grocery
1608,4,Promotion Seekers
1609,1,Vegetables-Hygiene Oriented
1610,5,Large Families
1611,7,Service Sensitive
1612,5,Large Families
1613,7,Service Sensitive
1614,5,Large Families
1615,7,Service Sensitive
1616,4,Promotion Seekers
1618,2,Young Grocery
1619,4,Promotion Seekers
1620,1,Vegetables-Hygiene Oriented
1621,1,Vegetables-Hygiene Oriented
1622,2,Young Grocery
1623,2,Young Grocery
1625,0,Older Long-Tenure Grocery
1626,2,Young Grocery
1627,1,Vegetables-Hygiene Oriented
1628,4,Promotion Seekers
1629,1,Vegetables-Hygiene Oriented
1631,5,Large Families
1633,0,Older Long-Tenure Grocery
1635,4,Promotion Seekers
1636,0,Older Long-Tenure Grocery
1637,7,Service Sensitive
1638,6,Protein Enjoyers
1639,0,Older Long-Tenure Grocery
1641,7,Service Sensitive
1642,1,Vegetables-Hygiene Oriented
1643,1,Vegetables-Hygiene Oriented
1644,7,Service Sensitive
1646,1,Vegetables-Hygiene Oriented
1647,3,Tech Enthusiasts
1649,0,Older Long-Tenure Grocery
1650,6,Protein Enjoyers
1651,0,Older Long-Tenure Grocery
1652,5,Large Families
1653,1,Vegetables-Hygiene Oriented
1655,4,Promotion Seekers
1657,4,Promotion Seekers
1658,0,Older Long-Tenure Grocery
1659,1,Vegetables-Hygiene Oriented
1660,7,Service Sensitive
1661,7,Service Sensitive
1662,0,Older Long-Tenure Grocery
1665,5,Large Families
1666,0,Older Long-Tenure Grocery
1667,7,Service Sensitive
1668,7,Service Sensitive
1669,3,Tech Enthusiasts
1670,7,Service Sensitive
1671,0,Older Long-Tenure Grocery
1672,1,Vegetables-Hygiene Oriented
1673,7,Service Sensitive
1674,7,Service Sensitive
1675,1,Vegetables-Hygiene Oriented
1676,2,Young Grocery
1677,1,Vegetables-Hygiene Oriented
1678,0,Older Long-Tenure Grocery
1679,3,Tech Enthusiasts
1681,4,Promotion Seekers
1682,2,Young Grocery
1683,0,Older Long-Tenure Grocery
1684,6,Protein Enjoyers
1685,7,Service Sensitive
1686,1,Vegetables-Hygiene Oriented
1687,0,Older Long-Tenure Grocery
1688,2,Young Grocery
1689,7,Service Sensitive
1690,1,Vegetables-Hygiene Oriented
1691,4,Promotion Seekers
1692,6,Protein Enjoyers
1693,3,Tech Enthusiasts
1694,2,Young Grocery
1695,4,Promotion Seekers
1696,5,Large Families
1698,0,Older Long-Tenure Grocery
1699,0,Older Long-Tenure Grocery
1700,0,Older Long-Tenure Grocery
1701,0,Older Long-Tenure Grocery
1702,3,Tech Enthusiasts
1703,2,Young Grocery
1704,1,Vegetables-Hygiene Oriented
1705,2,Young Grocery
1707,3,Tech Enthusiasts
1708,4,Promotion Seekers
1709,4,Promotion Seekers
1710,4,Promotion Seekers
1711,4,Promotion Seekers
1712,0,Older Long-Tenure Grocery
1714,0,Older Long-Tenure Grocery
1715,0,Older Long-Tenure Grocery
1716,5,Large Families
1717,3,Tech Enthusiasts
1718,4,Promotion Seekers
1719,0,Older Long-Tenure Grocery
1720,2,Young Grocery
1721,4,Promotion Seekers
1722,1,Vegetables-Hygiene Oriented
1723,1,Vegetables-Hygiene Oriented
1724,0,Older Long-Tenure Grocery
1726,3,Tech Enthusiasts
1727,4,Promotion Seekers
1728,5,Large Families
1729,1,Vegetables-Hygiene Oriented
1730,3,Tech Enthusiasts
1731,4,Promotion Seekers
1732,1,Vegetables-Hygiene Oriented
1733,7,Service Sensitive
1734,5,Large Families
1735,6,Protein Enjoyers
1736,1,Vegetables-Hygiene Oriented
1737,5,Large Families
1738,1,Vegetables-Hygiene Oriented
1739,7,Service Sensitive
1741,4,Promotion Seekers
1742,1,Vegetables-Hygiene Oriented
1744,3,Tech Enthusiasts
1746,4,Promotion Seekers
1747,0,Older Long-Tenure Grocery
1749,1,Vegetables-Hygiene Oriented
1750,4,Promotion Seekers
1751,5,Large Families
1752,5,Large Families
1753,1,Vegetables-Hygiene Oriented
1754,3,Tech Enthusiasts
1755,2,Young Grocery
1756,2,Young Grocery
1757,1,Vegetables-Hygiene Oriented
1758,4,Promotion Seekers
1759,2,Young Grocery
1760,0,Older Long-Tenure Grocery
1761,1,Vegetables-Hygiene Oriented
1762,7,Service Sensitive
1763,2,Young Grocery
1764,2,Young Grocery
1765,2,Young Grocery
1766,5,Large Families
1767,1,Vegetables-Hygiene Oriented
1768,6,Protein Enjoyers
1769,3,Tech Enthusiasts
1770,2,Young Grocery
1771,4,Promotion Seekers
1772,4,Promotion Seekers
1773,4,Promotion Seekers
1774,7,Service Sensitive
1775,0,Older Long-Tenure Grocery
1776,2,Young Grocery
1778,0,Older Long-Tenure Grocery
1779,4,Promotion Seekers
1780,1,Vegetables-Hygiene Oriented
1781,2,Young Grocery
1782,7,Service Sensitive
1783,3,Tech Enthusiasts
1784,0,Older Long-Tenure Grocery
1785,7,Service Sensitive
1786,2,Young Grocery
1787,4,Promotion Seekers
1788,4,Promotion Seekers
1789,5,Large Families
1790,5,Large Families
1791,7,Service Sensitive
1792,2,Young Grocery
1793,2,Young Grocery
1794,0,Older Long-Tenure Grocery
1795,2,Young Grocery
1796,2,Young Grocery
1797,2,Young Grocery
1798,3,Tech Enthusiasts
1799,4,Promotion Seekers
1800,4,Promotion Seekers
1801,3,Tech Enthusiasts
1803,1,Vegetables-Hygiene Oriented
1804,2,Young Grocery
1805,4,Promotion Seekers
1806,4,Promotion Seekers
1807,5,Large Families
1808,1,Vegetables-Hygiene Oriented
1809,4,Promotion Seekers
1810,2,Young Grocery
1811,0,Older Long-Tenure Grocery
1813,3,Tech Enthusiasts
1814,6,Protein Enjoyers
1816,0,Older Long-Tenure Grocery
1818,0,Older Long-Tenure Grocery
1820,1,Vegetables-Hygiene Oriented
1821,4,Promotion Seekers
1824,2,Young Grocery
1825,4,Promotion Seekers
1828,3,Tech Enthusiasts
1829,6,Protein Enjoyers
1830,4,Promotion Seekers
1831,1,Vegetables-Hygiene Oriented
1832,0,Older Long-Tenure Grocery
1833,2,Young Grocery
1834,7,Service Sensitive
1835,3,Tech Enthusiasts
1836,2,Young Grocery
1837,2,Young Grocery
1838,0,Older Long-Tenure Grocery
1839,1,Vegetables-Hygiene Oriented
1840,7,Service Sensitive
1841,4,Promotion Seekers
1842,6,Protein Enjoyers
1844,0,Older Long-Tenure Grocery
1845,5,Large Families
1846,0,Older Long-Tenure Grocery
1848,4,Promotion Seekers
1849,3,Tech Enthusiasts
1850,3,Tech Enthusiasts
1851,2,Young Grocery
1853,4,Promotion Seekers
1854,0,Older Long-Tenure Grocery
1856,1,Vegetables-Hygiene Oriented
1857,0,Older Long-Tenure Grocery
1858,7,Service Sensitive
1859,4,Promotion Seekers
1860,4,Promotion Seekers
1861,7,Service Sensitive
1863,0,Older Long-Tenure Grocery
1864,4,Promotion Seekers
1865,7,Service Sensitive
1866,5,Large Families
1867,1,Vegetables-Hygiene Oriented
1869,3,Tech Enthusiasts
1870,7,Service Sensitive
1871,4,Promotion Seekers
1872,2,Young Grocery
1874,1,Vegetables-Hygiene Oriented
1876,3,Tech Enthusiasts
1877,5,Large Families
1878,2,Young Grocery
1880,4,Promotion Seekers
1881,7,Service Sensitive
1882,2,Young Grocery
1883,0,Older Long-Tenure Grocery
1884,5,Large Families
1886,1,Vegetables-Hygiene Oriented
1887,7,Service Sensitive
1888,7,Service Sensitive
1889,1,Vegetables-Hygiene Oriented
1890,7,Service Sensitive
1891,1,Vegetables-Hygiene Oriented
1892,2,Young Grocery
1893,6,Protein Enjoyers
1896,3,Tech Enthusiasts
1897,4,Promotion Seekers
1898,7,Service Sensitive
1899,3,Tech Enthusiasts
1900,2,Young Grocery
1901,3,Tech Enthusiasts
1903,1,Vegetables-Hygiene Oriented
1904,1,Vegetables-Hygiene Oriented
1905,0,Older Long-Tenure Grocery
1906,2,Young Grocery
1908,3,Tech Enthusiasts
1909,7,Service Sensitive
1910,4,Promotion Seekers
1911,3,Tech Enthusiasts
1912,0,Older Long-Tenure Grocery
1914,4,Promotion Seekers
1915,0,Older Long-Tenure Grocery
1917,2,Young Grocery
1918,7,Service Sensitive
1920,4,Promotion Seekers
1922,3,Tech Enthusiasts
1923,2,Young Grocery
1924,4,Promotion Seekers
1925,2,Young Grocery
1926,3,Tech Enthusiasts
1927,2,Young Grocery
1928,0,Older Long-Tenure Grocery
1929,2,Young Grocery
1930,5,Large Families
1931,1,Vegetables-Hygiene Oriented
1932,1,Vegetables-Hygiene Oriented
1933,5,Large Families
1936,1,Vegetables-Hygiene Oriented
1939,2,Young Grocery
1940,7,Service Sensitive
1941,0,Older Long-Tenure Grocery
1942,7,Service Sensitive
1943,5,Large Families
1944,1,Vegetables-Hygiene Oriented
1945,0,Older Long-Tenure Grocery
1946,5,Large Families
1948,0,Older Long-Tenure Grocery
1949,1,Vegetables-Hygiene Oriented
1950,0,Older Long-Tenure Grocery
1951,3,Tech Enthusiasts
1952,0,Older Long-Tenure Grocery
1953,4,Promotion Seekers
1954,3,Tech Enthusiasts
1955,7,Service Sensitive
1956,4,Promotion Seekers
1957,1,Vegetables-Hygiene Oriented
1958,7,Service Sensitive
1959,5,Large Families
1962,1,Vegetables-Hygiene Oriented
1963,0,Older Long-Tenure Grocery
1964,5,Large Families
1965,2,Young Grocery
1967,0,Older Long-Tenure Grocery
1969,1,Vegetables-Hygiene Oriented
1970,2,Young Grocery
1971,1,Vegetables-Hygiene Oriented
1972,7,Service Sensitive
1973,2,Young Grocery
1974,2,Young Grocery
1975,5,Large Families
1976,4,Promotion Seekers
1977,2,Young Grocery
1979,0,Older Long-Tenure Grocery
1980,1,Vegetables-Hygiene Oriented
1981,2,Young Grocery
1982,4,Promotion Seekers
1983,7,Service Sensitive
1984,5,Large Families
1985,4,Promotion Seekers
1986,1,Vegetables-Hygiene Oriented
1987,1,Vegetables-Hygiene Oriented
1990,4,Promotion Seekers
1991,2,Young Grocery
1992,4,Promotion Seekers
1993,7,Service Sensitive
1994,7,Service Sensitive
1995,1,Vegetables-Hygiene Oriented
1996,7,Service Sensitive
1998,3,Tech Enthusiasts
1999,1,Vegetables-Hygiene Oriented
2000,2,Young Grocery
2001,3,Tech Enthusiasts
2002,7,Service Sensitive
2004,0,Older Long-Tenure Grocery
2005,3,Tech Enthusiasts
2006,0,Older Long-Tenure Grocery
2007,5,Large Families
2008,0,Older Long-Tenure Grocery
2009,1,Vegetables-Hygiene Oriented
2010,3,Tech Enthusiasts
2011,3,Tech Enthusiasts
2012,3,Tech Enthusiasts
2013,0,Older Long-Tenure Grocery
2014,4,Promotion Seekers
2015,5,Large Families
2016,0,Older Long-Tenure Grocery
2017,2,Young Grocery
2018,0,Older Long-Tenure Grocery
2019,4,Promotion Seekers
2020,1,Vegetables-Hygiene Oriented
2021,6,Protein Enjoyers
2022,3,Tech Enthusiasts
2023,2,Young Grocery
2024,0,Older Long-Tenure Grocery
2025,5,Large Families
2026,4,Promotion Seekers
2027,1,Vegetables-Hygiene Oriented
2028,7,Service Sensitive
2029,5,Large Families
2030,2,Young Grocery
2031,0,Older Long-Tenure Grocery
2032,1,Vegetables-Hygiene Oriented
2033,7,Service Sensitive
2034,3,Tech Enthusiasts
2035,0,Older Long-Tenure Grocery
2037,1,Vegetables-Hygiene Oriented
2038,4,Promotion Seekers
2039,1,Vegetables-Hygiene Oriented
2040,6,Protein Enjoyers
2041,4,Promotion Seekers
2042,6,Protein Enjoyers
2043,5,Large Families
2044,1,Vegetables-Hygiene Oriented
2045,3,Tech Enthusiasts
2046,1,Vegetables-Hygiene Oriented
2047,7,Service Sensitive
2048,5,Large Families
2049,2,Young Grocery
2051,7,Service Sensitive
2052,1,Vegetables-Hygiene Oriented
2053,3,Tech Enthusiasts
2055,6,Protein Enjoyers
2056,4,Promotion Seekers
2058,1,Vegetables-Hygiene Oriented
2059,0,Older Long-Tenure Grocery
2061,1,Vegetables-Hygiene Oriented
2062,0,Older Long-Tenure Grocery
2063,0,Older Long-Tenure Grocery
2064,7,Service Sensitive
2065,3,Tech Enthusiasts
2066,4,Promotion Seekers
2067,7,Service Sensitive
2068,5,Large Families
2069,7,Service Sensitive
2070,6,Protein Enjoyers
2071,0,Older Long-Tenure Grocery
2072,1,Vegetables-Hygiene Oriented
2075,1,Vegetables-Hygiene Oriented
2076,1,Vegetables-Hygiene Oriented
2077,7,Service Sensitive
2078,0,Older Long-Tenure Grocery
2081,1,Vegetables-Hygiene Oriented
2082,0,Older Long-Tenure Grocery
2083,6,Protein Enjoyers
2084,2,Young Grocery
2085,1,Vegetables-Hygiene Oriented
2086,2,Young Grocery
2087,5,Large Families
2089,4,Promotion Seekers
2090,0,Older Long-Tenure Grocery
2091,1,Vegetables-Hygiene Oriented
2093,7,Service Sensitive
2094,1,Vegetables-Hygiene Oriented
2095,4,Promotion Seekers
2098,5,Large Families
2099,6,Protein Enjoyers
2100,7,Service Sensitive
2101,3,Tech Enthusiasts
2102,1,Vegetables-Hygiene Oriented
2103,7,Service Sensitive
2104,2,Young Grocery
2105,3,Tech Enthusiasts
2107,7,Service Sensitive
2108,1,Vegetables-Hygiene Oriented
2109,5,Large Families
2110,4,Promotion Seekers
2111,4,Promotion Seekers
2112,7,Service Sensitive
2113,0,Older Long-Tenure Grocery
2114,2,Young Grocery
2116,7,Service Sensitive
2117,0,Older Long-Tenure Grocery
2118,0,Older Long-Tenure Grocery
2119,4,Promotion Seekers
2120,1,Vegetables-Hygiene Oriented
2121,1,Vegetables-Hygiene Oriented
2123,2,Young Grocery
2124,1,Vegetables-Hygiene Oriented
2125,1,Vegetables-Hygiene Oriented
2126,2,Young Grocery
2127,0,Older Long-Tenure Grocery
2128,1,Vegetables-Hygiene Oriented
2129,1,Vegetables-Hygiene Oriented
2130,2,Young Grocery
2132,2,Young Grocery
2133,3,Tech Enthusiasts
2134,3,Tech Enthusiasts
2135,0,Older Long-Tenure Grocery
2137,1,Vegetables-Hygiene Oriented
2138,7,Service Sensitive
2139,3,Tech Enthusiasts
2140,2,Young Grocery
2141,4,Promotion Seekers
2142,4,Promotion Seekers
2143,3,Tech Enthusiasts
2144,3,Tech Enthusiasts
2146,4,Promotion Seekers
2148,7,Service Sensitive
2149,0,Older Long-Tenure Grocery
2150,5,Large Families
2151,7,Service Sensitive
2154,0,Older Long-Tenure Grocery
2155,0,Older Long-Tenure Grocery
2156,4,Promotion Seekers
2157,7,Service Sensitive
2158,1,Vegetables-Hygiene Oriented
2159,0,Older Long-Tenure Grocery
2160,3,Tech Enthusiasts
2161,0,Older Long-Tenure Grocery
2162,6,Protein Enjoyers
2163,1,Vegetables-Hygiene Oriented
2164,7,Service Sensitive
2165,1,Vegetables-Hygiene Oriented
2166,0,Older Long-Tenure Grocery
2167,7,Service Sensitive
2168,1,Vegetables-Hygiene Oriented
2169,2,Young Grocery
2170,0,Older Long-Tenure Grocery
2171,6,Protein Enjoyers
2172,5,Large Families
2173,6,Protein Enjoyers
2174,1,Vegetables-Hygiene Oriented
2175,7,Service Sensitive
2176,4,Promotion Seekers
2177,1,Vegetables-Hygiene Oriented
2178,0,Older Long-Tenure Grocery
2179,1,Vegetables-Hygiene Oriented
2181,7,Service Sensitive
2182,2,Young Grocery
2185,6,Protein Enjoyers
2186,0,Older Long-Tenure Grocery
2187,1,Vegetables-Hygiene Oriented
2188,1,Vegetables-Hygiene Oriented
2189,1,Vegetables-Hygiene Oriented
2190,0,Older Long-Tenure Grocery
2191,5,Large Families
2192,0,Older Long-Tenure Grocery
2193,2,Young Grocery
2195,2,Young Grocery
2196,3,Tech Enthusiasts
2197,0,Older Long-Tenure Grocery
2199,2,Young Grocery
2200,0,Older Long-Tenure Grocery
2202,4,Promotion Seekers
2203,7,Service Sensitive
2204,2,Young Grocery
2205,1,Vegetables-Hygiene Oriented
2206,4,Promotion Seekers
2207,0,Older Long-Tenure Grocery
2209,1,Vegetables-Hygiene Oriented
2210,2,Young Grocery
2212,1,Vegetables-Hygiene Oriented
2213,2,Young Grocery
2214,1,Vegetables-Hygiene Oriented
2215,1,Vegetables-Hygiene Oriented
2216,4,Promotion Seekers
2217,1,Vegetables-Hygiene Oriented
2218,0,Older Long-Tenure Grocery
2219,2,Young Grocery
2222,2,Young Grocery
2223,0,Older Long-Tenure Grocery
2224,1,Vegetables-Hygiene Oriented
2225,4,Promotion Seekers
2226,0,Older Long-Tenure Grocery
2227,3,Tech Enthusiasts
2228,3,Tech Enthusiasts
2231,2,Young Grocery
2232,7,Service Sensitive
2233,1,Vegetables-Hygiene Oriented
2234,7,Service Sensitive
2236,4,Promotion Seekers
2237,7,Service Sensitive
2238,4,Promotion Seekers
2239,3,Tech Enthusiasts
2240,4,Promotion Seekers
2242,1,Vegetables-Hygiene Oriented
2243,1,Vegetables-Hygiene Oriented
2244,0,Older Long-Tenure Grocery
2246,7,Service Sensitive
2247,0,Older Long-Tenure Grocery
2248,7,Service Sensitive
2249,0,Older Long-Tenure Grocery
2250,1,Vegetables-Hygiene Oriented
2251,2,Young Grocery
2252,5,Large Families
2253,1,Vegetables-Hygiene Oriented
2254,3,Tech Enthusiasts
2255,1,Vegetables-Hygiene Oriented
2256,4,Promotion Seekers
2257,0,Older Long-Tenure Grocery
2259,1,Vegetables-Hygiene Oriented
2261,2,Young Grocery
2262,2,Young Grocery
2263,4,Promotion Seekers
2265,4,Promotion Seekers
2266,1,Vegetables-Hygiene Oriented
2267,6,Protein Enjoyers
2268,3,Tech Enthusiasts
2269,5,Large Families
2271,4,Promotion Seekers
2272,0,Older Long-Tenure Grocery
2273,2,Young Grocery
2274,2,Young Grocery
2275,3,Tech Enthusiasts
2276,5,Large Families
2277,7,Service Sensitive
2278,6,Protein Enjoyers
2279,3,Tech Enthusiasts
2280,0,Older Long-Tenure Grocery
2281,0,Older Long-Tenure Grocery
2285,5,Large Families
2286,1,Vegetables-Hygiene Oriented
2288,4,Promotion Seekers
2289,4,Promotion Seekers
2290,1,Vegetables-Hygiene Oriented
2291,0,Older Long-Tenure Grocery
2292,4,Promotion Seekers
2293,7,Service Sensitive
2294,3,Tech Enthusiasts
2295,0,Older Long-Tenure Grocery
2296,0,Older Long-Tenure Grocery
2297,4,Promotion Seekers
2299,4,Promotion Seekers
2302,2,Young Grocery
2303,6,Protein Enjoyers
2304,5,Large Families
2305,1,Vegetables-Hygiene Oriented
2306,1,Vegetables-Hygiene Oriented
2307,2,Young Grocery
2309,2,Young Grocery
2310,5,Large Families
2311,3,Tech Enthusiasts
2312,2,Young Grocery
2313,2,Young Grocery
2314,3,Tech Enthusiasts
2315,2,Young Grocery
2316,6,Protein Enjoyers
2317,7,Service Sensitive
2318,2,Young Grocery
2319,4,Promotion Seekers
2320,1,Vegetables-Hygiene Oriented
2321,3,Tech Enthusiasts
2323,1,Vegetables-Hygiene Oriented
2325,2,Young Grocery
2326,2,Young Grocery
2327,6,Protein Enjoyers
2328,3,Tech Enthusiasts
2329,0,Older Long-Tenure Grocery
2330,4,Promotion Seekers
2331,3,Tech Enthusiasts
2332,3,Tech Enthusiasts
2333,0,Older Long-Tenure Grocery
2334,5,Large Families
2336,7,Service Sensitive
2337,7,Service Sensitive
2338,3,Tech Enthusiasts
2339,7,Service Sensitive
2340,2,Young Grocery
2341,3,Tech Enthusiasts
2342,3,Tech Enthusiasts
2343,4,Promotion Seekers
2344,0,Older Long-Tenure Grocery
2345,2,Young Grocery
2346,4,Promotion Seekers
2347,0,Older Long-Tenure Grocery
2348,1,Vegetables-Hygiene Oriented
2349,7,Service Sensitive
2351,0,Older Long-Tenure Grocery
2352,2,Young Grocery
2353,2,Young Grocery
2354,3,Tech Enthusiasts
2355,7,Service Sensitive
2356,2,Young Grocery
2357,0,Older Long-Tenure Grocery
2358,0,Older Long-Tenure Grocery
2359,7,Service Sensitive
2360,5,Large Families
2361,0,Older Long-Tenure Grocery
2363,2,Young Grocery
2364,1,Vegetables-Hygiene Oriented
2365,7,Service Sensitive
2366,2,Young Grocery
2367,7,Service Sensitive
2368,3,Tech Enthusiasts
2369,7,Service Sensitive
2370,4,Promotion Seekers
2372,7,Service Sensitive
2373,2,Young Grocery
2376,4,Promotion Seekers
2377,1,Vegetables-Hygiene Oriented
2378,4,Promotion Seekers
2379,1,Vegetables-Hygiene Oriented
2380,4,Promotion Seekers
2381,0,Older Long-Tenure Grocery
2382,0,Older Long-Tenure Grocery
2384,7,Service Sensitive
2385,3,Tech Enthusiasts
2386,2,Young Grocery
2387,1,Vegetables-Hygiene Oriented
2388,7,Service Sensitive
2389,3,Tech Enthusiasts
2390,2,Young Grocery
2392,2,Young Grocery
2393,7,Service Sensitive
2394,3,Tech Enthusiasts
2395,7,Service Sensitive
2397,7,Service Sensitive
2398,1,Vegetables-Hygiene Oriented
2399,1,Vegetables-Hygiene Oriented
2401,3,Tech Enthusiasts
2402,7,Service Sensitive
2403,4,Promotion Seekers
2404,4,Promotion Seekers
2405,3,Tech Enthusiasts
2406,1,Vegetables-Hygiene Oriented
2407,4,Promotion Seekers
2408,6,Protein Enjoyers
2409,6,Protein Enjoyers
2410,4,Promotion Seekers
2411,0,Older Long-Tenure Grocery
2412,0,Older Long-Tenure Grocery
2413,3,Tech Enthusiasts
2414,1,Vegetables-Hygiene Oriented
2415,4,Promotion Seekers
2416,7,Service Sensitive
2417,6,Protein Enjoyers
2418,1,Vegetables-Hygiene Oriented
2419,2,Young Grocery
2420,7,Service Sensitive
2421,1,Vegetables-Hygiene Oriented
2422,4,Promotion Seekers
2423,0,Older Long-Tenure Grocery
2424,3,Tech Enthusiasts
2425,2,Young Grocery
2426,5,Large Families
2427,4,Promotion Seekers
2428,3,Tech Enthusiasts
2431,3,Tech Enthusiasts
2432,0,Older Long-Tenure Grocery
2433,1,Vegetables-Hygiene Oriented
2435,7,Service Sensitive
2437,1,Vegetables-Hygiene Oriented
2438,0,Older Long-Tenure Grocery
2439,4,Promotion Seekers
2441,2,Young Grocery
2442,2,Young Grocery
2443,0,Older Long-Tenure Grocery
2445,7,Service Sensitive
2446,7,Service Sensitive
2447,7,Service Sensitive
2448,7,Service Sensitive
2451,6,Protein Enjoyers
2452,2,Young Grocery
2453,7,Service Sensitive
2456,6,Protein Enjoyers
2457,1,Vegetables-Hygiene Oriented
2458,1,Vegetables-Hygiene Oriented
2459,1,Vegetables-Hygiene Oriented
2462,2,Young Grocery
2463,7,Service Sensitive
2464,1,Vegetables-Hygiene Oriented
2465,2,Young Grocery
2466,5,Large Families
2467,1,Vegetables-Hygiene Oriented
2468,3,Tech Enthusiasts
2469,7,Service Sensitive
2470,1,Vegetables-Hygiene Oriented
2471,1,Vegetables-Hygiene Oriented
2472,5,Large Families
2473,7,Service Sensitive
2474,2,Young Grocery
2475,0,Older Long-Tenure Grocery
2476,1,Vegetables-Hygiene Oriented
2478,0,Older Long-Tenure Grocery
2479,1,Vegetables-Hygiene Oriented
2480,2,Young Grocery
2481,4,Promotion Seekers
2482,4,Promotion Seekers
2483,6,Protein Enjoyers
2484,5,Large Families
2485,0,Older Long-Tenure Grocery
2486,4,Promotion Seekers
2487,5,Large Families
2488,7,Service Sensitive
2490,6,Protein Enjoyers
2491,4,Promotion Seekers
2492,7,Service Sensitive
2494,0,Older Long-Tenure Grocery
2495,1,Vegetables-Hygiene Oriented
2496,1,Vegetables-Hygiene Oriented
2498,3,Tech Enthusiasts
2499,5,Large Families
2500,1,Vegetables-Hygiene Oriented
2501,4,Promotion Seekers
2502,0,Older Long-Tenure Grocery
2503,0,Older Long-Tenure Grocery
2504,7,Service Sensitive
2505,3,Tech Enthusiasts
2506,7,Service Sensitive
2507,0,Older Long-Tenure Grocery
2508,3,Tech Enthusiasts
2509,1,Vegetables-Hygiene Oriented
2511,1,Vegetables-Hygiene Oriented
2512,0,Older Long-Tenure Grocery
2513,0,Older Long-Tenure Grocery
2514,6,Protein Enjoyers
2515,1,Vegetables-Hygiene Oriented
2517,7,Service Sensitive
2518,2,Young Grocery
2520,5,Large Families
2521,4,Promotion Seekers
2522,0,Older Long-Tenure Grocery
2524,1,Vegetables-Hygiene Oriented
2525,1,Vegetables-Hygiene Oriented
2526,0,Older Long-Tenure Grocery
2528,5,Large Families
2529,1,Vegetables-Hygiene Oriented
2530,0,Older Long-Tenure Grocery
2531,4,Promotion Seekers
2533,3,Tech Enthusiasts
2534,1,Vegetables-Hygiene Oriented
2536,0,Older Long-Tenure Grocery
2538,1,Vegetables-Hygiene Oriented
2541,2,Young Grocery
2542,5,Large Families
2543,0,Older Long-Tenure Grocery
2544,0,Older Long-Tenure Grocery
2545,1,Vegetables-Hygiene Oriented
2546,7,Service Sensitive
2547,0,Older Long-Tenure Grocery
2548,0,Older Long-Tenure Grocery
2549,6,Protein Enjoyers
2550,0,Older Long-Tenure Grocery
2552,4,Promotion Seekers
2553,1,Vegetables-Hygiene Oriented
2554,1,Vegetables-Hygiene Oriented
2555,2,Young Grocery
2556,1,Vegetables-Hygiene Oriented
2557,1,Vegetables-Hygiene Oriented
2558,4,Promotion Seekers
2559,2,Young Grocery
2560,2,Young Grocery
2561,1,Vegetables-Hygiene Oriented
2562,7,Service Sensitive
2564,6,Protein Enjoyers
2565,0,Older Long-Tenure Grocery
2566,0,Older Long-Tenure Grocery
2567,3,Tech Enthusiasts
2569,7,Service Sensitive
2570,6,Protein Enjoyers
2572,2,Young Grocery
2573,0,Older Long-Tenure Grocery
2575,3,Tech Enthusiasts
2576,3,Tech Enthusiasts
2577,4,Promotion Seekers
2580,1,Vegetables-Hygiene Oriented
2581,0,Older Long-Tenure Grocery
2582,1,Vegetables-Hygiene Oriented
2583,3,Tech Enthusiasts
2584,4,Promotion Seekers
2586,0,Older Long-Tenure Grocery
2587,4,Promotion Seekers
2588,4,Promotion Seekers
2589,1,Vegetables-Hygiene Oriented
2590,5,Large Families
2591,4,Promotion Seekers
2592,3,Tech Enthusiasts
2593,4,Promotion Seekers
2594,1,Vegetables-Hygiene Oriented
2596,0,Older Long-Tenure Grocery
2597,2,Young Grocery
2598,3,Tech Enthusiasts
2599,7,Service Sensitive
2600,4,Promotion Seekers
2601,7,Service Sensitive
2602,1,Vegetables-Hygiene Oriented
2603,0,Older Long-Tenure Grocery
2604,5,Large Families
2605,4,Promotion Seekers
2606,1,Vegetables-Hygiene Oriented
2607,0,Older Long-Tenure Grocery
2608,4,Promotion Seekers
2610,4,Promotion Seekers
2611,0,Older Long-Tenure Grocery
2612,7,Service Sensitive
2613,3,Tech Enthusiasts
2614,7,Service Sensitive
2615,3,Tech Enthusiasts
2616,0,Older Long-Tenure Grocery
2617,4,Promotion Seekers
2618,5,Large Families
2619,4,Promotion Seekers
2621,0,Older Long-Tenure Grocery
2622,4,Promotion Seekers
2624,1,Vegetables-Hygiene Oriented
2625,7,Service Sensitive
2626,0,Older Long-Tenure Grocery
2627,1,Vegetables-Hygiene Oriented
2628,3,Tech Enthusiasts
2629,7,Service Sensitive
2630,7,Service Sensitive
2631,4,Promotion Seekers
2632,3,Tech Enthusiasts
2633,0,Older Long-Tenure Grocery
2634,3,Tech Enthusiasts
2635,1,Vegetables-Hygiene Oriented
2636,4,Promotion Seekers
2637,0,Older Long-Tenure Grocery
2638,2,Young Grocery
2639,0,Older Long-Tenure Grocery
2640,7,Service Sensitive
2641,1,Vegetables-Hygiene Oriented
2642,1,Vegetables-Hygiene Oriented
2643,4,Promotion Seekers
2644,4,Promotion Seekers
2645,4,Promotion Seekers
2646,0,Older Long-Tenure Grocery
2647,4,Promotion Seekers
2648,7,Service Sensitive
2649,1,Vegetables-Hygiene Oriented
2650,0,Older Long-Tenure Grocery
2651,5,Large Families
2652,0,Older Long-Tenure Grocery
2653,7,Service Sensitive
2654,0,Older Long-Tenure Grocery
2655,0,Older Long-Tenure Grocery
2656,2,Young Grocery
2657,1,Vegetables-Hygiene Oriented
2658,4,Promotion Seekers
2659,4,Promotion Seekers
2660,3,Tech Enthusiasts
2661,1,Vegetables-Hygiene Oriented
2662,3,Tech Enthusiasts
2663,2,Young Grocery
2664,2,Young Grocery
2665,5,Large Families
2667,6,Protein Enjoyers
2668,1,Vegetables-Hygiene Oriented
2669,2,Young Grocery
2670,3,Tech Enthusiasts
2671,7,Service Sensitive
2672,4,Promotion Seekers
2674,0,Older Long-Tenure Grocery
2675,0,Older Long-Tenure Grocery
2676,5,Large Families
2677,7,Service Sensitive
2678,2,Young Grocery
2680,3,Tech Enthusiasts
2681,0,Older Long-Tenure Grocery
2682,4,Promotion Seekers
2683,2,Young Grocery
2684,1,Vegetables-Hygiene Oriented
2685,4,Promotion Seekers
2686,3,Tech Enthusiasts
2690,0,Older Long-Tenure Grocery
2692,2,Young Grocery
2693,2,Young Grocery
2694,7,Service Sensitive
2695,2,Young Grocery
2696,0,Older Long-Tenure Grocery
2697,7,Service Sensitive
2698,5,Large Families
2699,0,Older Long-Tenure Grocery
2700,3,Tech Enthusiasts
2701,2,Young Grocery
2702,4,Promotion Seekers
2703,7,Service Sensitive
2704,4,Promotion Seekers
2705,0,Older Long-Tenure Grocery
2706,5,Large Families
2707,2,Young Grocery
2708,0,Older Long-Tenure Grocery
2709,1,Vegetables-Hygiene Oriented
2710,2,Young Grocery
2711,2,Young Grocery
2712,7,Service Sensitive
2713,3,Tech Enthusiasts
2715,0,Older Long-Tenure Grocery
2716,7,Service Sensitive
2717,7,Service Sensitive
2718,0,Older Long-Tenure Grocery
2719,7,Service Sensitive
2720,1,Vegetables-Hygiene Oriented
2721,1,Vegetables-Hygiene Oriented
2722,3,Tech Enthusiasts
2723,1,Vegetables-Hygiene Oriented
2724,7,Service Sensitive
2725,1,Vegetables-Hygiene Oriented
2727,7,Service Sensitive
2728,0,Older Long-Tenure Grocery
2729,4,Promotion Seekers
2730,4,Promotion Seekers
2732,3,Tech Enthusiasts
2733,0,Older Long-Tenure Grocery
2734,1,Vegetables-Hygiene Oriented
2735,0,Older Long-Tenure Grocery
2736,7,Service Sensitive
2737,0,Older Long-Tenure Grocery
2738,5,Large Families
2739,3,Tech Enthusiasts
2740,0,Older Long-Tenure Grocery
2741,1,Vegetables-Hygiene Oriented
2742,0,Older Long-Tenure Grocery
2743,7,Service Sensitive
2745,0,Older Long-Tenure Grocery
2746,1,Vegetables-Hygiene Oriented
2747,2,Young Grocery
2750,0,Older Long-Tenure Grocery
2751,0,Older Long-Tenure Grocery
2752,1,Vegetables-Hygiene Oriented
2754,7,Service Sensitive
2756,1,Vegetables-Hygiene Oriented
2757,1,Vegetables-Hygiene Oriented
2759,2,Young Grocery
2760,4,Promotion Seekers
2761,1,Vegetables-Hygiene Oriented
2762,4,Promotion Seekers
2764,4,Promotion Seekers
2766,2,Young Grocery
2768,0,Older Long-Tenure Grocery
2769,0,Older Long-Tenure Grocery
2770,2,Young Grocery
2771,7,Service Sensitive
2772,0,Older Long-Tenure Grocery
2774,1,Vegetables-Hygiene Oriented
2775,0,Older Long-Tenure Grocery
2777,4,Promotion Seekers
2778,0,Older Long-Tenure Grocery
2779,7,Service Sensitive
2780,6,Protein Enjoyers
2782,7,Service Sensitive
2784,2,Young Grocery
2786,0,Older Long-Tenure Grocery
2787,1,Vegetables-Hygiene Oriented
2788,1,Vegetables-Hygiene Oriented
2789,3,Tech Enthusiasts
2790,2,Young Grocery
2792,2,Young Grocery
2793,1,Vegetables-Hygiene Oriented
2794,5,Large Families
2796,0,Older Long-Tenure Grocery
2797,0,Older Long-Tenure Grocery
2798,0,Older Long-Tenure Grocery
2799,4,Promotion Seekers
2800,2,Young Grocery
2801,1,Vegetables-Hygiene Oriented
2802,0,Older Long-Tenure Grocery
2803,1,Vegetables-Hygiene Oriented
2804,0,Older Long-Tenure Grocery
2806,6,Protein Enjoyers
2807,4,Promotion Seekers
2808,2,Young Grocery
2809,1,Vegetables-Hygiene Oriented
2810,1,Vegetables-Hygiene Oriented
2811,0,Older Long-Tenure Grocery
2812,7,Service Sensitive
2813,4,Promotion Seekers
2814,0,Older Long-Tenure Grocery
2815,6,Protein Enjoyers
2818,1,Vegetables-Hygiene Oriented
2819,4,Promotion Seekers
2820,6,Protein Enjoyers
2821,5,Large Families
2822,7,Service Sensitive
2823,0,Older Long-Tenure Grocery
2824,4,Promotion Seekers
2826,0,Older Long-Tenure Grocery
2827,4,Promotion Seekers
2828,7,Service Sensitive
2829,6,Protein Enjoyers
2830,7,Service Sensitive
2832,1,Vegetables-Hygiene Oriented
2833,3,Tech Enthusiasts
2834,1,Vegetables-Hygiene Oriented
2835,1,Vegetables-Hygiene Oriented
2836,1,Vegetables-Hygiene Oriented
2837,7,Service Sensitive
2838,0,Older Long-Tenure Grocery
2840,1,Vegetables-Hygiene Oriented
2841,0,Older Long-Tenure Grocery
2842,1,Vegetables-Hygiene Oriented
2843,4,Promotion Seekers
2844,5,Large Families
2846,4,Promotion Seekers
2847,7,Service Sensitive
2848,3,Tech Enthusiasts
2849,7,Service Sensitive
2850,7,Service Sensitive
2851,4,Promotion Seekers
2852,7,Service Sensitive
2853,0,Older Long-Tenure Grocery
2854,5,Large Families
2855,3,Tech Enthusiasts
2856,3,Tech Enthusiasts
2858,1,Vegetables-Hygiene Oriented
2860,1,Vegetables-Hygiene Oriented
2861,1,Vegetables-Hygiene Oriented
2863,2,Young Grocery
2864,0,Older Long-Tenure Grocery
2865,4,Promotion Seekers
2866,6,Protein Enjoyers
2867,2,Young Grocery
2869,0,Older Long-Tenure Grocery
2870,1,Vegetables-Hygiene Oriented
2874,1,Vegetables-Hygiene Oriented
2875,4,Promotion Seekers
2877,1,Vegetables-Hygiene Oriented
2878,1,Vegetables-Hygiene Oriented
2879,1,Vegetables-Hygiene Oriented
2880,3,Tech Enthusiasts
2881,7,Service Sensitive
2882,1,Vegetables-Hygiene Oriented
2883,3,Tech Enthusiasts
2884,4,Promotion Seekers
2885,7,Service Sensitive
2886,7,Service Sensitive
2887,0,Older Long-Tenure Grocery
2888,4,Promotion Seekers
2890,5,Large Families
2892,7,Service Sensitive
2893,2,Young Grocery
2894,4,Promotion Seekers
2896,1,Vegetables-Hygiene Oriented
2897,7,Service Sensitive
2899,0,Older Long-Tenure Grocery
2900,7,Service Sensitive
2901,0,Older Long-Tenure Grocery
2902,2,Young Grocery
2903,4,Promotion Seekers
2904,1,Vegetables-Hygiene Oriented
2905,0,Older Long-Tenure Grocery
2906,2,Young Grocery
2907,4,Promotion Seekers
2908,2,Young Grocery
2909,0,Older Long-Tenure Grocery
2910,4,Promotion Seekers
2911,3,Tech Enthusiasts
2912,0,Older Long-Tenure Grocery
2913,2,Young Grocery
2914,0,Older Long-Tenure Grocery
2916,4,Promotion Seekers
2917,2,Young Grocery
2918,1,Vegetables-Hygiene Oriented
2919,3,Tech Enthusiasts
2920,3,Tech Enthusiasts
2921,4,Promotion Seekers
2922,0,Older Long-Tenure Grocery
2923,1,Vegetables-Hygiene Oriented
2925,1,Vegetables-Hygiene Oriented
2926,1,Vegetables-Hygiene Oriented
2927,3,Tech Enthusiasts
2929,7,Service Sensitive
2930,4,Promotion Seekers
2932,2,Young Grocery
2933,0,Older Long-Tenure Grocery
2934,1,Vegetables-Hygiene Oriented
2935,1,Vegetables-Hygiene Oriented
2936,1,Vegetables-Hygiene Oriented
2938,0,Older Long-Tenure Grocery
2939,0,Older Long-Tenure Grocery
2940,1,Vegetables-Hygiene Oriented
2942,0,Older Long-Tenure Grocery
2943,7,Service Sensitive
2944,7,Service Sensitive
2945,2,Young Grocery
2946,1,Vegetables-Hygiene Oriented
2947,4,Promotion Seekers
2948,0,Older Long-Tenure Grocery
2949,4,Promotion Seekers
2951,2,Young Grocery
2952,3,Tech Enthusiasts
2953,4,Promotion Seekers
2954,1,Vegetables-Hygiene Oriented
2955,0,Older Long-Tenure Grocery
2956,2,Young Grocery
2957,3,Tech Enthusiasts
2958,1,Vegetables-Hygiene Oriented
2959,1,Vegetables-Hygiene Oriented
2960,5,Large Families
2961,2,Young Grocery
2962,0,Older Long-Tenure Grocery
2963,3,Tech Enthusiasts
2965,0,Older Long-Tenure Grocery
2966,7,Service Sensitive
2967,0,Older Long-Tenure Grocery
2969,2,Young Grocery
2972,7,Service Sensitive
2974,2,Young Grocery
2975,4,Promotion Seekers
2976,4,Promotion Seekers
2977,6,Protein Enjoyers
2978,5,Large Families
2980,2,Young Grocery
2981,7,Service Sensitive
2982,2,Young Grocery
2984,1,Vegetables-Hygiene Oriented
2985,7,Service Sensitive
2986,6,Protein Enjoyers
2987,0,Older Long-Tenure Grocery
2988,3,Tech Enthusiasts
2989,0,Older Long-Tenure Grocery
2991,0,Older Long-Tenure Grocery
2992,0,Older Long-Tenure Grocery
2993,5,Large Families
2994,1,Vegetables-Hygiene Oriented
2995,7,Service Sensitive
2996,1,Vegetables-Hygiene Oriented
2997,0,Older Long-Tenure Grocery
2998,0,Older Long-Tenure Grocery
2999,4,Promotion Seekers
3000,5,Large Families
3001,2,Young Grocery
3002,4,Promotion Seekers
3003,0,Older Long-Tenure Grocery
3004,0,Older Long-Tenure Grocery
3005,1,Vegetables-Hygiene Oriented
3007,0,Older Long-Tenure Grocery
3008,1,Vegetables-Hygiene Oriented
3009,0,Older Long-Tenure Grocery
3010,0,Older Long-Tenure Grocery
3011,5,Large Families
3012,0,Older Long-Tenure Grocery
3013,1,Vegetables-Hygiene Oriented
3015,6,Protein Enjoyers
3017,4,Promotion Seekers
3019,2,Young Grocery
3020,6,Protein Enjoyers
3021,1,Vegetables-Hygiene Oriented
3024,4,Promotion Seekers
3025,1,Vegetables-Hygiene Oriented
3026,7,Service Sensitive
3028,4,Promotion Seekers
3029,7,Service Sensitive
3030,5,Large Families
3031,3,Tech Enthusiasts
3032,1,Vegetables-Hygiene Oriented
3033,1,Vegetables-Hygiene Oriented
3034,1,Vegetables-Hygiene Oriented
3035,7,Service Sensitive
3036,4,Promotion Seekers
3037,5,Large Families
3038,0,Older Long-Tenure Grocery
3039,0,Older Long-Tenure Grocery
3040,1,Vegetables-Hygiene Oriented
3041,4,Promotion Seekers
3042,7,Service Sensitive
3043,4,Promotion Seekers
3044,0,Older Long-Tenure Grocery
3045,0,Older Long-Tenure Grocery
3046,4,Promotion Seekers
3048,1,Vegetables-Hygiene Oriented
3049,1,Vegetables-Hygiene Oriented
3050,6,Protein Enjoyers
3051,3,Tech Enthusiasts
3052,2,Young Grocery
3053,2,Young Grocery
3054,4,Promotion Seekers
3055,7,Service Sensitive
3056,5,Large Families
3057,5,Large Families
3058,3,Tech Enthusiasts
3059,4,Promotion Seekers
3060,4,Promotion Seekers
3061,7,Service Sensitive
3062,0,Older Long-Tenure Grocery
3063,3,Tech Enthusiasts
3064,7,Service Sensitive
3065,1,Vegetables-Hygiene Oriented
3066,3,Tech Enthusiasts
3067,1,Vegetables-Hygiene Oriented
3068,1,Vegetables-Hygiene Oriented
3069,0,Older Long-Tenure Grocery
3070,6,Protein Enjoyers
3071,1,Vegetables-Hygiene Oriented
3072,3,Tech Enthusiasts
3073,0,Older Long-Tenure Grocery
3074,0,Older Long-Tenure Grocery
3075,3,Tech Enthusiasts
3076,4,Promotion Seekers
3079,4,Promotion Seekers
3080,4,Promotion Seekers
3081,5,Large Families
3082,5,Large Families
3083,4,Promotion Seekers
3084,7,Service Sensitive
3085,4,Promotion Seekers
3086,0,Older Long-Tenure Grocery
3087,1,Vegetables-Hygiene Oriented
3088,7,Service Sensitive
3089,0,Older Long-Tenure Grocery
3090,4,Promotion Seekers
3091,7,Service Sensitive
3092,4,Promotion Seekers
3093,7,Service Sensitive
3094,0,Older Long-Tenure Grocery
3095,0,Older Long-Tenure Grocery
3096,1,Vegetables-Hygiene Oriented
3097,0,Older Long-Tenure Grocery
3098,1,Vegetables-Hygiene Oriented
3099,4,Promotion Seekers
3100,7,Service Sensitive
3101,7,Service Sensitive
3105,4,Promotion Seekers
3106,2,Young Grocery
3107,5,Large Families
3110,0,Older Long-Tenure Grocery
3112,7,Service Sensitive
3113,5,Large Families
3114,6,Protein Enjoyers
3115,0,Older Long-Tenure Grocery
3116,1,Vegetables-Hygiene Oriented
3117,1,Vegetables-Hygiene Oriented
3118,3,Tech Enthusiasts
3119,3,Tech Enthusiasts
3120,6,Protein Enjoyers
3121,7,Service Sensitive
3122,4,Promotion Seekers
3123,2,Young Grocery
3124,4,Promotion Seekers
3125,3,Tech Enthusiasts
3126,4,Promotion Seekers
3128,0,Older Long-Tenure Grocery
3129,5,Large Families
3130,2,Young Grocery
3131,1,Vegetables-Hygiene Oriented
3132,1,Vegetables-Hygiene Oriented
3133,4,Promotion Seekers
3135,2,Young Grocery
3136,0,Older Long-Tenure Grocery
3138,1,Vegetables-Hygiene Oriented
3139,2,Young Grocery
3140,7,Service Sensitive
3142,7,Service Sensitive
3143,2,Young Grocery
3146,4,Promotion Seekers
3147,0,Older Long-Tenure Grocery
3149,1,Vegetables-Hygiene Oriented
3150,4,Promotion Seekers
3151,5,Large Families
3154,7,Service Sensitive
3155,0,Older Long-Tenure Grocery
3156,1,Vegetables-Hygiene Oriented
3157,4,Promotion Seekers
3158,3,Tech Enthusiasts
3159,7,Service Sensitive
3160,2,Young Grocery
3161,0,Older Long-Tenure Grocery
3162,7,Service Sensitive
3163,7,Service Sensitive
3164,3,Tech Enthusiasts
3165,2,Young Grocery
3167,3,Tech Enthusiasts
3168,1,Vegetables-Hygiene Oriented
3169,5,Large Families
3170,1,Vegetables-Hygiene Oriented
3171,0,Older Long-Tenure Grocery
3172,0,Older Long-Tenure Grocery
3173,4,Promotion Seekers
3175,7,Service Sensitive
3176,6,Protein Enjoyers
3177,0,Older Long-Tenure Grocery
3178,3,Tech Enthusiasts
3179,1,Vegetables-Hygiene Oriented
3180,5,Large Families
3183,7,Service Sensitive
3184,5,Large Families
3185,1,Vegetables-Hygiene Oriented
3186,4,Promotion Seekers
3187,0,Older Long-Tenure Grocery
3188,2,Young Grocery
3189,2,Young Grocery
3190,0,Older Long-Tenure Grocery
3191,4,Promotion Seekers
3192,2,Young Grocery
3193,4,Promotion Seekers
3194,2,Young Grocery
3196,6,Protein Enjoyers
3197,4,Promotion Seekers
3198,4,Promotion Seekers
3199,5,Large Families
3200,2,Young Grocery
3201,5,Large Families
3202,1,Vegetables-Hygiene Oriented
3204,4,Promotion Seekers
3205,4,Promotion Seekers
3206,1,Vegetables-Hygiene Oriented
3207,0,Older Long-Tenure Grocery
3209,2,Young Grocery
3211,0,Older Long-Tenure Grocery
3213,1,Vegetables-Hygiene Oriented
3214,0,Older Long-Tenure Grocery
3215,7,Service Sensitive
3216,0,Older Long-Tenure Grocery
3217,3,Tech Enthusiasts
3219,3,Tech Enthusiasts
3220,1,Vegetables-Hygiene Oriented
3221,3,Tech Enthusiasts
3223,1,Vegetables-Hygiene Oriented
3224,5,Large Families
3225,4,Promotion Seekers
3226,4,Promotion Seekers
3227,4,Promotion Seekers
3230,0,Older Long-Tenure Grocery
3231,2,Young Grocery
3232,3,Tech Enthusiasts
3234,1,Vegetables-Hygiene Oriented
3235,1,Vegetables-Hygiene Oriented
3236,0,Older Long-Tenure Grocery
3237,1,Vegetables-Hygiene Oriented
3238,3,Tech Enthusiasts
3239,1,Vegetables-Hygiene Oriented
3240,0,Older Long-Tenure Grocery
3241,2,Young Grocery
3242,1,Vegetables-Hygiene Oriented
3243,4,Promotion Seekers
3244,5,Large Families
3245,1,Vegetables-Hygiene Oriented
3246,4,Promotion Seekers
3247,2,Young Grocery
3248,1,Vegetables-Hygiene Oriented
3249,4,Promotion Seekers
3250,1,Vegetables-Hygiene Oriented
3251,5,Large Families
3252,4,Promotion Seekers
3253,3,Tech Enthusiasts
3255,1,Vegetables-Hygiene Oriented
3256,7,Service Sensitive
3258,2,Young Grocery
3259,4,Promotion Seekers
3260,7,Service Sensitive
3262,0,Older Long-Tenure Grocery
3263,0,Older Long-Tenure Grocery
3264,2,Young Grocery
3265,0,Older Long-Tenure Grocery
3266,0,Older Long-Tenure Grocery
3267,4,Promotion Seekers
3269,0,Older Long-Tenure Grocery
3270,7,Service Sensitive
3271,1,Vegetables-Hygiene Oriented
3272,7,Service Sensitive
3273,1,Vegetables-Hygiene Oriented
3274,4,Promotion Seekers
3275,1,Vegetables-Hygiene Oriented
3276,1,Vegetables-Hygiene Oriented
3278,1,Vegetables-Hygiene Oriented
3279,1,Vegetables-Hygiene Oriented
3280,4,Promotion Seekers
3282,0,Older Long-Tenure Grocery
3283,3,Tech Enthusiasts
3285,2,Young Grocery
3286,4,Promotion Seekers
3287,2,Young Grocery
3288,7,Service Sensitive
3289,4,Promotion Seekers
3291,7,Service Sensitive
3293,4,Promotion Seekers
3294,4,Promotion Seekers
3295,4,Promotion Seekers
3296,2,Young Grocery
3297,5,Large Families
3298,4,Promotion Seekers
3299,6,Protein Enjoyers
3300,2,Young Grocery
3301,1,Vegetables-Hygiene Oriented
3303,0,Older Long-Tenure Grocery
3304,7,Service Sensitive
3306,3,Tech Enthusiasts
3307,0,Older Long-Tenure Grocery
3309,1,Vegetables-Hygiene Oriented
3310,3,Tech Enthusiasts
3311,7,Service Sensitive
3312,4,Promotion Seekers
3314,0,Older Long-Tenure Grocery
3315,2,Young Grocery
3316,0,Older Long-Tenure Grocery
3317,6,Protein Enjoyers
3319,1,Vegetables-Hygiene Oriented
3320,4,Promotion Seekers
3321,3,Tech Enthusiasts
3322,1,Vegetables-Hygiene Oriented
3323,2,Young Grocery
3324,5,Large Families
3325,0,Older Long-Tenure Grocery
3326,3,Tech Enthusiasts
3327,3,Tech Enthusiasts
3328,4,Promotion Seekers
3329,5,Large Families
3330,1,Vegetables-Hygiene Oriented
3332,5,Large Families
3333,4,Promotion Seekers
3334,0,Older Long-Tenure Grocery
3335,0,Older Long-Tenure Grocery
3336,1,Vegetables-Hygiene Oriented
3337,3,Tech Enthusiasts
3338,5,Large Families
3339,4,Promotion Seekers
3340,5,Large Families
3341,3,Tech Enthusiasts
3342,1,Vegetables-Hygiene Oriented
3343,4,Promotion Seekers
3344,7,Service Sensitive
3345,4,Promotion Seekers
3346,5,Large Families
3347,4,Promotion Seekers
3348,6,Protein Enjoyers
3349,7,Service Sensitive
3350,2,Young Grocery
3352,7,Service Sensitive
3353,4,Promotion Seekers
3354,7,Service Sensitive
3356,6,Protein Enjoyers
3357,2,Young Grocery
3358,0,Older Long-Tenure Grocery
3359,0,Older Long-Tenure Grocery
3360,0,Older Long-Tenure Grocery
3361,0,Older Long-Tenure Grocery
3362,1,Vegetables-Hygiene Oriented
3363,4,Promotion Seekers
3364,7,Service Sensitive
3365,6,Protein Enjoyers
3366,4,Promotion Seekers
3367,7,Service Sensitive
3369,2,Young Grocery
3370,1,Vegetables-Hygiene Oriented
3371,2,Young Grocery
3372,4,Promotion Seekers
3374,5,Large Families
3376,4,Promotion Seekers
3377,0,Older Long-Tenure Grocery
3378,7,Service Sensitive
3379,4,Promotion Seekers
3381,2,Young Grocery
3382,3,Tech Enthusiasts
3383,1,Vegetables-Hygiene Oriented
3384,5,Large Families
3387,5,Large Families
3388,4,Promotion Seekers
3389,2,Young Grocery
3390,4,Promotion Seekers
3391,6,Protein Enjoyers
3392,0,Older Long-Tenure Grocery
3393,4,Promotion Seekers
3395,6,Protein Enjoyers
3396,5,Large Families
3397,4,Promotion Seekers
3398,0,Older Long-Tenure Grocery
3399,0,Older Long-Tenure Grocery
3400,5,Large Families
3401,0,Older Long-Tenure Grocery
3402,1,Vegetables-Hygiene Oriented
3403,0,Older Long-Tenure Grocery
3404,4,Promotion Seekers
3405,3,Tech Enthusiasts
3406,4,Promotion Seekers
3407,0,Older Long-Tenure Grocery
3408,0,Older Long-Tenure Grocery
3410,4,Promotion Seekers
3411,1,Vegetables-Hygiene Oriented
3412,0,Older Long-Tenure Grocery
3413,4,Promotion Seekers
3414,1,Vegetables-Hygiene Oriented
3415,0,Older Long-Tenure Grocery
3416,5,Large Families
3418,0,Older Long-Tenure Grocery
3419,0,Older Long-Tenure Grocery
3421,5,Large Families
3422,4,Promotion Seekers
3423,0,Older Long-Tenure Grocery
3425,3,Tech Enthusiasts
3426,7,Service Sensitive
3427,1,Vegetables-Hygiene Oriented
3428,3,Tech Enthusiasts
3430,6,Protein Enjoyers
3431,4,Promotion Seekers
3432,4,Promotion Seekers
3433,7,Service Sensitive
3434,1,Vegetables-Hygiene Oriented
3435,3,Tech Enthusiasts
3437,1,Vegetables-Hygiene Oriented
3438,7,Service Sensitive
3440,0,Older Long-Tenure Grocery
3441,7,Service Sensitive
3442,0,Older Long-Tenure Grocery
3443,0,Older Long-Tenure Grocery
3444,4,Promotion Seekers
3445,0,Older Long-Tenure Grocery
3446,6,Protein Enjoyers
3447,0,Older Long-Tenure Grocery
3448,1,Vegetables-Hygiene Oriented
3449,4,Promotion Seekers
3451,1,Vegetables-Hygiene Oriented
3452,1,Vegetables-Hygiene Oriented
3453,0,Older Long-Tenure Grocery
3454,0,Older Long-Tenure Grocery
3455,1,Vegetables-Hygiene Oriented
3456,3,Tech Enthusiasts
3458,2,Young Grocery
3459,4,Promotion Seekers
3460,1,Vegetables-Hygiene Oriented
3461,4,Promotion Seekers
3463,2,Young Grocery
3464,4,Promotion Seekers
3465,7,Service Sensitive
3466,4,Promotion Seekers
3467,2,Young Grocery
3468,5,Large Families
3469,0,Older Long-Tenure Grocery
3470,2,Young Grocery
3471,4,Promotion Seekers
3472,0,Older Long-Tenure Grocery
3473,2,Young Grocery
3474,7,Service Sensitive
3475,4,Promotion Seekers
3476,0,Older Long-Tenure Grocery
3477,2,Young Grocery
3478,2,Young Grocery
3479,2,Young Grocery
3481,4,Promotion Seekers
3482,2,Young Grocery
3483,4,Promotion Seekers
3484,7,Service Sensitive
3485,1,Vegetables-Hygiene Oriented
3486,4,Promotion Seekers
3488,0,Older Long-Tenure Grocery
3489,1,Vegetables-Hygiene Oriented
3490,7,Service Sensitive
3491,6,Protein Enjoyers
3492,4,Promotion Seekers
3493,4,Promotion Seekers
3494,0,Older Long-Tenure Grocery
3495,2,Young Grocery
3496,0,Older Long-Tenure Grocery
3497,0,Older Long-Tenure Grocery
3498,7,Service Sensitive
3501,3,Tech Enthusiasts
3502,7,Service Sensitive
3504,0,Older Long-Tenure Grocery
3505,7,Service Sensitive
3507,4,Promotion Seekers
3508,4,Promotion Seekers
3509,2,Young Grocery
3511,7,Service Sensitive
3513,1,Vegetables-Hygiene Oriented
3514,0,Older Long-Tenure Grocery
3515,6,Protein Enjoyers
3516,1,Vegetables-Hygiene Oriented
3517,7,Service Sensitive
3518,5,Large Families
3519,0,Older Long-Tenure Grocery
3520,0,Older Long-Tenure Grocery
3521,4,Promotion Seekers
3522,2,Young Grocery
3523,3,Tech Enthusiasts
3524,5,Large Families
3525,3,Tech Enthusiasts
3526,7,Service Sensitive
3527,3,Tech Enthusiasts
3528,5,Large Families
3529,1,Vegetables-Hygiene Oriented
3530,4,Promotion Seekers
3532,4,Promotion Seekers
3533,2,Young Grocery
3534,6,Protein Enjoyers
3535,7,Service Sensitive
3536,1,Vegetables-Hygiene Oriented
3537,3,Tech Enthusiasts
3538,4,Promotion Seekers
3539,1,Vegetables-Hygiene Oriented
3540,3,Tech Enthusiasts
3541,0,Older Long-Tenure Grocery
3542,0,Older Long-Tenure Grocery
3543,1,Vegetables-Hygiene Oriented
3544,1,Vegetables-Hygiene Oriented
3546,0,Older Long-Tenure Grocery
3547,1,Vegetables-Hygiene Oriented
3548,4,Promotion Seekers
3550,0,Older Long-Tenure Grocery
3551,2,Young Grocery
3552,2,Young Grocery
3553,4,Promotion Seekers
3554,4,Promotion Seekers
3555,0,Older Long-Tenure Grocery
3556,0,Older Long-Tenure Grocery
3557,4,Promotion Seekers
3558,2,Young Grocery
3560,2,Young Grocery
3561,0,Older Long-Tenure Grocery
3562,4,Promotion Seekers
3564,4,Promotion Seekers
3565,4,Promotion Seekers
3566,2,Young Grocery
3567,1,Vegetables-Hygiene Oriented
3568,7,Service Sensitive
3569,1,Vegetables-Hygiene Oriented
3570,5,Large Families
3571,3,Tech Enthusiasts
3572,4,Promotion Seekers
3573,1,Vegetables-Hygiene Oriented
3574,6,Protein Enjoyers
3575,3,Tech Enthusiasts
3576,1,Vegetables-Hygiene Oriented
3578,7,Service Sensitive
3579,4,Promotion Seekers
3580,5,Large Families
3581,0,Older Long-Tenure Grocery
3582,4,Promotion Seekers
3584,2,Young Grocery
3585,0,Older Long-Tenure Grocery
3586,7,Service Sensitive
3587,1,Vegetables-Hygiene Oriented
3588,5,Large Families
3589,2,Young Grocery
3591,0,Older Long-Tenure Grocery
3593,1,Vegetables-Hygiene Oriented
3594,2,Young Grocery
3595,4,Promotion Seekers
3596,3,Tech Enthusiasts
3597,2,Young Grocery
3598,1,Vegetables-Hygiene Oriented
3599,7,Service Sensitive
3600,0,Older Long-Tenure Grocery
3601,4,Promotion Seekers
3602,2,Young Grocery
3603,6,Protein Enjoyers
3604,1,Vegetables-Hygiene Oriented
3605,7,Service Sensitive
3607,7,Service Sensitive
3608,4,Promotion Seekers
3610,2,Young Grocery
3611,4,Promotion Seekers
3612,2,Young Grocery
3615,0,Older Long-Tenure Grocery
3616,6,Protein Enjoyers
3617,2,Young Grocery
3618,3,Tech Enthusiasts
3619,4,Promotion Seekers
3620,4,Promotion Seekers
3621,4,Promotion Seekers
3622,2,Young Grocery
3623,2,Young Grocery
3624,2,Young Grocery
3625,6,Protein Enjoyers
3626,4,Promotion Seekers
3627,7,Service Sensitive
3628,3,Tech Enthusiasts
3629,4,Promotion Seekers
3631,0,Older Long-Tenure Grocery
3633,0,Older Long-Tenure Grocery
3635,5,Large Families
3639,1,Vegetables-Hygiene Oriented
3640,5,Large Families
3641,3,Tech Enthusiasts
3642,7,Service Sensitive
3643,4,Promotion Seekers
3644,6,Protein Enjoyers
3645,3,Tech Enthusiasts
3646,3,Tech Enthusiasts
3647,4,Promotion Seekers
3648,4,Promotion Seekers
3649,0,Older Long-Tenure Grocery
3650,5,Large Families
3652,0,Older Long-Tenure Grocery
3653,1,Vegetables-Hygiene Oriented
3654,0,Older Long-Tenure Grocery
3655,4,Promotion Seekers
3656,3,Tech Enthusiasts
3657,4,Promotion Seekers
3658,0,Older Long-Tenure Grocery
3660,0,Older Long-Tenure Grocery
3661,4,Promotion Seekers
3662,1,Vegetables-Hygiene Oriented
3664,0,Older Long-Tenure Grocery
3665,1,Vegetables-Hygiene Oriented
3666,1,Vegetables-Hygiene Oriented
3667,7,Service Sensitive
3668,2,Young Grocery
3669,4,Promotion Seekers
3670,4,Promotion Seekers
3671,1,Vegetables-Hygiene Oriented
3672,0,Older Long-Tenure Grocery
3674,1,Vegetables-Hygiene Oriented
3675,1,Vegetables-Hygiene Oriented
3676,1,Vegetables-Hygiene Oriented
3677,0,Older Long-Tenure Grocery
3679,1,Vegetables-Hygiene Oriented
3680,0,Older Long-Tenure Grocery
3681,3,Tech Enthusiasts
3682,2,Young Grocery
3684,7,Service Sensitive
3689,0,Older Long-Tenure Grocery
3690,1,Vegetables-Hygiene Oriented
3691,5,Large Families
3692,7,Service Sensitive
3693,5,Large Families
3694,0,Older Long-Tenure Grocery
3695,2,Young Grocery
3696,1,Vegetables-Hygiene Oriented
3697,5,Large Families
3699,2,Young Grocery
3701,0,Older Long-Tenure Grocery
3703,3,Tech Enthusiasts
3704,3,Tech Enthusiasts
3705,7,Service Sensitive
3707,0,Older Long-Tenure Grocery
3708,7,Service Sensitive
3710,7,Service Sensitive
3712,1,Vegetables-Hygiene Oriented
3713,0,Older Long-Tenure Grocery
3714,4,Promotion Seekers
3715,7,Service Sensitive
3716,1,Vegetables-Hygiene Oriented
3717,6,Protein Enjoyers
3718,6,Protein Enjoyers
3719,4,Promotion Seekers
3720,0,Older Long-Tenure Grocery
3721,6,Protein Enjoyers
3722,4,Promotion Seekers
3723,7,Service Sensitive
3726,4,Promotion Seekers
3728,0,Older Long-Tenure Grocery
3729,3,Tech Enthusiasts
3732,3,Tech Enthusiasts
3733,7,Service Sensitive
3734,0,Older Long-Tenure Grocery
3735,2,Young Grocery
3736,3,Tech Enthusiasts
3737,4,Promotion Seekers
3738,7,Service Sensitive
3739,0,Older Long-Tenure Grocery
3740,2,Young Grocery
3742,0,Older Long-Tenure Grocery
3743,1,Vegetables-Hygiene Oriented
3745,0,Older Long-Tenure Grocery
3747,0,Older Long-Tenure Grocery
3748,2,Young Grocery
3749,0,Older Long-Tenure Grocery
3751,5,Large Families
3752,4,Promotion Seekers
3753,1,Vegetables-Hygiene Oriented
3754,4,Promotion Seekers
3757,1,Vegetables-Hygiene Oriented
3758,5,Large Families
3760,0,Older Long-Tenure Grocery
3761,4,Promotion Seekers
3762,7,Service Sensitive
3763,5,Large Families
3765,2,Young Grocery
3766,2,Young Grocery
3770,0,Older Long-Tenure Grocery
3771,1,Vegetables-Hygiene Oriented
3772,0,Older Long-Tenure Grocery
3773,1,Vegetables-Hygiene Oriented
3774,0,Older Long-Tenure Grocery
3775,3,Tech Enthusiasts
3776,6,Protein Enjoyers
3777,0,Older Long-Tenure Grocery
3778,5,Large Families
3779,5,Large Families
3780,2,Young Grocery
3781,5,Large Families
3782,3,Tech Enthusiasts
3783,5,Large Families
3785,1,Vegetables-Hygiene Oriented
3786,7,Service Sensitive
3789,7,Service Sensitive
3790,3,Tech Enthusiasts
3791,4,Promotion Seekers
3792,7,Service Sensitive
3793,0,Older Long-Tenure Grocery
3795,1,Vegetables-Hygiene Oriented
3796,1,Vegetables-Hygiene Oriented
3797,0,Older Long-Tenure Grocery
3798,4,Promotion Seekers
3799,4,Promotion Seekers
3800,2,Young Grocery
3801,0,Older Long-Tenure Grocery
3802,7,Service Sensitive
3803,4,Promotion Seekers
3805,4,Promotion Seekers
3806,0,Older Long-Tenure Grocery
3807,1,Vegetables-Hygiene Oriented
3808,5,Large Families
3809,1,Vegetables-Hygiene Oriented
3810,4,Promotion Seekers
3811,1,Vegetables-Hygiene Oriented
3812,6,Protein Enjoyers
3813,1,Vegetables-Hygiene Oriented
3814,1,Vegetables-Hygiene Oriented
3815,4,Promotion Seekers
3816,4,Promotion Seekers
3817,4,Promotion Seekers
3818,6,Protein Enjoyers
3819,0,Older Long-Tenure Grocery
3821,2,Young Grocery
3822,4,Promotion Seekers
3823,3,Tech Enthusiasts
3824,7,Service Sensitive
3825,1,Vegetables-Hygiene Oriented
3828,4,Promotion Seekers
3830,0,Older Long-Tenure Grocery
3831,3,Tech Enthusiasts
3832,2,Young Grocery
3833,7,Service Sensitive
3834,4,Promotion Seekers
3835,6,Protein Enjoyers
3836,4,Promotion Seekers
3837,5,Large Families
3838,2,Young Grocery
3839,7,Service Sensitive
3840,6,Protein Enjoyers
3841,4,Promotion Seekers
3842,0,Older Long-Tenure Grocery
3843,0,Older Long-Tenure Grocery
3844,3,Tech Enthusiasts
3845,3,Tech Enthusiasts
3846,2,Young Grocery
3847,4,Promotion Seekers
3848,1,Vegetables-Hygiene Oriented
3849,3,Tech Enthusiasts
3850,0,Older Long-Tenure Grocery
3851,0,Older Long-Tenure Grocery
3852,0,Older Long-Tenure Grocery
3855,0,Older Long-Tenure Grocery
3856,2,Young Grocery
3858,4,Promotion Seekers
3859,6,Protein Enjoyers
3860,7,Service Sensitive
3861,3,Tech Enthusiasts
3862,5,Large Families
3863,1,Vegetables-Hygiene Oriented
3864,7,Service Sensitive
3865,0,Older Long-Tenure Grocery
3866,2,Young Grocery
3867,4,Promotion Seekers
3868,2,Young Grocery
3869,4,Promotion Seekers
3870,1,Vegetables-Hygiene Oriented
3872,4,Promotion Seekers
3873,1,Vegetables-Hygiene Oriented
3874,2,Young Grocery
3875,0,Older Long-Tenure Grocery
3876,4,Promotion Seekers
3877,3,Tech Enthusiasts
3878,0,Older Long-Tenure Grocery
3879,0,Older Long-Tenure Grocery
3881,2,Young Grocery
3882,0,Older Long-Tenure Grocery
3883,0,Older Long-Tenure Grocery
3884,1,Vegetables-Hygiene Oriented
3887,4,Promotion Seekers
3889,0,Older Long-Tenure Grocery
3892,4,Promotion Seekers
3893,1,Vegetables-Hygiene Oriented
3894,4,Promotion Seekers
3895,2,Young Grocery
3896,4,Promotion Seekers
3897,4,Promotion Seekers
3899,2,Young Grocery
3900,4,Promotion Seekers
3901,4,Promotion Seekers
3902,1,Vegetables-Hygiene Oriented
3903,0,Older Long-Tenure Grocery
3904,2,Young Grocery
3905,4,Promotion Seekers
3907,7,Service Sensitive
3908,7,Service Sensitive
3910,1,Vegetables-Hygiene Oriented
3912,3,Tech Enthusiasts
3913,3,Tech Enthusiasts
3914,0,Older Long-Tenure Grocery
3916,7,Service Sensitive
3917,0,Older Long-Tenure Grocery
3918,2,Young Grocery
3919,0,Older Long-Tenure Grocery
3920,3,Tech Enthusiasts
3921,4,Promotion Seekers
3922,2,Young Grocery
3925,0,Older Long-Tenure Grocery
3926,1,Vegetables-Hygiene Oriented
3927,2,Young Grocery
3932,7,Service Sensitive
3933,0,Older Long-Tenure Grocery
3934,6,Protein Enjoyers
3936,4,Promotion Seekers
3937,4,Promotion Seekers
3938,0,Older Long-Tenure Grocery
3940,1,Vegetables-Hygiene Oriented
3942,0,Older Long-Tenure Grocery
3943,0,Older Long-Tenure Grocery
3944,4,Promotion Seekers
3946,0,Older Long-Tenure Grocery
3947,0,Older Long-Tenure Grocery
3948,1,Vegetables-Hygiene Oriented
3949,6,Protein Enjoyers
3950,1,Vegetables-Hygiene Oriented
3951,1,Vegetables-Hygiene Oriented
3952,1,Vegetables-Hygiene Oriented
3953,2,Young Grocery
3954,4,Promotion Seekers
3955,4,Promotion Seekers
3956,2,Young Grocery
3957,1,Vegetables-Hygiene Oriented
3958,7,Service Sensitive
3960,5,Large Families
3963,4,Promotion Seekers
3964,4,Promotion Seekers
3965,5,Large Families
3967,3,Tech Enthusiasts
3970,1,Vegetables-Hygiene Oriented
3971,6,Protein Enjoyers
3972,0,Older Long-Tenure Grocery
3973,0,Older Long-Tenure Grocery
3974,0,Older Long-Tenure Grocery
3976,3,Tech Enthusiasts
3977,1,Vegetables-Hygiene Oriented
3978,0,Older Long-Tenure Grocery
3979,3,Tech Enthusiasts
3980,3,Tech Enthusiasts
3981,1,Vegetables-Hygiene Oriented
3982,1,Vegetables-Hygiene Oriented
3985,3,Tech Enthusiasts
3986,2,Young Grocery
3987,0,Older Long-Tenure Grocery
3988,3,Tech Enthusiasts
3989,7,Service Sensitive
3990,5,Large Families
3991,3,Tech Enthusiasts
3992,0,Older Long-Tenure Grocery
3993,4,Promotion Seekers
3994,1,Vegetables-Hygiene Oriented
3995,1,Vegetables-Hygiene Oriented
3996,0,Older Long-Tenure Grocery
3997,2,Young Grocery
3998,1,Vegetables-Hygiene Oriented
3999,5,Large Families
4000,2,Young Grocery
4002,4,Promotion Seekers
4003,1,Vegetables-Hygiene Oriented
4004,2,Young Grocery
4005,1,Vegetables-Hygiene Oriented
4007,1,Vegetables-Hygiene Oriented
4008,0,Older Long-Tenure Grocery
4009,2,Young Grocery
4010,4,Promotion Seekers
4011,4,Promotion Seekers
4013,7,Service Sensitive
4014,1,Vegetables-Hygiene Oriented
4015,6,Protein Enjoyers
4016,1,Vegetables-Hygiene Oriented
4017,7,Service Sensitive
4018,0,Older Long-Tenure Grocery
4019,2,Young Grocery
4020,7,Service Sensitive
4021,7,Service Sensitive
4022,5,Large Families
4023,1,Vegetables-Hygiene Oriented
4024,7,Service Sensitive
4025,2,Young Grocery
4026,0,Older Long-Tenure Grocery
4027,2,Young Grocery
4028,3,Tech Enthusiasts
4029,0,Older Long-Tenure Grocery
4030,1,Vegetables-Hygiene Oriented
4031,3,Tech Enthusiasts
4035,2,Young Grocery
4036,6,Protein Enjoyers
4037,5,Large Families
4038,4,Promotion Seekers
4039,5,Large Families
4041,1,Vegetables-Hygiene Oriented
4042,4,Promotion Seekers
4043,0,Older Long-Tenure Grocery
4044,1,Vegetables-Hygiene Oriented
4045,0,Older Long-Tenure Grocery
4046,4,Promotion Seekers
4047,4,Promotion Seekers
4048,0,Older Long-Tenure Grocery
4049,0,Older Long-Tenure Grocery
4050,1,Vegetables-Hygiene Oriented
4051,0,Older Long-Tenure Grocery
4052,4,Promotion Seekers
4054,0,Older Long-Tenure Grocery
4055,4,Promotion Seekers
4056,4,Promotion Seekers
4057,1,Vegetables-Hygiene Oriented
4058,4,Promotion Seekers
4059,4,Promotion Seekers
4060,0,Older Long-Tenure Grocery
4061,1,Vegetables-Hygiene Oriented
4062,6,Protein Enjoyers
4063,1,Vegetables-Hygiene Oriented
4064,7,Service Sensitive
4065,7,Service Sensitive
4066,0,Older Long-Tenure Grocery
4068,1,Vegetables-Hygiene Oriented
4069,2,Young Grocery
4070,0,Older Long-Tenure Grocery
4071,0,Older Long-Tenure Grocery
4072,5,Large Families
4073,5,Large Families
4074,0,Older Long-Tenure Grocery
4075,7,Service Sensitive
4076,2,Young Grocery
4077,1,Vegetables-Hygiene Oriented
4079,0,Older Long-Tenure Grocery
4080,0,Older Long-Tenure Grocery
4081,7,Service Sensitive
4082,2,Young Grocery
4083,1,Vegetables-Hygiene Oriented
4085,5,Large Families
4086,4,Promotion Seekers
4087,5,Large Families
4088,1,Vegetables-Hygiene Oriented
4089,2,Young Grocery
4090,1,Vegetables-Hygiene Oriented
4091,1,Vegetables-Hygiene Oriented
4092,1,Vegetables-Hygiene Oriented
4093,1,Vegetables-Hygiene Oriented
4095,7,Service Sensitive
4096,0,Older Long-Tenure Grocery
4097,2,Young Grocery
4098,4,Promotion Seekers
4099,2,Young Grocery
4100,2,Young Grocery
4101,0,Older Long-Tenure Grocery
4102,0,Older Long-Tenure Grocery
4103,0,Older Long-Tenure Grocery
4104,6,Protein Enjoyers
4106,1,Vegetables-Hygiene Oriented
4108,4,Promotion Seekers
4109,4,Promotion Seekers
4110,0,Older Long-Tenure Grocery
4111,2,Young Grocery
4112,0,Older Long-Tenure Grocery
4113,0,Older Long-Tenure Grocery
4114,6,Protein Enjoyers
4115,0,Older Long-Tenure Grocery
4116,7,Service Sensitive
4117,0,Older Long-Tenure Grocery
4118,7,Service Sensitive
4119,4,Promotion Seekers
4121,0,Older Long-Tenure Grocery
4122,4,Promotion Seekers
4123,5,Large Families
4126,3,Tech Enthusiasts
4127,0,Older Long-Tenure Grocery
4128,2,Young Grocery
4129,3,Tech Enthusiasts
4130,4,Promotion Seekers
4132,0,Older Long-Tenure Grocery
4133,2,Young Grocery
4134,4,Promotion Seekers
4136,1,Vegetables-Hygiene Oriented
4137,1,Vegetables-Hygiene Oriented
4138,2,Young Grocery
4140,4,Promotion Seekers
4141,1,Vegetables-Hygiene Oriented
4142,3,Tech Enthusiasts
4143,5,Large Families
4144,6,Protein Enjoyers
4145,4,Promotion Seekers
4146,1,Vegetables-Hygiene Oriented
4148,4,Promotion Seekers
4149,6,Protein Enjoyers
4150,0,Older Long-Tenure Grocery
4151,7,Service Sensitive
4152,3,Tech Enthusiasts
4153,3,Tech Enthusiasts
4154,4,Promotion Seekers
4155,0,Older Long-Tenure Grocery
4156,1,Vegetables-Hygiene Oriented
4157,0,Older Long-Tenure Grocery
4158,0,Older Long-Tenure Grocery
4160,1,Vegetables-Hygiene Oriented
4161,4,Promotion Seekers
4162,4,Promotion Seekers
4163,5,Large Families
4164,1,Vegetables-Hygiene Oriented
4165,3,Tech Enthusiasts
4166,5,Large Families
4167,1,Vegetables-Hygiene Oriented
4168,0,Older Long-Tenure Grocery
4169,3,Tech Enthusiasts
4170,2,Young Grocery
4171,0,Older Long-Tenure Grocery
4173,5,Large Families
4174,0,Older Long-Tenure Grocery
4176,7,Service Sensitive
4177,3,Tech Enthusiasts
4179,3,Tech Enthusiasts
4180,4,Promotion Seekers
4181,2,Young Grocery
4182,4,Promotion Seekers
4183,5,Large Families
4185,1,Vegetables-Hygiene Oriented
4186,4,Promotion Seekers
4187,3,Tech Enthusiasts
4188,7,Service Sensitive
4189,3,Tech Enthusiasts
4190,1,Vegetables-Hygiene Oriented
4193,7,Service Sensitive
4194,0,Older Long-Tenure Grocery
4195,2,Young Grocery
4197,0,Older Long-Tenure Grocery
4198,2,Young Grocery
4199,2,Young Grocery
4202,0,Older Long-Tenure Grocery
4204,4,Promotion Seekers
4205,1,Vegetables-Hygiene Oriented
4206,7,Service Sensitive
4207,2,Young Grocery
4208,3,Tech Enthusiasts
4209,4,Promotion Seekers
4210,4,Promotion Seekers
4211,0,Older Long-Tenure Grocery
4212,4,Promotion Seekers
4213,4,Promotion Seekers
4214,2,Young Grocery
4215,7,Service Sensitive
4217,2,Young Grocery
4218,4,Promotion Seekers
4221,7,Service Sensitive
4222,2,Young Grocery
4223,0,Older Long-Tenure Grocery
4224,1,Vegetables-Hygiene Oriented
4225,1,Vegetables-Hygiene Oriented
4226,2,Young Grocery
4227,4,Promotion Seekers
4228,0,Older Long-Tenure Grocery
4229,6,Protein Enjoyers
4230,3,Tech Enthusiasts
4233,7,Service Sensitive
4234,3,Tech Enthusiasts
4235,4,Promotion Seekers
4237,3,Tech Enthusiasts
4238,1,Vegetables-Hygiene Oriented
4239,1,Vegetables-Hygiene Oriented
4241,3,Tech Enthusiasts
4242,7,Service Sensitive
4244,0,Older Long-Tenure Grocery
4245,2,Young Grocery
4246,0,Older Long-Tenure Grocery
4247,4,Promotion Seekers
4249,4,Promotion Seekers
4250,1,Vegetables-Hygiene Oriented
4251,0,Older Long-Tenure Grocery
4253,7,Service Sensitive
4254,3,Tech Enthusiasts
4255,4,Promotion Seekers
4256,4,Promotion Seekers
4257,0,Older Long-Tenure Grocery
4258,4,Promotion Seekers
4259,6,Protein Enjoyers
4260,2,Young Grocery
4261,0,Older Long-Tenure Grocery
4264,2,Young Grocery
4265,5,Large Families
4267,2,Young Grocery
4268,5,Large Families
4269,0,Older Long-Tenure Grocery
4270,1,Vegetables-Hygiene Oriented
4271,1,Vegetables-Hygiene Oriented
4272,0,Older Long-Tenure Grocery
4273,2,Young Grocery
4274,7,Service Sensitive
4275,0,Older Long-Tenure Grocery
4276,4,Promotion Seekers
4277,1,Vegetables-Hygiene Oriented
4278,0,Older Long-Tenure Grocery
4281,2,Young Grocery
4282,4,Promotion Seekers
4283,6,Protein Enjoyers
4284,1,Vegetables-Hygiene Oriented
4285,6,Protein Enjoyers
4286,7,Service Sensitive
4287,6,Protein Enjoyers
4288,0,Older Long-Tenure Grocery
4289,2,Young Grocery
4290,1,Vegetables-Hygiene Oriented
4291,3,Tech Enthusiasts
4292,7,Service Sensitive
4293,3,Tech Enthusiasts
4295,1,Vegetables-Hygiene Oriented
4297,0,Older Long-Tenure Grocery
4298,0,Older Long-Tenure Grocery
4299,5,Large Families
4300,4,Promotion Seekers
4301,0,Older Long-Tenure Grocery
4302,2,Young Grocery
4303,5,Large Families
4304,0,Older Long-Tenure Grocery
4305,0,Older Long-Tenure Grocery
4307,2,Young Grocery
4308,2,Young Grocery
4309,0,Older Long-Tenure Grocery
4311,1,Vegetables-Hygiene Oriented
4312,1,Vegetables-Hygiene Oriented
4313,4,Promotion Seekers
4314,1,Vegetables-Hygiene Oriented
4315,4,Promotion Seekers
4316,2,Young Grocery
4318,0,Older Long-Tenure Grocery
4319,4,Promotion Seekers
4320,7,Service Sensitive
4321,3,Tech Enthusiasts
4322,3,Tech Enthusiasts
4323,3,Tech Enthusiasts
4324,1,Vegetables-Hygiene Oriented
4325,0,Older Long-Tenure Grocery
4326,3,Tech Enthusiasts
4327,1,Vegetables-Hygiene Oriented
4328,0,Older Long-Tenure Grocery
4329,0,Older Long-Tenure Grocery
4330,2,Young Grocery
4331,4,Promotion Seekers
4332,7,Service Sensitive
4333,0,Older Long-Tenure Grocery
4334,7,Service Sensitive
4336,0,Older Long-Tenure Grocery
4338,0,Older Long-Tenure Grocery
4339,4,Promotion Seekers
4343,0,Older Long-Tenure Grocery
4344,0,Older Long-Tenure Grocery
4345,7,Service Sensitive
4346,6,Protein Enjoyers
4348,0,Older Long-Tenure Grocery
4349,7,Service Sensitive
4350,4,Promotion Seekers
4352,5,Large Families
4353,5,Large Families
4354,3,Tech Enthusiasts
4356,2,Young Grocery
4357,1,Vegetables-Hygiene Oriented
4358,4,Promotion Seekers
4360,1,Vegetables-Hygiene Oriented
4361,5,Large Families
4362,0,Older Long-Tenure Grocery
4363,7,Service Sensitive
4364,1,Vegetables-Hygiene Oriented
4367,5,Large Families
4368,0,Older Long-Tenure Grocery
4369,1,Vegetables-Hygiene Oriented
4370,5,Large Families
4371,4,Promotion Seekers
4372,0,Older Long-Tenure Grocery
4373,0,Older Long-Tenure Grocery
4374,5,Large Families
4378,2,Young Grocery
4380,7,Service Sensitive
4382,0,Older Long-Tenure Grocery
4383,3,Tech Enthusiasts
4385,5,Large Families
4386,0,Older Long-Tenure Grocery
4387,0,Older Long-Tenure Grocery
4388,7,Service Sensitive
4389,0,Older Long-Tenure Grocery
4390,5,Large Families
4392,2,Young Grocery
4393,7,Service Sensitive
4394,5,Large Families
4395,4,Promotion Seekers
4396,0,Older Long-Tenure Grocery
4397,4,Promotion Seekers
4398,7,Service Sensitive
4399,4,Promotion Seekers
4400,0,Older Long-Tenure Grocery
4401,3,Tech Enthusiasts
4403,0,Older Long-Tenure Grocery
4404,2,Young Grocery
4406,4,Promotion Seekers
4407,7,Service Sensitive
4408,1,Vegetables-Hygiene Oriented
4409,5,Large Families
4411,3,Tech Enthusiasts
4412,1,Vegetables-Hygiene Oriented
4413,0,Older Long-Tenure Grocery
4414,0,Older Long-Tenure Grocery
4415,1,Vegetables-Hygiene Oriented
4417,0,Older Long-Tenure Grocery
4418,3,Tech Enthusiasts
4421,1,Vegetables-Hygiene Oriented
4422,4,Promotion Seekers
4423,0,Older Long-Tenure Grocery
4424,4,Promotion Seekers
4425,2,Young Grocery
4427,0,Older Long-Tenure Grocery
4428,3,Tech Enthusiasts
4429,4,Promotion Seekers
4430,5,Large Families
4433,0,Older Long-Tenure Grocery
4434,0,Older Long-Tenure Grocery
4436,6,Protein Enjoyers
4438,0,Older Long-Tenure Grocery
4439,4,Promotion Seekers
4440,4,Promotion Seekers
4441,0,Older Long-Tenure Grocery
4442,1,Vegetables-Hygiene Oriented
4443,3,Tech Enthusiasts
4444,2,Young Grocery
4445,4,Promotion Seekers
4446,4,Promotion Seekers
4447,1,Vegetables-Hygiene Oriented
4448,3,Tech Enthusiasts
4449,0,Older Long-Tenure Grocery
4450,4,Promotion Seekers
4451,5,Large Families
4452,4,Promotion Seekers
4453,0,Older Long-Tenure Grocery
4455,3,Tech Enthusiasts
4456,1,Vegetables-Hygiene Oriented
4458,1,Vegetables-Hygiene Oriented
4459,4,Promotion Seekers
4461,3,Tech Enthusiasts
4462,4,Promotion Seekers
4464,6,Protein Enjoyers
4466,6,Protein Enjoyers
4467,0,Older Long-Tenure Grocery
4468,0,Older Long-Tenure Grocery
4469,3,Tech Enthusiasts
4470,0,Older Long-Tenure Grocery
4472,6,Protein Enjoyers
4473,1,Vegetables-Hygiene Oriented
4474,5,Large Families
4476,3,Tech Enthusiasts
4477,7,Service Sensitive
4478,6,Protein Enjoyers
4480,1,Vegetables-Hygiene Oriented
4482,1,Vegetables-Hygiene Oriented
4484,2,Young Grocery
4485,4,Promotion Seekers
4489,2,Young Grocery
4490,7,Service Sensitive
4492,4,Promotion Seekers
4494,4,Promotion Seekers
4495,4,Promotion Seekers
4497,7,Service Sensitive
4498,1,Vegetables-Hygiene Oriented
4499,1,Vegetables-Hygiene Oriented
4500,4,Promotion Seekers
4502,1,Vegetables-Hygiene Oriented
4504,4,Promotion Seekers
4505,6,Protein Enjoyers
4506,1,Vegetables-Hygiene Oriented
4507,4,Promotion Seekers
4508,2,Young Grocery
4510,1,Vegetables-Hygiene Oriented
4511,0,Older Long-Tenure Grocery
4512,0,Older Long-Tenure Grocery
4513,2,Young Grocery
4515,2,Young Grocery
4516,7,Service Sensitive
4517,4,Promotion Seekers
4518,7,Service Sensitive
4520,7,Service Sensitive
4521,3,Tech Enthusiasts
4522,4,Promotion Seekers
4523,6,Protein Enjoyers
4524,0,Older Long-Tenure Grocery
4525,3,Tech Enthusiasts
4527,2,Young Grocery
4528,3,Tech Enthusiasts
4529,1,Vegetables-Hygiene Oriented
4532,7,Service Sensitive
4533,2,Young Grocery
4534,0,Older Long-Tenure Grocery
4536,1,Vegetables-Hygiene Oriented
4537,0,Older Long-Tenure Grocery
4538,6,Protein Enjoyers
4539,2,Young Grocery
4540,4,Promotion Seekers
4541,6,Protein Enjoyers
4542,1,Vegetables-Hygiene Oriented
4543,7,Service Sensitive
4544,1,Vegetables-Hygiene Oriented
4545,0,Older Long-Tenure Grocery
4546,5,Large Families
4547,6,Protein Enjoyers
4548,1,Vegetables-Hygiene Oriented
4549,4,Promotion Seekers
4550,1,Vegetables-Hygiene Oriented
4551,0,Older Long-Tenure Grocery
4552,0,Older Long-Tenure Grocery
4553,4,Promotion Seekers
4554,1,Vegetables-Hygiene Oriented
4556,3,Tech Enthusiasts
4558,0,Older Long-Tenure Grocery
4559,7,Service Sensitive
4560,0,Older Long-Tenure Grocery
4562,4,Promotion Seekers
4563,2,Young Grocery
4564,2,Young Grocery
4565,2,Young Grocery
4566,7,Service Sensitive
4567,0,Older Long-Tenure Grocery
4568,0,Older Long-Tenure Grocery
4570,0,Older Long-Tenure Grocery
4571,0,Older Long-Tenure Grocery
4572,7,Service Sensitive
4574,5,Large Families
4575,4,Promotion Seekers
4576,2,Young Grocery
4577,5,Large Families
4578,0,Older Long-Tenure Grocery
4579,2,Young Grocery
4580,7,Service Sensitive
4581,2,Young Grocery
4582,3,Tech Enthusiasts
4583,6,Protein Enjoyers
4584,7,Service Sensitive
4585,4,Promotion Seekers
4586,7,Service Sensitive
4587,4,Promotion Seekers
4588,1,Vegetables-Hygiene Oriented
4589,2,Young Grocery
4590,6,Protein Enjoyers
4591,0,Older Long-Tenure Grocery
4592,5,Large Families
4593,1,Vegetables-Hygiene Oriented
4594,0,Older Long-Tenure Grocery
4595,4,Promotion Seekers
4596,4,Promotion Seekers
4597,0,Older Long-Tenure Grocery
4598,4,Promotion Seekers
4599,2,Young Grocery
4601,1,Vegetables-Hygiene Oriented
4602,7,Service Sensitive
4603,4,Promotion Seekers
4604,3,Tech Enthusiasts
4605,4,Promotion Seekers
4606,0,Older Long-Tenure Grocery
4607,3,Tech Enthusiasts
4608,0,Older Long-Tenure Grocery
4609,0,Older Long-Tenure Grocery
4610,3,Tech Enthusiasts
4611,0,Older Long-Tenure Grocery
4612,1,Vegetables-Hygiene Oriented
4613,1,Vegetables-Hygiene Oriented
4614,0,Older Long-Tenure Grocery
4615,3,Tech Enthusiasts
4616,1,Vegetables-Hygiene Oriented
4617,4,Promotion Seekers
4618,4,Promotion Seekers
4619,0,Older Long-Tenure Grocery
4621,2,Young Grocery
4624,0,Older Long-Tenure Grocery
4625,2,Young Grocery
4626,3,Tech Enthusiasts
4627,4,Promotion Seekers
4628,5,Large Families
4629,0,Older Long-Tenure Grocery
4630,4,Promotion Seekers
4631,0,Older Long-Tenure Grocery
4632,4,Promotion Seekers
4633,0,Older Long-Tenure Grocery
4634,2,Young Grocery
4635,1,Vegetables-Hygiene Oriented
4636,0,Older Long-Tenure Grocery
4637,5,Large Families
4638,7,Service Sensitive
4639,1,Vegetables-Hygiene Oriented
4640,2,Young Grocery
4641,4,Promotion Seekers
4643,6,Protein Enjoyers
4644,7,Service Sensitive
4645,2,Young Grocery
4646,2,Young Grocery
4647,0,Older Long-Tenure Grocery
4648,7,Service Sensitive
4649,0,Older Long-Tenure Grocery
4650,7,Service Sensitive
4651,4,Promotion Seekers
4652,3,Tech Enthusiasts
4653,6,Protein Enjoyers
4655,1,Vegetables-Hygiene Oriented
4656,7,Service Sensitive
4657,4,Promotion Seekers
4658,7,Service Sensitive
4659,3,Tech Enthusiasts
4660,0,Older Long-Tenure Grocery
4661,0,Older Long-Tenure Grocery
4662,0,Older Long-Tenure Grocery
4664,5,Large Families
4665,0,Older Long-Tenure Grocery
4666,6,Protein Enjoyers
4667,6,Protein Enjoyers
4668,2,Young Grocery
4669,7,Service Sensitive
4670,4,Promotion Seekers
4671,3,Tech Enthusiasts
4672,2,Young Grocery
4673,2,Young Grocery
4674,7,Service Sensitive
4675,1,Vegetables-Hygiene Oriented
4676,4,Promotion Seekers
4677,3,Tech Enthusiasts
4678,6,Protein Enjoyers
4679,5,Large Families
4680,2,Young Grocery
4681,2,Young Grocery
4683,5,Large Families
4684,1,Vegetables-Hygiene Oriented
4685,7,Service Sensitive
4686,3,Tech Enthusiasts
4687,4,Promotion Seekers
4689,7,Service Sensitive
4690,4,Promotion Seekers
4692,3,Tech Enthusiasts
4693,7,Service Sensitive
4694,4,Promotion Seekers
4697,0,Older Long-Tenure Grocery
4699,7,Service Sensitive
4702,0,Older Long-Tenure Grocery
4703,1,Vegetables-Hygiene Oriented
4704,0,Older Long-Tenure Grocery
4705,3,Tech Enthusiasts
4706,0,Older Long-Tenure Grocery
4707,7,Service Sensitive
4708,0,Older Long-Tenure Grocery
4709,1,Vegetables-Hygiene Oriented
4710,1,Vegetables-Hygiene Oriented
4712,0,Older Long-Tenure Grocery
4713,4,Promotion Seekers
4715,2,Young Grocery
4716,4,Promotion Seekers
4717,1,Vegetables-Hygiene Oriented
4718,7,Service Sensitive
4719,2,Young Grocery
4721,4,Promotion Seekers
4722,2,Young Grocery
4724,6,Protein Enjoyers
4726,2,Young Grocery
4727,6,Protein Enjoyers
4728,0,Older Long-Tenure Grocery
4729,0,Older Long-Tenure Grocery
4730,0,Older Long-Tenure Grocery
4731,0,Older Long-Tenure Grocery
4733,4,Promotion Seekers
4735,4,Promotion Seekers
4736,3,Tech Enthusiasts
4737,4,Promotion Seekers
4739,5,Large Families
4741,2,Young Grocery
4742,2,Young Grocery
4744,5,Large Families
4745,7,Service Sensitive
4747,4,Promotion Seekers
4748,1,Vegetables-Hygiene Oriented
4749,1,Vegetables-Hygiene Oriented
4750,5,Large Families
4751,2,Young Grocery
4753,3,Tech Enthusiasts
4754,6,Protein Enjoyers
4755,0,Older Long-Tenure Grocery
4756,0,Older Long-Tenure Grocery
4757,0,Older Long-Tenure Grocery
4759,1,Vegetables-Hygiene Oriented
4760,4,Promotion Seekers
4761,5,Large Families
4762,7,Service Sensitive
4764,7,Service Sensitive
4765,0,Older Long-Tenure Grocery
4766,0,Older Long-Tenure Grocery
4767,0,Older Long-Tenure Grocery
4768,7,Service Sensitive
4769,7,Service Sensitive
4771,5,Large Families
4772,4,Promotion Seekers
4774,1,Vegetables-Hygiene Oriented
4775,0,Older Long-Tenure Grocery
4776,6,Protein Enjoyers
4777,3,Tech Enthusiasts
4778,4,Promotion Seekers
4779,3,Tech Enthusiasts
4781,1,Vegetables-Hygiene Oriented
4782,0,Older Long-Tenure Grocery
4783,0,Older Long-Tenure Grocery
4784,4,Promotion Seekers
4785,1,Vegetables-Hygiene Oriented
4786,7,Service Sensitive
4787,1,Vegetables-Hygiene Oriented
4790,1,Vegetables-Hygiene Oriented
4791,0,Older Long-Tenure Grocery
4792,4,Promotion Seekers
4795,4,Promotion Seekers
4796,1,Vegetables-Hygiene Oriented
4797,0,Older Long-Tenure Grocery
4798,5,Large Families
4799,4,Promotion Seekers
4801,0,Older Long-Tenure Grocery
4802,3,Tech Enthusiasts
4803,1,Vegetables-Hygiene Oriented
4804,2,Young Grocery
4805,1,Vegetables-Hygiene Oriented
4806,0,Older Long-Tenure Grocery
4807,7,Service Sensitive
4808,0,Older Long-Tenure Grocery
4809,7,Service Sensitive
4810,4,Promotion Seekers
4811,2,Young Grocery
4812,2,Young Grocery
4813,4,Promotion Seekers
4814,7,Service Sensitive
4815,4,Promotion Seekers
4817,5,Large Families
4818,1,Vegetables-Hygiene Oriented
4819,7,Service Sensitive
4820,6,Protein Enjoyers
4821,4,Promotion Seekers
4824,4,Promotion Seekers
4826,5,Large Families
4827,7,Service Sensitive
4828,7,Service Sensitive
4829,4,Promotion Seekers
4830,4,Promotion Seekers
4831,1,Vegetables-Hygiene Oriented
4833,1,Vegetables-Hygiene Oriented
4834,4,Promotion Seekers
4835,1,Vegetables-Hygiene Oriented
4836,2,Young Grocery
4837,3,Tech Enthusiasts
4839,1,Vegetables-Hygiene Oriented
4840,7,Service Sensitive
4841,0,Older Long-Tenure Grocery
4842,2,Young Grocery
4844,6,Protein Enjoyers
4846,3,Tech Enthusiasts
4847,1,Vegetables-Hygiene Oriented
4848,1,Vegetables-Hygiene Oriented
4849,7,Service Sensitive
4851,2,Young Grocery
4852,2,Young Grocery
4853,5,Large Families
4854,2,Young Grocery
4855,3,Tech Enthusiasts
4856,7,Service Sensitive
4857,4,Promotion Seekers
4860,0,Older Long-Tenure Grocery
4862,0,Older Long-Tenure Grocery
4863,0,Older Long-Tenure Grocery
4864,2,Young Grocery
4865,5,Large Families
4866,4,Promotion Seekers
4868,7,Service Sensitive
4869,6,Protein Enjoyers
4871,2,Young Grocery
4872,1,Vegetables-Hygiene Oriented
4874,1,Vegetables-Hygiene Oriented
4875,0,Older Long-Tenure Grocery
4876,0,Older Long-Tenure Grocery
4877,2,Young Grocery
4878,0,Older Long-Tenure Grocery
4879,1,Vegetables-Hygiene Oriented
4880,1,Vegetables-Hygiene Oriented
4881,0,Older Long-Tenure Grocery
4882,4,Promotion Seekers
4884,1,Vegetables-Hygiene Oriented
4885,4,Promotion Seekers
4886,0,Older Long-Tenure Grocery
4889,6,Protein Enjoyers
4890,6,Protein Enjoyers
4891,7,Service Sensitive
4892,7,Service Sensitive
4893,4,Promotion Seekers
4894,3,Tech Enthusiasts
4896,0,Older Long-Tenure Grocery
4897,2,Young Grocery
4898,1,Vegetables-Hygiene Oriented
4899,7,Service Sensitive
4900,0,Older Long-Tenure Grocery
4901,1,Vegetables-Hygiene Oriented
4902,6,Protein Enjoyers
4903,7,Service Sensitive
4904,4,Promotion Seekers
4905,4,Promotion Seekers
4906,3,Tech Enthusiasts
4907,6,Protein Enjoyers
4909,4,Promotion Seekers
4910,3,Tech Enthusiasts
4911,4,Promotion Seekers
4912,1,Vegetables-Hygiene Oriented
4913,1,Vegetables-Hygiene Oriented
4914,1,Vegetables-Hygiene Oriented
4916,1,Vegetables-Hygiene Oriented
4918,4,Promotion Seekers
4919,2,Young Grocery
4920,2,Young Grocery
4921,3,Tech Enthusiasts
4922,1,Vegetables-Hygiene Oriented
4924,6,Protein Enjoyers
4925,4,Promotion Seekers
4926,1,Vegetables-Hygiene Oriented
4927,3,Tech Enthusiasts
4928,4,Promotion Seekers
4929,4,Promotion Seekers
4930,6,Protein Enjoyers
4931,4,Promotion Seekers
4932,0,Older Long-Tenure Grocery
4933,4,Promotion Seekers
4934,2,Young Grocery
4935,2,Young Grocery
4936,1,Vegetables-Hygiene Oriented
4937,0,Older Long-Tenure Grocery
4938,4,Promotion Seekers
4939,0,Older Long-Tenure Grocery
4940,2,Young Grocery
4942,0,Older Long-Tenure Grocery
4943,2,Young Grocery
4944,5,Large Families
4945,0,Older Long-Tenure Grocery
4946,0,Older Long-Tenure Grocery
4948,1,Vegetables-Hygiene Oriented
4949,0,Older Long-Tenure Grocery
4950,7,Service Sensitive
4952,1,Vegetables-Hygiene Oriented
4953,2,Young Grocery
4954,5,Large Families
4955,5,Large Families
4956,7,Service Sensitive
4958,0,Older Long-Tenure Grocery
4959,6,Protein Enjoyers
4960,4,Promotion Seekers
4962,2,Young Grocery
4963,7,Service Sensitive
4964,7,Service Sensitive
4965,1,Vegetables-Hygiene Oriented
4966,4,Promotion Seekers
4967,7,Service Sensitive
4969,0,Older Long-Tenure Grocery
4970,6,Protein Enjoyers
4972,4,Promotion Seekers
4973,7,Service Sensitive
4974,7,Service Sensitive
4975,1,Vegetables-Hygiene Oriented
4976,1,Vegetables-Hygiene Oriented
4978,7,Service Sensitive
4979,4,Promotion Seekers
4981,1,Vegetables-Hygiene Oriented
4982,1,Vegetables-Hygiene Oriented
4983,7,Service Sensitive
4984,0,Older Long-Tenure Grocery
4986,0,Older Long-Tenure Grocery
4988,0,Older Long-Tenure Grocery
4989,5,Large Families
4992,5,Large Families
4993,1,Vegetables-Hygiene Oriented
4994,6,Protein Enjoyers
4995,0,Older Long-Tenure Grocery
4996,7,Service Sensitive
4998,2,Young Grocery
4999,2,Young Grocery
5000,3,Tech Enthusiasts
5001,7,Service Sensitive
5002,3,Tech Enthusiasts
5003,1,Vegetables-Hygiene Oriented
5004,0,Older Long-Tenure Grocery
5005,7,Service Sensitive
5006,3,Tech Enthusiasts
5007,1,Vegetables-Hygiene Oriented
5008,5,Large Families
5009,0,Older Long-Tenure Grocery
5010,1,Vegetables-Hygiene Oriented
5012,3,Tech Enthusiasts
5013,1,Vegetables-Hygiene Oriented
5015,0,Older Long-Tenure Grocery
5016,4,Promotion Seekers
5017,7,Service Sensitive
5021,2,Young Grocery
5022,0,Older Long-Tenure Grocery
5023,1,Vegetables-Hygiene Oriented
5024,6,Protein Enjoyers
5025,4,Promotion Seekers
5026,0,Older Long-Tenure Grocery
5027,3,Tech Enthusiasts
5028,2,Young Grocery
5029,5,Large Families
5030,6,Protein Enjoyers
5031,1,Vegetables-Hygiene Oriented
5034,2,Young Grocery
5035,3,Tech Enthusiasts
5036,0,Older Long-Tenure Grocery
5037,7,Service Sensitive
5038,2,Young Grocery
5039,0,Older Long-Tenure Grocery
5040,1,Vegetables-Hygiene Oriented
5041,7,Service Sensitive
5042,5,Large Families
5043,3,Tech Enthusiasts
5044,0,Older Long-Tenure Grocery
5045,0,Older Long-Tenure Grocery
5046,0,Older Long-Tenure Grocery
5048,0,Older Long-Tenure Grocery
5049,4,Promotion Seekers
5050,1,Vegetables-Hygiene Oriented
5051,0,Older Long-Tenure Grocery
5052,2,Young Grocery
5053,7,Service Sensitive
5054,4,Promotion Seekers
5055,7,Service Sensitive
5057,2,Young Grocery
5058,2,Young Grocery
5060,7,Service Sensitive
5061,0,Older Long-Tenure Grocery
5062,4,Promotion Seekers
5065,4,Promotion Seekers
5066,3,Tech Enthusiasts
5067,2,Young Grocery
5069,0,Older Long-Tenure Grocery
5070,1,Vegetables-Hygiene Oriented
5071,4,Promotion Seekers
5072,0,Older Long-Tenure Grocery
5074,1,Vegetables-Hygiene Oriented
5075,7,Service Sensitive
5076,0,Older Long-Tenure Grocery
5077,6,Protein Enjoyers
5078,1,Vegetables-Hygiene Oriented
5081,0,Older Long-Tenure Grocery
5082,2,Young Grocery
5083,4,Promotion Seekers
5084,4,Promotion Seekers
5085,3,Tech Enthusiasts
5086,7,Service Sensitive
5087,1,Vegetables-Hygiene Oriented
5088,0,Older Long-Tenure Grocery
5089,4,Promotion Seekers
5091,2,Young Grocery
5092,0,Older Long-Tenure Grocery
5093,6,Protein Enjoyers
5094,0,Older Long-Tenure Grocery
5096,1,Vegetables-Hygiene Oriented
5097,5,Large Families
5098,5,Large Families
5100,4,Promotion Seekers
5101,3,Tech Enthusiasts
5103,2,Young Grocery
5104,2,Young Grocery
5105,0,Older Long-Tenure Grocery
5106,3,Tech Enthusiasts
5107,2,Young Grocery
5108,4,Promotion Seekers
5109,1,Vegetables-Hygiene Oriented
5110,2,Young Grocery
5111,5,Large Families
5112,0,Older Long-Tenure Grocery
5114,2,Young Grocery
5115,7,Service Sensitive
5116,1,Vegetables-Hygiene Oriented
5117,4,Promotion Seekers
5118,7,Service Sensitive
5119,7,Service Sensitive
5120,2,Young Grocery
5121,0,Older Long-Tenure Grocery
5122,4,Promotion Seekers
5123,1,Vegetables-Hygiene Oriented
5124,4,Promotion Seekers
5125,0,Older Long-Tenure Grocery
5126,4,Promotion Seekers
5127,0,Older Long-Tenure Grocery
5128,4,Promotion Seekers
5129,4,Promotion Seekers
5130,4,Promotion Seekers
5132,1,Vegetables-Hygiene Oriented
5133,7,Service Sensitive
5134,6,Protein Enjoyers
5135,4,Promotion Seekers
5136,0,Older Long-Tenure Grocery
5137,0,Older Long-Tenure Grocery
5138,2,Young Grocery
5139,5,Large Families
5140,1,Vegetables-Hygiene Oriented
5141,7,Service Sensitive
5142,2,Young Grocery
5143,2,Young Grocery
5144,0,Older Long-Tenure Grocery
5145,1,Vegetables-Hygiene Oriented
5147,5,Large Families
5148,0,Older Long-Tenure Grocery
5149,2,Young Grocery
5151,4,Promotion Seekers
5152,1,Vegetables-Hygiene Oriented
5154,7,Service Sensitive
5155,2,Young Grocery
5156,1,Vegetables-Hygiene Oriented
5157,4,Promotion Seekers
5159,4,Promotion Seekers
5160,1,Vegetables-Hygiene Oriented
5161,0,Older Long-Tenure Grocery
5162,2,Young Grocery
5163,5,Large Families
5164,1,Vegetables-Hygiene Oriented
5165,4,Promotion Seekers
5166,7,Service Sensitive
5167,7,Service Sensitive
5168,3,Tech Enthusiasts
5169,4,Promotion Seekers
5170,7,Service Sensitive
5172,7,Service Sensitive
5173,2,Young Grocery
5174,0,Older Long-Tenure Grocery
5175,0,Older Long-Tenure Grocery
5176,0,Older Long-Tenure Grocery
5177,4,Promotion Seekers
5178,7,Service Sensitive
5179,1,Vegetables-Hygiene Oriented
5180,0,Older Long-Tenure Grocery
5181,0,Older Long-Tenure Grocery
5182,1,Vegetables-Hygiene Oriented
5183,4,Promotion Seekers
5184,7,Service Sensitive
5185,5,Large Families
5186,7,Service Sensitive
5187,0,Older Long-Tenure Grocery
5188,1,Vegetables-Hygiene Oriented
5189,7,Service Sensitive
5190,4,Promotion Seekers
5192,4,Promotion Seekers
5193,3,Tech Enthusiasts
5194,4,Promotion Seekers
5195,1,Vegetables-Hygiene Oriented
5196,3,Tech Enthusiasts
5197,1,Vegetables-Hygiene Oriented
5198,0,Older Long-Tenure Grocery
5199,4,Promotion Seekers
5200,1,Vegetables-Hygiene Oriented
5201,1,Vegetables-Hygiene Oriented
5202,1,Vegetables-Hygiene Oriented
5204,0,Older Long-Tenure Grocery
5205,3,Tech Enthusiasts
5208,6,Protein Enjoyers
5209,7,Service Sensitive
5210,0,Older Long-Tenure Grocery
5211,7,Service Sensitive
5212,4,Promotion Seekers
5213,3,Tech Enthusiasts
5214,2,Young Grocery
5216,5,Large Families
5218,4,Promotion Seekers
5219,3,Tech Enthusiasts
5220,4,Promotion Seekers
5221,6,Protein Enjoyers
5222,4,Promotion Seekers
5224,0,Older Long-Tenure Grocery
5225,0,Older Long-Tenure Grocery
5226,4,Promotion Seekers
5227,1,Vegetables-Hygiene Oriented
5228,3,Tech Enthusiasts
5229,7,Service Sensitive
5230,2,Young Grocery
5231,2,Young Grocery
5232,4,Promotion Seekers
5233,1,Vegetables-Hygiene Oriented
5234,1,Vegetables-Hygiene Oriented
5235,6,Protein Enjoyers
5236,7,Service Sensitive
5237,0,Older Long-Tenure Grocery
5239,5,Large Families
5240,1,Vegetables-Hygiene Oriented
5241,0,Older Long-Tenure Grocery
5243,2,Young Grocery
5245,2,Young Grocery
5246,0,Older Long-Tenure Grocery
5247,5,Large Families
5248,0,Older Long-Tenure Grocery
5249,4,Promotion Seekers
5250,7,Service Sensitive
5251,2,Young Grocery
5252,2,Young Grocery
5254,7,Service Sensitive
5256,0,Older Long-Tenure Grocery
5257,0,Older Long-Tenure Grocery
5258,5,Large Families
5259,0,Older Long-Tenure Grocery
5260,5,Large Families
5262,1,Vegetables-Hygiene Oriented
5263,5,Large Families
5264,7,Service Sensitive
5265,4,Promotion Seekers
5266,0,Older Long-Tenure Grocery
5267,4,Promotion Seekers
5269,4,Promotion Seekers
5270,3,Tech Enthusiasts
5272,7,Service Sensitive
5273,5,Large Families
5274,5,Large Families
5275,0,Older Long-Tenure Grocery
5276,4,Promotion Seekers
5277,3,Tech Enthusiasts
5278,0,Older Long-Tenure Grocery
5279,0,Older Long-Tenure Grocery
5280,6,Protein Enjoyers
5283,0,Older Long-Tenure Grocery
5284,7,Service Sensitive
5286,3,Tech Enthusiasts
5287,0,Older Long-Tenure Grocery
5288,3,Tech Enthusiasts
5290,4,Promotion Seekers
5291,0,Older Long-Tenure Grocery
5292,0,Older Long-Tenure Grocery
5293,6,Protein Enjoyers
5294,6,Protein Enjoyers
5295,7,Service Sensitive
5296,1,Vegetables-Hygiene Oriented
5297,2,Young Grocery
5298,7,Service Sensitive
5300,4,Promotion Seekers
5301,0,Older Long-Tenure Grocery
5302,7,Service Sensitive
5303,0,Older Long-Tenure Grocery
5304,1,Vegetables-Hygiene Oriented
5305,7,Service Sensitive
5307,0,Older Long-Tenure Grocery
5308,7,Service Sensitive
5309,0,Older Long-Tenure Grocery
5311,3,Tech Enthusiasts
5312,7,Service Sensitive
5313,0,Older Long-Tenure Grocery
5314,2,Young Grocery
5315,4,Promotion Seekers
5316,1,Vegetables-Hygiene Oriented
5317,1,Vegetables-Hygiene Oriented
5318,4,Promotion Seekers
5320,0,Older Long-Tenure Grocery
5321,2,Young Grocery
5324,4,Promotion Seekers
5325,3,Tech Enthusiasts
5327,7,Service Sensitive
5329,4,Promotion Seekers
5331,4,Promotion Seekers
5332,7,Service Sensitive
5333,2,Young Grocery
5334,4,Promotion Seekers
5335,4,Promotion Seekers
5336,2,Young Grocery
5337,0,Older Long-Tenure Grocery
5338,1,Vegetables-Hygiene Oriented
5339,4,Promotion Seekers
5340,7,Service Sensitive
5341,4,Promotion Seekers
5342,5,Large Families
5343,4,Promotion Seekers
5344,1,Vegetables-Hygiene Oriented
5345,4,Promotion Seekers
5346,1,Vegetables-Hygiene Oriented
5349,4,Promotion Seekers
5350,4,Promotion Seekers
5351,0,Older Long-Tenure Grocery
5352,0,Older Long-Tenure Grocery
5353,1,Vegetables-Hygiene Oriented
5354,0,Older Long-Tenure Grocery
5357,0,Older Long-Tenure Grocery
5358,7,Service Sensitive
5359,1,Vegetables-Hygiene Oriented
5360,6,Protein Enjoyers
5361,0,Older Long-Tenure Grocery
5362,1,Vegetables-Hygiene Oriented
5363,0,Older Long-Tenure Grocery
5364,1,Vegetables-Hygiene Oriented
5366,4,Promotion Seekers
5367,6,Protein Enjoyers
5368,0,Older Long-Tenure Grocery
5369,0,Older Long-Tenure Grocery
5370,4,Promotion Seekers
5371,0,Older Long-Tenure Grocery
5372,1,Vegetables-Hygiene Oriented
5373,2,Young Grocery
5374,5,Large Families
5376,4,Promotion Seekers
5377,3,Tech Enthusiasts
5378,4,Promotion Seekers
5379,1,Vegetables-Hygiene Oriented
5380,3,Tech Enthusiasts
5381,0,Older Long-Tenure Grocery
5382,1,Vegetables-Hygiene Oriented
5383,2,Young Grocery
5384,0,Older Long-Tenure Grocery
5385,3,Tech Enthusiasts
5386,2,Young Grocery
5387,4,Promotion Seekers
5388,3,Tech Enthusiasts
5389,7,Service Sensitive
5390,6,Protein Enjoyers
5392,3,Tech Enthusiasts
5393,7,Service Sensitive
5394,0,Older Long-Tenure Grocery
5395,1,Vegetables-Hygiene Oriented
5397,0,Older Long-Tenure Grocery
5398,7,Service Sensitive
5399,2,Young Grocery
5401,5,Large Families
5402,7,Service Sensitive
5403,4,Promotion Seekers
5404,2,Young Grocery
5405,2,Young Grocery
5406,0,Older Long-Tenure Grocery
5408,3,Tech Enthusiasts
5409,1,Vegetables-Hygiene Oriented
5411,4,Promotion Seekers
5413,7,Service Sensitive
5416,6,Protein Enjoyers
5417,0,Older Long-Tenure Grocery
5419,5,Large Families
5421,0,Older Long-Tenure Grocery
5422,1,Vegetables-Hygiene Oriented
5423,3,Tech Enthusiasts
5424,6,Protein Enjoyers
5425,3,Tech Enthusiasts
5426,0,Older Long-Tenure Grocery
5427,0,Older Long-Tenure Grocery
5428,5,Large Families
5430,5,Large Families
5431,1,Vegetables-Hygiene Oriented
5433,1,Vegetables-Hygiene Oriented
5434,3,Tech Enthusiasts
5435,6,Protein Enjoyers
5436,2,Young Grocery
5437,1,Vegetables-Hygiene Oriented
5438,4,Promotion Seekers
5439,3,Tech Enthusiasts
5440,1,Vegetables-Hygiene Oriented
5441,0,Older Long-Tenure Grocery
5442,3,Tech Enthusiasts
5443,0,Older Long-Tenure Grocery
5444,3,Tech Enthusiasts
5445,1,Vegetables-Hygiene Oriented
5446,0,Older Long-Tenure Grocery
5448,7,Service Sensitive
5450,3,Tech Enthusiasts
5451,3,Tech Enthusiasts
5452,2,Young Grocery
5453,4,Promotion Seekers
5454,0,Older Long-Tenure Grocery
5455,4,Promotion Seekers
5456,0,Older Long-Tenure Grocery
5457,7,Service Sensitive
5458,7,Service Sensitive
5459,3,Tech Enthusiasts
5460,3,Tech Enthusiasts
5464,4,Promotion Seekers
5465,4,Promotion Seekers
5466,7,Service Sensitive
5467,0,Older Long-Tenure Grocery
5469,7,Service Sensitive
5470,7,Service Sensitive
5471,6,Protein Enjoyers
5472,0,Older Long-Tenure Grocery
5473,2,Young Grocery
5474,5,Large Families
5475,4,Promotion Seekers
5476,7,Service Sensitive
5477,7,Service Sensitive
5479,7,Service Sensitive
5480,5,Large Families
5481,4,Promotion Seekers
5483,5,Large Families
5484,7,Service Sensitive
5485,0,Older Long-Tenure Grocery
5486,0,Older Long-Tenure Grocery
5487,6,Protein Enjoyers
5488,2,Young Grocery
5489,7,Service Sensitive
5491,4,Promotion Seekers
5492,6,Protein Enjoyers
5493,7,Service Sensitive
5494,1,Vegetables-Hygiene Oriented
5495,1,Vegetables-Hygiene Oriented
5496,0,Older Long-Tenure Grocery
5498,0,Older Long-Tenure Grocery
5501,7,Service Sensitive
5503,1,Vegetables-Hygiene Oriented
5504,1,Vegetables-Hygiene Oriented
5505,4,Promotion Seekers
5506,4,Promotion Seekers
5507,4,Promotion Seekers
5508,2,Young Grocery
5511,1,Vegetables-Hygiene Oriented
5512,0,Older Long-Tenure Grocery
5513,6,Protein Enjoyers
5514,2,Young Grocery
5515,3,Tech Enthusiasts
5516,7,Service Sensitive
5517,4,Promotion Seekers
5518,7,Service Sensitive
5519,2,Young Grocery
5520,7,Service Sensitive
5521,1,Vegetables-Hygiene Oriented
5523,7,Service Sensitive
5524,1,Vegetables-Hygiene Oriented
5525,6,Protein Enjoyers
5526,2,Young Grocery
5528,2,Young Grocery
5529,0,Older Long-Tenure Grocery
5531,0,Older Long-Tenure Grocery
5532,3,Tech Enthusiasts
5534,0,Older Long-Tenure Grocery
5535,0,Older Long-Tenure Grocery
5536,1,Vegetables-Hygiene Oriented
5537,0,Older Long-Tenure Grocery
5538,0,Older Long-Tenure Grocery
5539,2,Young Grocery
5540,0,Older Long-Tenure Grocery
5541,2,Young Grocery
5543,4,Promotion Seekers
5544,3,Tech Enthusiasts
5545,7,Service Sensitive
5546,3,Tech Enthusiasts
5549,2,Young Grocery
5550,0,Older Long-Tenure Grocery
5551,6,Protein Enjoyers
5552,5,Large Families
5553,4,Promotion Seekers
5554,4,Promotion Seekers
5555,0,Older Long-Tenure Grocery
5556,0,Older Long-Tenure Grocery
5557,0,Older Long-Tenure Grocery
5559,0,Older Long-Tenure Grocery
5560,0,Older Long-Tenure Grocery
5561,6,Protein Enjoyers
5562,0,Older Long-Tenure Grocery
5563,7,Service Sensitive
5564,1,Vegetables-Hygiene Oriented
5565,2,Young Grocery
5566,0,Older Long-Tenure Grocery
5567,7,Service Sensitive
5568,0,Older Long-Tenure Grocery
5569,3,Tech Enthusiasts
5570,4,Promotion Seekers
5571,4,Promotion Seekers
5572,1,Vegetables-Hygiene Oriented
5573,1,Vegetables-Hygiene Oriented
5574,6,Protein Enjoyers
5576,5,Large Families
5577,0,Older Long-Tenure Grocery
5579,1,Vegetables-Hygiene Oriented
5580,4,Promotion Seekers
5581,4,Promotion Seekers
5582,1,Vegetables-Hygiene Oriented
5583,5,Large Families
5584,2,Young Grocery
5585,3,Tech Enthusiasts
5587,5,Large Families
5588,0,Older Long-Tenure Grocery
5589,1,Vegetables-Hygiene Oriented
5590,7,Service Sensitive
5591,7,Service Sensitive
5592,0,Older Long-Tenure Grocery
5596,0,Older Long-Tenure Grocery
5597,1,Vegetables-Hygiene Oriented
5598,4,Promotion Seekers
5599,4,Promotion Seekers
5600,0,Older Long-Tenure Grocery
5601,1,Vegetables-Hygiene Oriented
5602,5,Large Families
5603,3,Tech Enthusiasts
5604,4,Promotion Seekers
5605,2,Young Grocery
5606,5,Large Families
5607,3,Tech Enthusiasts
5608,0,Older Long-Tenure Grocery
5609,5,Large Families
5610,4,Promotion Seekers
5611,5,Large Families
5612,1,Vegetables-Hygiene Oriented
5613,3,Tech Enthusiasts
5614,5,Large Families
5615,4,Promotion Seekers
5616,0,Older Long-Tenure Grocery
5617,2,Young Grocery
5618,1,Vegetables-Hygiene Oriented
5619,4,Promotion Seekers
5620,0,Older Long-Tenure Grocery
5621,4,Promotion Seekers
5623,1,Vegetables-Hygiene Oriented
5624,0,Older Long-Tenure Grocery
5625,7,Service Sensitive
5626,5,Large Families
5627,4,Promotion Seekers
5628,4,Promotion Seekers
5629,4,Promotion Seekers
5630,1,Vegetables-Hygiene Oriented
5631,1,Vegetables-Hygiene Oriented
5632,0,Older Long-Tenure Grocery
5633,0,Older Long-Tenure Grocery
5634,0,Older Long-Tenure Grocery
5635,2,Young Grocery
5636,4,Promotion Seekers
5637,2,Young Grocery
5639,6,Protein Enjoyers
5640,2,Young Grocery
5641,0,Older Long-Tenure Grocery
5642,0,Older Long-Tenure Grocery
5643,4,Promotion Seekers
5645,0,Older Long-Tenure Grocery
5646,0,Older Long-Tenure Grocery
5647,7,Service Sensitive
5648,5,Large Families
5649,4,Promotion Seekers
5651,4,Promotion Seekers
5652,1,Vegetables-Hygiene Oriented
5653,2,Young Grocery
5654,4,Promotion Seekers
5655,7,Service Sensitive
5656,5,Large Families
5657,6,Protein Enjoyers
5658,7,Service Sensitive
5659,1,Vegetables-Hygiene Oriented
5660,2,Young Grocery
5661,2,Young Grocery
5662,7,Service Sensitive
5663,1,Vegetables-Hygiene Oriented
5664,1,Vegetables-Hygiene Oriented
5665,4,Promotion Seekers
5666,1,Vegetables-Hygiene Oriented
5667,0,Older Long-Tenure Grocery
5668,0,Older Long-Tenure Grocery
5669,1,Vegetables-Hygiene Oriented
5670,3,Tech Enthusiasts
5672,6,Protein Enjoyers
5673,4,Promotion Seekers
5674,7,Service Sensitive
5675,4,Promotion Seekers
5678,0,Older Long-Tenure Grocery
5679,4,Promotion Seekers
5680,4,Promotion Seekers
5681,0,Older Long-Tenure Grocery
5682,7,Service Sensitive
5683,0,Older Long-Tenure Grocery
5685,5,Large Families
5686,2,Young Grocery
5687,3,Tech Enthusiasts
5689,0,Older Long-Tenure Grocery
5690,4,Promotion Seekers
5691,6,Protein Enjoyers
5692,6,Protein Enjoyers
5693,0,Older Long-Tenure Grocery
5696,4,Promotion Seekers
5697,4,Promotion Seekers
5699,7,Service Sensitive
5700,2,Young Grocery
5701,2,Young Grocery
5703,4,Promotion Seekers
5704,0,Older Long-Tenure Grocery
5705,4,Promotion Seekers
5706,2,Young Grocery
5707,6,Protein Enjoyers
5709,6,Protein Enjoyers
5710,4,Promotion Seekers
5711,0,Older Long-Tenure Grocery
5712,0,Older Long-Tenure Grocery
5713,0,Older Long-Tenure Grocery
5714,5,Large Families
5715,2,Young Grocery
5716,3,Tech Enthusiasts
5717,2,Young Grocery
5718,7,Service Sensitive
5719,5,Large Families
5721,2,Young Grocery
5723,3,Tech Enthusiasts
5724,7,Service Sensitive
5725,5,Large Families
5727,5,Large Families
5729,4,Promotion Seekers
5730,1,Vegetables-Hygiene Oriented
5731,2,Young Grocery
5732,0,Older Long-Tenure Grocery
5733,2,Young Grocery
5734,0,Older Long-Tenure Grocery
5735,4,Promotion Seekers
5736,2,Young Grocery
5737,3,Tech Enthusiasts
5739,1,Vegetables-Hygiene Oriented
5740,4,Promotion Seekers
5741,0,Older Long-Tenure Grocery
5742,7,Service Sensitive
5744,7,Service Sensitive
5746,7,Service Sensitive
5747,3,Tech Enthusiasts
5748,5,Large Families
5749,0,Older Long-Tenure Grocery
5750,5,Large Families
5751,4,Promotion Seekers
5752,0,Older Long-Tenure Grocery
5753,1,Vegetables-Hygiene Oriented
5754,2,Young Grocery
5755,0,Older Long-Tenure Grocery
5756,4,Promotion Seekers
5757,0,Older Long-Tenure Grocery
5758,5,Large Families
5759,0,Older Long-Tenure Grocery
5760,1,Vegetables-Hygiene Oriented
5762,2,Young Grocery
5765,1,Vegetables-Hygiene Oriented
5766,7,Service Sensitive
5767,4,Promotion Seekers
5768,5,Large Families
5769,2,Young Grocery
5770,0,Older Long-Tenure Grocery
5771,2,Young Grocery
5772,0,Older Long-Tenure Grocery
5774,4,Promotion Seekers
5775,3,Tech Enthusiasts
5776,1,Vegetables-Hygiene Oriented
5777,7,Service Sensitive
5778,0,Older Long-Tenure Grocery
5780,5,Large Families
5782,0,Older Long-Tenure Grocery
5783,7,Service Sensitive
5784,4,Promotion Seekers
5785,7,Service Sensitive
5786,3,Tech Enthusiasts
5787,7,Service Sensitive
5788,5,Large Families
5789,0,Older Long-Tenure Grocery
5790,3,Tech Enthusiasts
5792,5,Large Families
5793,6,Protein Enjoyers
5794,1,Vegetables-Hygiene Oriented
5795,0,Older Long-Tenure Grocery
5797,7,Service Sensitive
5799,3,Tech Enthusiasts
5800,3,Tech Enthusiasts
5801,2,Young Grocery
5802,7,Service Sensitive
5803,4,Promotion Seekers
5804,1,Vegetables-Hygiene Oriented
5805,0,Older Long-Tenure Grocery
5806,3,Tech Enthusiasts
5807,1,Vegetables-Hygiene Oriented
5808,5,Large Families
5809,7,Service Sensitive
5810,2,Young Grocery
5811,4,Promotion Seekers
5814,3,Tech Enthusiasts
5815,0,Older Long-Tenure Grocery
5817,0,Older Long-Tenure Grocery
5818,7,Service Sensitive
5819,2,Young Grocery
5820,5,Large Families
5821,0,Older Long-Tenure Grocery
5822,2,Young Grocery
5824,0,Older Long-Tenure Grocery
5825,0,Older Long-Tenure Grocery
5826,1,Vegetables-Hygiene Oriented
5827,7,Service Sensitive
5828,4,Promotion Seekers
5829,0,Older Long-Tenure Grocery
5830,1,Vegetables-Hygiene Oriented
5833,4,Promotion Seekers
5834,3,Tech Enthusiasts
5835,1,Vegetables-Hygiene Oriented
5836,7,Service Sensitive
5837,5,Large Families
5838,6,Protein Enjoyers
5839,1,Vegetables-Hygiene Oriented
5840,1,Vegetables-Hygiene Oriented
5841,0,Older Long-Tenure Grocery
5845,1,Vegetables-Hygiene Oriented
5846,7,Service Sensitive
5847,2,Young Grocery
5848,7,Service Sensitive
5849,5,Large Families
5850,4,Promotion Seekers
5851,1,Vegetables-Hygiene Oriented
5852,2,Young Grocery
5853,2,Young Grocery
5854,2,Young Grocery
5857,4,Promotion Seekers
5858,7,Service Sensitive
5860,1,Vegetables-Hygiene Oriented
5861,5,Large Families
5862,4,Promotion Seekers
5863,4,Promotion Seekers
5864,1,Vegetables-Hygiene Oriented
5865,4,Promotion Seekers
5866,6,Protein Enjoyers
5867,1,Vegetables-Hygiene Oriented
5868,3,Tech Enthusiasts
5869,3,Tech Enthusiasts
5870,3,Tech Enthusiasts
5871,4,Promotion Seekers
5872,6,Protein Enjoyers
5874,7,Service Sensitive
5875,3,Tech Enthusiasts
5876,5,Large Families
5877,7,Service Sensitive
5878,7,Service Sensitive
5879,2,Young Grocery
5880,6,Protein Enjoyers
5881,1,Vegetables-Hygiene Oriented
5882,1,Vegetables-Hygiene Oriented
5883,3,Tech Enthusiasts
5884,1,Vegetables-Hygiene Oriented
5885,1,Vegetables-Hygiene Oriented
5886,4,Promotion Seekers
5887,0,Older Long-Tenure Grocery
5888,2,Young Grocery
5889,1,Vegetables-Hygiene Oriented
5891,0,Older Long-Tenure Grocery
5892,7,Service Sensitive
5893,7,Service Sensitive
5895,2,Young Grocery
5896,6,Protein Enjoyers
5897,0,Older Long-Tenure Grocery
5898,0,Older Long-Tenure Grocery
5901,0,Older Long-Tenure Grocery
5902,4,Promotion Seekers
5903,4,Promotion Seekers
5904,6,Protein Enjoyers
5905,2,Young Grocery
5906,4,Promotion Seekers
5908,1,Vegetables-Hygiene Oriented
5909,3,Tech Enthusiasts
5910,4,Promotion Seekers
5911,3,Tech Enthusiasts
5912,3,Tech Enthusiasts
5913,4,Promotion Seekers
5914,5,Large Families
5915,5,Large Families
5916,3,Tech Enthusiasts
5918,0,Older Long-Tenure Grocery
5920,7,Service Sensitive
5921,0,Older Long-Tenure Grocery
5922,1,Vegetables-Hygiene Oriented
5923,2,Young Grocery
5924,7,Service Sensitive
5926,0,Older Long-Tenure Grocery
5927,0,Older Long-Tenure Grocery
5928,0,Older Long-Tenure Grocery
5929,2,Young Grocery
5932,1,Vegetables-Hygiene Oriented
5933,4,Promotion Seekers
5934,2,Young Grocery
5936,0,Older Long-Tenure Grocery
5937,5,Large Families
5938,1,Vegetables-Hygiene Oriented
5939,3,Tech Enthusiasts
5941,3,Tech Enthusiasts
5942,1,Vegetables-Hygiene Oriented
5943,4,Promotion Seekers
5944,5,Large Families
5945,2,Young Grocery
5946,7,Service Sensitive
5947,4,Promotion Seekers
5948,4,Promotion Seekers
5949,2,Young Grocery
5950,1,Vegetables-Hygiene Oriented
5952,2,Young Grocery
5953,4,Promotion Seekers
5954,0,Older Long-Tenure Grocery
5955,0,Older Long-Tenure Grocery
5956,4,Promotion Seekers
5957,0,Older Long-Tenure Grocery
5958,1,Vegetables-Hygiene Oriented
5960,1,Vegetables-Hygiene Oriented
5961,1,Vegetables-Hygiene Oriented
5962,4,Promotion Seekers
5963,4,Promotion Seekers
5964,6,Protein Enjoyers
5965,1,Vegetables-Hygiene Oriented
5966,1,Vegetables-Hygiene Oriented
5968,0,Older Long-Tenure Grocery
5969,0,Older Long-Tenure Grocery
5970,0,Older Long-Tenure Grocery
5971,3,Tech Enthusiasts
5972,4,Promotion Seekers
5973,2,Young Grocery
5974,7,Service Sensitive
5976,0,Older Long-Tenure Grocery
5977,6,Protein Enjoyers
5978,0,Older Long-Tenure Grocery
5979,0,Older Long-Tenure Grocery
5980,2,Young Grocery
5981,5,Large Families
5982,0,Older Long-Tenure Grocery
5983,4,Promotion Seekers
5985,3,Tech Enthusiasts
5986,4,Promotion Seekers
5987,4,Promotion Seekers
5988,5,Large Families
5989,2,Young Grocery
5990,0,Older Long-Tenure Grocery
5991,6,Protein Enjoyers
5992,4,Promotion Seekers
5994,1,Vegetables-Hygiene Oriented
5995,3,Tech Enthusiasts
5996,7,Service Sensitive
5997,1,Vegetables-Hygiene Oriented
5998,1,Vegetables-Hygiene Oriented
5999,0,Older Long-Tenure Grocery
6000,5,Large Families
6001,1,Vegetables-Hygiene Oriented
6002,4,Promotion Seekers
6003,3,Tech Enthusiasts
6004,1,Vegetables-Hygiene Oriented
6005,6,Protein Enjoyers
6006,0,Older Long-Tenure Grocery
6007,1,Vegetables-Hygiene Oriented
6008,2,Young Grocery
6009,2,Young Grocery
6010,2,Young Grocery
6011,1,Vegetables-Hygiene Oriented
6012,4,Promotion Seekers
6013,3,Tech Enthusiasts
6014,2,Young Grocery
6015,5,Large Families
6017,3,Tech Enthusiasts
6018,4,Promotion Seekers
6020,0,Older Long-Tenure Grocery
6021,6,Protein Enjoyers
6022,7,Service Sensitive
6023,3,Tech Enthusiasts
6024,7,Service Sensitive
6025,0,Older Long-Tenure Grocery
6026,0,Older Long-Tenure Grocery
6027,3,Tech Enthusiasts
6028,0,Older Long-Tenure Grocery
6029,0,Older Long-Tenure Grocery
6030,0,Older Long-Tenure Grocery
6031,3,Tech Enthusiasts
6033,4,Promotion Seekers
6034,3,Tech Enthusiasts
6035,7,Service Sensitive
6036,7,Service Sensitive
6039,4,Promotion Seekers
6040,0,Older Long-Tenure Grocery
6041,3,Tech Enthusiasts
6043,2,Young Grocery
6044,2,Young Grocery
6045,1,Vegetables-Hygiene Oriented
6046,0,Older Long-Tenure Grocery
6047,4,Promotion Seekers
6048,4,Promotion Seekers
6049,4,Promotion Seekers
6050,0,Older Long-Tenure Grocery
6051,5,Large Families
6052,2,Young Grocery
6054,4,Promotion Seekers
6056,1,Vegetables-Hygiene Oriented
6057,1,Vegetables-Hygiene Oriented
6058,3,Tech Enthusiasts
6059,2,Young Grocery
6060,1,Vegetables-Hygiene Oriented
6061,0,Older Long-Tenure Grocery
6062,3,Tech Enthusiasts
6063,0,Older Long-Tenure Grocery
6065,4,Promotion Seekers
6066,7,Service Sensitive
6068,5,Large Families
6070,0,Older Long-Tenure Grocery
6071,2,Young Grocery
6072,3,Tech Enthusiasts
6073,2,Young Grocery
6074,0,Older Long-Tenure Grocery
6075,7,Service Sensitive
6076,4,Promotion Seekers
6077,7,Service Sensitive
6078,7,Service Sensitive
6079,2,Young Grocery
6080,7,Service Sensitive
6081,4,Promotion Seekers
6082,1,Vegetables-Hygiene Oriented
6083,1,Vegetables-Hygiene Oriented
6084,5,Large Families
6085,3,Tech Enthusiasts
6086,4,Promotion Seekers
6087,7,Service Sensitive
6088,4,Promotion Seekers
6089,7,Service Sensitive
6091,0,Older Long-Tenure Grocery
6092,7,Service Sensitive
6094,2,Young Grocery
6095,5,Large Families
6097,5,Large Families
6098,7,Service Sensitive
6099,2,Young Grocery
6100,2,Young Grocery
6101,0,Older Long-Tenure Grocery
6102,1,Vegetables-Hygiene Oriented
6103,3,Tech Enthusiasts
6105,7,Service Sensitive
6106,4,Promotion Seekers
6107,0,Older Long-Tenure Grocery
6108,4,Promotion Seekers
6109,2,Young Grocery
6110,1,Vegetables-Hygiene Oriented
6111,5,Large Families
6112,7,Service Sensitive
6113,2,Young Grocery
6114,1,Vegetables-Hygiene Oriented
6115,7,Service Sensitive
6116,2,Young Grocery
6117,4,Promotion Seekers
6118,1,Vegetables-Hygiene Oriented
6119,1,Vegetables-Hygiene Oriented
6120,5,Large Families
6121,1,Vegetables-Hygiene Oriented
6122,4,Promotion Seekers
6123,0,Older Long-Tenure Grocery
6124,0,Older Long-Tenure Grocery
6125,0,Older Long-Tenure Grocery
6126,2,Young Grocery
6127,1,Vegetables-Hygiene Oriented
6128,1,Vegetables-Hygiene Oriented
6129,4,Promotion Seekers
6130,2,Young Grocery
6131,4,Promotion Seekers
6132,2,Young Grocery
6134,0,Older Long-Tenure Grocery
6135,7,Service Sensitive
6136,0,Older Long-Tenure Grocery
6137,2,Young Grocery
6139,1,Vegetables-Hygiene Oriented
6140,7,Service Sensitive
6141,4,Promotion Seekers
6142,0,Older Long-Tenure Grocery
6143,6,Protein Enjoyers
6144,0,Older Long-Tenure Grocery
6145,7,Service Sensitive
6146,5,Large Families
6147,2,Young Grocery
6148,0,Older Long-Tenure Grocery
6149,4,Promotion Seekers
6151,3,Tech Enthusiasts
6153,7,Service Sensitive
6154,3,Tech Enthusiasts
6155,4,Promotion Seekers
6156,1,Vegetables-Hygiene Oriented
6158,1,Vegetables-Hygiene Oriented
6159,4,Promotion Seekers
6160,4,Promotion Seekers
6161,4,Promotion Seekers
6162,1,Vegetables-Hygiene Oriented
6163,4,Promotion Seekers
6164,5,Large Families
6165,0,Older Long-Tenure Grocery
6166,7,Service Sensitive
6168,3,Tech Enthusiasts
6169,6,Protein Enjoyers
6170,5,Large Families
6171,3,Tech Enthusiasts
6172,6,Protein Enjoyers
6175,0,Older Long-Tenure Grocery
6176,1,Vegetables-Hygiene Oriented
6179,6,Protein Enjoyers
6180,1,Vegetables-Hygiene Oriented
6181,4,Promotion Seekers
6182,7,Service Sensitive
6183,3,Tech Enthusiasts
6184,6,Protein Enjoyers
6185,0,Older Long-Tenure Grocery
6186,0,Older Long-Tenure Grocery
6187,2,Young Grocery
6188,4,Promotion Seekers
6190,7,Service Sensitive
6191,0,Older Long-Tenure Grocery
6193,0,Older Long-Tenure Grocery
6194,0,Older Long-Tenure Grocery
6195,4,Promotion Seekers
6196,0,Older Long-Tenure Grocery
6198,3,Tech Enthusiasts
6199,1,Vegetables-Hygiene Oriented
6200,1,Vegetables-Hygiene Oriented
6201,6,Protein Enjoyers
6202,4,Promotion Seekers
6203,2,Young Grocery
6204,5,Large Families
6205,7,Service Sensitive
6206,7,Service Sensitive
6207,1,Vegetables-Hygiene Oriented
6208,0,Older Long-Tenure Grocery
6209,1,Vegetables-Hygiene Oriented
6210,0,Older Long-Tenure Grocery
6211,0,Older Long-Tenure Grocery
6212,2,Young Grocery
6213,7,Service Sensitive
6214,3,Tech Enthusiasts
6215,7,Service Sensitive
6217,1,Vegetables-Hygiene Oriented
6218,0,Older Long-Tenure Grocery
6219,2,Young Grocery
6220,1,Vegetables-Hygiene Oriented
6221,7,Service Sensitive
6222,2,Young Grocery
6226,5,Large Families
6227,7,Service Sensitive
6228,1,Vegetables-Hygiene Oriented
6229,2,Young Grocery
6230,0,Older Long-Tenure Grocery
6231,7,Service Sensitive
6233,7,Service Sensitive
6234,1,Vegetables-Hygiene Oriented
6235,2,Young Grocery
6236,3,Tech Enthusiasts
6238,5,Large Families
6241,2,Young Grocery
6242,0,Older Long-Tenure Grocery
6243,3,Tech Enthusiasts
6244,4,Promotion Seekers
6245,4,Promotion Seekers
6247,1,Vegetables-Hygiene Oriented
6248,4,Promotion Seekers
6249,4,Promotion Seekers
6250,6,Protein Enjoyers
6251,7,Service Sensitive
6253,3,Tech Enthusiasts
6254,3,Tech Enthusiasts
6255,3,Tech Enthusiasts
6256,0,Older Long-Tenure Grocery
6257,5,Large Families
6258,4,Promotion Seekers
6259,1,Vegetables-Hygiene Oriented
6260,4,Promotion Seekers
6261,5,Large Families
6263,4,Promotion Seekers
6264,1,Vegetables-Hygiene Oriented
6265,5,Large Families
6266,0,Older Long-Tenure Grocery
6267,1,Vegetables-Hygiene Oriented
6268,3,Tech Enthusiasts
6269,4,Promotion Seekers
6270,2,Young Grocery
6272,2,Young Grocery
6274,4,Promotion Seekers
6275,0,Older Long-Tenure Grocery
6276,3,Tech Enthusiasts
6277,0,Older Long-Tenure Grocery
6278,4,Promotion Seekers
6279,0,Older Long-Tenure Grocery
6280,0,Older Long-Tenure Grocery
6281,1,Vegetables-Hygiene Oriented
6282,2,Young Grocery
6283,5,Large Families
6284,3,Tech Enthusiasts
6285,7,Service Sensitive
6286,5,Large Families
6287,2,Young Grocery
6288,5,Large Families
6289,5,Large Families
6290,1,Vegetables-Hygiene Oriented
6292,0,Older Long-Tenure Grocery
6293,3,Tech Enthusiasts
6294,4,Promotion Seekers
6295,7,Service Sensitive
6296,4,Promotion Seekers
6297,4,Promotion Seekers
6298,2,Young Grocery
6299,4,Promotion Seekers
6300,0,Older Long-Tenure Grocery
6301,2,Young Grocery
6302,5,Large Families
6303,1,Vegetables-Hygiene Oriented
6305,3,Tech Enthusiasts
6306,2,Young Grocery
6307,4,Promotion Seekers
6309,1,Vegetables-Hygiene Oriented
6310,4,Promotion Seekers
6311,2,Young Grocery
6312,0,Older Long-Tenure Grocery
6314,3,Tech Enthusiasts
6317,7,Service Sensitive
6318,7,Service Sensitive
6320,2,Young Grocery
6321,1,Vegetables-Hygiene Oriented
6322,0,Older Long-Tenure Grocery
6323,2,Young Grocery
6324,0,Older Long-Tenure Grocery
6325,7,Service Sensitive
6326,0,Older Long-Tenure Grocery
6328,3,Tech Enthusiasts
6329,0,Older Long-Tenure Grocery
6330,0,Older Long-Tenure Grocery
6331,0,Older Long-Tenure Grocery
6332,0,Older Long-Tenure Grocery
6333,5,Large Families
6334,6,Protein Enjoyers
6335,4,Promotion Seekers
6336,0,Older Long-Tenure Grocery
6337,4,Promotion Seekers
6338,2,Young Grocery
6339,4,Promotion Seekers
6340,5,Large Families
6341,7,Service Sensitive
6342,3,Tech Enthusiasts
6343,4,Promotion Seekers
6344,4,Promotion Seekers
6346,0,Older Long-Tenure Grocery
6348,7,Service Sensitive
6349,0,Older Long-Tenure Grocery
6351,1,Vegetables-Hygiene Oriented
6352,6,Protein Enjoyers
6353,1,Vegetables-Hygiene Oriented
6355,1,Vegetables-Hygiene Oriented
6357,7,Service Sensitive
6359,0,Older Long-Tenure Grocery
6360,4,Promotion Seekers
6361,3,Tech Enthusiasts
6363,4,Promotion Seekers
6364,0,Older Long-Tenure Grocery
6365,1,Vegetables-Hygiene Oriented
6366,4,Promotion Seekers
6369,1,Vegetables-Hygiene Oriented
6370,0,Older Long-Tenure Grocery
6371,1,Vegetables-Hygiene Oriented
6372,2,Young Grocery
6373,7,Service Sensitive
6375,0,Older Long-Tenure Grocery
6376,7,Service Sensitive
6377,2,Young Grocery
6378,3,Tech Enthusiasts
6379,1,Vegetables-Hygiene Oriented
6380,5,Large Families
6381,2,Young Grocery
6382,5,Large Families
6383,3,Tech Enthusiasts
6384,6,Protein Enjoyers
6385,2,Young Grocery
6386,3,Tech Enthusiasts
6387,0,Older Long-Tenure Grocery
6388,7,Service Sensitive
6389,0,Older Long-Tenure Grocery
6391,5,Large Families
6393,7,Service Sensitive
6394,4,Promotion Seekers
6395,0,Older Long-Tenure Grocery
6396,4,Promotion Seekers
6397,6,Protein Enjoyers
6398,0,Older Long-Tenure Grocery
6399,2,Young Grocery
6401,1,Vegetables-Hygiene Oriented
6402,4,Promotion Seekers
6403,0,Older Long-Tenure Grocery
6404,4,Promotion Seekers
6405,1,Vegetables-Hygiene Oriented
6406,4,Promotion Seekers
6407,3,Tech Enthusiasts
6408,0,Older Long-Tenure Grocery
6410,2,Young Grocery
6411,1,Vegetables-Hygiene Oriented
6413,0,Older Long-Tenure Grocery
6414,4,Promotion Seekers
6415,4,Promotion Seekers
6419,0,Older Long-Tenure Grocery
6420,5,Large Families
6422,7,Service Sensitive
6423,7,Service Sensitive
6424,2,Young Grocery
6425,2,Young Grocery
6426,1,Vegetables-Hygiene Oriented
6428,3,Tech Enthusiasts
6429,3,Tech Enthusiasts
6430,4,Promotion Seekers
6431,1,Vegetables-Hygiene Oriented
6432,4,Promotion Seekers
6434,2,Young Grocery
6435,4,Promotion Seekers
6436,0,Older Long-Tenure Grocery
6437,2,Young Grocery
6438,4,Promotion Seekers
6439,3,Tech Enthusiasts
6440,3,Tech Enthusiasts
6441,3,Tech Enthusiasts
6442,4,Promotion Seekers
6443,7,Service Sensitive
6444,0,Older Long-Tenure Grocery
6445,0,Older Long-Tenure Grocery
6446,2,Young Grocery
6447,2,Young Grocery
6448,0,Older Long-Tenure Grocery
6449,7,Service Sensitive
6450,0,Older Long-Tenure Grocery
6451,7,Service Sensitive
6452,3,Tech Enthusiasts
6453,3,Tech Enthusiasts
6454,3,Tech Enthusiasts
6456,4,Promotion Seekers
6457,1,Vegetables-Hygiene Oriented
6458,0,Older Long-Tenure Grocery
6459,7,Service Sensitive
6460,1,Vegetables-Hygiene Oriented
6461,1,Vegetables-Hygiene Oriented
6462,4,Promotion Seekers
6463,4,Promotion Seekers
6464,4,Promotion Seekers
6467,3,Tech Enthusiasts
6468,6,Protein Enjoyers
6469,5,Large Families
6471,7,Service Sensitive
6472,4,Promotion Seekers
6473,4,Promotion Seekers
6474,6,Protein Enjoyers
6475,5,Large Families
6476,1,Vegetables-Hygiene Oriented
6477,4,Promotion Seekers
6478,2,Young Grocery
6479,4,Promotion Seekers
6480,3,Tech Enthusiasts
6481,7,Service Sensitive
6482,0,Older Long-Tenure Grocery
6483,1,Vegetables-Hygiene Oriented
6485,4,Promotion Seekers
6486,7,Service Sensitive
6487,3,Tech Enthusiasts
6488,4,Promotion Seekers
6489,0,Older Long-Tenure Grocery
6490,1,Vegetables-Hygiene Oriented
6491,0,Older Long-Tenure Grocery
6492,4,Promotion Seekers
6493,0,Older Long-Tenure Grocery
6494,4,Promotion Seekers
6495,1,Vegetables-Hygiene Oriented
6496,1,Vegetables-Hygiene Oriented
6497,4,Promotion Seekers
6498,3,Tech Enthusiasts
6499,2,Young Grocery
6501,5,Large Families
6502,0,Older Long-Tenure Grocery
6503,7,Service Sensitive
6504,6,Protein Enjoyers
6505,7,Service Sensitive
6506,3,Tech Enthusiasts
6508,4,Promotion Seekers
6509,7,Service Sensitive
6510,0,Older Long-Tenure Grocery
6511,1,Vegetables-Hygiene Oriented
6512,2,Young Grocery
6513,0,Older Long-Tenure Grocery
6514,3,Tech Enthusiasts
6515,0,Older Long-Tenure Grocery
6516,0,Older Long-Tenure Grocery
6517,2,Young Grocery
6518,2,Young Grocery
6519,1,Vegetables-Hygiene Oriented
6520,0,Older Long-Tenure Grocery
6521,2,Young Grocery
6522,1,Vegetables-Hygiene Oriented
6523,7,Service Sensitive
6524,6,Protein Enjoyers
6525,0,Older Long-Tenure Grocery
6526,1,Vegetables-Hygiene Oriented
6527,1,Vegetables-Hygiene Oriented
6529,1,Vegetables-Hygiene Oriented
6530,0,Older Long-Tenure Grocery
6531,2,Young Grocery
6532,5,Large Families
6534,0,Older Long-Tenure Grocery
6535,1,Vegetables-Hygiene Oriented
6536,7,Service Sensitive
6537,4,Promotion Seekers
6538,5,Large Families
6539,0,Older Long-Tenure Grocery
6540,0,Older Long-Tenure Grocery
6541,2,Young Grocery
6542,0,Older Long-Tenure Grocery
6543,0,Older Long-Tenure Grocery
6544,2,Young Grocery
6545,0,Older Long-Tenure Grocery
6546,4,Promotion Seekers
6547,4,Promotion Seekers
6548,2,Young Grocery
6549,2,Young Grocery
6551,2,Young Grocery
6552,1,Vegetables-Hygiene Oriented
6553,4,Promotion Seekers
6555,4,Promotion Seekers
6556,3,Tech Enthusiasts
6559,4,Promotion Seekers
6560,4,Promotion Seekers
6561,4,Promotion Seekers
6563,6,Protein Enjoyers
6564,7,Service Sensitive
6565,4,Promotion Seekers
6567,2,Young Grocery
6568,4,Promotion Seekers
6569,0,Older Long-Tenure Grocery
6570,1,Vegetables-Hygiene Oriented
6571,2,Young Grocery
6572,0,Older Long-Tenure Grocery
6573,7,Service Sensitive
6574,0,Older Long-Tenure Grocery
6575,4,Promotion Seekers
6576,5,Large Families
6577,3,Tech Enthusiasts
6578,7,Service Sensitive
6579,1,Vegetables-Hygiene Oriented
6580,3,Tech Enthusiasts
6581,3,Tech Enthusiasts
6583,0,Older Long-Tenure Grocery
6585,3,Tech Enthusiasts
6586,3,Tech Enthusiasts
6587,1,Vegetables-Hygiene Oriented
6588,2,Young Grocery
6589,1,Vegetables-Hygiene Oriented
6590,0,Older Long-Tenure Grocery
6591,4,Promotion Seekers
6592,5,Large Families
6593,7,Service Sensitive
6594,1,Vegetables-Hygiene Oriented
6596,0,Older Long-Tenure Grocery
6597,2,Young Grocery
6598,3,Tech Enthusiasts
6599,4,Promotion Seekers
6600,0,Older Long-Tenure Grocery
6601,7,Service Sensitive
6602,7,Service Sensitive
6603,0,Older Long-Tenure Grocery
6604,4,Promotion Seekers
6605,0,Older Long-Tenure Grocery
6606,1,Vegetables-Hygiene Oriented
6607,1,Vegetables-Hygiene Oriented
6608,4,Promotion Seekers
6610,1,Vegetables-Hygiene Oriented
6611,1,Vegetables-Hygiene Oriented
6612,1,Vegetables-Hygiene Oriented
6613,0,Older Long-Tenure Grocery
6615,1,Vegetables-Hygiene Oriented
6617,6,Protein Enjoyers
6619,0,Older Long-Tenure Grocery
6621,2,Young Grocery
6622,0,Older Long-Tenure Grocery
6623,0,Older Long-Tenure Grocery
6624,6,Protein Enjoyers
6625,4,Promotion Seekers
6626,7,Service Sensitive
6627,4,Promotion Seekers
6628,4,Promotion Seekers
6629,3,Tech Enthusiasts
6630,0,Older Long-Tenure Grocery
6631,1,Vegetables-Hygiene Oriented
6632,7,Service Sensitive
6633,3,Tech Enthusiasts
6634,2,Young Grocery
6635,0,Older Long-Tenure Grocery
6636,5,Large Families
6639,3,Tech Enthusiasts
6640,3,Tech Enthusiasts
6641,0,Older Long-Tenure Grocery
6642,1,Vegetables-Hygiene Oriented
6643,1,Vegetables-Hygiene Oriented
6644,4,Promotion Seekers
6645,4,Promotion Seekers
6646,1,Vegetables-Hygiene Oriented
6648,5,Large Families
6649,4,Promotion Seekers
6650,0,Older Long-Tenure Grocery
6654,0,Older Long-Tenure Grocery
6656,0,Older Long-Tenure Grocery
6657,0,Older Long-Tenure Grocery
6658,4,Promotion Seekers
6659,4,Promotion Seekers
6660,7,Service Sensitive
6662,5,Large Families
6663,5,Large Families
6664,6,Protein Enjoyers
6665,2,Young Grocery
6666,7,Service Sensitive
6667,2,Young Grocery
6668,5,Large Families
6670,7,Service Sensitive
6672,4,Promotion Seekers
6673,1,Vegetables-Hygiene Oriented
6674,5,Large Families
6675,0,Older Long-Tenure Grocery
6676,1,Vegetables-Hygiene Oriented
6677,0,Older Long-Tenure Grocery
6678,4,Promotion Seekers
6680,5,Large Families
6681,2,Young Grocery
6682,5,Large Families
6683,6,Protein Enjoyers
6684,1,Vegetables-Hygiene Oriented
6685,3,Tech Enthusiasts
6686,4,Promotion Seekers
6687,3,Tech Enthusiasts
6689,2,Young Grocery
6690,2,Young Grocery
6692,2,Young Grocery
6694,0,Older Long-Tenure Grocery
6695,3,Tech Enthusiasts
6697,0,Older Long-Tenure Grocery
6698,1,Vegetables-Hygiene Oriented
6699,6,Protein Enjoyers
6701,7,Service Sensitive
6702,0,Older Long-Tenure Grocery
6703,2,Young Grocery
6704,0,Older Long-Tenure Grocery
6705,0,Older Long-Tenure Grocery
6708,7,Service Sensitive
6709,0,Older Long-Tenure Grocery
6711,0,Older Long-Tenure Grocery
6712,5,Large Families
6713,4,Promotion Seekers
6714,0,Older Long-Tenure Grocery
6715,4,Promotion Seekers
6716,0,Older Long-Tenure Grocery
6717,4,Promotion Seekers
6718,4,Promotion Seekers
6720,7,Service Sensitive
6722,7,Service Sensitive
6723,1,Vegetables-Hygiene Oriented
6724,0,Older Long-Tenure Grocery
6725,2,Young Grocery
6726,4,Promotion Seekers
6727,4,Promotion Seekers
6728,1,Vegetables-Hygiene Oriented
6729,2,Young Grocery
6730,3,Tech Enthusiasts
6732,0,Older Long-Tenure Grocery
6733,3,Tech Enthusiasts
6736,3,Tech Enthusiasts
6737,4,Promotion Seekers
6738,0,Older Long-Tenure Grocery
6739,5,Large Families
6740,7,Service Sensitive
6741,7,Service Sensitive
6742,4,Promotion Seekers
6743,2,Young Grocery
6744,7,Service Sensitive
6745,0,Older Long-Tenure Grocery
6746,0,Older Long-Tenure Grocery
6748,4,Promotion Seekers
6749,1,Vegetables-Hygiene Oriented
6752,5,Large Families
6754,7,Service Sensitive
6755,7,Service Sensitive
6756,2,Young Grocery
6757,2,Young Grocery
6758,2,Young Grocery
6759,5,Large Families
6760,3,Tech Enthusiasts
6761,0,Older Long-Tenure Grocery
6762,3,Tech Enthusiasts
6763,0,Older Long-Tenure Grocery
6764,0,Older Long-Tenure Grocery
6765,1,Vegetables-Hygiene Oriented
6766,0,Older Long-Tenure Grocery
6768,4,Promotion Seekers
6769,4,Promotion Seekers
6770,1,Vegetables-Hygiene Oriented
6772,1,Vegetables-Hygiene Oriented
6773,0,Older Long-Tenure Grocery
6774,2,Young Grocery
6775,5,Large Families
6777,4,Promotion Seekers
6778,5,Large Families
6779,7,Service Sensitive
6780,2,Young Grocery
6781,2,Young Grocery
6782,2,Young Grocery
6783,4,Promotion Seekers
6784,1,Vegetables-Hygiene Oriented
6785,4,Promotion Seekers
6786,1,Vegetables-Hygiene Oriented
6787,5,Large Families
6788,0,Older Long-Tenure Grocery
6789,4,Promotion Seekers
6790,0,Older Long-Tenure Grocery
6791,4,Promotion Seekers
6792,1,Vegetables-Hygiene Oriented
6793,2,Young Grocery
6794,3,Tech Enthusiasts
6795,3,Tech Enthusiasts
6796,7,Service Sensitive
6797,4,Promotion Seekers
6799,4,Promotion Seekers
6800,1,Vegetables-Hygiene Oriented
6801,6,Protein Enjoyers
6802,0,Older Long-Tenure Grocery
6804,0,Older Long-Tenure Grocery
6805,0,Older Long-Tenure Grocery
6806,2,Young Grocery
6808,2,Young Grocery
6809,0,Older Long-Tenure Grocery
6811,0,Older Long-Tenure Grocery
6812,7,Service Sensitive
6813,1,Vegetables-Hygiene Oriented
6814,7,Service Sensitive
6815,7,Service Sensitive
6816,1,Vegetables-Hygiene Oriented
6817,1,Vegetables-Hygiene Oriented
6818,5,Large Families
6819,5,Large Families
6820,3,Tech Enthusiasts
6822,7,Service Sensitive
6824,4,Promotion Seekers
6825,0,Older Long-Tenure Grocery
6827,0,Older Long-Tenure Grocery
6829,1,Vegetables-Hygiene Oriented
6830,1,Vegetables-Hygiene Oriented
6831,7,Service Sensitive
6832,4,Promotion Seekers
6833,1,Vegetables-Hygiene Oriented
6834,0,Older Long-Tenure Grocery
6835,0,Older Long-Tenure Grocery
6836,0,Older Long-Tenure Grocery
6837,1,Vegetables-Hygiene Oriented
6838,6,Protein Enjoyers
6839,1,Vegetables-Hygiene Oriented
6840,4,Promotion Seekers
6842,0,Older Long-Tenure Grocery
6843,2,Young Grocery
6844,3,Tech Enthusiasts
6845,4,Promotion Seekers
6846,2,Young Grocery
6848,1,Vegetables-Hygiene Oriented
6849,4,Promotion Seekers
6851,4,Promotion Seekers
6852,3,Tech Enthusiasts
6853,0,Older Long-Tenure Grocery
6854,3,Tech Enthusiasts
6856,3,Tech Enthusiasts
6858,5,Large Families
6859,0,Older Long-Tenure Grocery
6860,0,Older Long-Tenure Grocery
6861,0,Older Long-Tenure Grocery
6862,2,Young Grocery
6863,7,Service Sensitive
6865,0,Older Long-Tenure Grocery
6866,1,Vegetables-Hygiene Oriented
6867,7,Service Sensitive
6868,1,Vegetables-Hygiene Oriented
6869,7,Service Sensitive
6871,0,Older Long-Tenure Grocery
6872,4,Promotion Seekers
6873,0,Older Long-Tenure Grocery
6874,4,Promotion Seekers
6875,1,Vegetables-Hygiene Oriented
6876,1,Vegetables-Hygiene Oriented
6877,0,Older Long-Tenure Grocery
6879,0,Older Long-Tenure Grocery
6880,0,Older Long-Tenure Grocery
6881,2,Young Grocery
6882,5,Large Families
6883,0,Older Long-Tenure Grocery
6884,7,Service Sensitive
6885,2,Young Grocery
6887,2,Young Grocery
6888,3,Tech Enthusiasts
6889,6,Protein Enjoyers
6890,4,Promotion Seekers
6891,1,Vegetables-Hygiene Oriented
6893,7,Service Sensitive
6894,1,Vegetables-Hygiene Oriented
6895,7,Service Sensitive
6896,6,Protein Enjoyers
6898,5,Large Families
6899,6,Protein Enjoyers
6900,2,Young Grocery
6901,0,Older Long-Tenure Grocery
6902,2,Young Grocery
6903,2,Young Grocery
6904,7,Service Sensitive
6905,2,Young Grocery
6906,4,Promotion Seekers
6908,3,Tech Enthusiasts
6909,1,Vegetables-Hygiene Oriented
6910,2,Young Grocery
6911,2,Young Grocery
6912,6,Protein Enjoyers
6915,2,Young Grocery
6917,0,Older Long-Tenure Grocery
6918,1,Vegetables-Hygiene Oriented
6919,2,Young Grocery
6920,3,Tech Enthusiasts
6921,0,Older Long-Tenure Grocery
6922,3,Tech Enthusiasts
6924,2,Young Grocery
6925,4,Promotion Seekers
6926,3,Tech Enthusiasts
6927,0,Older Long-Tenure Grocery
6928,3,Tech Enthusiasts
6929,0,Older Long-Tenure Grocery
6930,6,Protein Enjoyers
6931,1,Vegetables-Hygiene Oriented
6932,4,Promotion Seekers
6933,0,Older Long-Tenure Grocery
6934,7,Service Sensitive
6935,3,Tech Enthusiasts
6936,7,Service Sensitive
6937,7,Service Sensitive
6938,4,Promotion Seekers
6939,0,Older Long-Tenure Grocery
6941,1,Vegetables-Hygiene Oriented
6942,4,Promotion Seekers
6944,0,Older Long-Tenure Grocery
6945,1,Vegetables-Hygiene Oriented
6946,3,Tech Enthusiasts
6947,7,Service Sensitive
6948,1,Vegetables-Hygiene Oriented
6949,4,Promotion Seekers
6950,0,Older Long-Tenure Grocery
6951,1,Vegetables-Hygiene Oriented
6952,4,Promotion Seekers
6953,1,Vegetables-Hygiene Oriented
6954,7,Service Sensitive
6955,0,Older Long-Tenure Grocery
6957,2,Young Grocery
6958,0,Older Long-Tenure Grocery
6959,7,Service Sensitive
6961,7,Service Sensitive
6962,7,Service Sensitive
6965,6,Protein Enjoyers
6966,1,Vegetables-Hygiene Oriented
6967,1,Vegetables-Hygiene Oriented
6968,0,Older Long-Tenure Grocery
6969,5,Large Families
6970,2,Young Grocery
6971,2,Young Grocery
6972,0,Older Long-Tenure Grocery
6973,2,Young Grocery
6974,1,Vegetables-Hygiene Oriented
6975,7,Service Sensitive
6976,4,Promotion Seekers
6977,4,Promotion Seekers
6978,7,Service Sensitive
6979,4,Promotion Seekers
6980,0,Older Long-Tenure Grocery
6982,4,Promotion Seekers
6983,0,Older Long-Tenure Grocery
6984,1,Vegetables-Hygiene Oriented
6985,7,Service Sensitive
6986,1,Vegetables-Hygiene Oriented
6987,0,Older Long-Tenure Grocery
6988,1,Vegetables-Hygiene Oriented
6989,0,Older Long-Tenure Grocery
6990,2,Young Grocery
6991,7,Service Sensitive
6992,5,Large Families
6993,3,Tech Enthusiasts
6995,0,Older Long-Tenure Grocery
6996,5,Large Families
6997,0,Older Long-Tenure Grocery
6998,4,Promotion Seekers
6999,0,Older Long-Tenure Grocery
7002,7,Service Sensitive
7003,7,Service Sensitive
7004,1,Vegetables-Hygiene Oriented
7005,0,Older Long-Tenure Grocery
7006,2,Young Grocery
7007,3,Tech Enthusiasts
7011,2,Young Grocery
7012,0,Older Long-Tenure Grocery
7013,4,Promotion Seekers
7014,2,Young Grocery
7016,3,Tech Enthusiasts
7017,0,Older Long-Tenure Grocery
7018,7,Service Sensitive
7019,4,Promotion Seekers
7020,3,Tech Enthusiasts
7021,1,Vegetables-Hygiene Oriented
7022,6,Protein Enjoyers
7024,6,Protein Enjoyers
7027,4,Promotion Seekers
7028,7,Service Sensitive
7029,5,Large Families
7030,0,Older Long-Tenure Grocery
7031,4,Promotion Seekers
7033,3,Tech Enthusiasts
7034,7,Service Sensitive
7035,2,Young Grocery
7037,4,Promotion Seekers
7038,1,Vegetables-Hygiene Oriented
7039,1,Vegetables-Hygiene Oriented
7040,0,Older Long-Tenure Grocery
7041,0,Older Long-Tenure Grocery
7042,3,Tech Enthusiasts
7043,3,Tech Enthusiasts
7044,1,Vegetables-Hygiene Oriented
7047,7,Service Sensitive
7048,3,Tech Enthusiasts
7049,1,Vegetables-Hygiene Oriented
7050,7,Service Sensitive
7051,2,Young Grocery
7052,6,Protein Enjoyers
7053,0,Older Long-Tenure Grocery
7056,4,Promotion Seekers
7057,4,Promotion Seekers
7058,7,Service Sensitive
7060,0,Older Long-Tenure Grocery
7061,3,Tech Enthusiasts
7062,0,Older Long-Tenure Grocery
7063,0,Older Long-Tenure Grocery
7064,5,Large Families
7065,0,Older Long-Tenure Grocery
7066,3,Tech Enthusiasts
7067,0,Older Long-Tenure Grocery
7068,3,Tech Enthusiasts
7069,3,Tech Enthusiasts
7071,1,Vegetables-Hygiene Oriented
7072,2,Young Grocery
7073,0,Older Long-Tenure Grocery
7074,6,Protein Enjoyers
7075,1,Vegetables-Hygiene Oriented
7076,4,Promotion Seekers
7078,0,Older Long-Tenure Grocery
7079,4,Promotion Seekers
7081,2,Young Grocery
7082,1,Vegetables-Hygiene Oriented
7083,4,Promotion Seekers
7084,0,Older Long-Tenure Grocery
7085,0,Older Long-Tenure Grocery
7086,6,Protein Enjoyers
7088,2,Young Grocery
7089,4,Promotion Seekers
7090,0,Older Long-Tenure Grocery
7091,2,Young Grocery
7093,7,Service Sensitive
7094,4,Promotion Seekers
7095,2,Young Grocery
7098,0,Older Long-Tenure Grocery
7101,3,Tech Enthusiasts
7103,0,Older Long-Tenure Grocery
7105,1,Vegetables-Hygiene Oriented
7106,4,Promotion Seekers
7107,0,Older Long-Tenure Grocery
7112,0,Older Long-Tenure Grocery
7113,1,Vegetables-Hygiene Oriented
7114,0,Older Long-Tenure Grocery
7115,1,Vegetables-Hygiene Oriented
7116,4,Promotion Seekers
7117,0,Older Long-Tenure Grocery
7118,3,Tech Enthusiasts
7119,4,Promotion Seekers
7120,2,Young Grocery
7121,4,Promotion Seekers
7122,2,Young Grocery
7123,0,Older Long-Tenure Grocery
7124,5,Large Families
7125,7,Service Sensitive
7126,7,Service Sensitive
7127,0,Older Long-Tenure Grocery
7128,5,Large Families
7129,1,Vegetables-Hygiene Oriented
7131,0,Older Long-Tenure Grocery
7132,4,Promotion Seekers
7133,2,Young Grocery
7134,2,Young Grocery
7135,7,Service Sensitive
7136,4,Promotion Seekers
7137,3,Tech Enthusiasts
7138,1,Vegetables-Hygiene Oriented
7140,0,Older Long-Tenure Grocery
7141,7,Service Sensitive
7142,0,Older Long-Tenure Grocery
7143,0,Older Long-Tenure Grocery
7144,2,Young Grocery
7145,0,Older Long-Tenure Grocery
7147,0,Older Long-Tenure Grocery
7148,5,Large Families
7149,4,Promotion Seekers
7150,1,Vegetables-Hygiene Oriented
7151,4,Promotion Seekers
7153,0,Older Long-Tenure Grocery
7155,2,Young Grocery
7156,4,Promotion Seekers
7157,3,Tech Enthusiasts
7158,3,Tech Enthusiasts
7159,1,Vegetables-Hygiene Oriented
7161,3,Tech Enthusiasts
7163,7,Service Sensitive
7164,5,Large Families
7165,6,Protein Enjoyers
7166,4,Promotion Seekers
7167,1,Vegetables-Hygiene Oriented
7168,0,Older Long-Tenure Grocery
7169,0,Older Long-Tenure Grocery
7170,4,Promotion Seekers
7171,4,Promotion Seekers
7172,7,Service Sensitive
7173,4,Promotion Seekers
7174,3,Tech Enthusiasts
7175,5,Large Families
7176,6,Protein Enjoyers
7177,6,Protein Enjoyers
7178,5,Large Families
7179,6,Protein Enjoyers
7180,2,Young Grocery
7181,7,Service Sensitive
7182,5,Large Families
7183,1,Vegetables-Hygiene Oriented
7186,0,Older Long-Tenure Grocery
7187,4,Promotion Seekers
7188,2,Young Grocery
7190,2,Young Grocery
7191,1,Vegetables-Hygiene Oriented
7192,4,Promotion Seekers
7193,6,Protein Enjoyers
7196,1,Vegetables-Hygiene Oriented
7197,6,Protein Enjoyers
7199,1,Vegetables-Hygiene Oriented
7200,3,Tech Enthusiasts
7201,2,Young Grocery
7202,4,Promotion Seekers
7203,4,Promotion Seekers
7204,1,Vegetables-Hygiene Oriented
7208,2,Young Grocery
7209,4,Promotion Seekers
7211,1,Vegetables-Hygiene Oriented
7212,4,Promotion Seekers
7214,0,Older Long-Tenure Grocery
7216,2,Young Grocery
7218,0,Older Long-Tenure Grocery
7219,7,Service Sensitive
7220,4,Promotion Seekers
7221,4,Promotion Seekers
7222,2,Young Grocery
7223,3,Tech Enthusiasts
7224,0,Older Long-Tenure Grocery
7225,2,Young Grocery
7226,1,Vegetables-Hygiene Oriented
7228,4,Promotion Seekers
7229,2,Young Grocery
7230,7,Service Sensitive
7231,5,Large Families
7232,2,Young Grocery
7233,1,Vegetables-Hygiene Oriented
7234,3,Tech Enthusiasts
7237,2,Young Grocery
7239,6,Protein Enjoyers
7240,4,Promotion Seekers
7241,1,Vegetables-Hygiene Oriented
7242,0,Older Long-Tenure Grocery
7243,5,Large Families
7244,0,Older Long-Tenure Grocery
7245,2,Young Grocery
7246,1,Vegetables-Hygiene Oriented
7247,7,Service Sensitive
7248,2,Young Grocery
7249,2,Young Grocery
7252,2,Young Grocery
7253,2,Young Grocery
7255,3,Tech Enthusiasts
7256,0,Older Long-Tenure Grocery
7257,7,Service Sensitive
7258,2,Young Grocery
7259,2,Young Grocery
7260,0,Older Long-Tenure Grocery
7261,7,Service Sensitive
7263,3,Tech Enthusiasts
7264,2,Young Grocery
7267,0,Older Long-Tenure Grocery
7268,0,Older Long-Tenure Grocery
7269,2,Young Grocery
7270,5,Large Families
7271,0,Older Long-Tenure Grocery
7272,4,Promotion Seekers
7274,2,Young Grocery
7275,7,Service Sensitive
7276,3,Tech Enthusiasts
7277,2,Young Grocery
7278,1,Vegetables-Hygiene Oriented
7279,5,Large Families
7280,0,Older Long-Tenure Grocery
7281,4,Promotion Seekers
7283,1,Vegetables-Hygiene Oriented
7285,7,Service Sensitive
7286,1,Vegetables-Hygiene Oriented
7287,5,Large Families
7288,7,Service Sensitive
7289,3,Tech Enthusiasts
7290,1,Vegetables-Hygiene Oriented
7291,6,Protein Enjoyers
7292,0,Older Long-Tenure Grocery
7293,6,Protein Enjoyers
7294,5,Large Families
7295,2,Young Grocery
7297,1,Vegetables-Hygiene Oriented
7298,4,Promotion Seekers
7299,3,Tech Enthusiasts
7300,0,Older Long-Tenure Grocery
7302,3,Tech Enthusiasts
7303,7,Service Sensitive
7304,3,Tech Enthusiasts
7305,4,Promotion Seekers
7306,7,Service Sensitive
7308,0,Older Long-Tenure Grocery
7310,4,Promotion Seekers
7312,7,Service Sensitive
7313,3,Tech Enthusiasts
7314,7,Service Sensitive
7315,0,Older Long-Tenure Grocery
7316,6,Protein Enjoyers
7318,1,Vegetables-Hygiene Oriented
7319,0,Older Long-Tenure Grocery
7320,0,Older Long-Tenure Grocery
7322,1,Vegetables-Hygiene Oriented
7323,5,Large Families
7324,1,Vegetables-Hygiene Oriented
7326,4,Promotion Seekers
7327,5,Large Families
7329,1,Vegetables-Hygiene Oriented
7330,3,Tech Enthusiasts
7331,6,Protein Enjoyers
7332,1,Vegetables-Hygiene Oriented
7333,5,Large Families
7335,1,Vegetables-Hygiene Oriented
7336,4,Promotion Seekers
7337,3,Tech Enthusiasts
7338,1,Vegetables-Hygiene Oriented
7339,0,Older Long-Tenure Grocery
7340,0,Older Long-Tenure Grocery
7341,0,Older Long-Tenure Grocery
7342,2,Young Grocery
7343,0,Older Long-Tenure Grocery
7344,7,Service Sensitive
7346,2,Young Grocery
7347,0,Older Long-Tenure Grocery
7348,1,Vegetables-Hygiene Oriented
7349,3,Tech Enthusiasts
7350,6,Protein Enjoyers
7351,1,Vegetables-Hygiene Oriented
7352,7,Service Sensitive
7353,1,Vegetables-Hygiene Oriented
7354,0,Older Long-Tenure Grocery
7355,3,Tech Enthusiasts
7356,4,Promotion Seekers
7357,3,Tech Enthusiasts
7358,1,Vegetables-Hygiene Oriented
7359,4,Promotion Seekers
7360,0,Older Long-Tenure Grocery
7361,7,Service Sensitive
7362,5,Large Families
7363,2,Young Grocery
7364,1,Vegetables-Hygiene Oriented
7366,0,Older Long-Tenure Grocery
7367,4,Promotion Seekers
7368,5,Large Families
7369,5,Large Families
7370,2,Young Grocery
7371,0,Older Long-Tenure Grocery
7374,7,Service Sensitive
7375,0,Older Long-Tenure Grocery
7377,3,Tech Enthusiasts
7379,0,Older Long-Tenure Grocery
7381,1,Vegetables-Hygiene Oriented
7382,7,Service Sensitive
7384,3,Tech Enthusiasts
7385,0,Older Long-Tenure Grocery
7387,2,Young Grocery
7388,3,Tech Enthusiasts
7389,4,Promotion Seekers
7391,0,Older Long-Tenure Grocery
7392,4,Promotion Seekers
7393,4,Promotion Seekers
7394,0,Older Long-Tenure Grocery
7395,3,Tech Enthusiasts
7396,5,Large Families
7397,5,Large Families
7398,1,Vegetables-Hygiene Oriented
7399,4,Promotion Seekers
7400,4,Promotion Seekers
7402,1,Vegetables-Hygiene Oriented
7403,0,Older Long-Tenure Grocery
7404,0,Older Long-Tenure Grocery
7405,1,Vegetables-Hygiene Oriented
7406,7,Service Sensitive
7407,2,Young Grocery
7408,2,Young Grocery
7410,7,Service Sensitive
7411,7,Service Sensitive
7412,0,Older Long-Tenure Grocery
7413,7,Service Sensitive
7414,4,Promotion Seekers
7415,3,Tech Enthusiasts
7417,5,Large Families
7418,7,Service Sensitive
7419,4,Promotion Seekers
7420,4,Promotion Seekers
7421,1,Vegetables-Hygiene Oriented
7422,1,Vegetables-Hygiene Oriented
7423,6,Protein Enjoyers
7424,1,Vegetables-Hygiene Oriented
7425,0,Older Long-Tenure Grocery
7426,2,Young Grocery
7427,4,Promotion Seekers
7428,3,Tech Enthusiasts
7429,7,Service Sensitive
7430,4,Promotion Seekers
7431,2,Young Grocery
7432,1,Vegetables-Hygiene Oriented
7433,6,Protein Enjoyers
7434,0,Older Long-Tenure Grocery
7435,2,Young Grocery
7436,1,Vegetables-Hygiene Oriented
7437,0,Older Long-Tenure Grocery
7438,0,Older Long-Tenure Grocery
7439,0,Older Long-Tenure Grocery
7440,0,Older Long-Tenure Grocery
7441,1,Vegetables-Hygiene Oriented
7442,4,Promotion Seekers
7445,5,Large Families
7446,4,Promotion Seekers
7447,0,Older Long-Tenure Grocery
7448,0,Older Long-Tenure Grocery
7449,2,Young Grocery
7450,7,Service Sensitive
7451,4,Promotion Seekers
7452,0,Older Long-Tenure Grocery
7453,4,Promotion Seekers
7454,0,Older Long-Tenure Grocery
7455,6,Protein Enjoyers
7456,3,Tech Enthusiasts
7457,0,Older Long-Tenure Grocery
7459,5,Large Families
7462,4,Promotion Seekers
7463,0,Older Long-Tenure Grocery
7464,7,Service Sensitive
7465,4,Promotion Seekers
7467,2,Young Grocery
7468,0,Older Long-Tenure Grocery
7469,3,Tech Enthusiasts
7470,2,Young Grocery
7471,5,Large Families
7472,5,Large Families
7474,0,Older Long-Tenure Grocery
7475,7,Service Sensitive
7476,1,Vegetables-Hygiene Oriented
7477,2,Young Grocery
7478,2,Young Grocery
7479,2,Young Grocery
7480,0,Older Long-Tenure Grocery
7482,5,Large Families
7483,4,Promotion Seekers
7485,3,Tech Enthusiasts
7486,1,Vegetables-Hygiene Oriented
7490,4,Promotion Seekers
7491,4,Promotion Seekers
7492,2,Young Grocery
7493,7,Service Sensitive
7494,4,Promotion Seekers
7495,0,Older Long-Tenure Grocery
7496,0,Older Long-Tenure Grocery
7498,0,Older Long-Tenure Grocery
7499,4,Promotion Seekers
7500,0,Older Long-Tenure Grocery
7501,5,Large Families
7502,0,Older Long-Tenure Grocery
7503,1,Vegetables-Hygiene Oriented
7504,2,Young Grocery
7506,1,Vegetables-Hygiene Oriented
7509,3,Tech Enthusiasts
7511,1,Vegetables-Hygiene Oriented
7512,7,Service Sensitive
7513,1,Vegetables-Hygiene Oriented
7514,4,Promotion Seekers
7515,2,Young Grocery
7516,0,Older Long-Tenure Grocery
7517,7,Service Sensitive
7518,4,Promotion Seekers
7519,4,Promotion Seekers
7520,1,Vegetables-Hygiene Oriented
7521,5,Large Families
7522,6,Protein Enjoyers
7523,7,Service Sensitive
7524,0,Older Long-Tenure Grocery
7525,4,Promotion Seekers
7526,0,Older Long-Tenure Grocery
7527,4,Promotion Seekers
7529,7,Service Sensitive
7530,4,Promotion Seekers
7531,4,Promotion Seekers
7533,2,Young Grocery
7534,0,Older Long-Tenure Grocery
7535,0,Older Long-Tenure Grocery
7536,0,Older Long-Tenure Grocery
7537,0,Older Long-Tenure Grocery
7538,0,Older Long-Tenure Grocery
7539,3,Tech Enthusiasts
7540,4,Promotion Seekers
7541,4,Promotion Seekers
7542,7,Service Sensitive
7543,3,Tech Enthusiasts
7544,7,Service Sensitive
7545,3,Tech Enthusiasts
7547,0,Older Long-Tenure Grocery
7548,3,Tech Enthusiasts
7549,1,Vegetables-Hygiene Oriented
7550,4,Promotion Seekers
7551,1,Vegetables-Hygiene Oriented
7552,2,Young Grocery
7553,2,Young Grocery
7555,0,Older Long-Tenure Grocery
7556,3,Tech Enthusiasts
7557,2,Young Grocery
7558,1,Vegetables-Hygiene Oriented
7559,4,Promotion Seekers
7560,4,Promotion Seekers
7561,1,Vegetables-Hygiene Oriented
7562,1,Vegetables-Hygiene Oriented
7563,0,Older Long-Tenure Grocery
7564,2,Young Grocery
7566,2,Young Grocery
7569,4,Promotion Seekers
7571,7,Service Sensitive
7572,4,Promotion Seekers
7573,3,Tech Enthusiasts
7574,1,Vegetables-Hygiene Oriented
7575,1,Vegetables-Hygiene Oriented
7576,4,Promotion Seekers
7577,2,Young Grocery
7578,0,Older Long-Tenure Grocery
7580,1,Vegetables-Hygiene Oriented
7581,7,Service Sensitive
7582,2,Young Grocery
7583,4,Promotion Seekers
7584,0,Older Long-Tenure Grocery
7586,3,Tech Enthusiasts
7587,4,Promotion Seekers
7588,4,Promotion Seekers
7589,7,Service Sensitive
7590,6,Protein Enjoyers
7591,2,Young Grocery
7592,1,Vegetables-Hygiene Oriented
7594,4,Promotion Seekers
7595,3,Tech Enthusiasts
7596,4,Promotion Seekers
7597,4,Promotion Seekers
7598,7,Service Sensitive
7599,4,Promotion Seekers
7600,6,Protein Enjoyers
7601,0,Older Long-Tenure Grocery
7602,4,Promotion Seekers
7603,0,Older Long-Tenure Grocery
7604,4,Promotion Seekers
7605,4,Promotion Seekers
7607,0,Older Long-Tenure Grocery
7608,1,Vegetables-Hygiene Oriented
7609,6,Protein Enjoyers
7610,1,Vegetables-Hygiene Oriented
7611,4,Promotion Seekers
7612,7,Service Sensitive
7613,7,Service Sensitive
7615,0,Older Long-Tenure Grocery
7617,4,Promotion Seekers
7618,1,Vegetables-Hygiene Oriented
7619,7,Service Sensitive
7620,2,Young Grocery
7621,4,Promotion Seekers
7623,7,Service Sensitive
7625,2,Young Grocery
7626,7,Service Sensitive
7627,4,Promotion Seekers
7628,1,Vegetables-Hygiene Oriented
7629,7,Service Sensitive
7630,1,Vegetables-Hygiene Oriented
7631,4,Promotion Seekers
7633,4,Promotion Seekers
7634,3,Tech Enthusiasts
7635,2,Young Grocery
7636,4,Promotion Seekers
7637,2,Young Grocery
7638,5,Large Families
7639,1,Vegetables-Hygiene Oriented
7640,0,Older Long-Tenure Grocery
7641,3,Tech Enthusiasts
7642,0,Older Long-Tenure Grocery
7643,7,Service Sensitive
7644,1,Vegetables-Hygiene Oriented
7645,1,Vegetables-Hygiene Oriented
7646,4,Promotion Seekers
7647,2,Young Grocery
7648,4,Promotion Seekers
7650,4,Promotion Seekers
7652,5,Large Families
7653,4,Promotion Seekers
7654,7,Service Sensitive
7655,7,Service Sensitive
7656,0,Older Long-Tenure Grocery
7657,2,Young Grocery
7658,4,Promotion Seekers
7660,2,Young Grocery
7661,2,Young Grocery
7663,4,Promotion Seekers
7664,6,Protein Enjoyers
7665,2,Young Grocery
7666,0,Older Long-Tenure Grocery
7668,4,Promotion Seekers
7669,6,Protein Enjoyers
7671,2,Young Grocery
7672,2,Young Grocery
7673,7,Service Sensitive
7674,4,Promotion Seekers
7675,7,Service Sensitive
7676,4,Promotion Seekers
7677,0,Older Long-Tenure Grocery
7678,7,Service Sensitive
7679,1,Vegetables-Hygiene Oriented
7682,6,Protein Enjoyers
7683,2,Young Grocery
7684,0,Older Long-Tenure Grocery
7685,7,Service Sensitive
7686,1,Vegetables-Hygiene Oriented
7687,7,Service Sensitive
7688,7,Service Sensitive
7690,4,Promotion Seekers
7691,1,Vegetables-Hygiene Oriented
7692,1,Vegetables-Hygiene Oriented
7693,2,Young Grocery
7694,5,Large Families
7695,5,Large Families
7698,7,Service Sensitive
7699,0,Older Long-Tenure Grocery
7700,1,Vegetables-Hygiene Oriented
7701,2,Young Grocery
7702,4,Promotion Seekers
7704,4,Promotion Seekers
7705,0,Older Long-Tenure Grocery
7706,1,Vegetables-Hygiene Oriented
7707,1,Vegetables-Hygiene Oriented
7708,0,Older Long-Tenure Grocery
7709,2,Young Grocery
7711,1,Vegetables-Hygiene Oriented
7712,0,Older Long-Tenure Grocery
7713,6,Protein Enjoyers
7714,7,Service Sensitive
7715,0,Older Long-Tenure Grocery
7716,1,Vegetables-Hygiene Oriented
7717,0,Older Long-Tenure Grocery
7719,0,Older Long-Tenure Grocery
7720,3,Tech Enthusiasts
7721,4,Promotion Seekers
7722,2,Young Grocery
7723,5,Large Families
7724,2,Young Grocery
7725,1,Vegetables-Hygiene Oriented
7727,1,Vegetables-Hygiene Oriented
7728,3,Tech Enthusiasts
7729,4,Promotion Seekers
7730,5,Large Families
7731,1,Vegetables-Hygiene Oriented
7734,7,Service Sensitive
7735,3,Tech Enthusiasts
7737,6,Protein Enjoyers
7739,4,Promotion Seekers
7741,0,Older Long-Tenure Grocery
7743,4,Promotion Seekers
7744,4,Promotion Seekers
7745,3,Tech Enthusiasts
7747,4,Promotion Seekers
7748,1,Vegetables-Hygiene Oriented
7749,4,Promotion Seekers
7750,1,Vegetables-Hygiene Oriented
7751,1,Vegetables-Hygiene Oriented
7752,3,Tech Enthusiasts
7753,6,Protein Enjoyers
7754,0,Older Long-Tenure Grocery
7755,1,Vegetables-Hygiene Oriented
7756,1,Vegetables-Hygiene Oriented
7757,5,Large Families
7758,2,Young Grocery
7760,3,Tech Enthusiasts
7761,4,Promotion Seekers
7762,0,Older Long-Tenure Grocery
7763,0,Older Long-Tenure Grocery
7764,1,Vegetables-Hygiene Oriented
7765,4,Promotion Seekers
7766,4,Promotion Seekers
7767,1,Vegetables-Hygiene Oriented
7768,3,Tech Enthusiasts
7769,4,Promotion Seekers
7770,7,Service Sensitive
7771,4,Promotion Seekers
7772,1,Vegetables-Hygiene Oriented
7773,2,Young Grocery
7774,5,Large Families
7775,3,Tech Enthusiasts
7776,0,Older Long-Tenure Grocery
7777,4,Promotion Seekers
7779,1,Vegetables-Hygiene Oriented
7782,2,Young Grocery
7783,1,Vegetables-Hygiene Oriented
7784,4,Promotion Seekers
7786,1,Vegetables-Hygiene Oriented
7787,4,Promotion Seekers
7789,2,Young Grocery
7790,7,Service Sensitive
7791,5,Large Families
7792,4,Promotion Seekers
7793,3,Tech Enthusiasts
7794,7,Service Sensitive
7795,0,Older Long-Tenure Grocery
7796,2,Young Grocery
7799,5,Large Families
7801,3,Tech Enthusiasts
7802,1,Vegetables-Hygiene Oriented
7803,7,Service Sensitive
7804,2,Young Grocery
7805,4,Promotion Seekers
7806,4,Promotion Seekers
7807,2,Young Grocery
7809,2,Young Grocery
7810,2,Young Grocery
7811,6,Protein Enjoyers
7814,7,Service Sensitive
7815,5,Large Families
7816,1,Vegetables-Hygiene Oriented
7817,3,Tech Enthusiasts
7818,4,Promotion Seekers
7819,7,Service Sensitive
7820,3,Tech Enthusiasts
7821,2,Young Grocery
7822,2,Young Grocery
7823,0,Older Long-Tenure Grocery
7825,3,Tech Enthusiasts
7826,0,Older Long-Tenure Grocery
7827,2,Young Grocery
7829,7,Service Sensitive
7831,1,Vegetables-Hygiene Oriented
7832,2,Young Grocery
7833,6,Protein Enjoyers
7836,0,Older Long-Tenure Grocery
7837,2,Young Grocery
7838,4,Promotion Seekers
7839,0,Older Long-Tenure Grocery
7840,0,Older Long-Tenure Grocery
7841,0,Older Long-Tenure Grocery
7842,2,Young Grocery
7843,4,Promotion Seekers
7844,0,Older Long-Tenure Grocery
7845,1,Vegetables-Hygiene Oriented
7846,6,Protein Enjoyers
7847,3,Tech Enthusiasts
7848,3,Tech Enthusiasts
7849,0,Older Long-Tenure Grocery
7850,7,Service Sensitive
7851,2,Young Grocery
7853,7,Service Sensitive
7854,4,Promotion Seekers
7855,0,Older Long-Tenure Grocery
7856,4,Promotion Seekers
7857,4,Promotion Seekers
7859,6,Protein Enjoyers
7860,1,Vegetables-Hygiene Oriented
7861,0,Older Long-Tenure Grocery
7862,4,Promotion Seekers
7863,1,Vegetables-Hygiene Oriented
7864,5,Large Families
7865,6,Protein Enjoyers
7866,7,Service Sensitive
7867,6,Protein Enjoyers
7868,1,Vegetables-Hygiene Oriented
7869,7,Service Sensitive
7871,0,Older Long-Tenure Grocery
7873,4,Promotion Seekers
7874,0,Older Long-Tenure Grocery
7875,2,Young Grocery
7876,3,Tech Enthusiasts
7877,0,Older Long-Tenure Grocery
7879,5,Large Families
7880,4,Promotion Seekers
7881,6,Protein Enjoyers
7882,4,Promotion Seekers
7883,0,Older Long-Tenure Grocery
7884,0,Older Long-Tenure Grocery
7885,1,Vegetables-Hygiene Oriented
7887,3,Tech Enthusiasts
7888,4,Promotion Seekers
7889,1,Vegetables-Hygiene Oriented
7890,0,Older Long-Tenure Grocery
7891,0,Older Long-Tenure Grocery
7892,2,Young Grocery
7893,7,Service Sensitive
7896,4,Promotion Seekers
7897,3,Tech Enthusiasts
7898,2,Young Grocery
7899,0,Older Long-Tenure Grocery
7900,1,Vegetables-Hygiene Oriented
7901,0,Older Long-Tenure Grocery
7902,2,Young Grocery
7903,0,Older Long-Tenure Grocery
7904,2,Young Grocery
7906,4,Promotion Seekers
7908,3,Tech Enthusiasts
7909,0,Older Long-Tenure Grocery
7910,1,Vegetables-Hygiene Oriented
7911,6,Protein Enjoyers
7912,4,Promotion Seekers
7913,2,Young Grocery
7914,5,Large Families
7915,4,Promotion Seekers
7916,4,Promotion Seekers
7917,1,Vegetables-Hygiene Oriented
7920,1,Vegetables-Hygiene Oriented
7921,0,Older Long-Tenure Grocery
7924,0,Older Long-Tenure Grocery
7926,7,Service Sensitive
7927,4,Promotion Seekers
7928,1,Vegetables-Hygiene Oriented
7930,2,Young Grocery
7931,0,Older Long-Tenure Grocery
7932,4,Promotion Seekers
7933,7,Service Sensitive
7934,2,Young Grocery
7935,1,Vegetables-Hygiene Oriented
7936,7,Service Sensitive
7937,1,Vegetables-Hygiene Oriented
7938,2,Young Grocery
7940,0,Older Long-Tenure Grocery
7941,1,Vegetables-Hygiene Oriented
7942,0,Older Long-Tenure Grocery
7944,5,Large Families
7945,1,Vegetables-Hygiene Oriented
7946,2,Young Grocery
7948,5,Large Families
7950,7,Service Sensitive
7951,2,Young Grocery
7952,3,Tech Enthusiasts
7953,4,Promotion Seekers
7954,6,Protein Enjoyers
7955,4,Promotion Seekers
7956,4,Promotion Seekers
7957,2,Young Grocery
7958,1,Vegetables-Hygiene Oriented
7959,7,Service Sensitive
7961,2,Young Grocery
7962,0,Older Long-Tenure Grocery
7963,3,Tech Enthusiasts
7964,1,Vegetables-Hygiene Oriented
7965,0,Older Long-Tenure Grocery
7966,0,Older Long-Tenure Grocery
7967,4,Promotion Seekers
7968,4,Promotion Seekers
7970,7,Service Sensitive
7971,4,Promotion Seekers
7972,0,Older Long-Tenure Grocery
7973,3,Tech Enthusiasts
7974,1,Vegetables-Hygiene Oriented
7975,0,Older Long-Tenure Grocery
7976,0,Older Long-Tenure Grocery
7977,3,Tech Enthusiasts
7978,3,Tech Enthusiasts
7979,4,Promotion Seekers
7980,0,Older Long-Tenure Grocery
7981,2,Young Grocery
7983,2,Young Grocery
7985,6,Protein Enjoyers
7987,4,Promotion Seekers
7988,3,Tech Enthusiasts
7989,2,Young Grocery
7992,5,Large Families
7993,0,Older Long-Tenure Grocery
7994,0,Older Long-Tenure Grocery
7995,2,Young Grocery
7998,6,Protein Enjoyers
7999,4,Promotion Seekers
8000,1,Vegetables-Hygiene Oriented
8001,1,Vegetables-Hygiene Oriented
8002,4,Promotion Seekers
8003,6,Protein Enjoyers
8005,5,Large Families
8006,7,Service Sensitive
8007,6,Protein Enjoyers
8008,7,Service Sensitive
8009,5,Large Families
8010,7,Service Sensitive
8011,1,Vegetables-Hygiene Oriented
8013,1,Vegetables-Hygiene Oriented
8014,0,Older Long-Tenure Grocery
8015,4,Promotion Seekers
8016,0,Older Long-Tenure Grocery
8017,0,Older Long-Tenure Grocery
8019,6,Protein Enjoyers
8020,5,Large Families
8021,3,Tech Enthusiasts
8022,7,Service Sensitive
8023,0,Older Long-Tenure Grocery
8024,0,Older Long-Tenure Grocery
8025,6,Protein Enjoyers
8026,0,Older Long-Tenure Grocery
8027,0,Older Long-Tenure Grocery
8028,2,Young Grocery
8029,4,Promotion Seekers
8030,1,Vegetables-Hygiene Oriented
8031,0,Older Long-Tenure Grocery
8032,2,Young Grocery
8033,6,Protein Enjoyers
8035,0,Older Long-Tenure Grocery
8036,1,Vegetables-Hygiene Oriented
8037,4,Promotion Seekers
8039,0,Older Long-Tenure Grocery
8040,2,Young Grocery
8042,1,Vegetables-Hygiene Oriented
8043,1,Vegetables-Hygiene Oriented
8044,3,Tech Enthusiasts
8045,5,Large Families
8046,7,Service Sensitive
8047,2,Young Grocery
8048,6,Protein Enjoyers
8049,0,Older Long-Tenure Grocery
8050,6,Protein Enjoyers
8051,1,Vegetables-Hygiene Oriented
8052,0,Older Long-Tenure Grocery
8053,4,Promotion Seekers
8054,3,Tech Enthusiasts
8056,4,Promotion Seekers
8057,0,Older Long-Tenure Grocery
8058,4,Promotion Seekers
8059,1,Vegetables-Hygiene Oriented
8060,6,Protein Enjoyers
8061,3,Tech Enthusiasts
8062,4,Promotion Seekers
8063,0,Older Long-Tenure Grocery
8064,4,Promotion Seekers
8065,7,Service Sensitive
8066,6,Protein Enjoyers
8067,0,Older Long-Tenure Grocery
8068,2,Young Grocery
8069,0,Older Long-Tenure Grocery
8070,1,Vegetables-Hygiene Oriented
8071,1,Vegetables-Hygiene Oriented
8072,0,Older Long-Tenure Grocery
8073,1,Vegetables-Hygiene Oriented
8074,0,Older Long-Tenure Grocery
8075,7,Service Sensitive
8076,1,Vegetables-Hygiene Oriented
8077,6,Protein Enjoyers
8078,5,Large Families
8079,3,Tech Enthusiasts
8080,5,Large Families
8081,7,Service Sensitive
8082,2,Young Grocery
8083,1,Vegetables-Hygiene Oriented
8084,2,Young Grocery
8085,5,Large Families
8086,1,Vegetables-Hygiene Oriented
8087,4,Promotion Seekers
8088,6,Protein Enjoyers
8089,5,Large Families
8093,4,Promotion Seekers
8094,2,Young Grocery
8095,2,Young Grocery
8098,4,Promotion Seekers
8099,4,Promotion Seekers
8100,0,Older Long-Tenure Grocery
8102,6,Protein Enjoyers
8104,0,Older Long-Tenure Grocery
8105,1,Vegetables-Hygiene Oriented
8107,0,Older Long-Tenure Grocery
8108,2,Young Grocery
8109,2,Young Grocery
8110,6,Protein Enjoyers
8111,1,Vegetables-Hygiene Oriented
8112,1,Vegetables-Hygiene Oriented
8114,3,Tech Enthusiasts
8115,1,Vegetables-Hygiene Oriented
8116,4,Promotion Seekers
8117,7,Service Sensitive
8118,0,Older Long-Tenure Grocery
8119,0,Older Long-Tenure Grocery
8121,1,Vegetables-Hygiene Oriented
8122,0,Older Long-Tenure Grocery
8123,5,Large Families
8124,4,Promotion Seekers
8125,1,Vegetables-Hygiene Oriented
8126,0,Older Long-Tenure Grocery
8127,0,Older Long-Tenure Grocery
8128,7,Service Sensitive
8129,7,Service Sensitive
8130,2,Young Grocery
8131,4,Promotion Seekers
8132,4,Promotion Seekers
8135,1,Vegetables-Hygiene Oriented
8136,1,Vegetables-Hygiene Oriented
8137,1,Vegetables-Hygiene Oriented
8138,5,Large Families
8140,4,Promotion Seekers
8141,0,Older Long-Tenure Grocery
8143,1,Vegetables-Hygiene Oriented
8144,7,Service Sensitive
8145,5,Large Families
8146,0,Older Long-Tenure Grocery
8147,0,Older Long-Tenure Grocery
8148,0,Older Long-Tenure Grocery
8149,3,Tech Enthusiasts
8150,3,Tech Enthusiasts
8151,4,Promotion Seekers
8153,2,Young Grocery
8154,2,Young Grocery
8157,1,Vegetables-Hygiene Oriented
8158,0,Older Long-Tenure Grocery
8159,6,Protein Enjoyers
8160,1,Vegetables-Hygiene Oriented
8161,4,Promotion Seekers
8162,1,Vegetables-Hygiene Oriented
8163,7,Service Sensitive
8164,1,Vegetables-Hygiene Oriented
8165,0,Older Long-Tenure Grocery
8166,4,Promotion Seekers
8167,0,Older Long-Tenure Grocery
8168,3,Tech Enthusiasts
8170,0,Older Long-Tenure Grocery
8171,2,Young Grocery
8172,4,Promotion Seekers
8173,6,Protein Enjoyers
8174,4,Promotion Seekers
8175,4,Promotion Seekers
8176,0,Older Long-Tenure Grocery
8177,1,Vegetables-Hygiene Oriented
8178,0,Older Long-Tenure Grocery
8179,5,Large Families
8181,5,Large Families
8182,3,Tech Enthusiasts
8183,4,Promotion Seekers
8184,3,Tech Enthusiasts
8186,0,Older Long-Tenure Grocery
8187,2,Young Grocery
8188,4,Promotion Seekers
8190,3,Tech Enthusiasts
8192,6,Protein Enjoyers
8193,6,Protein Enjoyers
8194,3,Tech Enthusiasts
8195,4,Promotion Seekers
8197,7,Service Sensitive
8198,6,Protein Enjoyers
8199,5,Large Families
8200,4,Promotion Seekers
8203,7,Service Sensitive
8204,1,Vegetables-Hygiene Oriented
8206,4,Promotion Seekers
8207,1,Vegetables-Hygiene Oriented
8208,1,Vegetables-Hygiene Oriented
8209,7,Service Sensitive
8210,0,Older Long-Tenure Grocery
8211,4,Promotion Seekers
8212,1,Vegetables-Hygiene Oriented
8213,7,Service Sensitive
8214,4,Promotion Seekers
8215,1,Vegetables-Hygiene Oriented
8216,1,Vegetables-Hygiene Oriented
8217,7,Service Sensitive
8220,7,Service Sensitive
8221,7,Service Sensitive
8222,1,Vegetables-Hygiene Oriented
8223,2,Young Grocery
8224,7,Service Sensitive
8225,1,Vegetables-Hygiene Oriented
8226,4,Promotion Seekers
8227,4,Promotion Seekers
8228,1,Vegetables-Hygiene Oriented
8229,6,Protein Enjoyers
8231,2,Young Grocery
8232,7,Service Sensitive
8233,2,Young Grocery
8234,4,Promotion Seekers
8235,3,Tech Enthusiasts
8236,0,Older Long-Tenure Grocery
8237,7,Service Sensitive
8239,0,Older Long-Tenure Grocery
8242,0,Older Long-Tenure Grocery
8243,2,Young Grocery
8244,1,Vegetables-Hygiene Oriented
8245,7,Service Sensitive
8246,3,Tech Enthusiasts
8247,2,Young Grocery
8248,2,Young Grocery
8250,6,Protein Enjoyers
8251,0,Older Long-Tenure Grocery
8252,2,Young Grocery
8253,5,Large Families
8254,1,Vegetables-Hygiene Oriented
8255,3,Tech Enthusiasts
8256,2,Young Grocery
8257,3,Tech Enthusiasts
8258,4,Promotion Seekers
8259,0,Older Long-Tenure Grocery
8260,0,Older Long-Tenure Grocery
8261,0,Older Long-Tenure Grocery
8262,1,Vegetables-Hygiene Oriented
8263,5,Large Families
8265,0,Older Long-Tenure Grocery
8266,4,Promotion Seekers
8267,1,Vegetables-Hygiene Oriented
8268,0,Older Long-Tenure Grocery
8269,6,Protein Enjoyers
8270,1,Vegetables-Hygiene Oriented
8271,4,Promotion Seekers
8273,0,Older Long-Tenure Grocery
8274,6,Protein Enjoyers
8275,7,Service Sensitive
8276,7,Service Sensitive
8277,2,Young Grocery
8279,0,Older Long-Tenure Grocery
8280,0,Older Long-Tenure Grocery
8281,6,Protein Enjoyers
8282,0,Older Long-Tenure Grocery
8283,2,Young Grocery
8284,1,Vegetables-Hygiene Oriented
8285,2,Young Grocery
8287,0,Older Long-Tenure Grocery
8288,4,Promotion Seekers
8289,0,Older Long-Tenure Grocery
8290,0,Older Long-Tenure Grocery
8291,1,Vegetables-Hygiene Oriented
8292,5,Large Families
8294,3,Tech Enthusiasts
8295,0,Older Long-Tenure Grocery
8296,0,Older Long-Tenure Grocery
8297,0,Older Long-Tenure Grocery
8298,4,Promotion Seekers
8300,1,Vegetables-Hygiene Oriented
8301,0,Older Long-Tenure Grocery
8302,5,Large Families
8303,4,Promotion Seekers
8304,1,Vegetables-Hygiene Oriented
8305,6,Protein Enjoyers
8306,1,Vegetables-Hygiene Oriented
8307,2,Young Grocery
8309,1,Vegetables-Hygiene Oriented
8310,3,Tech Enthusiasts
8311,2,Young Grocery
8312,0,Older Long-Tenure Grocery
8313,5,Large Families
8314,7,Service Sensitive
8316,5,Large Families
8317,4,Promotion Seekers
8318,2,Young Grocery
8319,0,Older Long-Tenure Grocery
8321,2,Young Grocery
8322,0,Older Long-Tenure Grocery
8323,4,Promotion Seekers
8324,0,Older Long-Tenure Grocery
8325,7,Service Sensitive
8326,1,Vegetables-Hygiene Oriented
8327,4,Promotion Seekers
8328,4,Promotion Seekers
8329,2,Young Grocery
8331,2,Young Grocery
8333,2,Young Grocery
8334,0,Older Long-Tenure Grocery
8335,2,Young Grocery
8336,5,Large Families
8337,3,Tech Enthusiasts
8338,0,Older Long-Tenure Grocery
8339,6,Protein Enjoyers
8340,2,Young Grocery
8341,1,Vegetables-Hygiene Oriented
8342,0,Older Long-Tenure Grocery
8343,0,Older Long-Tenure Grocery
8344,4,Promotion Seekers
8345,2,Young Grocery
8346,1,Vegetables-Hygiene Oriented
8347,0,Older Long-Tenure Grocery
8349,2,Young Grocery
8350,1,Vegetables-Hygiene Oriented
8351,1,Vegetables-Hygiene Oriented
8352,0,Older Long-Tenure Grocery
8353,0,Older Long-Tenure Grocery
8354,2,Young Grocery
8355,5,Large Families
8356,0,Older Long-Tenure Grocery
8357,3,Tech Enthusiasts
8359,1,Vegetables-Hygiene Oriented
8362,0,Older Long-Tenure Grocery
8363,7,Service Sensitive
8365,1,Vegetables-Hygiene Oriented
8366,4,Promotion Seekers
8367,2,Young Grocery
8368,5,Large Families
8369,3,Tech Enthusiasts
8370,0,Older Long-Tenure Grocery
8371,3,Tech Enthusiasts
8372,7,Service Sensitive
8376,5,Large Families
8377,1,Vegetables-Hygiene Oriented
8378,2,Young Grocery
8379,4,Promotion Seekers
8381,2,Young Grocery
8382,5,Large Families
8383,1,Vegetables-Hygiene Oriented
8384,1,Vegetables-Hygiene Oriented
8385,0,Older Long-Tenure Grocery
8386,0,Older Long-Tenure Grocery
8387,2,Young Grocery
8388,7,Service Sensitive
8389,0,Older Long-Tenure Grocery
8390,3,Tech Enthusiasts
8391,0,Older Long-Tenure Grocery
8392,7,Service Sensitive
8394,1,Vegetables-Hygiene Oriented
8395,4,Promotion Seekers
8396,5,Large Families
8398,0,Older Long-Tenure Grocery
8400,1,Vegetables-Hygiene Oriented
8401,2,Young Grocery
8403,0,Older Long-Tenure Grocery
8404,0,Older Long-Tenure Grocery
8405,1,Vegetables-Hygiene Oriented
8406,2,Young Grocery
8407,0,Older Long-Tenure Grocery
8408,3,Tech Enthusiasts
8409,4,Promotion Seekers
8410,6,Protein Enjoyers
8411,1,Vegetables-Hygiene Oriented
8412,2,Young Grocery
8413,6,Protein Enjoyers
8414,5,Large Families
8415,5,Large Families
8416,2,Young Grocery
8419,7,Service Sensitive
8420,4,Promotion Seekers
8422,0,Older Long-Tenure Grocery
8423,0,Older Long-Tenure Grocery
8424,3,Tech Enthusiasts
8425,1,Vegetables-Hygiene Oriented
8426,1,Vegetables-Hygiene Oriented
8427,1,Vegetables-Hygiene Oriented
8428,4,Promotion Seekers
8429,1,Vegetables-Hygiene Oriented
8431,4,Promotion Seekers
8433,2,Young Grocery
8434,0,Older Long-Tenure Grocery
8435,3,Tech Enthusiasts
8436,0,Older Long-Tenure Grocery
8437,1,Vegetables-Hygiene Oriented
8438,1,Vegetables-Hygiene Oriented
8439,5,Large Families
8440,0,Older Long-Tenure Grocery
8441,3,Tech Enthusiasts
8442,6,Protein Enjoyers
8443,4,Promotion Seekers
8445,6,Protein Enjoyers
8446,1,Vegetables-Hygiene Oriented
8447,0,Older Long-Tenure Grocery
8449,1,Vegetables-Hygiene Oriented
8450,2,Young Grocery
8451,4,Promotion Seekers
8452,3,Tech Enthusiasts
8453,6,Protein Enjoyers
8455,7,Service Sensitive
8456,1,Vegetables-Hygiene Oriented
8457,2,Young Grocery
8458,0,Older Long-Tenure Grocery
8459,1,Vegetables-Hygiene Oriented
8460,4,Promotion Seekers
8461,2,Young Grocery
8463,0,Older Long-Tenure Grocery
8464,4,Promotion Seekers
8465,4,Promotion Seekers
8466,6,Protein Enjoyers
8467,1,Vegetables-Hygiene Oriented
8468,4,Promotion Seekers
8470,1,Vegetables-Hygiene Oriented
8471,4,Promotion Seekers
8472,4,Promotion Seekers
8473,4,Promotion Seekers
8474,4,Promotion Seekers
8475,4,Promotion Seekers
8476,2,Young Grocery
8477,6,Protein Enjoyers
8478,7,Service Sensitive
8479,6,Protein Enjoyers
8480,4,Promotion Seekers
8481,2,Young Grocery
8482,7,Service Sensitive
8485,0,Older Long-Tenure Grocery
8486,0,Older Long-Tenure Grocery
8487,0,Older Long-Tenure Grocery
8488,2,Young Grocery
8489,4,Promotion Seekers
8490,1,Vegetables-Hygiene Oriented
8492,4,Promotion Seekers
8493,2,Young Grocery
8494,0,Older Long-Tenure Grocery
8495,3,Tech Enthusiasts
8496,0,Older Long-Tenure Grocery
8497,0,Older Long-Tenure Grocery
8499,7,Service Sensitive
8500,1,Vegetables-Hygiene Oriented
8501,4,Promotion Seekers
8502,3,Tech Enthusiasts
8503,4,Promotion Seekers
8504,1,Vegetables-Hygiene Oriented
8506,3,Tech Enthusiasts
8507,4,Promotion Seekers
8508,0,Older Long-Tenure Grocery
8509,0,Older Long-Tenure Grocery
8511,1,Vegetables-Hygiene Oriented
8512,7,Service Sensitive
8513,7,Service Sensitive
8514,1,Vegetables-Hygiene Oriented
8515,5,Large Families
8517,0,Older Long-Tenure Grocery
8518,0,Older Long-Tenure Grocery
8519,1,Vegetables-Hygiene Oriented
8520,1,Vegetables-Hygiene Oriented
8521,6,Protein Enjoyers
8522,2,Young Grocery
8523,4,Promotion Seekers
8525,7,Service Sensitive
8527,2,Young Grocery
8530,0,Older Long-Tenure Grocery
8531,6,Protein Enjoyers
8532,0,Older Long-Tenure Grocery
8533,2,Young Grocery
8534,5,Large Families
8535,6,Protein Enjoyers
8536,4,Promotion Seekers
8537,4,Promotion Seekers
8538,7,Service Sensitive
8539,6,Protein Enjoyers
8540,7,Service Sensitive
8541,5,Large Families
8542,7,Service Sensitive
8544,7,Service Sensitive
8546,4,Promotion Seekers
8548,6,Protein Enjoyers
8549,4,Promotion Seekers
8550,6,Protein Enjoyers
8551,2,Young Grocery
8552,2,Young Grocery
8553,1,Vegetables-Hygiene Oriented
8555,2,Young Grocery
8556,1,Vegetables-Hygiene Oriented
8557,4,Promotion Seekers
8558,2,Young Grocery
8559,1,Vegetables-Hygiene Oriented
8560,0,Older Long-Tenure Grocery
8561,7,Service Sensitive
8562,0,Older Long-Tenure Grocery
8564,1,Vegetables-Hygiene Oriented
8565,3,Tech Enthusiasts
8566,4,Promotion Seekers
8567,5,Large Families
8569,0,Older Long-Tenure Grocery
8571,0,Older Long-Tenure Grocery
8572,0,Older Long-Tenure Grocery
8573,1,Vegetables-Hygiene Oriented
8575,1,Vegetables-Hygiene Oriented
8576,1,Vegetables-Hygiene Oriented
8577,7,Service Sensitive
8578,0,Older Long-Tenure Grocery
8579,3,Tech Enthusiasts
8580,5,Large Families
8582,4,Promotion Seekers
8583,1,Vegetables-Hygiene Oriented
8584,1,Vegetables-Hygiene Oriented
8585,1,Vegetables-Hygiene Oriented
8587,1,Vegetables-Hygiene Oriented
8588,4,Promotion Seekers
8589,7,Service Sensitive
8590,1,Vegetables-Hygiene Oriented
8591,4,Promotion Seekers
8592,7,Service Sensitive
8593,4,Promotion Seekers
8594,6,Protein Enjoyers
8595,5,Large Families
8597,0,Older Long-Tenure Grocery
8598,4,Promotion Seekers
8601,4,Promotion Seekers
8603,7,Service Sensitive
8604,0,Older Long-Tenure Grocery
8605,0,Older Long-Tenure Grocery
8607,0,Older Long-Tenure Grocery
8608,2,Young Grocery
8609,0,Older Long-Tenure Grocery
8610,4,Promotion Seekers
8611,0,Older Long-Tenure Grocery
8612,0,Older Long-Tenure Grocery
8613,7,Service Sensitive
8615,1,Vegetables-Hygiene Oriented
8616,2,Young Grocery
8617,1,Vegetables-Hygiene Oriented
8618,3,Tech Enthusiasts
8619,0,Older Long-Tenure Grocery
8620,7,Service Sensitive
8621,2,Young Grocery
8622,0,Older Long-Tenure Grocery
8623,2,Young Grocery
8624,2,Young Grocery
8626,0,Older Long-Tenure Grocery
8627,2,Young Grocery
8628,0,Older Long-Tenure Grocery
8629,7,Service Sensitive
8630,7,Service Sensitive
8631,0,Older Long-Tenure Grocery
8632,2,Young Grocery
8633,4,Promotion Seekers
8634,0,Older Long-Tenure Grocery
8635,5,Large Families
8636,5,Large Families
8637,7,Service Sensitive
8638,2,Young Grocery
8639,5,Large Families
8640,2,Young Grocery
8642,0,Older Long-Tenure Grocery
8643,7,Service Sensitive
8644,0,Older Long-Tenure Grocery
8645,7,Service Sensitive
8646,7,Service Sensitive
8647,6,Protein Enjoyers
8649,1,Vegetables-Hygiene Oriented
8650,4,Promotion Seekers
8652,1,Vegetables-Hygiene Oriented
8653,0,Older Long-Tenure Grocery
8654,1,Vegetables-Hygiene Oriented
8655,2,Young Grocery
8656,0,Older Long-Tenure Grocery
8657,3,Tech Enthusiasts
8658,2,Young Grocery
8659,2,Young Grocery
8660,1,Vegetables-Hygiene Oriented
8661,1,Vegetables-Hygiene Oriented
8662,0,Older Long-Tenure Grocery
8663,4,Promotion Seekers
8664,1,Vegetables-Hygiene Oriented
8666,1,Vegetables-Hygiene Oriented
8667,3,Tech Enthusiasts
8668,2,Young Grocery
8669,0,Older Long-Tenure Grocery
8670,4,Promotion Seekers
8671,0,Older Long-Tenure Grocery
8675,4,Promotion Seekers
8676,4,Promotion Seekers
8677,7,Service Sensitive
8678,1,Vegetables-Hygiene Oriented
8680,7,Service Sensitive
8682,0,Older Long-Tenure Grocery
8683,2,Young Grocery
8684,3,Tech Enthusiasts
8685,7,Service Sensitive
8686,4,Promotion Seekers
8687,2,Young Grocery
8688,5,Large Families
8689,1,Vegetables-Hygiene Oriented
8690,1,Vegetables-Hygiene Oriented
8691,2,Young Grocery
8692,0,Older Long-Tenure Grocery
8693,0,Older Long-Tenure Grocery
8694,2,Young Grocery
8695,1,Vegetables-Hygiene Oriented
8696,1,Vegetables-Hygiene Oriented
8697,0,Older Long-Tenure Grocery
8698,1,Vegetables-Hygiene Oriented
8699,3,Tech Enthusiasts
8700,0,Older Long-Tenure Grocery
8701,4,Promotion Seekers
8702,2,Young Grocery
8703,2,Young Grocery
8704,6,Protein Enjoyers
8705,0,Older Long-Tenure Grocery
8706,7,Service Sensitive
8707,2,Young Grocery
8708,2,Young Grocery
8709,2,Young Grocery
8710,4,Promotion Seekers
8711,2,Young Grocery
8712,4,Promotion Seekers
8713,1,Vegetables-Hygiene Oriented
8714,1,Vegetables-Hygiene Oriented
8715,1,Vegetables-Hygiene Oriented
8716,0,Older Long-Tenure Grocery
8717,5,Large Families
8718,4,Promotion Seekers
8719,1,Vegetables-Hygiene Oriented
8720,0,Older Long-Tenure Grocery
8721,0,Older Long-Tenure Grocery
8722,4,Promotion Seekers
8723,7,Service Sensitive
8724,5,Large Families
8725,5,Large Families
8726,7,Service Sensitive
8727,2,Young Grocery
8729,1,Vegetables-Hygiene Oriented
8730,1,Vegetables-Hygiene Oriented
8731,4,Promotion Seekers
8732,5,Large Families
8733,0,Older Long-Tenure Grocery
8734,7,Service Sensitive
8737,5,Large Families
8738,7,Service Sensitive
8740,4,Promotion Seekers
8741,0,Older Long-Tenure Grocery
8742,0,Older Long-Tenure Grocery
8743,0,Older Long-Tenure Grocery
8745,3,Tech Enthusiasts
8746,2,Young Grocery
8748,2,Young Grocery
8749,5,Large Families
8750,6,Protein Enjoyers
8751,7,Service Sensitive
8752,4,Promotion Seekers
8753,1,Vegetables-Hygiene Oriented
8754,1,Vegetables-Hygiene Oriented
8755,2,Young Grocery
8756,4,Promotion Seekers
8757,3,Tech Enthusiasts
8759,0,Older Long-Tenure Grocery
8762,0,Older Long-Tenure Grocery
8763,7,Service Sensitive
8765,4,Promotion Seekers
8766,3,Tech Enthusiasts
8767,2,Young Grocery
8769,7,Service Sensitive
8770,0,Older Long-Tenure Grocery
8771,7,Service Sensitive
8773,0,Older Long-Tenure Grocery
8775,1,Vegetables-Hygiene Oriented
8776,0,Older Long-Tenure Grocery
8778,1,Vegetables-Hygiene Oriented
8781,5,Large Families
8782,4,Promotion Seekers
8783,4,Promotion Seekers
8784,4,Promotion Seekers
8785,2,Young Grocery
8786,2,Young Grocery
8787,2,Young Grocery
8788,7,Service Sensitive
8790,2,Young Grocery
8791,1,Vegetables-Hygiene Oriented
8792,4,Promotion Seekers
8794,3,Tech Enthusiasts
8795,4,Promotion Seekers
8796,0,Older Long-Tenure Grocery
8797,0,Older Long-Tenure Grocery
8798,4,Promotion Seekers
8799,1,Vegetables-Hygiene Oriented
8800,2,Young Grocery
8801,4,Promotion Seekers
8802,0,Older Long-Tenure Grocery
8803,2,Young Grocery
8805,6,Protein Enjoyers
8806,0,Older Long-Tenure Grocery
8807,5,Large Families
8809,0,Older Long-Tenure Grocery
8810,7,Service Sensitive
8811,4,Promotion Seekers
8812,1,Vegetables-Hygiene Oriented
8813,5,Large Families
8814,1,Vegetables-Hygiene Oriented
8815,4,Promotion Seekers
8816,6,Protein Enjoyers
8817,1,Vegetables-Hygiene Oriented
8818,3,Tech Enthusiasts
8819,7,Service Sensitive
8820,2,Young Grocery
8821,0,Older Long-Tenure Grocery
8823,0,Older Long-Tenure Grocery
8824,4,Promotion Seekers
8827,0,Older Long-Tenure Grocery
8828,3,Tech Enthusiasts
8829,6,Protein Enjoyers
8830,7,Service Sensitive
8831,7,Service Sensitive
8832,0,Older Long-Tenure Grocery
8833,3,Tech Enthusiasts
8834,0,Older Long-Tenure Grocery
8835,7,Service Sensitive
8836,7,Service Sensitive
8837,5,Large Families
8838,4,Promotion Seekers
8839,0,Older Long-Tenure Grocery
8840,1,Vegetables-Hygiene Oriented
8841,5,Large Families
8842,2,Young Grocery
8843,0,Older Long-Tenure Grocery
8844,0,Older Long-Tenure Grocery
8845,5,Large Families
8846,1,Vegetables-Hygiene Oriented
8847,2,Young Grocery
8848,1,Vegetables-Hygiene Oriented
8849,3,Tech Enthusiasts
8850,6,Protein Enjoyers
8851,0,Older Long-Tenure Grocery
8852,0,Older Long-Tenure Grocery
8854,3,Tech Enthusiasts
8855,7,Service Sensitive
8857,6,Protein Enjoyers
8858,5,Large Families
8860,6,Protein Enjoyers
8861,4,Promotion Seekers
8862,4,Promotion Seekers
8865,6,Protein Enjoyers
8866,0,Older Long-Tenure Grocery
8867,4,Promotion Seekers
8868,1,Vegetables-Hygiene Oriented
8869,4,Promotion Seekers
8870,3,Tech Enthusiasts
8872,2,Young Grocery
8875,4,Promotion Seekers
8876,4,Promotion Seekers
8877,2,Young Grocery
8878,2,Young Grocery
8879,4,Promotion Seekers
8881,0,Older Long-Tenure Grocery
8882,4,Promotion Seekers
8883,5,Large Families
8884,0,Older Long-Tenure Grocery
8885,7,Service Sensitive
8886,4,Promotion Seekers
8887,5,Large Families
8888,1,Vegetables-Hygiene Oriented
8889,0,Older Long-Tenure Grocery
8890,4,Promotion Seekers
8891,4,Promotion Seekers
8893,4,Promotion Seekers
8894,0,Older Long-Tenure Grocery
8895,2,Young Grocery
8896,1,Vegetables-Hygiene Oriented
8897,3,Tech Enthusiasts
8898,0,Older Long-Tenure Grocery
8901,0,Older Long-Tenure Grocery
8902,2,Young Grocery
8903,1,Vegetables-Hygiene Oriented
8904,1,Vegetables-Hygiene Oriented
8907,0,Older Long-Tenure Grocery
8908,4,Promotion Seekers
8909,1,Vegetables-Hygiene Oriented
8910,4,Promotion Seekers
8912,4,Promotion Seekers
8913,1,Vegetables-Hygiene Oriented
8914,3,Tech Enthusiasts
8915,1,Vegetables-Hygiene Oriented
8916,0,Older Long-Tenure Grocery
8917,4,Promotion Seekers
8918,2,Young Grocery
8920,4,Promotion Seekers
8921,1,Vegetables-Hygiene Oriented
8922,2,Young Grocery
8923,4,Promotion Seekers
8924,5,Large Families
8926,4,Promotion Seekers
8928,0,Older Long-Tenure Grocery
8929,0,Older Long-Tenure Grocery
8930,0,Older Long-Tenure Grocery
8931,2,Young Grocery
8932,4,Promotion Seekers
8933,6,Protein Enjoyers
8934,7,Service Sensitive
8935,2,Young Grocery
8936,2,Young Grocery
8937,4,Promotion Seekers
8941,1,Vegetables-Hygiene Oriented
8942,0,Older Long-Tenure Grocery
8943,0,Older Long-Tenure Grocery
8944,1,Vegetables-Hygiene Oriented
8946,3,Tech Enthusiasts
8947,0,Older Long-Tenure Grocery
8948,7,Service Sensitive
8949,7,Service Sensitive
8951,5,Large Families
8952,1,Vegetables-Hygiene Oriented
8953,2,Young Grocery
8954,4,Promotion Seekers
8955,7,Service Sensitive
8956,1,Vegetables-Hygiene Oriented
8957,2,Young Grocery
8958,0,Older Long-Tenure Grocery
8959,0,Older Long-Tenure Grocery
8960,1,Vegetables-Hygiene Oriented
8961,3,Tech Enthusiasts
8962,2,Young Grocery
8963,4,Promotion Seekers
8964,0,Older Long-Tenure Grocery
8965,7,Service Sensitive
8966,3,Tech Enthusiasts
8968,1,Vegetables-Hygiene Oriented
8969,4,Promotion Seekers
8970,0,Older Long-Tenure Grocery
8971,7,Service Sensitive
8973,4,Promotion Seekers
8974,2,Young Grocery
8975,1,Vegetables-Hygiene Oriented
8976,7,Service Sensitive
8977,0,Older Long-Tenure Grocery
8978,3,Tech Enthusiasts
8979,1,Vegetables-Hygiene Oriented
8980,0,Older Long-Tenure Grocery
8981,7,Service Sensitive
8982,1,Vegetables-Hygiene Oriented
8983,5,Large Families
8984,0,Older Long-Tenure Grocery
8985,1,Vegetables-Hygiene Oriented
8986,7,Service Sensitive
8987,2,Young Grocery
8988,3,Tech Enthusiasts
8989,7,Service Sensitive
8990,6,Protein Enjoyers
8991,6,Protein Enjoyers
8992,5,Large Families
8993,3,Tech Enthusiasts
8994,3,Tech Enthusiasts
8996,2,Young Grocery
8997,1,Vegetables-Hygiene Oriented
8998,3,Tech Enthusiasts
8999,1,Vegetables-Hygiene Oriented
9000,5,Large Families
9002,3,Tech Enthusiasts
9003,0,Older Long-Tenure Grocery
9004,4,Promotion Seekers
9006,0,Older Long-Tenure Grocery
9007,7,Service Sensitive
9008,7,Service Sensitive
9009,4,Promotion Seekers
9010,1,Vegetables-Hygiene Oriented
9011,4,Promotion Seekers
9014,2,Young Grocery
9015,6,Protein Enjoyers
9016,3,Tech Enthusiasts
9019,2,Young Grocery
9021,4,Promotion Seekers
9022,7,Service Sensitive
9025,5,Large Families
9026,1,Vegetables-Hygiene Oriented
9027,3,Tech Enthusiasts
9029,5,Large Families
9031,4,Promotion Seekers
9032,1,Vegetables-Hygiene Oriented
9033,4,Promotion Seekers
9035,1,Vegetables-Hygiene Oriented
9037,2,Young Grocery
9038,2,Young Grocery
9039,1,Vegetables-Hygiene Oriented
9040,1,Vegetables-Hygiene Oriented
9041,0,Older Long-Tenure Grocery
9042,4,Promotion Seekers
9043,0,Older Long-Tenure Grocery
9044,4,Promotion Seekers
9045,1,Vegetables-Hygiene Oriented
9046,5,Large Families
9048,4,Promotion Seekers
9049,5,Large Families
9050,4,Promotion Seekers
9053,7,Service Sensitive
9054,2,Young Grocery
9055,2,Young Grocery
9056,6,Protein Enjoyers
9057,2,Young Grocery
9058,4,Promotion Seekers
9059,4,Promotion Seekers
9061,0,Older Long-Tenure Grocery
9062,2,Young Grocery
9063,0,Older Long-Tenure Grocery
9064,2,Young Grocery
9065,0,Older Long-Tenure Grocery
9067,0,Older Long-Tenure Grocery
9068,0,Older Long-Tenure Grocery
9069,2,Young Grocery
9070,1,Vegetables-Hygiene Oriented
9071,0,Older Long-Tenure Grocery
9072,4,Promotion Seekers
9073,2,Young Grocery
9074,4,Promotion Seekers
9075,0,Older Long-Tenure Grocery
9076,4,Promotion Seekers
9077,4,Promotion Seekers
9079,1,Vegetables-Hygiene Oriented
9080,4,Promotion Seekers
9081,4,Promotion Seekers
9082,2,Young Grocery
9083,0,Older Long-Tenure Grocery
9084,0,Older Long-Tenure Grocery
9086,4,Promotion Seekers
9087,4,Promotion Seekers
9088,3,Tech Enthusiasts
9090,6,Protein Enjoyers
9091,4,Promotion Seekers
9092,4,Promotion Seekers
9093,1,Vegetables-Hygiene Oriented
9095,5,Large Families
9096,0,Older Long-Tenure Grocery
9097,1,Vegetables-Hygiene Oriented
9098,1,Vegetables-Hygiene Oriented
9100,4,Promotion Seekers
9101,0,Older Long-Tenure Grocery
9102,0,Older Long-Tenure Grocery
9103,7,Service Sensitive
9104,1,Vegetables-Hygiene Oriented
9105,0,Older Long-Tenure Grocery
9106,7,Service Sensitive
9107,7,Service Sensitive
9110,2,Young Grocery
9111,4,Promotion Seekers
9112,1,Vegetables-Hygiene Oriented
9113,0,Older Long-Tenure Grocery
9114,1,Vegetables-Hygiene Oriented
9116,2,Young Grocery
9117,4,Promotion Seekers
9118,4,Promotion Seekers
9120,6,Protein Enjoyers
9121,5,Large Families
9122,2,Young Grocery
9123,5,Large Families
9124,4,Promotion Seekers
9125,7,Service Sensitive
9126,0,Older Long-Tenure Grocery
9127,6,Protein Enjoyers
9128,6,Protein Enjoyers
9130,3,Tech Enthusiasts
9131,4,Promotion Seekers
9132,1,Vegetables-Hygiene Oriented
9133,4,Promotion Seekers
9134,0,Older Long-Tenure Grocery
9135,0,Older Long-Tenure Grocery
9136,4,Promotion Seekers
9137,1,Vegetables-Hygiene Oriented
9138,7,Service Sensitive
9140,0,Older Long-Tenure Grocery
9141,2,Young Grocery
9142,3,Tech Enthusiasts
9143,7,Service Sensitive
9144,7,Service Sensitive
9145,5,Large Families
9146,1,Vegetables-Hygiene Oriented
9147,2,Young Grocery
9148,2,Young Grocery
9149,1,Vegetables-Hygiene Oriented
9151,3,Tech Enthusiasts
9152,7,Service Sensitive
9153,4,Promotion Seekers
9154,3,Tech Enthusiasts
9155,1,Vegetables-Hygiene Oriented
9156,4,Promotion Seekers
9157,4,Promotion Seekers
9158,5,Large Families
9159,3,Tech Enthusiasts
9160,5,Large Families
9162,7,Service Sensitive
9163,7,Service Sensitive
9164,0,Older Long-Tenure Grocery
9166,0,Older Long-Tenure Grocery
9167,0,Older Long-Tenure Grocery
9168,3,Tech Enthusiasts
9169,0,Older Long-Tenure Grocery
9170,1,Vegetables-Hygiene Oriented
9171,4,Promotion Seekers
9172,4,Promotion Seekers
9173,6,Protein Enjoyers
9174,4,Promotion Seekers
9175,7,Service Sensitive
9176,4,Promotion Seekers
9177,1,Vegetables-Hygiene Oriented
9179,1,Vegetables-Hygiene Oriented
9180,4,Promotion Seekers
9181,4,Promotion Seekers
9182,0,Older Long-Tenure Grocery
9183,6,Protein Enjoyers
9184,4,Promotion Seekers
9185,5,Large Families
9186,1,Vegetables-Hygiene Oriented
9188,0,Older Long-Tenure Grocery
9189,6,Protein Enjoyers
9191,0,Older Long-Tenure Grocery
9192,2,Young Grocery
9194,7,Service Sensitive
9195,7,Service Sensitive
9196,0,Older Long-Tenure Grocery
9197,3,Tech Enthusiasts
9198,0,Older Long-Tenure Grocery
9199,3,Tech Enthusiasts
9200,6,Protein Enjoyers
9202,6,Protein Enjoyers
9203,2,Young Grocery
9204,2,Young Grocery
9205,0,Older Long-Tenure Grocery
9206,0,Older Long-Tenure Grocery
9208,4,Promotion Seekers
9209,7,Service Sensitive
9210,2,Young Grocery
9211,0,Older Long-Tenure Grocery
9212,5,Large Families
9214,7,Service Sensitive
9215,4,Promotion Seekers
9216,1,Vegetables-Hygiene Oriented
9217,0,Older Long-Tenure Grocery
9218,0,Older Long-Tenure Grocery
9219,4,Promotion Seekers
9220,2,Young Grocery
9221,7,Service Sensitive
9222,7,Service Sensitive
9225,5,Large Families
9226,7,Service Sensitive
9228,7,Service Sensitive
9229,0,Older Long-Tenure Grocery
9231,4,Promotion Seekers
9232,7,Service Sensitive
9233,6,Protein Enjoyers
9234,3,Tech Enthusiasts
9235,5,Large Families
9236,2,Young Grocery
9237,3,Tech Enthusiasts
9238,2,Young Grocery
9239,0,Older Long-Tenure Grocery
9240,7,Service Sensitive
9241,7,Service Sensitive
9242,4,Promotion Seekers
9243,2,Young Grocery
9245,4,Promotion Seekers
9246,2,Young Grocery
9247,4,Promotion Seekers
9248,0,Older Long-Tenure Grocery
9249,7,Service Sensitive
9250,3,Tech Enthusiasts
9252,5,Large Families
9253,4,Promotion Seekers
9254,4,Promotion Seekers
9255,7,Service Sensitive
9256,0,Older Long-Tenure Grocery
9258,4,Promotion Seekers
9261,2,Young Grocery
9263,5,Large Families
9265,0,Older Long-Tenure Grocery
9266,6,Protein Enjoyers
9267,1,Vegetables-Hygiene Oriented
9268,5,Large Families
9269,0,Older Long-Tenure Grocery
9270,0,Older Long-Tenure Grocery
9271,3,Tech Enthusiasts
9272,5,Large Families
9273,0,Older Long-Tenure Grocery
9274,2,Young Grocery
9275,4,Promotion Seekers
9276,3,Tech Enthusiasts
9277,0,Older Long-Tenure Grocery
9278,4,Promotion Seekers
9279,3,Tech Enthusiasts
9280,2,Young Grocery
9281,4,Promotion Seekers
9282,4,Promotion Seekers
9283,4,Promotion Seekers
9284,1,Vegetables-Hygiene Oriented
9285,1,Vegetables-Hygiene Oriented
9286,0,Older Long-Tenure Grocery
9288,3,Tech Enthusiasts
9290,1,Vegetables-Hygiene Oriented
9292,1,Vegetables-Hygiene Oriented
9293,0,Older Long-Tenure Grocery
9294,3,Tech Enthusiasts
9295,0,Older Long-Tenure Grocery
9296,7,Service Sensitive
9297,0,Older Long-Tenure Grocery
9298,3,Tech Enthusiasts
9299,2,Young Grocery
9300,4,Promotion Seekers
9301,7,Service Sensitive
9303,5,Large Families
9304,3,Tech Enthusiasts
9305,3,Tech Enthusiasts
9306,0,Older Long-Tenure Grocery
9307,2,Young Grocery
9308,7,Service Sensitive
9310,5,Large Families
9313,1,Vegetables-Hygiene Oriented
9316,3,Tech Enthusiasts
9317,7,Service Sensitive
9319,6,Protein Enjoyers
9322,6,Protein Enjoyers
9323,4,Promotion Seekers
9324,5,Large Families
9325,0,Older Long-Tenure Grocery
9327,0,Older Long-Tenure Grocery
9328,2,Young Grocery
9329,1,Vegetables-Hygiene Oriented
9330,4,Promotion Seekers
9331,1,Vegetables-Hygiene Oriented
9332,1,Vegetables-Hygiene Oriented
9333,1,Vegetables-Hygiene Oriented
9334,5,Large Families
9335,5,Large Families
9336,7,Service Sensitive
9337,7,Service Sensitive
9338,2,Young Grocery
9339,0,Older Long-Tenure Grocery
9340,2,Young Grocery
9341,1,Vegetables-Hygiene Oriented
9343,1,Vegetables-Hygiene Oriented
9344,1,Vegetables-Hygiene Oriented
9345,0,Older Long-Tenure Grocery
9346,6,Protein Enjoyers
9348,4,Promotion Seekers
9349,1,Vegetables-Hygiene Oriented
9351,1,Vegetables-Hygiene Oriented
9352,4,Promotion Seekers
9353,2,Young Grocery
9354,0,Older Long-Tenure Grocery
9355,4,Promotion Seekers
9357,1,Vegetables-Hygiene Oriented
9358,7,Service Sensitive
9359,1,Vegetables-Hygiene Oriented
9360,6,Protein Enjoyers
9362,7,Service Sensitive
9363,6,Protein Enjoyers
9364,5,Large Families
9365,4,Promotion Seekers
9366,7,Service Sensitive
9367,2,Young Grocery
9368,6,Protein Enjoyers
9369,4,Promotion Seekers
9370,7,Service Sensitive
9371,7,Service Sensitive
9372,6,Protein Enjoyers
9373,4,Promotion Seekers
9375,6,Protein Enjoyers
9377,1,Vegetables-Hygiene Oriented
9378,4,Promotion Seekers
9379,1,Vegetables-Hygiene Oriented
9380,7,Service Sensitive
9381,1,Vegetables-Hygiene Oriented
9382,2,Young Grocery
9383,2,Young Grocery
9384,5,Large Families
9385,1,Vegetables-Hygiene Oriented
9386,0,Older Long-Tenure Grocery
9387,3,Tech Enthusiasts
9388,6,Protein Enjoyers
9389,6,Protein Enjoyers
9390,7,Service Sensitive
9391,6,Protein Enjoyers
9392,3,Tech Enthusiasts
9393,5,Large Families
9394,6,Protein Enjoyers
9395,1,Vegetables-Hygiene Oriented
9396,1,Vegetables-Hygiene Oriented
9397,3,Tech Enthusiasts
9398,5,Large Families
9399,7,Service Sensitive
9400,2,Young Grocery
9402,5,Large Families
9403,4,Promotion Seekers
9404,7,Service Sensitive
9406,1,Vegetables-Hygiene Oriented
9407,0,Older Long-Tenure Grocery
9408,1,Vegetables-Hygiene Oriented
9409,6,Protein Enjoyers
9410,3,Tech Enthusiasts
9411,3,Tech Enthusiasts
9412,3,Tech Enthusiasts
9413,2,Young Grocery
9414,4,Promotion Seekers
9415,7,Service Sensitive
9417,0,Older Long-Tenure Grocery
9420,1,Vegetables-Hygiene Oriented
9421,0,Older Long-Tenure Grocery
9422,7,Service Sensitive
9423,4,Promotion Seekers
9424,2,Young Grocery
9425,5,Large Families
9426,4,Promotion Seekers
9427,1,Vegetables-Hygiene Oriented
9428,2,Young Grocery
9429,0,Older Long-Tenure Grocery
9430,6,Protein Enjoyers
9431,0,Older Long-Tenure Grocery
9433,4,Promotion Seekers
9434,7,Service Sensitive
9435,1,Vegetables-Hygiene Oriented
9436,3,Tech Enthusiasts
9437,0,Older Long-Tenure Grocery
9438,3,Tech Enthusiasts
9439,0,Older Long-Tenure Grocery
9440,5,Large Families
9442,0,Older Long-Tenure Grocery
9443,0,Older Long-Tenure Grocery
9444,6,Protein Enjoyers
9446,4,Promotion Seekers
9447,7,Service Sensitive
9448,2,Young Grocery
9449,1,Vegetables-Hygiene Oriented
9451,3,Tech Enthusiasts
9452,0,Older Long-Tenure Grocery
9453,6,Protein Enjoyers
9454,4,Promotion Seekers
9455,7,Service Sensitive
9456,3,Tech Enthusiasts
9458,0,Older Long-Tenure Grocery
9459,5,Large Families
9460,1,Vegetables-Hygiene Oriented
9464,7,Service Sensitive
9465,6,Protein Enjoyers
9466,1,Vegetables-Hygiene Oriented
9467,2,Young Grocery
9468,0,Older Long-Tenure Grocery
9469,0,Older Long-Tenure Grocery
9471,4,Promotion Seekers
9473,1,Vegetables-Hygiene Oriented
9474,6,Protein Enjoyers
9475,4,Promotion Seekers
9476,7,Service Sensitive
9477,2,Young Grocery
9478,5,Large Families
9479,3,Tech Enthusiasts
9480,2,Young Grocery
9482,0,Older Long-Tenure Grocery
9483,2,Young Grocery
9484,0,Older Long-Tenure Grocery
9485,0,Older Long-Tenure Grocery
9486,0,Older Long-Tenure Grocery
9487,4,Promotion Seekers
9489,0,Older Long-Tenure Grocery
9490,6,Protein Enjoyers
9491,0,Older Long-Tenure Grocery
9492,2,Young Grocery
9493,0,Older Long-Tenure Grocery
9494,6,Protein Enjoyers
9496,7,Service Sensitive
9497,2,Young Grocery
9498,5,Large Families
9499,3,Tech Enthusiasts
9500,4,Promotion Seekers
9502,7,Service Sensitive
9503,4,Promotion Seekers
9504,2,Young Grocery
9505,2,Young Grocery
9506,2,Young Grocery
9507,4,Promotion Seekers
9508,0,Older Long-Tenure Grocery
9509,3,Tech Enthusiasts
9510,7,Service Sensitive
9511,4,Promotion Seekers
9512,7,Service Sensitive
9514,3,Tech Enthusiasts
9516,4,Promotion Seekers
9518,0,Older Long-Tenure Grocery
9519,0,Older Long-Tenure Grocery
9520,2,Young Grocery
9522,4,Promotion Seekers
9523,0,Older Long-Tenure Grocery
9524,1,Vegetables-Hygiene Oriented
9526,3,Tech Enthusiasts
9528,4,Promotion Seekers
9530,1,Vegetables-Hygiene Oriented
9532,0,Older Long-Tenure Grocery
9533,1,Vegetables-Hygiene Oriented
9535,4,Promotion Seekers
9536,0,Older Long-Tenure Grocery
9539,5,Large Families
9540,3,Tech Enthusiasts
9541,3,Tech Enthusiasts
9542,0,Older Long-Tenure Grocery
9543,7,Service Sensitive
9544,2,Young Grocery
9547,3,Tech Enthusiasts
9548,1,Vegetables-Hygiene Oriented
9549,3,Tech Enthusiasts
9550,1,Vegetables-Hygiene Oriented
9551,2,Young Grocery
9552,2,Young Grocery
9553,0,Older Long-Tenure Grocery
9554,4,Promotion Seekers
9556,0,Older Long-Tenure Grocery
9557,7,Service Sensitive
9558,1,Vegetables-Hygiene Oriented
9559,3,Tech Enthusiasts
9560,1,Vegetables-Hygiene Oriented
9561,4,Promotion Seekers
9562,3,Tech Enthusiasts
9563,3,Tech Enthusiasts
9564,0,Older Long-Tenure Grocery
9565,6,Protein Enjoyers
9567,4,Promotion Seekers
9568,4,Promotion Seekers
9569,4,Promotion Seekers
9570,2,Young Grocery
9571,2,Young Grocery
9572,4,Promotion Seekers
9573,4,Promotion Seekers
9574,1,Vegetables-Hygiene Oriented
9576,5,Large Families
9577,0,Older Long-Tenure Grocery
9578,5,Large Families
9579,3,Tech Enthusiasts
9580,5,Large Families
9581,4,Promotion Seekers
9582,1,Vegetables-Hygiene Oriented
9583,4,Promotion Seekers
9584,1,Vegetables-Hygiene Oriented
9585,0,Older Long-Tenure Grocery
9586,4,Promotion Seekers
9587,4,Promotion Seekers
9588,1,Vegetables-Hygiene Oriented
9589,0,Older Long-Tenure Grocery
9590,5,Large Families
9592,1,Vegetables-Hygiene Oriented
9593,4,Promotion Seekers
9594,2,Young Grocery
9595,5,Large Families
9597,7,Service Sensitive
9598,7,Service Sensitive
9599,5,Large Families
9600,2,Young Grocery
9602,4,Promotion Seekers
9603,2,Young Grocery
9606,4,Promotion Seekers
9607,0,Older Long-Tenure Grocery
9608,4,Promotion Seekers
9609,1,Vegetables-Hygiene Oriented
9610,0,Older Long-Tenure Grocery
9611,2,Young Grocery
9613,5,Large Families
9614,3,Tech Enthusiasts
9616,0,Older Long-Tenure Grocery
9617,2,Young Grocery
9618,1,Vegetables-Hygiene Oriented
9619,3,Tech Enthusiasts
9620,5,Large Families
9621,1,Vegetables-Hygiene Oriented
9622,2,Young Grocery
9623,0,Older Long-Tenure Grocery
9625,7,Service Sensitive
9626,5,Large Families
9627,4,Promotion Seekers
9628,4,Promotion Seekers
9629,0,Older Long-Tenure Grocery
9630,0,Older Long-Tenure Grocery
9631,1,Vegetables-Hygiene Oriented
9632,4,Promotion Seekers
9633,3,Tech Enthusiasts
9635,2,Young Grocery
9636,7,Service Sensitive
9637,1,Vegetables-Hygiene Oriented
9638,2,Young Grocery
9640,1,Vegetables-Hygiene Oriented
9641,7,Service Sensitive
9642,1,Vegetables-Hygiene Oriented
9643,2,Young Grocery
9644,6,Protein Enjoyers
9645,2,Young Grocery
9646,0,Older Long-Tenure Grocery
9647,2,Young Grocery
9650,4,Promotion Seekers
9651,3,Tech Enthusiasts
9652,6,Protein Enjoyers
9653,2,Young Grocery
9654,0,Older Long-Tenure Grocery
9655,1,Vegetables-Hygiene Oriented
9656,2,Young Grocery
9657,4,Promotion Seekers
9658,6,Protein Enjoyers
9659,0,Older Long-Tenure Grocery
9660,1,Vegetables-Hygiene Oriented
9661,1,Vegetables-Hygiene Oriented
9662,1,Vegetables-Hygiene Oriented
9663,7,Service Sensitive
9664,0,Older Long-Tenure Grocery
9665,5,Large Families
9666,2,Young Grocery
9667,7,Service Sensitive
9668,3,Tech Enthusiasts
9670,3,Tech Enthusiasts
9671,0,Older Long-Tenure Grocery
9672,3,Tech Enthusiasts
9674,3,Tech Enthusiasts
9675,5,Large Families
9676,2,Young Grocery
9677,0,Older Long-Tenure Grocery
9678,4,Promotion Seekers
9679,3,Tech Enthusiasts
9680,0,Older Long-Tenure Grocery
9681,1,Vegetables-Hygiene Oriented
9683,0,Older Long-Tenure Grocery
9684,3,Tech Enthusiasts
9685,1,Vegetables-Hygiene Oriented
9686,0,Older Long-Tenure Grocery
9687,0,Older Long-Tenure Grocery
9688,0,Older Long-Tenure Grocery
9689,2,Young Grocery
9691,3,Tech Enthusiasts
9692,5,Large Families
9693,2,Young Grocery
9694,7,Service Sensitive
9695,0,Older Long-Tenure Grocery
9696,1,Vegetables-Hygiene Oriented
9697,7,Service Sensitive
9700,4,Promotion Seekers
9701,7,Service Sensitive
9702,0,Older Long-Tenure Grocery
9703,4,Promotion Seekers
9704,3,Tech Enthusiasts
9705,4,Promotion Seekers
9706,7,Service Sensitive
9707,0,Older Long-Tenure Grocery
9708,5,Large Families
9709,0,Older Long-Tenure Grocery
9712,1,Vegetables-Hygiene Oriented
9713,6,Protein Enjoyers
9714,2,Young Grocery
9715,0,Older Long-Tenure Grocery
9716,0,Older Long-Tenure Grocery
9717,4,Promotion Seekers
9718,0,Older Long-Tenure Grocery
9719,4,Promotion Seekers
9720,4,Promotion Seekers
9721,2,Young Grocery
9722,0,Older Long-Tenure Grocery
9723,0,Older Long-Tenure Grocery
9724,0,Older Long-Tenure Grocery
9726,4,Promotion Seekers
9727,5,Large Families
9728,0,Older Long-Tenure Grocery
9729,1,Vegetables-Hygiene Oriented
9730,4,Promotion Seekers
9731,2,Young Grocery
9732,0,Older Long-Tenure Grocery
9734,4,Promotion Seekers
9735,1,Vegetables-Hygiene Oriented
9736,4,Promotion Seekers
9737,4,Promotion Seekers
9739,6,Protein Enjoyers
9740,5,Large Families
9741,7,Service Sensitive
9742,1,Vegetables-Hygiene Oriented
9743,4,Promotion Seekers
9744,7,Service Sensitive
9745,1,Vegetables-Hygiene Oriented
9747,1,Vegetables-Hygiene Oriented
9748,6,Protein Enjoyers
9749,0,Older Long-Tenure Grocery
9750,1,Vegetables-Hygiene Oriented
9751,1,Vegetables-Hygiene Oriented
9752,2,Young Grocery
9753,2,Young Grocery
9754,5,Large Families
9757,0,Older Long-Tenure Grocery
9758,3,Tech Enthusiasts
9760,4,Promotion Seekers
9761,3,Tech Enthusiasts
9762,7,Service Sensitive
9763,0,Older Long-Tenure Grocery
9764,1,Vegetables-Hygiene Oriented
9765,5,Large Families
9768,5,Large Families
9771,4,Promotion Seekers
9772,4,Promotion Seekers
9773,7,Service Sensitive
9774,3,Tech Enthusiasts
9775,0,Older Long-Tenure Grocery
9776,2,Young Grocery
9777,0,Older Long-Tenure Grocery
9778,1,Vegetables-Hygiene Oriented
9779,4,Promotion Seekers
9780,2,Young Grocery
9781,0,Older Long-Tenure Grocery
9783,7,Service Sensitive
9784,7,Service Sensitive
9785,1,Vegetables-Hygiene Oriented
9786,4,Promotion Seekers
9788,4,Promotion Seekers
9789,2,Young Grocery
9790,0,Older Long-Tenure Grocery
9791,0,Older Long-Tenure Grocery
9792,4,Promotion Seekers
9793,4,Promotion Seekers
9795,4,Promotion Seekers
9796,2,Young Grocery
9798,7,Service Sensitive
9800,0,Older Long-Tenure Grocery
9801,7,Service Sensitive
9802,4,Promotion Seekers
9803,4,Promotion Seekers
9804,7,Service Sensitive
9805,7,Service Sensitive
9806,4,Promotion Seekers
9807,3,Tech Enthusiasts
9809,1,Vegetables-Hygiene Oriented
9811,3,Tech Enthusiasts
9812,6,Protein Enjoyers
9814,2,Young Grocery
9815,5,Large Families
9817,0,Older Long-Tenure Grocery
9818,0,Older Long-Tenure Grocery
9819,0,Older Long-Tenure Grocery
9820,2,Young Grocery
9822,7,Service Sensitive
9823,3,Tech Enthusiasts
9824,0,Older Long-Tenure Grocery
9825,5,Large Families
9826,3,Tech Enthusiasts
9827,3,Tech Enthusiasts
9828,1,Vegetables-Hygiene Oriented
9829,1,Vegetables-Hygiene Oriented
9830,1,Vegetables-Hygiene Oriented
9832,5,Large Families
9833,2,Young Grocery
9834,1,Vegetables-Hygiene Oriented
9835,2,Young Grocery
9836,4,Promotion Seekers
9837,3,Tech Enthusiasts
9838,1,Vegetables-Hygiene Oriented
9839,4,Promotion Seekers
9840,0,Older Long-Tenure Grocery
9841,1,Vegetables-Hygiene Oriented
9842,4,Promotion Seekers
9843,1,Vegetables-Hygiene Oriented
9844,1,Vegetables-Hygiene Oriented
9846,2,Young Grocery
9847,2,Young Grocery
9848,2,Young Grocery
9849,1,Vegetables-Hygiene Oriented
9850,5,Large Families
9851,4,Promotion Seekers
9852,2,Young Grocery
9853,6,Protein Enjoyers
9854,4,Promotion Seekers
9855,4,Promotion Seekers
9856,5,Large Families
9857,0,Older Long-Tenure Grocery
9858,4,Promotion Seekers
9859,1,Vegetables-Hygiene Oriented
9860,0,Older Long-Tenure Grocery
9861,7,Service Sensitive
9863,0,Older Long-Tenure Grocery
9865,4,Promotion Seekers
9866,2,Young Grocery
9867,3,Tech Enthusiasts
9868,3,Tech Enthusiasts
9869,4,Promotion Seekers
9870,4,Promotion Seekers
9871,4,Promotion Seekers
9872,1,Vegetables-Hygiene Oriented
9873,4,Promotion Seekers
9874,2,Young Grocery
9875,3,Tech Enthusiasts
9876,3,Tech Enthusiasts
9877,4,Promotion Seekers
9878,1,Vegetables-Hygiene Oriented
9879,4,Promotion Seekers
9880,7,Service Sensitive
9881,5,Large Families
9882,2,Young Grocery
9883,0,Older Long-Tenure Grocery
9885,7,Service Sensitive
9886,3,Tech Enthusiasts
9887,5,Large Families
9888,4,Promotion Seekers
9890,0,Older Long-Tenure Grocery
9892,2,Young Grocery
9893,2,Young Grocery
9894,4,Promotion Seekers
9895,4,Promotion Seekers
9896,7,Service Sensitive
9897,1,Vegetables-Hygiene Oriented
9898,0,Older Long-Tenure Grocery
9899,0,Older Long-Tenure Grocery
9900,1,Vegetables-Hygiene Oriented
9901,0,Older Long-Tenure Grocery
9902,1,Vegetables-Hygiene Oriented
9904,7,Service Sensitive
9905,6,Protein Enjoyers
9906,4,Promotion Seekers
9907,0,Older Long-Tenure Grocery
9908,0,Older Long-Tenure Grocery
9909,0,Older Long-Tenure Grocery
9910,4,Promotion Seekers
9911,1,Vegetables-Hygiene Oriented
9913,0,Older Long-Tenure Grocery
9914,2,Young Grocery
9915,6,Protein Enjoyers
9917,0,Older Long-Tenure Grocery
9918,3,Tech Enthusiasts
9919,5,Large Families
9920,0,Older Long-Tenure Grocery
9921,7,Service Sensitive
9925,4,Promotion Seekers
9926,3,Tech Enthusiasts
9927,2,Young Grocery
9929,0,Older Long-Tenure Grocery
9932,2,Young Grocery
9934,1,Vegetables-Hygiene Oriented
9935,0,Older Long-Tenure Grocery
9936,1,Vegetables-Hygiene Oriented
9937,4,Promotion Seekers
9940,1,Vegetables-Hygiene Oriented
9941,2,Young Grocery
9942,0,Older Long-Tenure Grocery
9943,5,Large Families
9944,2,Young Grocery
9947,7,Service Sensitive
9948,4,Promotion Seekers
9949,0,Older Long-Tenure Grocery
9950,0,Older Long-Tenure Grocery
9951,2,Young Grocery
9952,7,Service Sensitive
9953,1,Vegetables-Hygiene Oriented
9954,0,Older Long-Tenure Grocery
9955,1,Vegetables-Hygiene Oriented
9957,4,Promotion Seekers
9958,5,Large Families
9960,1,Vegetables-Hygiene Oriented
9962,0,Older Long-Tenure Grocery
9963,7,Service Sensitive
9965,4,Promotion Seekers
9966,4,Promotion Seekers
9969,0,Older Long-Tenure Grocery
9971,7,Service Sensitive
9974,2,Young Grocery
9975,3,Tech Enthusiasts
9976,0,Older Long-Tenure Grocery
9977,0,Older Long-Tenure Grocery
9978,5,Large Families
9979,1,Vegetables-Hygiene Oriented
9980,4,Promotion Seekers
9982,5,Large Families
9983,6,Protein Enjoyers
9985,3,Tech Enthusiasts
9986,1,Vegetables-Hygiene Oriented
9987,5,Large Families
9988,2,Young Grocery
9989,5,Large Families
9990,4,Promotion Seekers
9991,0,Older Long-Tenure Grocery
9992,1,Vegetables-Hygiene Oriented
9994,1,Vegetables-Hygiene Oriented
9995,4,Promotion Seekers
9996,1,Vegetables-Hygiene Oriented
9997,4,Promotion Seekers
9998,4,Promotion Seekers
10000,4,Promotion Seekers
10001,3,Tech Enthusiasts
10002,1,Vegetables-Hygiene Oriented
10004,0,Older Long-Tenure Grocery
10006,5,Large Families
10008,4,Promotion Seekers
10009,0,Older Long-Tenure Grocery
10010,4,Promotion Seekers
10011,0,Older Long-Tenure Grocery
10012,2,Young Grocery
10013,0,Older Long-Tenure Grocery
10014,0,Older Long-Tenure Grocery
10015,0,Older Long-Tenure Grocery
10016,2,Young Grocery
10017,2,Young Grocery
10019,0,Older Long-Tenure Grocery
10020,2,Young Grocery
10021,0,Older Long-Tenure Grocery
10022,0,Older Long-Tenure Grocery
10023,4,Promotion Seekers
10024,2,Young Grocery
10025,1,Vegetables-Hygiene Oriented
10026,1,Vegetables-Hygiene Oriented
10027,4,Promotion Seekers
10028,2,Young Grocery
10029,0,Older Long-Tenure Grocery
10030,6,Protein Enjoyers
10031,5,Large Families
10032,0,Older Long-Tenure Grocery
10035,4,Promotion Seekers
10036,5,Large Families
10038,0,Older Long-Tenure Grocery
10039,0,Older Long-Tenure Grocery
10040,7,Service Sensitive
10042,5,Large Families
10044,5,Large Families
10045,3,Tech Enthusiasts
10046,3,Tech Enthusiasts
10047,1,Vegetables-Hygiene Oriented
10048,0,Older Long-Tenure Grocery
10050,1,Vegetables-Hygiene Oriented
10051,4,Promotion Seekers
10052,0,Older Long-Tenure Grocery
10053,1,Vegetables-Hygiene Oriented
10054,1,Vegetables-Hygiene Oriented
10055,1,Vegetables-Hygiene Oriented
10056,4,Promotion Seekers
10057,0,Older Long-Tenure Grocery
10058,7,Service Sensitive
10059,4,Promotion Seekers
10060,3,Tech Enthusiasts
10062,4,Promotion Seekers
10063,4,Promotion Seekers
10064,4,Promotion Seekers
10065,7,Service Sensitive
10066,3,Tech Enthusiasts
10068,4,Promotion Seekers
10070,2,Young Grocery
10072,1,Vegetables-Hygiene Oriented
10073,0,Older Long-Tenure Grocery
10074,4,Promotion Seekers
10075,2,Young Grocery
10076,3,Tech Enthusiasts
10077,1,Vegetables-Hygiene Oriented
10078,6,Protein Enjoyers
10079,1,Vegetables-Hygiene Oriented
10080,0,Older Long-Tenure Grocery
10081,2,Young Grocery
10082,3,Tech Enthusiasts
10083,1,Vegetables-Hygiene Oriented
10085,5,Large Families
10086,5,Large Families
10087,0,Older Long-Tenure Grocery
10088,4,Promotion Seekers
10090,2,Young Grocery
10091,1,Vegetables-Hygiene Oriented
10093,4,Promotion Seekers
10094,4,Promotion Seekers
10095,2,Young Grocery
10097,4,Promotion Seekers
10098,0,Older Long-Tenure Grocery
10099,0,Older Long-Tenure Grocery
10100,4,Promotion Seekers
10101,7,Service Sensitive
10102,3,Tech Enthusiasts
10103,0,Older Long-Tenure Grocery
10105,3,Tech Enthusiasts
10106,4,Promotion Seekers
10107,1,Vegetables-Hygiene Oriented
10110,4,Promotion Seekers
10111,0,Older Long-Tenure Grocery
10112,1,Vegetables-Hygiene Oriented
10113,2,Young Grocery
10114,6,Protein Enjoyers
10115,3,Tech Enthusiasts
10116,4,Promotion Seekers
10120,4,Promotion Seekers
10121,1,Vegetables-Hygiene Oriented
10122,7,Service Sensitive
10123,0,Older Long-Tenure Grocery
10124,1,Vegetables-Hygiene Oriented
10125,7,Service Sensitive
10126,6,Protein Enjoyers
10127,7,Service Sensitive
10128,2,Young Grocery
10130,3,Tech Enthusiasts
10133,2,Young Grocery
10134,0,Older Long-Tenure Grocery
10135,1,Vegetables-Hygiene Oriented
10136,0,Older Long-Tenure Grocery
10137,3,Tech Enthusiasts
10139,4,Promotion Seekers
10140,0,Older Long-Tenure Grocery
10141,3,Tech Enthusiasts
10142,0,Older Long-Tenure Grocery
10144,7,Service Sensitive
10145,0,Older Long-Tenure Grocery
10147,4,Promotion Seekers
10148,7,Service Sensitive
10150,1,Vegetables-Hygiene Oriented
10151,1,Vegetables-Hygiene Oriented
10152,5,Large Families
10153,7,Service Sensitive
10154,5,Large Families
10155,0,Older Long-Tenure Grocery
10156,1,Vegetables-Hygiene Oriented
10157,5,Large Families
10158,5,Large Families
10159,0,Older Long-Tenure Grocery
10160,3,Tech Enthusiasts
10161,1,Vegetables-Hygiene Oriented
10162,3,Tech Enthusiasts
10163,6,Protein Enjoyers
10164,7,Service Sensitive
10165,2,Young Grocery
10166,3,Tech Enthusiasts
10167,4,Promotion Seekers
10168,0,Older Long-Tenure Grocery
10169,2,Young Grocery
10170,4,Promotion Seekers
10171,1,Vegetables-Hygiene Oriented
10173,1,Vegetables-Hygiene Oriented
10178,1,Vegetables-Hygiene Oriented
10179,0,Older Long-Tenure Grocery
10180,3,Tech Enthusiasts
10181,1,Vegetables-Hygiene Oriented
10183,3,Tech Enthusiasts
10184,2,Young Grocery
10185,4,Promotion Seekers
10186,0,Older Long-Tenure Grocery
10187,1,Vegetables-Hygiene Oriented
10188,0,Older Long-Tenure Grocery
10189,2,Young Grocery
10191,7,Service Sensitive
10192,0,Older Long-Tenure Grocery
10194,5,Large Families
10195,2,Young Grocery
10196,4,Promotion Seekers
10197,0,Older Long-Tenure Grocery
10199,1,Vegetables-Hygiene Oriented
10200,1,Vegetables-Hygiene Oriented
10201,2,Young Grocery
10202,1,Vegetables-Hygiene Oriented
10204,0,Older Long-Tenure Grocery
10205,7,Service Sensitive
10206,5,Large Families
10207,3,Tech Enthusiasts
10208,5,Large Families
10209,1,Vegetables-Hygiene Oriented
10212,4,Promotion Seekers
10213,5,Large Families
10214,4,Promotion Seekers
10215,4,Promotion Seekers
10216,6,Protein Enjoyers
10217,0,Older Long-Tenure Grocery
10218,7,Service Sensitive
10219,0,Older Long-Tenure Grocery
10220,0,Older Long-Tenure Grocery
10221,1,Vegetables-Hygiene Oriented
10222,1,Vegetables-Hygiene Oriented
10223,2,Young Grocery
10224,0,Older Long-Tenure Grocery
10226,0,Older Long-Tenure Grocery
10227,4,Promotion Seekers
10228,0,Older Long-Tenure Grocery
10229,6,Protein Enjoyers
10231,7,Service Sensitive
10232,1,Vegetables-Hygiene Oriented
10233,4,Promotion Seekers
10234,4,Promotion Seekers
10235,3,Tech Enthusiasts
10236,1,Vegetables-Hygiene Oriented
10237,2,Young Grocery
10239,7,Service Sensitive
10240,3,Tech Enthusiasts
10242,5,Large Families
10243,2,Young Grocery
10246,1,Vegetables-Hygiene Oriented
10249,4,Promotion Seekers
10250,5,Large Families
10251,0,Older Long-Tenure Grocery
10253,4,Promotion Seekers
10254,4,Promotion Seekers
10255,7,Service Sensitive
10256,1,Vegetables-Hygiene Oriented
10257,7,Service Sensitive
10258,0,Older Long-Tenure Grocery
10260,0,Older Long-Tenure Grocery
10261,4,Promotion Seekers
10262,3,Tech Enthusiasts
10263,4,Promotion Seekers
10264,2,Young Grocery
10265,0,Older Long-Tenure Grocery
10266,1,Vegetables-Hygiene Oriented
10267,4,Promotion Seekers
10268,1,Vegetables-Hygiene Oriented
10269,2,Young Grocery
10270,7,Service Sensitive
10271,0,Older Long-Tenure Grocery
10273,7,Service Sensitive
10274,1,Vegetables-Hygiene Oriented
10275,0,Older Long-Tenure Grocery
10276,7,Service Sensitive
10277,4,Promotion Seekers
10278,6,Protein Enjoyers
10279,1,Vegetables-Hygiene Oriented
10280,0,Older Long-Tenure Grocery
10281,0,Older Long-Tenure Grocery
10283,0,Older Long-Tenure Grocery
10284,2,Young Grocery
10285,0,Older Long-Tenure Grocery
10286,0,Older Long-Tenure Grocery
10287,7,Service Sensitive
10288,1,Vegetables-Hygiene Oriented
10289,1,Vegetables-Hygiene Oriented
10290,0,Older Long-Tenure Grocery
10291,1,Vegetables-Hygiene Oriented
10292,0,Older Long-Tenure Grocery
10293,3,Tech Enthusiasts
10294,4,Promotion Seekers
10295,5,Large Families
10296,0,Older Long-Tenure Grocery
10297,2,Young Grocery
10300,3,Tech Enthusiasts
10301,7,Service Sensitive
10302,0,Older Long-Tenure Grocery
10303,1,Vegetables-Hygiene Oriented
10304,3,Tech Enthusiasts
10305,1,Vegetables-Hygiene Oriented
10306,0,Older Long-Tenure Grocery
10307,0,Older Long-Tenure Grocery
10308,6,Protein Enjoyers
10309,4,Promotion Seekers
10310,7,Service Sensitive
10311,1,Vegetables-Hygiene Oriented
10312,0,Older Long-Tenure Grocery
10314,0,Older Long-Tenure Grocery
10315,1,Vegetables-Hygiene Oriented
10316,3,Tech Enthusiasts
10317,5,Large Families
10318,3,Tech Enthusiasts
10319,4,Promotion Seekers
10320,5,Large Families
10321,4,Promotion Seekers
10322,7,Service Sensitive
10323,4,Promotion Seekers
10324,2,Young Grocery
10325,0,Older Long-Tenure Grocery
10326,5,Large Families
10327,6,Protein Enjoyers
10328,5,Large Families
10329,4,Promotion Seekers
10330,1,Vegetables-Hygiene Oriented
10331,0,Older Long-Tenure Grocery
10332,2,Young Grocery
10333,5,Large Families
10334,2,Young Grocery
10335,4,Promotion Seekers
10336,4,Promotion Seekers
10337,4,Promotion Seekers
10339,2,Young Grocery
10340,7,Service Sensitive
10341,4,Promotion Seekers
10342,3,Tech Enthusiasts
10343,1,Vegetables-Hygiene Oriented
10344,0,Older Long-Tenure Grocery
10345,7,Service Sensitive
10346,0,Older Long-Tenure Grocery
10347,5,Large Families
10348,3,Tech Enthusiasts
10351,2,Young Grocery
10353,6,Protein Enjoyers
10354,2,Young Grocery
10355,7,Service Sensitive
10357,7,Service Sensitive
10358,4,Promotion Seekers
10360,2,Young Grocery
10361,2,Young Grocery
10362,4,Promotion Seekers
10364,3,Tech Enthusiasts
10366,6,Protein Enjoyers
10367,2,Young Grocery
10368,4,Promotion Seekers
10369,4,Promotion Seekers
10370,4,Promotion Seekers
10371,7,Service Sensitive
10372,5,Large Families
10373,7,Service Sensitive
10374,6,Protein Enjoyers
10377,4,Promotion Seekers
10379,7,Service Sensitive
10382,0,Older Long-Tenure Grocery
10384,7,Service Sensitive
10386,1,Vegetables-Hygiene Oriented
10387,6,Protein Enjoyers
10388,1,Vegetables-Hygiene Oriented
10389,0,Older Long-Tenure Grocery
10390,2,Young Grocery
10391,6,Protein Enjoyers
10392,2,Young Grocery
10393,6,Protein Enjoyers
10394,1,Vegetables-Hygiene Oriented
10395,4,Promotion Seekers
10396,7,Service Sensitive
10397,3,Tech Enthusiasts
10398,1,Vegetables-Hygiene Oriented
10399,7,Service Sensitive
10400,6,Protein Enjoyers
10401,5,Large Families
10402,3,Tech Enthusiasts
10403,4,Promotion Seekers
10404,4,Promotion Seekers
10405,4,Promotion Seekers
10406,0,Older Long-Tenure Grocery
10407,0,Older Long-Tenure Grocery
10408,4,Promotion Seekers
10409,4,Promotion Seekers
10410,7,Service Sensitive
10411,7,Service Sensitive
10412,0,Older Long-Tenure Grocery
10413,1,Vegetables-Hygiene Oriented
10414,4,Promotion Seekers
10415,3,Tech Enthusiasts
10416,4,Promotion Seekers
10417,7,Service Sensitive
10418,1,Vegetables-Hygiene Oriented
10419,1,Vegetables-Hygiene Oriented
10420,0,Older Long-Tenure Grocery
10421,0,Older Long-Tenure Grocery
10424,5,Large Families
10425,7,Service Sensitive
10426,0,Older Long-Tenure Grocery
10428,5,Large Families
10429,2,Young Grocery
10430,0,Older Long-Tenure Grocery
10431,1,Vegetables-Hygiene Oriented
10433,2,Young Grocery
10434,4,Promotion Seekers
10435,7,Service Sensitive
10436,4,Promotion Seekers
10437,1,Vegetables-Hygiene Oriented
10438,2,Young Grocery
10439,0,Older Long-Tenure Grocery
10440,5,Large Families
10443,6,Protein Enjoyers
10444,2,Young Grocery
10445,6,Protein Enjoyers
10446,1,Vegetables-Hygiene Oriented
10447,4,Promotion Seekers
10448,2,Young Grocery
10449,5,Large Families
10453,4,Promotion Seekers
10454,0,Older Long-Tenure Grocery
10455,0,Older Long-Tenure Grocery
10456,0,Older Long-Tenure Grocery
10457,2,Young Grocery
10459,3,Tech Enthusiasts
10460,4,Promotion Seekers
10461,7,Service Sensitive
10462,1,Vegetables-Hygiene Oriented
10463,1,Vegetables-Hygiene Oriented
10464,0,Older Long-Tenure Grocery
10465,0,Older Long-Tenure Grocery
10466,6,Protein Enjoyers
10467,4,Promotion Seekers
10469,2,Young Grocery
10470,7,Service Sensitive
10471,7,Service Sensitive
10472,5,Large Families
10473,6,Protein Enjoyers
10474,5,Large Families
10476,3,Tech Enthusiasts
10477,4,Promotion Seekers
10478,4,Promotion Seekers
10479,7,Service Sensitive
10480,7,Service Sensitive
10481,4,Promotion Seekers
10483,1,Vegetables-Hygiene Oriented
10484,2,Young Grocery
10485,1,Vegetables-Hygiene Oriented
10486,7,Service Sensitive
10488,4,Promotion Seekers
10489,2,Young Grocery
10490,1,Vegetables-Hygiene Oriented
10491,3,Tech Enthusiasts
10492,7,Service Sensitive
10493,3,Tech Enthusiasts
10494,4,Promotion Seekers
10497,7,Service Sensitive
10498,1,Vegetables-Hygiene Oriented
10499,3,Tech Enthusiasts
10500,4,Promotion Seekers
10501,5,Large Families
10502,5,Large Families
10503,3,Tech Enthusiasts
10504,6,Protein Enjoyers
10506,4,Promotion Seekers
10507,3,Tech Enthusiasts
10508,7,Service Sensitive
10511,6,Protein Enjoyers
10512,4,Promotion Seekers
10513,2,Young Grocery
10515,4,Promotion Seekers
10518,2,Young Grocery
10519,6,Protein Enjoyers
10520,2,Young Grocery
10521,4,Promotion Seekers
10522,5,Large Families
10524,1,Vegetables-Hygiene Oriented
10525,0,Older Long-Tenure Grocery
10526,2,Young Grocery
10527,0,Older Long-Tenure Grocery
10528,0,Older Long-Tenure Grocery
10529,7,Service Sensitive
10530,7,Service Sensitive
10533,1,Vegetables-Hygiene Oriented
10534,1,Vegetables-Hygiene Oriented
10536,7,Service Sensitive
10537,1,Vegetables-Hygiene Oriented
10538,2,Young Grocery
10540,7,Service Sensitive
10541,1,Vegetables-Hygiene Oriented
10542,0,Older Long-Tenure Grocery
10544,6,Protein Enjoyers
10545,0,Older Long-Tenure Grocery
10546,2,Young Grocery
10547,7,Service Sensitive
10548,1,Vegetables-Hygiene Oriented
10549,4,Promotion Seekers
10550,1,Vegetables-Hygiene Oriented
10551,1,Vegetables-Hygiene Oriented
10552,4,Promotion Seekers
10553,7,Service Sensitive
10554,1,Vegetables-Hygiene Oriented
10555,3,Tech Enthusiasts
10556,2,Young Grocery
10557,3,Tech Enthusiasts
10559,4,Promotion Seekers
10562,5,Large Families
10563,6,Protein Enjoyers
10564,4,Promotion Seekers
10565,2,Young Grocery
10567,0,Older Long-Tenure Grocery
10568,1,Vegetables-Hygiene Oriented
10569,2,Young Grocery
10570,0,Older Long-Tenure Grocery
10571,0,Older Long-Tenure Grocery
10572,3,Tech Enthusiasts
10573,6,Protein Enjoyers
10574,1,Vegetables-Hygiene Oriented
10575,1,Vegetables-Hygiene Oriented
10576,5,Large Families
10577,6,Protein Enjoyers
10578,4,Promotion Seekers
10579,0,Older Long-Tenure Grocery
10580,2,Young Grocery
10582,4,Promotion Seekers
10584,4,Promotion Seekers
10585,2,Young Grocery
10586,7,Service Sensitive
10587,3,Tech Enthusiasts
10589,5,Large Families
10590,7,Service Sensitive
10591,1,Vegetables-Hygiene Oriented
10592,1,Vegetables-Hygiene Oriented
10593,4,Promotion Seekers
10594,0,Older Long-Tenure Grocery
10596,4,Promotion Seekers
10597,0,Older Long-Tenure Grocery
10598,7,Service Sensitive
10601,3,Tech Enthusiasts
10603,4,Promotion Seekers
10604,4,Promotion Seekers
10606,7,Service Sensitive
10607,7,Service Sensitive
10609,0,Older Long-Tenure Grocery
10610,7,Service Sensitive
10611,4,Promotion Seekers
10612,6,Protein Enjoyers
10613,0,Older Long-Tenure Grocery
10614,1,Vegetables-Hygiene Oriented
10616,1,Vegetables-Hygiene Oriented
10618,0,Older Long-Tenure Grocery
10619,0,Older Long-Tenure Grocery
10620,1,Vegetables-Hygiene Oriented
10621,1,Vegetables-Hygiene Oriented
10622,4,Promotion Seekers
10625,0,Older Long-Tenure Grocery
10628,5,Large Families
10629,7,Service Sensitive
10630,0,Older Long-Tenure Grocery
10631,0,Older Long-Tenure Grocery
10632,0,Older Long-Tenure Grocery
10633,2,Young Grocery
10634,3,Tech Enthusiasts
10635,3,Tech Enthusiasts
10638,4,Promotion Seekers
10639,1,Vegetables-Hygiene Oriented
10641,1,Vegetables-Hygiene Oriented
10642,4,Promotion Seekers
10643,4,Promotion Seekers
10644,2,Young Grocery
10645,2,Young Grocery
10647,0,Older Long-Tenure Grocery
10648,4,Promotion Seekers
10649,7,Service Sensitive
10650,1,Vegetables-Hygiene Oriented
10651,7,Service Sensitive
10652,1,Vegetables-Hygiene Oriented
10653,2,Young Grocery
10654,7,Service Sensitive
10655,1,Vegetables-Hygiene Oriented
10656,4,Promotion Seekers
10657,0,Older Long-Tenure Grocery
10659,7,Service Sensitive
10662,7,Service Sensitive
10663,2,Young Grocery
10664,4,Promotion Seekers
10665,7,Service Sensitive
10667,4,Promotion Seekers
10668,2,Young Grocery
10669,3,Tech Enthusiasts
10670,4,Promotion Seekers
10671,3,Tech Enthusiasts
10672,5,Large Families
10673,7,Service Sensitive
10674,6,Protein Enjoyers
10675,4,Promotion Seekers
10676,7,Service Sensitive
10677,7,Service Sensitive
10678,1,Vegetables-Hygiene Oriented
10680,6,Protein Enjoyers
10681,4,Promotion Seekers
10682,5,Large Families
10683,2,Young Grocery
10685,4,Promotion Seekers
10686,3,Tech Enthusiasts
10687,0,Older Long-Tenure Grocery
10690,4,Promotion Seekers
10691,0,Older Long-Tenure Grocery
10693,4,Promotion Seekers
10694,6,Protein Enjoyers
10695,0,Older Long-Tenure Grocery
10696,5,Large Families
10697,0,Older Long-Tenure Grocery
10698,5,Large Families
10699,4,Promotion Seekers
10700,3,Tech Enthusiasts
10701,0,Older Long-Tenure Grocery
10702,0,Older Long-Tenure Grocery
10703,4,Promotion Seekers
10704,7,Service Sensitive
10706,5,Large Families
10707,0,Older Long-Tenure Grocery
10708,3,Tech Enthusiasts
10709,3,Tech Enthusiasts
10711,0,Older Long-Tenure Grocery
10712,5,Large Families
10713,4,Promotion Seekers
10714,3,Tech Enthusiasts
10715,1,Vegetables-Hygiene Oriented
10716,1,Vegetables-Hygiene Oriented
10717,0,Older Long-Tenure Grocery
10718,7,Service Sensitive
10719,4,Promotion Seekers
10720,7,Service Sensitive
10721,0,Older Long-Tenure Grocery
10722,4,Promotion Seekers
10724,4,Promotion Seekers
10725,4,Promotion Seekers
10726,1,Vegetables-Hygiene Oriented
10728,6,Protein Enjoyers
10729,3,Tech Enthusiasts
10730,2,Young Grocery
10731,4,Promotion Seekers
10732,5,Large Families
10733,6,Protein Enjoyers
10734,1,Vegetables-Hygiene Oriented
10735,1,Vegetables-Hygiene Oriented
10736,0,Older Long-Tenure Grocery
10737,7,Service Sensitive
10738,0,Older Long-Tenure Grocery
10739,4,Promotion Seekers
10740,0,Older Long-Tenure Grocery
10741,6,Protein Enjoyers
10742,2,Young Grocery
10743,0,Older Long-Tenure Grocery
10744,1,Vegetables-Hygiene Oriented
10746,6,Protein Enjoyers
10747,4,Promotion Seekers
10748,2,Young Grocery
10749,0,Older Long-Tenure Grocery
10750,4,Promotion Seekers
10751,6,Protein Enjoyers
10752,0,Older Long-Tenure Grocery
10754,5,Large Families
10755,0,Older Long-Tenure Grocery
10756,3,Tech Enthusiasts
10757,0,Older Long-Tenure Grocery
10758,5,Large Families
10761,5,Large Families
10762,4,Promotion Seekers
10763,4,Promotion Seekers
10764,7,Service Sensitive
10765,0,Older Long-Tenure Grocery
10766,0,Older Long-Tenure Grocery
10768,7,Service Sensitive
10769,1,Vegetables-Hygiene Oriented
10770,2,Young Grocery
10771,2,Young Grocery
10772,0,Older Long-Tenure Grocery
10773,1,Vegetables-Hygiene Oriented
10774,3,Tech Enthusiasts
10776,7,Service Sensitive
10777,4,Promotion Seekers
10778,2,Young Grocery
10779,5,Large Families
10781,2,Young Grocery
10782,7,Service Sensitive
10784,4,Promotion Seekers
10785,3,Tech Enthusiasts
10786,0,Older Long-Tenure Grocery
10787,6,Protein Enjoyers
10788,1,Vegetables-Hygiene Oriented
10790,5,Large Families
10791,2,Young Grocery
10792,3,Tech Enthusiasts
10793,4,Promotion Seekers
10794,3,Tech Enthusiasts
10795,0,Older Long-Tenure Grocery
10796,7,Service Sensitive
10798,0,Older Long-Tenure Grocery
10799,0,Older Long-Tenure Grocery
10800,6,Protein Enjoyers
10802,4,Promotion Seekers
10803,7,Service Sensitive
10804,4,Promotion Seekers
10805,2,Young Grocery
10806,2,Young Grocery
10807,4,Promotion Seekers
10808,6,Protein Enjoyers
10809,0,Older Long-Tenure Grocery
10810,6,Protein Enjoyers
10811,4,Promotion Seekers
10812,1,Vegetables-Hygiene Oriented
10813,2,Young Grocery
10814,3,Tech Enthusiasts
10815,1,Vegetables-Hygiene Oriented
10816,1,Vegetables-Hygiene Oriented
10817,0,Older Long-Tenure Grocery
10819,0,Older Long-Tenure Grocery
10821,0,Older Long-Tenure Grocery
10822,4,Promotion Seekers
10823,0,Older Long-Tenure Grocery
10825,5,Large Families
10826,1,Vegetables-Hygiene Oriented
10827,2,Young Grocery
10828,4,Promotion Seekers
10829,2,Young Grocery
10830,1,Vegetables-Hygiene Oriented
10831,0,Older Long-Tenure Grocery
10832,1,Vegetables-Hygiene Oriented
10834,1,Vegetables-Hygiene Oriented
10835,7,Service Sensitive
10837,2,Young Grocery
10838,4,Promotion Seekers
10839,2,Young Grocery
10840,5,Large Families
10841,3,Tech Enthusiasts
10842,7,Service Sensitive
10843,1,Vegetables-Hygiene Oriented
10844,2,Young Grocery
10845,2,Young Grocery
10846,4,Promotion Seekers
10847,7,Service Sensitive
10848,5,Large Families
10849,1,Vegetables-Hygiene Oriented
10850,2,Young Grocery
10851,4,Promotion Seekers
10852,0,Older Long-Tenure Grocery
10853,2,Young Grocery
10854,0,Older Long-Tenure Grocery
10857,5,Large Families
10858,2,Young Grocery
10860,4,Promotion Seekers
10861,5,Large Families
10863,0,Older Long-Tenure Grocery
10864,0,Older Long-Tenure Grocery
10867,0,Older Long-Tenure Grocery
10868,4,Promotion Seekers
10871,6,Protein Enjoyers
10872,7,Service Sensitive
10873,0,Older Long-Tenure Grocery
10874,1,Vegetables-Hygiene Oriented
10875,3,Tech Enthusiasts
10876,5,Large Families
10877,4,Promotion Seekers
10879,4,Promotion Seekers
10881,4,Promotion Seekers
10882,5,Large Families
10883,7,Service Sensitive
10884,3,Tech Enthusiasts
10885,3,Tech Enthusiasts
10886,1,Vegetables-Hygiene Oriented
10887,2,Young Grocery
10888,5,Large Families
10889,2,Young Grocery
10890,3,Tech Enthusiasts
10891,7,Service Sensitive
10892,1,Vegetables-Hygiene Oriented
10893,7,Service Sensitive
10894,4,Promotion Seekers
10895,7,Service Sensitive
10896,2,Young Grocery
10897,1,Vegetables-Hygiene Oriented
10898,6,Protein Enjoyers
10899,3,Tech Enthusiasts
10900,2,Young Grocery
10901,0,Older Long-Tenure Grocery
10902,4,Promotion Seekers
10903,4,Promotion Seekers
10904,4,Promotion Seekers
10905,2,Young Grocery
10906,4,Promotion Seekers
10907,4,Promotion Seekers
10908,0,Older Long-Tenure Grocery
10910,1,Vegetables-Hygiene Oriented
10912,0,Older Long-Tenure Grocery
10913,5,Large Families
10914,3,Tech Enthusiasts
10915,7,Service Sensitive
10916,1,Vegetables-Hygiene Oriented
10917,3,Tech Enthusiasts
10918,3,Tech Enthusiasts
10920,5,Large Families
10921,4,Promotion Seekers
10922,1,Vegetables-Hygiene Oriented
10925,4,Promotion Seekers
10927,2,Young Grocery
10928,4,Promotion Seekers
10929,1,Vegetables-Hygiene Oriented
10931,0,Older Long-Tenure Grocery
10932,4,Promotion Seekers
10933,0,Older Long-Tenure Grocery
10934,1,Vegetables-Hygiene Oriented
10935,3,Tech Enthusiasts
10937,6,Protein Enjoyers
10939,4,Promotion Seekers
10941,7,Service Sensitive
10942,1,Vegetables-Hygiene Oriented
10943,1,Vegetables-Hygiene Oriented
10944,0,Older Long-Tenure Grocery
10945,5,Large Families
10946,5,Large Families
10947,3,Tech Enthusiasts
10948,1,Vegetables-Hygiene Oriented
10949,1,Vegetables-Hygiene Oriented
10950,1,Vegetables-Hygiene Oriented
10951,7,Service Sensitive
10952,2,Young Grocery
10953,7,Service Sensitive
10954,2,Young Grocery
10955,2,Young Grocery
10956,1,Vegetables-Hygiene Oriented
10957,3,Tech Enthusiasts
10958,7,Service Sensitive
10959,0,Older Long-Tenure Grocery
10960,6,Protein Enjoyers
10961,0,Older Long-Tenure Grocery
10962,2,Young Grocery
10963,4,Promotion Seekers
10964,7,Service Sensitive
10965,6,Protein Enjoyers
10966,4,Promotion Seekers
10967,2,Young Grocery
10968,5,Large Families
10970,7,Service Sensitive
10971,7,Service Sensitive
10972,4,Promotion Seekers
10973,3,Tech Enthusiasts
10974,2,Young Grocery
10975,0,Older Long-Tenure Grocery
10976,3,Tech Enthusiasts
10977,3,Tech Enthusiasts
10979,0,Older Long-Tenure Grocery
10980,0,Older Long-Tenure Grocery
10981,0,Older Long-Tenure Grocery
10982,3,Tech Enthusiasts
10984,0,Older Long-Tenure Grocery
10985,0,Older Long-Tenure Grocery
10986,5,Large Families
10987,3,Tech Enthusiasts
10988,2,Young Grocery
10989,3,Tech Enthusiasts
10990,5,Large Families
10991,3,Tech Enthusiasts
10992,4,Promotion Seekers
10994,5,Large Families
10995,5,Large Families
10997,1,Vegetables-Hygiene Oriented
10998,1,Vegetables-Hygiene Oriented
10999,3,Tech Enthusiasts
11001,3,Tech Enthusiasts
11002,6,Protein Enjoyers
11003,0,Older Long-Tenure Grocery
11004,1,Vegetables-Hygiene Oriented
11005,6,Protein Enjoyers
11006,7,Service Sensitive
11007,0,Older Long-Tenure Grocery
11008,7,Service Sensitive
11009,5,Large Families
11010,7,Service Sensitive
11011,4,Promotion Seekers
11012,6,Protein Enjoyers
11014,2,Young Grocery
11016,0,Older Long-Tenure Grocery
11017,7,Service Sensitive
11018,7,Service Sensitive
11019,3,Tech Enthusiasts
11021,4,Promotion Seekers
11022,1,Vegetables-Hygiene Oriented
11023,0,Older Long-Tenure Grocery
11024,6,Protein Enjoyers
11025,2,Young Grocery
11026,1,Vegetables-Hygiene Oriented
11027,1,Vegetables-Hygiene Oriented
11028,5,Large Families
11029,4,Promotion Seekers
11030,5,Large Families
11031,1,Vegetables-Hygiene Oriented
11032,4,Promotion Seekers
11033,7,Service Sensitive
11035,5,Large Families
11036,0,Older Long-Tenure Grocery
11037,0,Older Long-Tenure Grocery
11038,6,Protein Enjoyers
11039,5,Large Families
11040,0,Older Long-Tenure Grocery
11042,4,Promotion Seekers
11043,5,Large Families
11044,7,Service Sensitive
11045,0,Older Long-Tenure Grocery
11046,4,Promotion Seekers
11047,4,Promotion Seekers
11048,3,Tech Enthusiasts
11049,3,Tech Enthusiasts
11050,4,Promotion Seekers
11052,3,Tech Enthusiasts
11053,3,Tech Enthusiasts
11054,7,Service Sensitive
11055,4,Promotion Seekers
11057,4,Promotion Seekers
11058,1,Vegetables-Hygiene Oriented
11059,7,Service Sensitive
11060,4,Promotion Seekers
11062,0,Older Long-Tenure Grocery
11063,2,Young Grocery
11064,0,Older Long-Tenure Grocery
11065,0,Older Long-Tenure Grocery
11067,5,Large Families
11068,1,Vegetables-Hygiene Oriented
11069,2,Young Grocery
11070,0,Older Long-Tenure Grocery
11071,1,Vegetables-Hygiene Oriented
11072,0,Older Long-Tenure Grocery
11073,0,Older Long-Tenure Grocery
11074,2,Young Grocery
11075,1,Vegetables-Hygiene Oriented
11076,3,Tech Enthusiasts
11077,0,Older Long-Tenure Grocery
11079,4,Promotion Seekers
11081,0,Older Long-Tenure Grocery
11082,4,Promotion Seekers
11083,0,Older Long-Tenure Grocery
11084,7,Service Sensitive
11085,0,Older Long-Tenure Grocery
11086,1,Vegetables-Hygiene Oriented
11087,6,Protein Enjoyers
11088,1,Vegetables-Hygiene Oriented
11089,4,Promotion Seekers
11090,2,Young Grocery
11091,6,Protein Enjoyers
11092,0,Older Long-Tenure Grocery
11095,2,Young Grocery
11096,5,Large Families
11097,1,Vegetables-Hygiene Oriented
11098,5,Large Families
11099,5,Large Families
11101,4,Promotion Seekers
11102,7,Service Sensitive
11104,2,Young Grocery
11105,6,Protein Enjoyers
11106,3,Tech Enthusiasts
11108,5,Large Families
11109,0,Older Long-Tenure Grocery
11110,5,Large Families
11111,4,Promotion Seekers
11112,2,Young Grocery
11113,1,Vegetables-Hygiene Oriented
11115,0,Older Long-Tenure Grocery
11116,4,Promotion Seekers
11117,4,Promotion Seekers
11118,1,Vegetables-Hygiene Oriented
11119,1,Vegetables-Hygiene Oriented
11120,6,Protein Enjoyers
11121,5,Large Families
11122,4,Promotion Seekers
11123,0,Older Long-Tenure Grocery
11124,4,Promotion Seekers
11125,6,Protein Enjoyers
11126,7,Service Sensitive
11127,5,Large Families
11128,4,Promotion Seekers
11129,1,Vegetables-Hygiene Oriented
11130,0,Older Long-Tenure Grocery
11131,5,Large Families
11132,7,Service Sensitive
11133,2,Young Grocery
11135,6,Protein Enjoyers
11136,3,Tech Enthusiasts
11139,0,Older Long-Tenure Grocery
11140,1,Vegetables-Hygiene Oriented
11141,7,Service Sensitive
11143,0,Older Long-Tenure Grocery
11145,2,Young Grocery
11146,6,Protein Enjoyers
11147,1,Vegetables-Hygiene Oriented
11148,4,Promotion Seekers
11149,0,Older Long-Tenure Grocery
11150,1,Vegetables-Hygiene Oriented
11151,0,Older Long-Tenure Grocery
11152,0,Older Long-Tenure Grocery
11153,2,Young Grocery
11154,2,Young Grocery
11155,0,Older Long-Tenure Grocery
11156,4,Promotion Seekers
11157,0,Older Long-Tenure Grocery
11158,4,Promotion Seekers
11159,7,Service Sensitive
11160,7,Service Sensitive
11162,0,Older Long-Tenure Grocery
11163,7,Service Sensitive
11164,1,Vegetables-Hygiene Oriented
11166,0,Older Long-Tenure Grocery
11167,5,Large Families
11168,0,Older Long-Tenure Grocery
11169,1,Vegetables-Hygiene Oriented
11170,1,Vegetables-Hygiene Oriented
11171,3,Tech Enthusiasts
11172,2,Young Grocery
11173,1,Vegetables-Hygiene Oriented
11174,3,Tech Enthusiasts
11175,1,Vegetables-Hygiene Oriented
11177,1,Vegetables-Hygiene Oriented
11178,6,Protein Enjoyers
11179,7,Service Sensitive
11180,2,Young Grocery
11181,0,Older Long-Tenure Grocery
11182,7,Service Sensitive
11183,4,Promotion Seekers
11184,7,Service Sensitive
11185,3,Tech Enthusiasts
11186,3,Tech Enthusiasts
11187,3,Tech Enthusiasts
11189,2,Young Grocery
11190,1,Vegetables-Hygiene Oriented
11191,4,Promotion Seekers
11192,2,Young Grocery
11193,6,Protein Enjoyers
11194,0,Older Long-Tenure Grocery
11195,6,Protein Enjoyers
11197,2,Young Grocery
11198,5,Large Families
11199,3,Tech Enthusiasts
11200,5,Large Families
11201,1,Vegetables-Hygiene Oriented
11202,3,Tech Enthusiasts
11203,4,Promotion Seekers
11204,2,Young Grocery
11205,7,Service Sensitive
11206,4,Promotion Seekers
11207,4,Promotion Seekers
11208,4,Promotion Seekers
11209,1,Vegetables-Hygiene Oriented
11210,1,Vegetables-Hygiene Oriented
11211,1,Vegetables-Hygiene Oriented
11212,5,Large Families
11213,2,Young Grocery
11214,4,Promotion Seekers
11215,2,Young Grocery
11216,7,Service Sensitive
11217,5,Large Families
11218,2,Young Grocery
11219,2,Young Grocery
11220,2,Young Grocery
11221,0,Older Long-Tenure Grocery
11222,3,Tech Enthusiasts
11223,0,Older Long-Tenure Grocery
11224,6,Protein Enjoyers
11225,5,Large Families
11226,7,Service Sensitive
11229,4,Promotion Seekers
11230,7,Service Sensitive
11231,4,Promotion Seekers
11232,3,Tech Enthusiasts
11233,2,Young Grocery
11234,7,Service Sensitive
11235,1,Vegetables-Hygiene Oriented
11236,4,Promotion Seekers
11237,5,Large Families
11238,0,Older Long-Tenure Grocery
11239,1,Vegetables-Hygiene Oriented
11241,0,Older Long-Tenure Grocery
11242,6,Protein Enjoyers
11243,4,Promotion Seekers
11244,1,Vegetables-Hygiene Oriented
11245,2,Young Grocery
11247,6,Protein Enjoyers
11248,2,Young Grocery
11249,5,Large Families
11251,0,Older Long-Tenure Grocery
11252,0,Older Long-Tenure Grocery
11253,1,Vegetables-Hygiene Oriented
11254,0,Older Long-Tenure Grocery
11255,3,Tech Enthusiasts
11256,1,Vegetables-Hygiene Oriented
11258,6,Protein Enjoyers
11259,1,Vegetables-Hygiene Oriented
11260,2,Young Grocery
11261,7,Service Sensitive
11262,1,Vegetables-Hygiene Oriented
11263,0,Older Long-Tenure Grocery
11264,0,Older Long-Tenure Grocery
11265,1,Vegetables-Hygiene Oriented
11266,5,Large Families
11267,0,Older Long-Tenure Grocery
11268,0,Older Long-Tenure Grocery
11269,0,Older Long-Tenure Grocery
11270,7,Service Sensitive
11271,3,Tech Enthusiasts
11272,2,Young Grocery
11273,2,Young Grocery
11275,7,Service Sensitive
11276,2,Young Grocery
11277,7,Service Sensitive
11278,3,Tech Enthusiasts
11279,0,Older Long-Tenure Grocery
11280,2,Young Grocery
11281,6,Protein Enjoyers
11282,7,Service Sensitive
11283,1,Vegetables-Hygiene Oriented
11284,4,Promotion Seekers
11285,4,Promotion Seekers
11287,2,Young Grocery
11288,0,Older Long-Tenure Grocery
11289,6,Protein Enjoyers
11290,4,Promotion Seekers
11291,0,Older Long-Tenure Grocery
11292,3,Tech Enthusiasts
11293,1,Vegetables-Hygiene Oriented
11294,0,Older Long-Tenure Grocery
11295,4,Promotion Seekers
11296,0,Older Long-Tenure Grocery
11298,4,Promotion Seekers
11299,5,Large Families
11300,5,Large Families
11301,0,Older Long-Tenure Grocery
11302,0,Older Long-Tenure Grocery
11303,5,Large Families
11304,2,Young Grocery
11306,3,Tech Enthusiasts
11307,2,Young Grocery
11308,4,Promotion Seekers
11309,5,Large Families
11310,1,Vegetables-Hygiene Oriented
11311,2,Young Grocery
11312,0,Older Long-Tenure Grocery
11313,2,Young Grocery
11314,2,Young Grocery
11315,2,Young Grocery
11316,0,Older Long-Tenure Grocery
11318,7,Service Sensitive
11321,7,Service Sensitive
11322,0,Older Long-Tenure Grocery
11323,3,Tech Enthusiasts
11324,1,Vegetables-Hygiene Oriented
11325,6,Protein Enjoyers
11326,1,Vegetables-Hygiene Oriented
11327,7,Service Sensitive
11328,1,Vegetables-Hygiene Oriented
11329,2,Young Grocery
11330,1,Vegetables-Hygiene Oriented
11331,1,Vegetables-Hygiene Oriented
11332,4,Promotion Seekers
11333,0,Older Long-Tenure Grocery
11334,4,Promotion Seekers
11335,4,Promotion Seekers
11336,1,Vegetables-Hygiene Oriented
11337,1,Vegetables-Hygiene Oriented
11338,4,Promotion Seekers
11339,4,Promotion Seekers
11340,0,Older Long-Tenure Grocery
11341,4,Promotion Seekers
11342,7,Service Sensitive
11343,7,Service Sensitive
11344,5,Large Families
11345,1,Vegetables-Hygiene Oriented
11346,1,Vegetables-Hygiene Oriented
11347,1,Vegetables-Hygiene Oriented
11349,4,Promotion Seekers
11350,2,Young Grocery
11351,5,Large Families
11352,7,Service Sensitive
11353,2,Young Grocery
11354,2,Young Grocery
11355,2,Young Grocery
11356,6,Protein Enjoyers
11360,3,Tech Enthusiasts
11361,5,Large Families
11362,7,Service Sensitive
11363,1,Vegetables-Hygiene Oriented
11364,5,Large Families
11365,3,Tech Enthusiasts
11366,6,Protein Enjoyers
11367,2,Young Grocery
11369,7,Service Sensitive
11370,4,Promotion Seekers
11373,3,Tech Enthusiasts
11374,7,Service Sensitive
11375,1,Vegetables-Hygiene Oriented
11376,4,Promotion Seekers
11377,4,Promotion Seekers
11378,3,Tech Enthusiasts
11379,3,Tech Enthusiasts
11380,5,Large Families
11381,2,Young Grocery
11382,7,Service Sensitive
11383,7,Service Sensitive
11384,5,Large Families
11385,1,Vegetables-Hygiene Oriented
11386,1,Vegetables-Hygiene Oriented
11387,1,Vegetables-Hygiene Oriented
11388,0,Older Long-Tenure Grocery
11390,0,Older Long-Tenure Grocery
11391,2,Young Grocery
11392,2,Young Grocery
11393,4,Promotion Seekers
11394,0,Older Long-Tenure Grocery
11395,1,Vegetables-Hygiene Oriented
11396,4,Promotion Seekers
11398,2,Young Grocery
11399,0,Older Long-Tenure Grocery
11400,4,Promotion Seekers
11401,7,Service Sensitive
11403,3,Tech Enthusiasts
11404,0,Older Long-Tenure Grocery
11405,3,Tech Enthusiasts
11406,3,Tech Enthusiasts
11409,2,Young Grocery
11410,0,Older Long-Tenure Grocery
11411,0,Older Long-Tenure Grocery
11412,3,Tech Enthusiasts
11413,0,Older Long-Tenure Grocery
11414,7,Service Sensitive
11415,2,Young Grocery
11416,5,Large Families
11417,0,Older Long-Tenure Grocery
11418,4,Promotion Seekers
11419,0,Older Long-Tenure Grocery
11420,7,Service Sensitive
11421,0,Older Long-Tenure Grocery
11422,3,Tech Enthusiasts
11424,5,Large Families
11425,2,Young Grocery
11426,0,Older Long-Tenure Grocery
11427,6,Protein Enjoyers
11428,4,Promotion Seekers
11429,4,Promotion Seekers
11430,0,Older Long-Tenure Grocery
11431,4,Promotion Seekers
11433,4,Promotion Seekers
11434,3,Tech Enthusiasts
11435,2,Young Grocery
11437,2,Young Grocery
11438,7,Service Sensitive
11439,4,Promotion Seekers
11440,1,Vegetables-Hygiene Oriented
11441,4,Promotion Seekers
11442,1,Vegetables-Hygiene Oriented
11443,2,Young Grocery
11444,3,Tech Enthusiasts
11445,4,Promotion Seekers
11446,1,Vegetables-Hygiene Oriented
11447,4,Promotion Seekers
11448,7,Service Sensitive
11449,2,Young Grocery
11450,3,Tech Enthusiasts
11451,0,Older Long-Tenure Grocery
11452,1,Vegetables-Hygiene Oriented
11453,1,Vegetables-Hygiene Oriented
11454,3,Tech Enthusiasts
11456,6,Protein Enjoyers
11457,1,Vegetables-Hygiene Oriented
11458,2,Young Grocery
11460,5,Large Families
11461,5,Large Families
11462,4,Promotion Seekers
11463,4,Promotion Seekers
11464,2,Young Grocery
11466,6,Protein Enjoyers
11467,5,Large Families
11468,4,Promotion Seekers
11469,1,Vegetables-Hygiene Oriented
11471,0,Older Long-Tenure Grocery
11472,0,Older Long-Tenure Grocery
11473,7,Service Sensitive
11474,5,Large Families
11476,6,Protein Enjoyers
11478,1,Vegetables-Hygiene Oriented
11479,4,Promotion Seekers
11480,0,Older Long-Tenure Grocery
11481,0,Older Long-Tenure Grocery
11482,7,Service Sensitive
11483,4,Promotion Seekers
11484,4,Promotion Seekers
11485,3,Tech Enthusiasts
11486,7,Service Sensitive
11488,4,Promotion Seekers
11489,3,Tech Enthusiasts
11490,4,Promotion Seekers
11491,7,Service Sensitive
11493,1,Vegetables-Hygiene Oriented
11494,2,Young Grocery
11496,3,Tech Enthusiasts
11497,2,Young Grocery
11498,7,Service Sensitive
11499,1,Vegetables-Hygiene Oriented
11500,1,Vegetables-Hygiene Oriented
11501,5,Large Families
11502,7,Service Sensitive
11503,4,Promotion Seekers
11504,6,Protein Enjoyers
11505,1,Vegetables-Hygiene Oriented
11506,4,Promotion Seekers
11509,7,Service Sensitive
11511,1,Vegetables-Hygiene Oriented
11512,0,Older Long-Tenure Grocery
11513,7,Service Sensitive
11514,1,Vegetables-Hygiene Oriented
11515,0,Older Long-Tenure Grocery
11516,0,Older Long-Tenure Grocery
11517,2,Young Grocery
11518,4,Promotion Seekers
11519,4,Promotion Seekers
11520,7,Service Sensitive
11521,0,Older Long-Tenure Grocery
11522,5,Large Families
11523,4,Promotion Seekers
11524,3,Tech Enthusiasts
11525,2,Young Grocery
11526,5,Large Families
11527,4,Promotion Seekers
11529,1,Vegetables-Hygiene Oriented
11531,4,Promotion Seekers
11532,0,Older Long-Tenure Grocery
11533,6,Protein Enjoyers
11534,7,Service Sensitive
11536,7,Service Sensitive
11537,2,Young Grocery
11538,3,Tech Enthusiasts
11539,2,Young Grocery
11540,6,Protein Enjoyers
11541,0,Older Long-Tenure Grocery
11542,6,Protein Enjoyers
11544,7,Service Sensitive
11545,7,Service Sensitive
11546,1,Vegetables-Hygiene Oriented
11547,4,Promotion Seekers
11548,4,Promotion Seekers
11549,0,Older Long-Tenure Grocery
11550,7,Service Sensitive
11551,0,Older Long-Tenure Grocery
11552,4,Promotion Seekers
11553,1,Vegetables-Hygiene Oriented
11554,0,Older Long-Tenure Grocery
11556,4,Promotion Seekers
11557,5,Large Families
11558,5,Large Families
11559,7,Service Sensitive
11560,2,Young Grocery
11561,0,Older Long-Tenure Grocery
11562,0,Older Long-Tenure Grocery
11563,5,Large Families
11564,3,Tech Enthusiasts
11565,7,Service Sensitive
11566,0,Older Long-Tenure Grocery
11567,2,Young Grocery
11568,1,Vegetables-Hygiene Oriented
11569,3,Tech Enthusiasts
11570,4,Promotion Seekers
11571,1,Vegetables-Hygiene Oriented
11572,7,Service Sensitive
11573,0,Older Long-Tenure Grocery
11574,5,Large Families
11575,2,Young Grocery
11576,7,Service Sensitive
11577,0,Older Long-Tenure Grocery
11578,1,Vegetables-Hygiene Oriented
11579,7,Service Sensitive
11580,0,Older Long-Tenure Grocery
11582,0,Older Long-Tenure Grocery
11585,1,Vegetables-Hygiene Oriented
11586,1,Vegetables-Hygiene Oriented
11587,7,Service Sensitive
11588,3,Tech Enthusiasts
11589,4,Promotion Seekers
11590,0,Older Long-Tenure Grocery
11591,2,Young Grocery
11593,2,Young Grocery
11594,2,Young Grocery
11595,2,Young Grocery
11596,4,Promotion Seekers
11597,3,Tech Enthusiasts
11598,3,Tech Enthusiasts
11599,3,Tech Enthusiasts
11601,1,Vegetables-Hygiene Oriented
11603,7,Service Sensitive
11604,4,Promotion Seekers
11605,7,Service Sensitive
11606,1,Vegetables-Hygiene Oriented
11607,5,Large Families
11609,5,Large Families
11610,0,Older Long-Tenure Grocery
11611,4,Promotion Seekers
11612,3,Tech Enthusiasts
11614,0,Older Long-Tenure Grocery
11615,2,Young Grocery
11616,3,Tech Enthusiasts
11617,0,Older Long-Tenure Grocery
11621,4,Promotion Seekers
11622,7,Service Sensitive
11623,0,Older Long-Tenure Grocery
11624,3,Tech Enthusiasts
11626,7,Service Sensitive
11627,3,Tech Enthusiasts
11628,0,Older Long-Tenure Grocery
11629,3,Tech Enthusiasts
11631,0,Older Long-Tenure Grocery
11632,1,Vegetables-Hygiene Oriented
11633,3,Tech Enthusiasts
11634,4,Promotion Seekers
11635,3,Tech Enthusiasts
11636,0,Older Long-Tenure Grocery
11637,1,Vegetables-Hygiene Oriented
11638,7,Service Sensitive
11639,7,Service Sensitive
11640,4,Promotion Seekers
11641,0,Older Long-Tenure Grocery
11642,7,Service Sensitive
11643,1,Vegetables-Hygiene Oriented
11644,3,Tech Enthusiasts
11645,6,Protein Enjoyers
11646,2,Young Grocery
11647,4,Promotion Seekers
11648,7,Service Sensitive
11649,2,Young Grocery
11650,7,Service Sensitive
11651,3,Tech Enthusiasts
11652,7,Service Sensitive
11653,5,Large Families
11654,5,Large Families
11655,0,Older Long-Tenure Grocery
11656,1,Vegetables-Hygiene Oriented
11657,1,Vegetables-Hygiene Oriented
11658,1,Vegetables-Hygiene Oriented
11661,0,Older Long-Tenure Grocery
11662,2,Young Grocery
11663,7,Service Sensitive
11664,0,Older Long-Tenure Grocery
11665,0,Older Long-Tenure Grocery
11666,7,Service Sensitive
11667,0,Older Long-Tenure Grocery
11669,3,Tech Enthusiasts
11671,6,Protein Enjoyers
11672,3,Tech Enthusiasts
11673,2,Young Grocery
11674,1,Vegetables-Hygiene Oriented
11676,7,Service Sensitive
11677,4,Promotion Seekers
11678,1,Vegetables-Hygiene Oriented
11679,0,Older Long-Tenure Grocery
11681,1,Vegetables-Hygiene Oriented
11684,0,Older Long-Tenure Grocery
11685,5,Large Families
11686,1,Vegetables-Hygiene Oriented
11687,5,Large Families
11688,7,Service Sensitive
11691,4,Promotion Seekers
11692,2,Young Grocery
11694,7,Service Sensitive
11696,7,Service Sensitive
11697,5,Large Families
11698,5,Large Families
11699,0,Older Long-Tenure Grocery
11700,3,Tech Enthusiasts
11701,7,Service Sensitive
11702,1,Vegetables-Hygiene Oriented
11704,2,Young Grocery
11705,4,Promotion Seekers
11706,7,Service Sensitive
11707,7,Service Sensitive
11708,1,Vegetables-Hygiene Oriented
11709,2,Young Grocery
11710,3,Tech Enthusiasts
11712,5,Large Families
11713,1,Vegetables-Hygiene Oriented
11714,1,Vegetables-Hygiene Oriented
11715,4,Promotion Seekers
11716,0,Older Long-Tenure Grocery
11718,4,Promotion Seekers
11719,7,Service Sensitive
11720,5,Large Families
11723,3,Tech Enthusiasts
11724,7,Service Sensitive
11725,3,Tech Enthusiasts
11726,0,Older Long-Tenure Grocery
11728,4,Promotion Seekers
11729,3,Tech Enthusiasts
11730,4,Promotion Seekers
11731,1,Vegetables-Hygiene Oriented
11732,5,Large Families
11733,7,Service Sensitive
11734,3,Tech Enthusiasts
11735,3,Tech Enthusiasts
11736,2,Young Grocery
11737,0,Older Long-Tenure Grocery
11738,7,Service Sensitive
11739,3,Tech Enthusiasts
11740,5,Large Families
11741,1,Vegetables-Hygiene Oriented
11743,7,Service Sensitive
11744,3,Tech Enthusiasts
11745,4,Promotion Seekers
11746,1,Vegetables-Hygiene Oriented
11747,4,Promotion Seekers
11748,6,Protein Enjoyers
11749,4,Promotion Seekers
11751,1,Vegetables-Hygiene Oriented
11752,4,Promotion Seekers
11755,1,Vegetables-Hygiene Oriented
11756,4,Promotion Seekers
11757,3,Tech Enthusiasts
11758,3,Tech Enthusiasts
11759,4,Promotion Seekers
11760,1,Vegetables-Hygiene Oriented
11761,2,Young Grocery
11762,1,Vegetables-Hygiene Oriented
11763,7,Service Sensitive
11764,0,Older Long-Tenure Grocery
11766,0,Older Long-Tenure Grocery
11768,4,Promotion Seekers
11769,7,Service Sensitive
11770,7,Service Sensitive
11771,2,Young Grocery
11772,0,Older Long-Tenure Grocery
11773,2,Young Grocery
11775,4,Promotion Seekers
11776,0,Older Long-Tenure Grocery
11778,2,Young Grocery
11779,4,Promotion Seekers
11780,2,Young Grocery
11782,3,Tech Enthusiasts
11783,3,Tech Enthusiasts
11785,0,Older Long-Tenure Grocery
11786,3,Tech Enthusiasts
11787,1,Vegetables-Hygiene Oriented
11788,5,Large Families
11789,1,Vegetables-Hygiene Oriented
11791,0,Older Long-Tenure Grocery
11792,1,Vegetables-Hygiene Oriented
11793,2,Young Grocery
11796,4,Promotion Seekers
11797,0,Older Long-Tenure Grocery
11798,3,Tech Enthusiasts
11799,4,Promotion Seekers
11800,5,Large Families
11801,5,Large Families
11802,0,Older Long-Tenure Grocery
11803,0,Older Long-Tenure Grocery
11804,0,Older Long-Tenure Grocery
11805,4,Promotion Seekers
11807,1,Vegetables-Hygiene Oriented
11809,5,Large Families
11811,0,Older Long-Tenure Grocery
11812,0,Older Long-Tenure Grocery
11814,4,Promotion Seekers
11815,3,Tech Enthusiasts
11816,4,Promotion Seekers
11817,4,Promotion Seekers
11818,4,Promotion Seekers
11820,4,Promotion Seekers
11821,5,Large Families
11822,3,Tech Enthusiasts
11823,4,Promotion Seekers
11824,5,Large Families
11825,2,Young Grocery
11826,1,Vegetables-Hygiene Oriented
11827,2,Young Grocery
11828,7,Service Sensitive
11829,1,Vegetables-Hygiene Oriented
11830,6,Protein Enjoyers
11832,4,Promotion Seekers
11833,1,Vegetables-Hygiene Oriented
11835,5,Large Families
11836,4,Promotion Seekers
11837,0,Older Long-Tenure Grocery
11838,4,Promotion Seekers
11839,3,Tech Enthusiasts
11840,2,Young Grocery
11841,3,Tech Enthusiasts
11843,6,Protein Enjoyers
11844,7,Service Sensitive
11845,5,Large Families
11846,2,Young Grocery
11847,1,Vegetables-Hygiene Oriented
11848,0,Older Long-Tenure Grocery
11849,4,Promotion Seekers
11851,2,Young Grocery
11852,0,Older Long-Tenure Grocery
11853,1,Vegetables-Hygiene Oriented
11854,0,Older Long-Tenure Grocery
11855,4,Promotion Seekers
11856,4,Promotion Seekers
11857,0,Older Long-Tenure Grocery
11858,0,Older Long-Tenure Grocery
11859,4,Promotion Seekers
11860,0,Older Long-Tenure Grocery
11861,2,Young Grocery
11862,3,Tech Enthusiasts
11864,1,Vegetables-Hygiene Oriented
11865,4,Promotion Seekers
11867,7,Service Sensitive
11868,1,Vegetables-Hygiene Oriented
11869,0,Older Long-Tenure Grocery
11870,1,Vegetables-Hygiene Oriented
11871,0,Older Long-Tenure Grocery
11873,0,Older Long-Tenure Grocery
11874,4,Promotion Seekers
11875,4,Promotion Seekers
11876,7,Service Sensitive
11877,2,Young Grocery
11879,7,Service Sensitive
11880,0,Older Long-Tenure Grocery
11881,1,Vegetables-Hygiene Oriented
11882,5,Large Families
11883,5,Large Families
11884,2,Young Grocery
11885,2,Young Grocery
11886,3,Tech Enthusiasts
11888,2,Young Grocery
11889,7,Service Sensitive
11890,3,Tech Enthusiasts
11891,2,Young Grocery
11892,0,Older Long-Tenure Grocery
11893,3,Tech Enthusiasts
11894,7,Service Sensitive
11896,4,Promotion Seekers
11897,3,Tech Enthusiasts
11898,6,Protein Enjoyers
11899,7,Service Sensitive
11901,1,Vegetables-Hygiene Oriented
11902,7,Service Sensitive
11903,7,Service Sensitive
11904,7,Service Sensitive
11905,5,Large Families
11906,2,Young Grocery
11907,2,Young Grocery
11908,7,Service Sensitive
11909,3,Tech Enthusiasts
11910,7,Service Sensitive
11912,0,Older Long-Tenure Grocery
11914,2,Young Grocery
11915,2,Young Grocery
11916,7,Service Sensitive
11918,5,Large Families
11919,1,Vegetables-Hygiene Oriented
11920,2,Young Grocery
11921,0,Older Long-Tenure Grocery
11922,0,Older Long-Tenure Grocery
11923,3,Tech Enthusiasts
11924,0,Older Long-Tenure Grocery
11925,1,Vegetables-Hygiene Oriented
11926,4,Promotion Seekers
11927,7,Service Sensitive
11928,0,Older Long-Tenure Grocery
11929,0,Older Long-Tenure Grocery
11930,1,Vegetables-Hygiene Oriented
11931,0,Older Long-Tenure Grocery
11932,0,Older Long-Tenure Grocery
11933,2,Young Grocery
11934,0,Older Long-Tenure Grocery
11935,1,Vegetables-Hygiene Oriented
11936,1,Vegetables-Hygiene Oriented
11938,0,Older Long-Tenure Grocery
11939,0,Older Long-Tenure Grocery
11940,0,Older Long-Tenure Grocery
11941,1,Vegetables-Hygiene Oriented
11943,4,Promotion Seekers
11944,1,Vegetables-Hygiene Oriented
11945,0,Older Long-Tenure Grocery
11946,3,Tech Enthusiasts
11947,0,Older Long-Tenure Grocery
11948,0,Older Long-Tenure Grocery
11950,3,Tech Enthusiasts
11951,0,Older Long-Tenure Grocery
11952,0,Older Long-Tenure Grocery
11953,0,Older Long-Tenure Grocery
11955,2,Young Grocery
11957,0,Older Long-Tenure Grocery
11958,2,Young Grocery
11959,0,Older Long-Tenure Grocery
11960,6,Protein Enjoyers
11961,3,Tech Enthusiasts
11962,2,Young Grocery
11963,5,Large Families
11964,0,Older Long-Tenure Grocery
11965,1,Vegetables-Hygiene Oriented
11966,7,Service Sensitive
11967,4,Promotion Seekers
11968,5,Large Families
11969,4,Promotion Seekers
11970,1,Vegetables-Hygiene Oriented
11972,4,Promotion Seekers
11973,4,Promotion Seekers
11974,3,Tech Enthusiasts
11975,3,Tech Enthusiasts
11976,0,Older Long-Tenure Grocery
11978,7,Service Sensitive
11980,7,Service Sensitive
11981,5,Large Families
11982,2,Young Grocery
11983,4,Promotion Seekers
11985,7,Service Sensitive
11986,0,Older Long-Tenure Grocery
11988,4,Promotion Seekers
11990,7,Service Sensitive
11991,2,Young Grocery
11993,5,Large Families
11994,4,Promotion Seekers
11995,7,Service Sensitive
11996,3,Tech Enthusiasts
11997,2,Young Grocery
11998,7,Service Sensitive
11999,4,Promotion Seekers
12000,6,Protein Enjoyers
12001,5,Large Families
12002,4,Promotion Seekers
12004,0,Older Long-Tenure Grocery
12005,4,Promotion Seekers
12006,0,Older Long-Tenure Grocery
12007,2,Young Grocery
12008,3,Tech Enthusiasts
12009,7,Service Sensitive
12010,2,Young Grocery
12011,2,Young Grocery
12013,7,Service Sensitive
12015,0,Older Long-Tenure Grocery
12016,7,Service Sensitive
12017,6,Protein Enjoyers
12018,0,Older Long-Tenure Grocery
12019,7,Service Sensitive
12020,1,Vegetables-Hygiene Oriented
12021,0,Older Long-Tenure Grocery
12023,0,Older Long-Tenure Grocery
12025,2,Young Grocery
12026,5,Large Families
12028,0,Older Long-Tenure Grocery
12029,1,Vegetables-Hygiene Oriented
12030,4,Promotion Seekers
12031,0,Older Long-Tenure Grocery
12032,0,Older Long-Tenure Grocery
12033,0,Older Long-Tenure Grocery
12034,4,Promotion Seekers
12035,2,Young Grocery
12036,0,Older Long-Tenure Grocery
12037,3,Tech Enthusiasts
12039,1,Vegetables-Hygiene Oriented
12040,5,Large Families
12041,0,Older Long-Tenure Grocery
12042,4,Promotion Seekers
12043,7,Service Sensitive
12045,7,Service Sensitive
12046,7,Service Sensitive
12047,7,Service Sensitive
12048,0,Older Long-Tenure Grocery
12049,4,Promotion Seekers
12050,0,Older Long-Tenure Grocery
12051,6,Protein Enjoyers
12052,2,Young Grocery
12053,6,Protein Enjoyers
12056,4,Promotion Seekers
12057,0,Older Long-Tenure Grocery
12059,0,Older Long-Tenure Grocery
12060,4,Promotion Seekers
12061,1,Vegetables-Hygiene Oriented
12062,1,Vegetables-Hygiene Oriented
12063,4,Promotion Seekers
12064,6,Protein Enjoyers
12065,2,Young Grocery
12066,3,Tech Enthusiasts
12067,6,Protein Enjoyers
12068,4,Promotion Seekers
12069,0,Older Long-Tenure Grocery
12071,1,Vegetables-Hygiene Oriented
12073,1,Vegetables-Hygiene Oriented
12074,0,Older Long-Tenure Grocery
12075,0,Older Long-Tenure Grocery
12077,2,Young Grocery
12078,2,Young Grocery
12079,3,Tech Enthusiasts
12080,3,Tech Enthusiasts
12081,7,Service Sensitive
12082,7,Service Sensitive
12083,1,Vegetables-Hygiene Oriented
12084,0,Older Long-Tenure Grocery
12085,1,Vegetables-Hygiene Oriented
12086,2,Young Grocery
12087,0,Older Long-Tenure Grocery
12088,0,Older Long-Tenure Grocery
12089,5,Large Families
12090,1,Vegetables-Hygiene Oriented
12091,1,Vegetables-Hygiene Oriented
12092,7,Service Sensitive
12094,1,Vegetables-Hygiene Oriented
12096,2,Young Grocery
12097,6,Protein Enjoyers
12099,4,Promotion Seekers
12100,0,Older Long-Tenure Grocery
12101,6,Protein Enjoyers
12102,1,Vegetables-Hygiene Oriented
12103,1,Vegetables-Hygiene Oriented
12104,3,Tech Enthusiasts
12106,0,Older Long-Tenure Grocery
12107,1,Vegetables-Hygiene Oriented
12109,7,Service Sensitive
12110,2,Young Grocery
12111,7,Service Sensitive
12112,4,Promotion Seekers
12113,1,Vegetables-Hygiene Oriented
12114,0,Older Long-Tenure Grocery
12115,0,Older Long-Tenure Grocery
12116,5,Large Families
12117,0,Older Long-Tenure Grocery
12118,4,Promotion Seekers
12119,5,Large Families
12120,1,Vegetables-Hygiene Oriented
12121,6,Protein Enjoyers
12122,7,Service Sensitive
12123,0,Older Long-Tenure Grocery
12126,4,Promotion Seekers
12127,1,Vegetables-Hygiene Oriented
12128,3,Tech Enthusiasts
12130,1,Vegetables-Hygiene Oriented
12131,4,Promotion Seekers
12133,3,Tech Enthusiasts
12134,1,Vegetables-Hygiene Oriented
12135,4,Promotion Seekers
12136,3,Tech Enthusiasts
12138,7,Service Sensitive
12140,1,Vegetables-Hygiene Oriented
12142,0,Older Long-Tenure Grocery
12143,0,Older Long-Tenure Grocery
12144,7,Service Sensitive
12145,4,Promotion Seekers
12146,7,Service Sensitive
12147,2,Young Grocery
12148,2,Young Grocery
12149,0,Older Long-Tenure Grocery
12151,3,Tech Enthusiasts
12152,1,Vegetables-Hygiene Oriented
12153,1,Vegetables-Hygiene Oriented
12154,0,Older Long-Tenure Grocery
12155,1,Vegetables-Hygiene Oriented
12156,3,Tech Enthusiasts
12157,1,Vegetables-Hygiene Oriented
12158,1,Vegetables-Hygiene Oriented
12159,4,Promotion Seekers
12160,0,Older Long-Tenure Grocery
12161,1,Vegetables-Hygiene Oriented
12162,5,Large Families
12163,1,Vegetables-Hygiene Oriented
12166,0,Older Long-Tenure Grocery
12167,1,Vegetables-Hygiene Oriented
12169,0,Older Long-Tenure Grocery
12170,2,Young Grocery
12172,0,Older Long-Tenure Grocery
12173,4,Promotion Seekers
12174,2,Young Grocery
12176,0,Older Long-Tenure Grocery
12177,1,Vegetables-Hygiene Oriented
12178,7,Service Sensitive
12179,4,Promotion Seekers
12180,5,Large Families
12182,0,Older Long-Tenure Grocery
12183,0,Older Long-Tenure Grocery
12186,4,Promotion Seekers
12187,7,Service Sensitive
12188,0,Older Long-Tenure Grocery
12189,4,Promotion Seekers
12191,0,Older Long-Tenure Grocery
12192,0,Older Long-Tenure Grocery
12193,2,Young Grocery
12194,4,Promotion Seekers
12195,7,Service Sensitive
12196,7,Service Sensitive
12198,0,Older Long-Tenure Grocery
12199,1,Vegetables-Hygiene Oriented
12201,1,Vegetables-Hygiene Oriented
12202,1,Vegetables-Hygiene Oriented
12203,4,Promotion Seekers
12204,5,Large Families
12205,3,Tech Enthusiasts
12206,4,Promotion Seekers
12209,5,Large Families
12210,0,Older Long-Tenure Grocery
12211,3,Tech Enthusiasts
12213,3,Tech Enthusiasts
12215,1,Vegetables-Hygiene Oriented
12216,4,Promotion Seekers
12218,0,Older Long-Tenure Grocery
12219,4,Promotion Seekers
12220,6,Protein Enjoyers
12221,3,Tech Enthusiasts
12222,3,Tech Enthusiasts
12223,4,Promotion Seekers
12224,4,Promotion Seekers
12225,7,Service Sensitive
12226,3,Tech Enthusiasts
12227,1,Vegetables-Hygiene Oriented
12229,7,Service Sensitive
12231,4,Promotion Seekers
12233,0,Older Long-Tenure Grocery
12234,5,Large Families
12237,1,Vegetables-Hygiene Oriented
12238,1,Vegetables-Hygiene Oriented
12239,6,Protein Enjoyers
12240,4,Promotion Seekers
12241,6,Protein Enjoyers
12242,0,Older Long-Tenure Grocery
12244,1,Vegetables-Hygiene Oriented
12245,7,Service Sensitive
12246,0,Older Long-Tenure Grocery
12247,4,Promotion Seekers
12248,4,Promotion Seekers
12249,0,Older Long-Tenure Grocery
12250,3,Tech Enthusiasts
12251,2,Young Grocery
12252,0,Older Long-Tenure Grocery
12253,3,Tech Enthusiasts
12254,5,Large Families
12255,6,Protein Enjoyers
12256,4,Promotion Seekers
12257,1,Vegetables-Hygiene Oriented
12259,0,Older Long-Tenure Grocery
12260,6,Protein Enjoyers
12261,1,Vegetables-Hygiene Oriented
12262,7,Service Sensitive
12263,1,Vegetables-Hygiene Oriented
12264,1,Vegetables-Hygiene Oriented
12267,7,Service Sensitive
12269,1,Vegetables-Hygiene Oriented
12270,0,Older Long-Tenure Grocery
12273,3,Tech Enthusiasts
12274,6,Protein Enjoyers
12275,2,Young Grocery
12276,2,Young Grocery
12277,1,Vegetables-Hygiene Oriented
12279,5,Large Families
12280,3,Tech Enthusiasts
12281,4,Promotion Seekers
12282,1,Vegetables-Hygiene Oriented
12283,6,Protein Enjoyers
12285,7,Service Sensitive
12286,1,Vegetables-Hygiene Oriented
12288,2,Young Grocery
12290,2,Young Grocery
12292,4,Promotion Seekers
12293,4,Promotion Seekers
12294,3,Tech Enthusiasts
12295,1,Vegetables-Hygiene Oriented
12296,2,Young Grocery
12297,7,Service Sensitive
12298,0,Older Long-Tenure Grocery
12299,1,Vegetables-Hygiene Oriented
12302,2,Young Grocery
12303,2,Young Grocery
12304,0,Older Long-Tenure Grocery
12305,1,Vegetables-Hygiene Oriented
12307,4,Promotion Seekers
12309,6,Protein Enjoyers
12310,4,Promotion Seekers
12311,4,Promotion Seekers
12313,1,Vegetables-Hygiene Oriented
12314,7,Service Sensitive
12315,4,Promotion Seekers
12316,7,Service Sensitive
12317,4,Promotion Seekers
12320,2,Young Grocery
12321,0,Older Long-Tenure Grocery
12322,7,Service Sensitive
12323,0,Older Long-Tenure Grocery
12324,0,Older Long-Tenure Grocery
12325,4,Promotion Seekers
12326,1,Vegetables-Hygiene Oriented
12327,7,Service Sensitive
12328,3,Tech Enthusiasts
12330,1,Vegetables-Hygiene Oriented
12331,4,Promotion Seekers
12332,1,Vegetables-Hygiene Oriented
12333,0,Older Long-Tenure Grocery
12336,3,Tech Enthusiasts
12337,7,Service Sensitive
12339,3,Tech Enthusiasts
12340,0,Older Long-Tenure Grocery
12342,3,Tech Enthusiasts
12343,2,Young Grocery
12344,7,Service Sensitive
12345,1,Vegetables-Hygiene Oriented
12346,0,Older Long-Tenure Grocery
12347,4,Promotion Seekers
12348,7,Service Sensitive
12349,4,Promotion Seekers
12350,1,Vegetables-Hygiene Oriented
12351,1,Vegetables-Hygiene Oriented
12352,2,Young Grocery
12353,5,Large Families
12355,4,Promotion Seekers
12356,3,Tech Enthusiasts
12357,0,Older Long-Tenure Grocery
12358,7,Service Sensitive
12359,7,Service Sensitive
12360,4,Promotion Seekers
12361,7,Service Sensitive
12362,2,Young Grocery
12363,6,Protein Enjoyers
12364,1,Vegetables-Hygiene Oriented
12365,2,Young Grocery
12366,1,Vegetables-Hygiene Oriented
12367,7,Service Sensitive
12368,2,Young Grocery
12371,1,Vegetables-Hygiene Oriented
12372,0,Older Long-Tenure Grocery
12375,4,Promotion Seekers
12378,2,Young Grocery
12379,4,Promotion Seekers
12380,3,Tech Enthusiasts
12381,7,Service Sensitive
12382,4,Promotion Seekers
12383,4,Promotion Seekers
12384,4,Promotion Seekers
12385,3,Tech Enthusiasts
12388,1,Vegetables-Hygiene Oriented
12389,6,Protein Enjoyers
12390,4,Promotion Seekers
12391,5,Large Families
12392,2,Young Grocery
12393,5,Large Families
12394,0,Older Long-Tenure Grocery
12395,0,Older Long-Tenure Grocery
12396,6,Protein Enjoyers
12397,1,Vegetables-Hygiene Oriented
12398,7,Service Sensitive
12399,4,Promotion Seekers
12400,1,Vegetables-Hygiene Oriented
12401,4,Promotion Seekers
12402,1,Vegetables-Hygiene Oriented
12403,7,Service Sensitive
12404,0,Older Long-Tenure Grocery
12405,1,Vegetables-Hygiene Oriented
12406,4,Promotion Seekers
12407,4,Promotion Seekers
12408,1,Vegetables-Hygiene Oriented
12409,2,Young Grocery
12410,7,Service Sensitive
12411,0,Older Long-Tenure Grocery
12412,7,Service Sensitive
12413,5,Large Families
12414,2,Young Grocery
12415,5,Large Families
12417,0,Older Long-Tenure Grocery
12418,0,Older Long-Tenure Grocery
12419,4,Promotion Seekers
12420,0,Older Long-Tenure Grocery
12421,4,Promotion Seekers
12424,4,Promotion Seekers
12426,7,Service Sensitive
12428,2,Young Grocery
12429,3,Tech Enthusiasts
12432,0,Older Long-Tenure Grocery
12434,1,Vegetables-Hygiene Oriented
12435,3,Tech Enthusiasts
12436,6,Protein Enjoyers
12437,7,Service Sensitive
12438,6,Protein Enjoyers
12439,4,Promotion Seekers
12440,2,Young Grocery
12441,0,Older Long-Tenure Grocery
12442,3,Tech Enthusiasts
12443,0,Older Long-Tenure Grocery
12444,0,Older Long-Tenure Grocery
12446,2,Young Grocery
12447,5,Large Families
12448,1,Vegetables-Hygiene Oriented
12450,3,Tech Enthusiasts
12451,7,Service Sensitive
12452,3,Tech Enthusiasts
12453,7,Service Sensitive
12454,1,Vegetables-Hygiene Oriented
12455,1,Vegetables-Hygiene Oriented
12456,1,Vegetables-Hygiene Oriented
12457,2,Young Grocery
12461,6,Protein Enjoyers
12462,7,Service Sensitive
12463,6,Protein Enjoyers
12465,1,Vegetables-Hygiene Oriented
12466,4,Promotion Seekers
12467,4,Promotion Seekers
12468,2,Young Grocery
12470,3,Tech Enthusiasts
12471,0,Older Long-Tenure Grocery
12472,4,Promotion Seekers
12473,0,Older Long-Tenure Grocery
12474,1,Vegetables-Hygiene Oriented
12475,4,Promotion Seekers
12477,6,Protein Enjoyers
12478,0,Older Long-Tenure Grocery
12479,4,Promotion Seekers
12480,0,Older Long-Tenure Grocery
12481,4,Promotion Seekers
12484,2,Young Grocery
12485,1,Vegetables-Hygiene Oriented
12487,2,Young Grocery
12488,2,Young Grocery
12489,0,Older Long-Tenure Grocery
12490,4,Promotion Seekers
12491,2,Young Grocery
12492,2,Young Grocery
12493,2,Young Grocery
12495,6,Protein Enjoyers
12496,0,Older Long-Tenure Grocery
12497,5,Large Families
12498,3,Tech Enthusiasts
12499,7,Service Sensitive
12500,0,Older Long-Tenure Grocery
12502,4,Promotion Seekers
12503,0,Older Long-Tenure Grocery
12504,5,Large Families
12505,4,Promotion Seekers
12506,0,Older Long-Tenure Grocery
12508,3,Tech Enthusiasts
12509,2,Young Grocery
12510,4,Promotion Seekers
12511,6,Protein Enjoyers
12513,5,Large Families
12514,3,Tech Enthusiasts
12515,1,Vegetables-Hygiene Oriented
12516,0,Older Long-Tenure Grocery
12517,1,Vegetables-Hygiene Oriented
12519,7,Service Sensitive
12520,0,Older Long-Tenure Grocery
12524,4,Promotion Seekers
12526,1,Vegetables-Hygiene Oriented
12530,6,Protein Enjoyers
12531,0,Older Long-Tenure Grocery
12532,7,Service Sensitive
12535,4,Promotion Seekers
12537,3,Tech Enthusiasts
12538,0,Older Long-Tenure Grocery
12539,7,Service Sensitive
12540,0,Older Long-Tenure Grocery
12541,0,Older Long-Tenure Grocery
12542,7,Service Sensitive
12543,1,Vegetables-Hygiene Oriented
12544,0,Older Long-Tenure Grocery
12545,2,Young Grocery
12546,4,Promotion Seekers
12547,6,Protein Enjoyers
12548,1,Vegetables-Hygiene Oriented
12549,3,Tech Enthusiasts
12550,5,Large Families
12552,7,Service Sensitive
12554,1,Vegetables-Hygiene Oriented
12555,4,Promotion Seekers
12556,3,Tech Enthusiasts
12557,1,Vegetables-Hygiene Oriented
12560,4,Promotion Seekers
12561,1,Vegetables-Hygiene Oriented
12562,3,Tech Enthusiasts
12563,6,Protein Enjoyers
12564,0,Older Long-Tenure Grocery
12565,7,Service Sensitive
12566,2,Young Grocery
12568,1,Vegetables-Hygiene Oriented
12569,7,Service Sensitive
12570,0,Older Long-Tenure Grocery
12572,2,Young Grocery
12573,4,Promotion Seekers
12574,0,Older Long-Tenure Grocery
12575,4,Promotion Seekers
12576,7,Service Sensitive
12577,4,Promotion Seekers
12578,3,Tech Enthusiasts
12579,3,Tech Enthusiasts
12580,1,Vegetables-Hygiene Oriented
12582,0,Older Long-Tenure Grocery
12583,1,Vegetables-Hygiene Oriented
12584,7,Service Sensitive
12585,7,Service Sensitive
12586,4,Promotion Seekers
12587,0,Older Long-Tenure Grocery
12588,4,Promotion Seekers
12589,6,Protein Enjoyers
12590,0,Older Long-Tenure Grocery
12591,5,Large Families
12592,1,Vegetables-Hygiene Oriented
12593,7,Service Sensitive
12594,4,Promotion Seekers
12595,7,Service Sensitive
12596,2,Young Grocery
12597,4,Promotion Seekers
12598,7,Service Sensitive
12600,4,Promotion Seekers
12602,2,Young Grocery
12603,7,Service Sensitive
12605,4,Promotion Seekers
12606,4,Promotion Seekers
12607,6,Protein Enjoyers
12608,2,Young Grocery
12609,4,Promotion Seekers
12610,3,Tech Enthusiasts
12611,1,Vegetables-Hygiene Oriented
12612,0,Older Long-Tenure Grocery
12614,7,Service Sensitive
12615,1,Vegetables-Hygiene Oriented
12616,4,Promotion Seekers
12617,3,Tech Enthusiasts
12618,5,Large Families
12619,4,Promotion Seekers
12620,2,Young Grocery
12621,5,Large Families
12623,1,Vegetables-Hygiene Oriented
12624,5,Large Families
12625,4,Promotion Seekers
12626,3,Tech Enthusiasts
12627,4,Promotion Seekers
12628,1,Vegetables-Hygiene Oriented
12629,0,Older Long-Tenure Grocery
12631,4,Promotion Seekers
12632,3,Tech Enthusiasts
12633,5,Large Families
12634,4,Promotion Seekers
12635,1,Vegetables-Hygiene Oriented
12636,0,Older Long-Tenure Grocery
12638,0,Older Long-Tenure Grocery
12639,4,Promotion Seekers
12640,0,Older Long-Tenure Grocery
12642,4,Promotion Seekers
12644,4,Promotion Seekers
12645,3,Tech Enthusiasts
12646,6,Protein Enjoyers
12647,1,Vegetables-Hygiene Oriented
12648,0,Older Long-Tenure Grocery
12649,3,Tech Enthusiasts
12650,4,Promotion Seekers
12652,1,Vegetables-Hygiene Oriented
12653,4,Promotion Seekers
12654,4,Promotion Seekers
12655,5,Large Families
12656,1,Vegetables-Hygiene Oriented
12657,7,Service Sensitive
12659,4,Promotion Seekers
12660,0,Older Long-Tenure Grocery
12661,3,Tech Enthusiasts
12663,4,Promotion Seekers
12664,4,Promotion Seekers
12665,1,Vegetables-Hygiene Oriented
12666,4,Promotion Seekers
12667,4,Promotion Seekers
12668,4,Promotion Seekers
12670,2,Young Grocery
12671,6,Protein Enjoyers
12672,2,Young Grocery
12673,3,Tech Enthusiasts
12674,1,Vegetables-Hygiene Oriented
12675,2,Young Grocery
12677,0,Older Long-Tenure Grocery
12678,6,Protein Enjoyers
12679,0,Older Long-Tenure Grocery
12681,4,Promotion Seekers
12684,0,Older Long-Tenure Grocery
12685,2,Young Grocery
12686,4,Promotion Seekers
12687,5,Large Families
12689,4,Promotion Seekers
12691,0,Older Long-Tenure Grocery
12692,3,Tech Enthusiasts
12693,4,Promotion Seekers
12694,7,Service Sensitive
12695,1,Vegetables-Hygiene Oriented
12696,3,Tech Enthusiasts
12698,1,Vegetables-Hygiene Oriented
12700,5,Large Families
12701,1,Vegetables-Hygiene Oriented
12702,1,Vegetables-Hygiene Oriented
12703,0,Older Long-Tenure Grocery
12704,2,Young Grocery
12705,2,Young Grocery
12706,4,Promotion Seekers
12707,3,Tech Enthusiasts
12709,0,Older Long-Tenure Grocery
12710,0,Older Long-Tenure Grocery
12711,0,Older Long-Tenure Grocery
12712,3,Tech Enthusiasts
12713,2,Young Grocery
12714,5,Large Families
12715,0,Older Long-Tenure Grocery
12717,5,Large Families
12720,1,Vegetables-Hygiene Oriented
12721,3,Tech Enthusiasts
12722,4,Promotion Seekers
12724,6,Protein Enjoyers
12725,2,Young Grocery
12726,4,Promotion Seekers
12727,0,Older Long-Tenure Grocery
12728,0,Older Long-Tenure Grocery
12729,0,Older Long-Tenure Grocery
12730,4,Promotion Seekers
12731,2,Young Grocery
12732,7,Service Sensitive
12733,7,Service Sensitive
12734,2,Young Grocery
12738,3,Tech Enthusiasts
12739,3,Tech Enthusiasts
12740,2,Young Grocery
12742,2,Young Grocery
12745,1,Vegetables-Hygiene Oriented
12746,7,Service Sensitive
12747,0,Older Long-Tenure Grocery
12748,2,Young Grocery
12749,0,Older Long-Tenure Grocery
12750,1,Vegetables-Hygiene Oriented
12751,6,Protein Enjoyers
12752,1,Vegetables-Hygiene Oriented
12754,5,Large Families
12756,2,Young Grocery
12757,3,Tech Enthusiasts
12758,1,Vegetables-Hygiene Oriented
12760,1,Vegetables-Hygiene Oriented
12761,4,Promotion Seekers
12763,1,Vegetables-Hygiene Oriented
12764,1,Vegetables-Hygiene Oriented
12765,4,Promotion Seekers
12766,7,Service Sensitive
12767,2,Young Grocery
12768,4,Promotion Seekers
12769,0,Older Long-Tenure Grocery
12770,2,Young Grocery
12771,1,Vegetables-Hygiene Oriented
12772,6,Protein Enjoyers
12773,7,Service Sensitive
12774,2,Young Grocery
12775,1,Vegetables-Hygiene Oriented
12776,1,Vegetables-Hygiene Oriented
12778,7,Service Sensitive
12779,7,Service Sensitive
12781,5,Large Families
12782,2,Young Grocery
12783,4,Promotion Seekers
12784,1,Vegetables-Hygiene Oriented
12785,3,Tech Enthusiasts
12786,4,Promotion Seekers
12787,1,Vegetables-Hygiene Oriented
12788,7,Service Sensitive
12789,6,Protein Enjoyers
12790,0,Older Long-Tenure Grocery
12791,0,Older Long-Tenure Grocery
12792,1,Vegetables-Hygiene Oriented
12793,5,Large Families
12794,1,Vegetables-Hygiene Oriented
12795,7,Service Sensitive
12796,1,Vegetables-Hygiene Oriented
12797,1,Vegetables-Hygiene Oriented
12798,2,Young Grocery
12799,2,Young Grocery
12800,4,Promotion Seekers
12801,0,Older Long-Tenure Grocery
12803,5,Large Families
12804,4,Promotion Seekers
12805,7,Service Sensitive
12806,0,Older Long-Tenure Grocery
12808,4,Promotion Seekers
12809,0,Older Long-Tenure Grocery
12810,4,Promotion Seekers
12811,0,Older Long-Tenure Grocery
12813,5,Large Families
12814,0,Older Long-Tenure Grocery
12815,0,Older Long-Tenure Grocery
12817,7,Service Sensitive
12818,4,Promotion Seekers
12819,1,Vegetables-Hygiene Oriented
12820,1,Vegetables-Hygiene Oriented
12821,4,Promotion Seekers
12823,1,Vegetables-Hygiene Oriented
12824,2,Young Grocery
12825,4,Promotion Seekers
12826,0,Older Long-Tenure Grocery
12827,7,Service Sensitive
12828,2,Young Grocery
12829,7,Service Sensitive
12831,1,Vegetables-Hygiene Oriented
12832,6,Protein Enjoyers
12833,0,Older Long-Tenure Grocery
12834,0,Older Long-Tenure Grocery
12835,0,Older Long-Tenure Grocery
12836,4,Promotion Seekers
12838,5,Large Families
12839,0,Older Long-Tenure Grocery
12840,1,Vegetables-Hygiene Oriented
12842,2,Young Grocery
12843,0,Older Long-Tenure Grocery
12844,4,Promotion Seekers
12845,5,Large Families
12846,7,Service Sensitive
12847,4,Promotion Seekers
12848,4,Promotion Seekers
12849,3,Tech Enthusiasts
12850,1,Vegetables-Hygiene Oriented
12851,3,Tech Enthusiasts
12853,3,Tech Enthusiasts
12854,1,Vegetables-Hygiene Oriented
12856,1,Vegetables-Hygiene Oriented
12857,0,Older Long-Tenure Grocery
12858,7,Service Sensitive
12859,4,Promotion Seekers
12860,2,Young Grocery
12861,6,Protein Enjoyers
12862,1,Vegetables-Hygiene Oriented
12863,2,Young Grocery
12864,0,Older Long-Tenure Grocery
12865,4,Promotion Seekers
12866,2,Young Grocery
12867,5,Large Families
12868,3,Tech Enthusiasts
12869,2,Young Grocery
12871,4,Promotion Seekers
12872,0,Older Long-Tenure Grocery
12874,0,Older Long-Tenure Grocery
12876,6,Protein Enjoyers
12877,1,Vegetables-Hygiene Oriented
12879,1,Vegetables-Hygiene Oriented
12880,5,Large Families
12884,1,Vegetables-Hygiene Oriented
12885,5,Large Families
12886,1,Vegetables-Hygiene Oriented
12888,4,Promotion Seekers
12889,6,Protein Enjoyers
12890,6,Protein Enjoyers
12891,1,Vegetables-Hygiene Oriented
12892,1,Vegetables-Hygiene Oriented
12893,1,Vegetables-Hygiene Oriented
12895,0,Older Long-Tenure Grocery
12898,6,Protein Enjoyers
12899,4,Promotion Seekers
12902,2,Young Grocery
12903,4,Promotion Seekers
12904,2,Young Grocery
12905,4,Promotion Seekers
12906,2,Young Grocery
12907,6,Protein Enjoyers
12908,0,Older Long-Tenure Grocery
12912,4,Promotion Seekers
12914,7,Service Sensitive
12915,4,Promotion Seekers
12916,2,Young Grocery
12917,3,Tech Enthusiasts
12918,3,Tech Enthusiasts
12919,0,Older Long-Tenure Grocery
12920,4,Promotion Seekers
12921,4,Promotion Seekers
12924,7,Service Sensitive
12925,2,Young Grocery
12926,7,Service Sensitive
12927,0,Older Long-Tenure Grocery
12928,1,Vegetables-Hygiene Oriented
12930,3,Tech Enthusiasts
12931,1,Vegetables-Hygiene Oriented
12932,5,Large Families
12934,4,Promotion Seekers
12935,5,Large Families
12936,7,Service Sensitive
12938,1,Vegetables-Hygiene Oriented
12940,5,Large Families
12941,7,Service Sensitive
12943,1,Vegetables-Hygiene Oriented
12944,3,Tech Enthusiasts
12945,6,Protein Enjoyers
12946,0,Older Long-Tenure Grocery
12947,2,Young Grocery
12948,7,Service Sensitive
12949,0,Older Long-Tenure Grocery
12950,0,Older Long-Tenure Grocery
12951,6,Protein Enjoyers
12952,5,Large Families
12954,0,Older Long-Tenure Grocery
12955,2,Young Grocery
12956,0,Older Long-Tenure Grocery
12957,3,Tech Enthusiasts
12959,5,Large Families
12960,7,Service Sensitive
12961,2,Young Grocery
12962,4,Promotion Seekers
12964,2,Young Grocery
12965,7,Service Sensitive
12966,2,Young Grocery
12967,4,Promotion Seekers
12968,3,Tech Enthusiasts
12969,4,Promotion Seekers
12970,2,Young Grocery
12971,1,Vegetables-Hygiene Oriented
12972,2,Young Grocery
12973,0,Older Long-Tenure Grocery
12974,6,Protein Enjoyers
12976,5,Large Families
12977,0,Older Long-Tenure Grocery
12982,1,Vegetables-Hygiene Oriented
12983,7,Service Sensitive
12984,4,Promotion Seekers
12985,5,Large Families
12987,3,Tech Enthusiasts
12989,4,Promotion Seekers
12990,7,Service Sensitive
12991,0,Older Long-Tenure Grocery
12992,5,Large Families
12993,3,Tech Enthusiasts
12994,2,Young Grocery
12995,3,Tech Enthusiasts
12997,0,Older Long-Tenure Grocery
12998,6,Protein Enjoyers
12999,4,Promotion Seekers
13000,5,Large Families
13001,1,Vegetables-Hygiene Oriented
13002,7,Service Sensitive
13003,4,Promotion Seekers
13004,0,Older Long-Tenure Grocery
13005,5,Large Families
13006,4,Promotion Seekers
13007,3,Tech Enthusiasts
13008,3,Tech Enthusiasts
13010,3,Tech Enthusiasts
13011,0,Older Long-Tenure Grocery
13012,0,Older Long-Tenure Grocery
13014,1,Vegetables-Hygiene Oriented
13017,7,Service Sensitive
13018,1,Vegetables-Hygiene Oriented
13020,7,Service Sensitive
13022,5,Large Families
13023,1,Vegetables-Hygiene Oriented
13025,1,Vegetables-Hygiene Oriented
13026,0,Older Long-Tenure Grocery
13027,4,Promotion Seekers
13028,4,Promotion Seekers
13029,0,Older Long-Tenure Grocery
13030,6,Protein Enjoyers
13032,0,Older Long-Tenure Grocery
13033,1,Vegetables-Hygiene Oriented
13034,1,Vegetables-Hygiene Oriented
13036,7,Service Sensitive
13037,7,Service Sensitive
13038,1,Vegetables-Hygiene Oriented
13040,4,Promotion Seekers
13041,0,Older Long-Tenure Grocery
13042,7,Service Sensitive
13043,5,Large Families
13044,4,Promotion Seekers
13045,1,Vegetables-Hygiene Oriented
13046,0,Older Long-Tenure Grocery
13047,6,Protein Enjoyers
13048,5,Large Families
13049,1,Vegetables-Hygiene Oriented
13051,7,Service Sensitive
13052,7,Service Sensitive
13054,7,Service Sensitive
13055,2,Young Grocery
13057,0,Older Long-Tenure Grocery
13058,1,Vegetables-Hygiene Oriented
13059,1,Vegetables-Hygiene Oriented
13060,6,Protein Enjoyers
13061,7,Service Sensitive
13062,7,Service Sensitive
13063,7,Service Sensitive
13064,1,Vegetables-Hygiene Oriented
13065,4,Promotion Seekers
13066,0,Older Long-Tenure Grocery
13067,2,Young Grocery
13068,1,Vegetables-Hygiene Oriented
13069,0,Older Long-Tenure Grocery
13070,3,Tech Enthusiasts
13071,3,Tech Enthusiasts
13072,7,Service Sensitive
13073,0,Older Long-Tenure Grocery
13074,0,Older Long-Tenure Grocery
13075,4,Promotion Seekers
13076,1,Vegetables-Hygiene Oriented
13077,6,Protein Enjoyers
13078,4,Promotion Seekers
13079,2,Young Grocery
13080,7,Service Sensitive
13081,4,Promotion Seekers
13082,4,Promotion Seekers
13083,4,Promotion Seekers
13084,2,Young Grocery
13085,5,Large Families
13086,2,Young Grocery
13087,2,Young Grocery
13089,1,Vegetables-Hygiene Oriented
13090,0,Older Long-Tenure Grocery
13091,7,Service Sensitive
13093,0,Older Long-Tenure Grocery
13094,4,Promotion Seekers
13095,3,Tech Enthusiasts
13096,3,Tech Enthusiasts
13097,0,Older Long-Tenure Grocery
13098,1,Vegetables-Hygiene Oriented
13100,4,Promotion Seekers
13101,3,Tech Enthusiasts
13102,2,Young Grocery
13103,4,Promotion Seekers
13104,4,Promotion Seekers
13105,4,Promotion Seekers
13106,4,Promotion Seekers
13107,7,Service Sensitive
13108,1,Vegetables-Hygiene Oriented
13109,0,Older Long-Tenure Grocery
13110,4,Promotion Seekers
13111,0,Older Long-Tenure Grocery
13112,5,Large Families
13114,4,Promotion Seekers
13115,4,Promotion Seekers
13116,5,Large Families
13117,2,Young Grocery
13118,1,Vegetables-Hygiene Oriented
13119,0,Older Long-Tenure Grocery
13120,4,Promotion Seekers
13122,7,Service Sensitive
13123,7,Service Sensitive
13124,4,Promotion Seekers
13125,4,Promotion Seekers
13126,3,Tech Enthusiasts
13127,6,Protein Enjoyers
13128,5,Large Families
13129,3,Tech Enthusiasts
13130,5,Large Families
13131,5,Large Families
13132,4,Promotion Seekers
13133,0,Older Long-Tenure Grocery
13134,7,Service Sensitive
13135,0,Older Long-Tenure Grocery
13136,4,Promotion Seekers
13137,2,Young Grocery
13138,2,Young Grocery
13139,0,Older Long-Tenure Grocery
13140,1,Vegetables-Hygiene Oriented
13141,0,Older Long-Tenure Grocery
13143,2,Young Grocery
13144,2,Young Grocery
13145,7,Service Sensitive
13146,1,Vegetables-Hygiene Oriented
13147,5,Large Families
13149,1,Vegetables-Hygiene Oriented
13150,0,Older Long-Tenure Grocery
13151,1,Vegetables-Hygiene Oriented
13152,1,Vegetables-Hygiene Oriented
13153,3,Tech Enthusiasts
13154,2,Young Grocery
13156,7,Service Sensitive
13157,1,Vegetables-Hygiene Oriented
13158,6,Protein Enjoyers
13159,0,Older Long-Tenure Grocery
13161,1,Vegetables-Hygiene Oriented
13162,5,Large Families
13163,4,Promotion Seekers
13165,7,Service Sensitive
13166,2,Young Grocery
13167,3,Tech Enthusiasts
13168,0,Older Long-Tenure Grocery
13169,2,Young Grocery
13172,1,Vegetables-Hygiene Oriented
13173,2,Young Grocery
13174,0,Older Long-Tenure Grocery
13175,6,Protein Enjoyers
13176,1,Vegetables-Hygiene Oriented
13177,3,Tech Enthusiasts
13178,1,Vegetables-Hygiene Oriented
13180,4,Promotion Seekers
13181,4,Promotion Seekers
13183,4,Promotion Seekers
13184,7,Service Sensitive
13185,1,Vegetables-Hygiene Oriented
13186,4,Promotion Seekers
13187,2,Young Grocery
13188,4,Promotion Seekers
13189,7,Service Sensitive
13190,2,Young Grocery
13191,7,Service Sensitive
13192,0,Older Long-Tenure Grocery
13194,6,Protein Enjoyers
13195,0,Older Long-Tenure Grocery
13196,5,Large Families
13197,6,Protein Enjoyers
13198,7,Service Sensitive
13199,0,Older Long-Tenure Grocery
13201,4,Promotion Seekers
13202,1,Vegetables-Hygiene Oriented
13203,4,Promotion Seekers
13204,1,Vegetables-Hygiene Oriented
13205,7,Service Sensitive
13208,5,Large Families
13209,1,Vegetables-Hygiene Oriented
13210,4,Promotion Seekers
13211,3,Tech Enthusiasts
13212,5,Large Families
13213,4,Promotion Seekers
13214,0,Older Long-Tenure Grocery
13215,3,Tech Enthusiasts
13217,1,Vegetables-Hygiene Oriented
13219,0,Older Long-Tenure Grocery
13220,1,Vegetables-Hygiene Oriented
13222,7,Service Sensitive
13224,2,Young Grocery
13225,1,Vegetables-Hygiene Oriented
13226,0,Older Long-Tenure Grocery
13227,4,Promotion Seekers
13229,7,Service Sensitive
13230,2,Young Grocery
13231,7,Service Sensitive
13232,0,Older Long-Tenure Grocery
13233,0,Older Long-Tenure Grocery
13234,0,Older Long-Tenure Grocery
13235,0,Older Long-Tenure Grocery
13236,5,Large Families
13239,0,Older Long-Tenure Grocery
13240,7,Service Sensitive
13241,0,Older Long-Tenure Grocery
13242,5,Large Families
13244,2,Young Grocery
13245,1,Vegetables-Hygiene Oriented
13246,1,Vegetables-Hygiene Oriented
13247,2,Young Grocery
13248,0,Older Long-Tenure Grocery
13249,0,Older Long-Tenure Grocery
13250,7,Service Sensitive
13252,7,Service Sensitive
13253,1,Vegetables-Hygiene Oriented
13254,0,Older Long-Tenure Grocery
13255,3,Tech Enthusiasts
13256,4,Promotion Seekers
13257,1,Vegetables-Hygiene Oriented
13258,4,Promotion Seekers
13259,1,Vegetables-Hygiene Oriented
13260,2,Young Grocery
13262,4,Promotion Seekers
13263,1,Vegetables-Hygiene Oriented
13264,1,Vegetables-Hygiene Oriented
13265,1,Vegetables-Hygiene Oriented
13266,7,Service Sensitive
13268,1,Vegetables-Hygiene Oriented
13269,1,Vegetables-Hygiene Oriented
13270,0,Older Long-Tenure Grocery
13271,4,Promotion Seekers
13272,4,Promotion Seekers
13273,0,Older Long-Tenure Grocery
13274,4,Promotion Seekers
13276,1,Vegetables-Hygiene Oriented
13277,4,Promotion Seekers
13279,3,Tech Enthusiasts
13280,0,Older Long-Tenure Grocery
13283,1,Vegetables-Hygiene Oriented
13284,7,Service Sensitive
13285,7,Service Sensitive
13286,5,Large Families
13287,7,Service Sensitive
13288,0,Older Long-Tenure Grocery
13289,4,Promotion Seekers
13290,2,Young Grocery
13292,1,Vegetables-Hygiene Oriented
13293,4,Promotion Seekers
13294,4,Promotion Seekers
13295,4,Promotion Seekers
13296,3,Tech Enthusiasts
13297,7,Service Sensitive
13298,0,Older Long-Tenure Grocery
13299,0,Older Long-Tenure Grocery
13300,2,Young Grocery
13301,0,Older Long-Tenure Grocery
13302,5,Large Families
13303,7,Service Sensitive
13304,4,Promotion Seekers
13305,5,Large Families
13307,0,Older Long-Tenure Grocery
13308,0,Older Long-Tenure Grocery
13309,1,Vegetables-Hygiene Oriented
13310,2,Young Grocery
13313,0,Older Long-Tenure Grocery
13314,2,Young Grocery
13315,7,Service Sensitive
13316,1,Vegetables-Hygiene Oriented
13318,1,Vegetables-Hygiene Oriented
13320,1,Vegetables-Hygiene Oriented
13321,4,Promotion Seekers
13323,0,Older Long-Tenure Grocery
13324,5,Large Families
13325,0,Older Long-Tenure Grocery
13326,0,Older Long-Tenure Grocery
13327,1,Vegetables-Hygiene Oriented
13328,6,Protein Enjoyers
13329,2,Young Grocery
13330,1,Vegetables-Hygiene Oriented
13332,0,Older Long-Tenure Grocery
13333,1,Vegetables-Hygiene Oriented
13334,4,Promotion Seekers
13335,5,Large Families
13336,0,Older Long-Tenure Grocery
13337,1,Vegetables-Hygiene Oriented
13338,1,Vegetables-Hygiene Oriented
13340,3,Tech Enthusiasts
13341,2,Young Grocery
13342,4,Promotion Seekers
13343,4,Promotion Seekers
13344,0,Older Long-Tenure Grocery
13346,0,Older Long-Tenure Grocery
13347,4,Promotion Seekers
13348,4,Promotion Seekers
13349,2,Young Grocery
13350,7,Service Sensitive
13352,0,Older Long-Tenure Grocery
13353,4,Promotion Seekers
13354,5,Large Families
13357,0,Older Long-Tenure Grocery
13358,4,Promotion Seekers
13360,1,Vegetables-Hygiene Oriented
13361,2,Young Grocery
13362,5,Large Families
13364,3,Tech Enthusiasts
13365,4,Promotion Seekers
13366,1,Vegetables-Hygiene Oriented
13367,1,Vegetables-Hygiene Oriented
13368,7,Service Sensitive
13369,1,Vegetables-Hygiene Oriented
13370,3,Tech Enthusiasts
13371,3,Tech Enthusiasts
13372,4,Promotion Seekers
13373,1,Vegetables-Hygiene Oriented
13374,2,Young Grocery
13375,0,Older Long-Tenure Grocery
13377,3,Tech Enthusiasts
13378,7,Service Sensitive
13379,1,Vegetables-Hygiene Oriented
13380,1,Vegetables-Hygiene Oriented
13381,3,Tech Enthusiasts
13384,4,Promotion Seekers
13385,4,Promotion Seekers
13386,0,Older Long-Tenure Grocery
13387,1,Vegetables-Hygiene Oriented
13388,1,Vegetables-Hygiene Oriented
13389,5,Large Families
13390,7,Service Sensitive
13391,0,Older Long-Tenure Grocery
13392,2,Young Grocery
13393,0,Older Long-Tenure Grocery
13394,7,Service Sensitive
13395,7,Service Sensitive
13396,7,Service Sensitive
13397,0,Older Long-Tenure Grocery
13398,6,Protein Enjoyers
13399,3,Tech Enthusiasts
13401,3,Tech Enthusiasts
13403,2,Young Grocery
13404,1,Vegetables-Hygiene Oriented
13405,6,Protein Enjoyers
13406,2,Young Grocery
13408,0,Older Long-Tenure Grocery
13410,2,Young Grocery
13412,2,Young Grocery
13413,4,Promotion Seekers
13414,0,Older Long-Tenure Grocery
13415,1,Vegetables-Hygiene Oriented
13416,5,Large Families
13417,6,Protein Enjoyers
13418,2,Young Grocery
13419,5,Large Families
13420,4,Promotion Seekers
13421,7,Service Sensitive
13422,0,Older Long-Tenure Grocery
13424,1,Vegetables-Hygiene Oriented
13425,1,Vegetables-Hygiene Oriented
13426,6,Protein Enjoyers
13427,0,Older Long-Tenure Grocery
13428,4,Promotion Seekers
13429,2,Young Grocery
13430,0,Older Long-Tenure Grocery
13431,5,Large Families
13433,3,Tech Enthusiasts
13434,1,Vegetables-Hygiene Oriented
13436,1,Vegetables-Hygiene Oriented
13437,4,Promotion Seekers
13438,1,Vegetables-Hygiene Oriented
13439,7,Service Sensitive
13440,4,Promotion Seekers
13441,1,Vegetables-Hygiene Oriented
13442,4,Promotion Seekers
13443,4,Promotion Seekers
13444,7,Service Sensitive
13445,3,Tech Enthusiasts
13446,7,Service Sensitive
13447,0,Older Long-Tenure Grocery
13448,1,Vegetables-Hygiene Oriented
13449,2,Young Grocery
13450,3,Tech Enthusiasts
13451,4,Promotion Seekers
13453,7,Service Sensitive
13455,2,Young Grocery
13456,0,Older Long-Tenure Grocery
13457,1,Vegetables-Hygiene Oriented
13458,0,Older Long-Tenure Grocery
13461,1,Vegetables-Hygiene Oriented
13462,4,Promotion Seekers
13463,0,Older Long-Tenure Grocery
13464,2,Young Grocery
13465,0,Older Long-Tenure Grocery
13467,1,Vegetables-Hygiene Oriented
13468,4,Promotion Seekers
13469,4,Promotion Seekers
13470,2,Young Grocery
13471,2,Young Grocery
13472,4,Promotion Seekers
13473,6,Protein Enjoyers
13474,1,Vegetables-Hygiene Oriented
13476,5,Large Families
13477,2,Young Grocery
13479,7,Service Sensitive
13480,4,Promotion Seekers
13481,0,Older Long-Tenure Grocery
13482,0,Older Long-Tenure Grocery
13483,4,Promotion Seekers
13484,7,Service Sensitive
13485,7,Service Sensitive
13486,7,Service Sensitive
13487,0,Older Long-Tenure Grocery
13488,3,Tech Enthusiasts
13489,0,Older Long-Tenure Grocery
13490,3,Tech Enthusiasts
13493,0,Older Long-Tenure Grocery
13495,0,Older Long-Tenure Grocery
13496,1,Vegetables-Hygiene Oriented
13497,1,Vegetables-Hygiene Oriented
13498,1,Vegetables-Hygiene Oriented
13499,7,Service Sensitive
13500,0,Older Long-Tenure Grocery
13501,6,Protein Enjoyers
13502,4,Promotion Seekers
13503,0,Older Long-Tenure Grocery
13505,4,Promotion Seekers
13506,4,Promotion Seekers
13509,0,Older Long-Tenure Grocery
13510,4,Promotion Seekers
13513,3,Tech Enthusiasts
13514,4,Promotion Seekers
13515,7,Service Sensitive
13516,1,Vegetables-Hygiene Oriented
13518,4,Promotion Seekers
13519,4,Promotion Seekers
13521,0,Older Long-Tenure Grocery
13522,2,Young Grocery
13523,4,Promotion Seekers
13524,2,Young Grocery
13525,3,Tech Enthusiasts
13526,0,Older Long-Tenure Grocery
13527,4,Promotion Seekers
13528,0,Older Long-Tenure Grocery
13529,4,Promotion Seekers
13530,1,Vegetables-Hygiene Oriented
13531,1,Vegetables-Hygiene Oriented
13533,0,Older Long-Tenure Grocery
13534,4,Promotion Seekers
13535,2,Young Grocery
13536,5,Large Families
13537,1,Vegetables-Hygiene Oriented
13538,2,Young Grocery
13539,4,Promotion Seekers
13540,1,Vegetables-Hygiene Oriented
13541,0,Older Long-Tenure Grocery
13544,3,Tech Enthusiasts
13545,5,Large Families
13546,2,Young Grocery
13547,5,Large Families
13548,2,Young Grocery
13549,0,Older Long-Tenure Grocery
13550,0,Older Long-Tenure Grocery
13552,0,Older Long-Tenure Grocery
13553,0,Older Long-Tenure Grocery
13554,1,Vegetables-Hygiene Oriented
13556,1,Vegetables-Hygiene Oriented
13557,5,Large Families
13558,0,Older Long-Tenure Grocery
13559,1,Vegetables-Hygiene Oriented
13560,1,Vegetables-Hygiene Oriented
13561,2,Young Grocery
13562,5,Large Families
13563,7,Service Sensitive
13564,0,Older Long-Tenure Grocery
13565,6,Protein Enjoyers
13568,7,Service Sensitive
13569,7,Service Sensitive
13570,6,Protein Enjoyers
13571,1,Vegetables-Hygiene Oriented
13573,0,Older Long-Tenure Grocery
13574,0,Older Long-Tenure Grocery
13575,7,Service Sensitive
13576,7,Service Sensitive
13579,0,Older Long-Tenure Grocery
13580,2,Young Grocery
13582,1,Vegetables-Hygiene Oriented
13583,4,Promotion Seekers
13584,1,Vegetables-Hygiene Oriented
13585,4,Promotion Seekers
13586,1,Vegetables-Hygiene Oriented
13587,7,Service Sensitive
13588,0,Older Long-Tenure Grocery
13590,6,Protein Enjoyers
13592,5,Large Families
13593,1,Vegetables-Hygiene Oriented
13594,2,Young Grocery
13596,6,Protein Enjoyers
13597,3,Tech Enthusiasts
13599,1,Vegetables-Hygiene Oriented
13600,1,Vegetables-Hygiene Oriented
13601,7,Service Sensitive
13602,6,Protein Enjoyers
13603,6,Protein Enjoyers
13604,5,Large Families
13605,0,Older Long-Tenure Grocery
13606,4,Promotion Seekers
13607,1,Vegetables-Hygiene Oriented
13609,2,Young Grocery
13610,4,Promotion Seekers
13611,7,Service Sensitive
13612,0,Older Long-Tenure Grocery
13614,1,Vegetables-Hygiene Oriented
13615,4,Promotion Seekers
13616,5,Large Families
13618,2,Young Grocery
13620,2,Young Grocery
13621,7,Service Sensitive
13623,1,Vegetables-Hygiene Oriented
13625,4,Promotion Seekers
13626,4,Promotion Seekers
13627,5,Large Families
13628,2,Young Grocery
13629,4,Promotion Seekers
13630,1,Vegetables-Hygiene Oriented
13631,7,Service Sensitive
13632,2,Young Grocery
13633,4,Promotion Seekers
13634,4,Promotion Seekers
13635,2,Young Grocery
13636,0,Older Long-Tenure Grocery
13638,7,Service Sensitive
13640,6,Protein Enjoyers
13641,6,Protein Enjoyers
13642,7,Service Sensitive
13643,2,Young Grocery
13644,7,Service Sensitive
13645,2,Young Grocery
13647,1,Vegetables-Hygiene Oriented
13648,2,Young Grocery
13649,2,Young Grocery
13650,6,Protein Enjoyers
13651,2,Young Grocery
13652,0,Older Long-Tenure Grocery
13654,7,Service Sensitive
13655,5,Large Families
13656,1,Vegetables-Hygiene Oriented
13658,0,Older Long-Tenure Grocery
13659,6,Protein Enjoyers
13660,0,Older Long-Tenure Grocery
13661,3,Tech Enthusiasts
13662,3,Tech Enthusiasts
13663,2,Young Grocery
13664,1,Vegetables-Hygiene Oriented
13665,3,Tech Enthusiasts
13666,4,Promotion Seekers
13668,3,Tech Enthusiasts
13669,1,Vegetables-Hygiene Oriented
13671,2,Young Grocery
13672,0,Older Long-Tenure Grocery
13673,7,Service Sensitive
13674,1,Vegetables-Hygiene Oriented
13675,3,Tech Enthusiasts
13676,0,Older Long-Tenure Grocery
13677,5,Large Families
13679,1,Vegetables-Hygiene Oriented
13680,7,Service Sensitive
13681,0,Older Long-Tenure Grocery
13682,0,Older Long-Tenure Grocery
13683,2,Young Grocery
13686,0,Older Long-Tenure Grocery
13687,3,Tech Enthusiasts
13688,5,Large Families
13689,0,Older Long-Tenure Grocery
13690,4,Promotion Seekers
13691,0,Older Long-Tenure Grocery
13692,1,Vegetables-Hygiene Oriented
13693,0,Older Long-Tenure Grocery
13694,1,Vegetables-Hygiene Oriented
13695,0,Older Long-Tenure Grocery
13696,7,Service Sensitive
13697,4,Promotion Seekers
13698,4,Promotion Seekers
13699,1,Vegetables-Hygiene Oriented
13700,4,Promotion Seekers
13701,4,Promotion Seekers
13703,1,Vegetables-Hygiene Oriented
13704,1,Vegetables-Hygiene Oriented
13705,4,Promotion Seekers
13706,2,Young Grocery
13708,4,Promotion Seekers
13709,0,Older Long-Tenure Grocery
13710,0,Older Long-Tenure Grocery
13711,4,Promotion Seekers
13713,7,Service Sensitive
13714,7,Service Sensitive
13715,0,Older Long-Tenure Grocery
13716,0,Older Long-Tenure Grocery
13717,4,Promotion Seekers
13720,2,Young Grocery
13721,3,Tech Enthusiasts
13723,2,Young Grocery
13724,0,Older Long-Tenure Grocery
13725,1,Vegetables-Hygiene Oriented
13726,1,Vegetables-Hygiene Oriented
13727,0,Older Long-Tenure Grocery
13729,4,Promotion Seekers
13730,0,Older Long-Tenure Grocery
13731,3,Tech Enthusiasts
13732,1,Vegetables-Hygiene Oriented
13733,3,Tech Enthusiasts
13734,2,Young Grocery
13735,0,Older Long-Tenure Grocery
13736,3,Tech Enthusiasts
13737,1,Vegetables-Hygiene Oriented
13738,1,Vegetables-Hygiene Oriented
13739,4,Promotion Seekers
13740,0,Older Long-Tenure Grocery
13741,7,Service Sensitive
13742,4,Promotion Seekers
13743,5,Large Families
13744,0,Older Long-Tenure Grocery
13745,5,Large Families
13746,3,Tech Enthusiasts
13747,7,Service Sensitive
13750,2,Young Grocery
13752,1,Vegetables-Hygiene Oriented
13753,4,Promotion Seekers
13754,1,Vegetables-Hygiene Oriented
13755,0,Older Long-Tenure Grocery
13756,0,Older Long-Tenure Grocery
13758,0,Older Long-Tenure Grocery
13759,0,Older Long-Tenure Grocery
13760,4,Promotion Seekers
13761,1,Vegetables-Hygiene Oriented
13762,0,Older Long-Tenure Grocery
13763,4,Promotion Seekers
13764,1,Vegetables-Hygiene Oriented
13765,0,Older Long-Tenure Grocery
13767,0,Older Long-Tenure Grocery
13768,4,Promotion Seekers
13771,0,Older Long-Tenure Grocery
13772,0,Older Long-Tenure Grocery
13773,0,Older Long-Tenure Grocery
13774,0,Older Long-Tenure Grocery
13775,0,Older Long-Tenure Grocery
13777,1,Vegetables-Hygiene Oriented
13778,5,Large Families
13779,7,Service Sensitive
13780,0,Older Long-Tenure Grocery
13782,0,Older Long-Tenure Grocery
13783,2,Young Grocery
13784,7,Service Sensitive
13785,4,Promotion Seekers
13789,0,Older Long-Tenure Grocery
13790,4,Promotion Seekers
13792,2,Young Grocery
13793,1,Vegetables-Hygiene Oriented
13794,4,Promotion Seekers
13796,1,Vegetables-Hygiene Oriented
13797,5,Large Families
13798,4,Promotion Seekers
13799,0,Older Long-Tenure Grocery
13800,3,Tech Enthusiasts
13801,0,Older Long-Tenure Grocery
13802,0,Older Long-Tenure Grocery
13803,0,Older Long-Tenure Grocery
13804,4,Promotion Seekers
13805,2,Young Grocery
13806,4,Promotion Seekers
13807,0,Older Long-Tenure Grocery
13809,1,Vegetables-Hygiene Oriented
13810,3,Tech Enthusiasts
13811,0,Older Long-Tenure Grocery
13812,0,Older Long-Tenure Grocery
13813,6,Protein Enjoyers
13814,4,Promotion Seekers
13815,1,Vegetables-Hygiene Oriented
13816,6,Protein Enjoyers
13817,0,Older Long-Tenure Grocery
13819,3,Tech Enthusiasts
13820,7,Service Sensitive
13821,2,Young Grocery
13822,4,Promotion Seekers
13823,0,Older Long-Tenure Grocery
13825,0,Older Long-Tenure Grocery
13826,7,Service Sensitive
13827,4,Promotion Seekers
13828,0,Older Long-Tenure Grocery
13830,3,Tech Enthusiasts
13831,0,Older Long-Tenure Grocery
13832,0,Older Long-Tenure Grocery
13833,1,Vegetables-Hygiene Oriented
13834,0,Older Long-Tenure Grocery
13837,0,Older Long-Tenure Grocery
13839,1,Vegetables-Hygiene Oriented
13840,3,Tech Enthusiasts
13841,1,Vegetables-Hygiene Oriented
13842,0,Older Long-Tenure Grocery
13843,1,Vegetables-Hygiene Oriented
13844,1,Vegetables-Hygiene Oriented
13845,5,Large Families
13846,2,Young Grocery
13847,6,Protein Enjoyers
13848,0,Older Long-Tenure Grocery
13849,0,Older Long-Tenure Grocery
13850,4,Promotion Seekers
13851,1,Vegetables-Hygiene Oriented
13852,1,Vegetables-Hygiene Oriented
13853,3,Tech Enthusiasts
13854,5,Large Families
13855,0,Older Long-Tenure Grocery
13856,7,Service Sensitive
13857,0,Older Long-Tenure Grocery
13858,1,Vegetables-Hygiene Oriented
13859,0,Older Long-Tenure Grocery
13860,6,Protein Enjoyers
13861,4,Promotion Seekers
13862,1,Vegetables-Hygiene Oriented
13863,1,Vegetables-Hygiene Oriented
13865,7,Service Sensitive
13866,4,Promotion Seekers
13867,4,Promotion Seekers
13868,2,Young Grocery
13869,3,Tech Enthusiasts
13870,5,Large Families
13871,1,Vegetables-Hygiene Oriented
13872,2,Young Grocery
13873,1,Vegetables-Hygiene Oriented
13874,6,Protein Enjoyers
13875,6,Protein Enjoyers
13876,3,Tech Enthusiasts
13877,3,Tech Enthusiasts
13878,2,Young Grocery
13880,0,Older Long-Tenure Grocery
13881,1,Vegetables-Hygiene Oriented
13882,5,Large Families
13883,7,Service Sensitive
13884,2,Young Grocery
13885,2,Young Grocery
13886,1,Vegetables-Hygiene Oriented
13887,6,Protein Enjoyers
13889,1,Vegetables-Hygiene Oriented
13890,7,Service Sensitive
13891,3,Tech Enthusiasts
13894,1,Vegetables-Hygiene Oriented
13895,3,Tech Enthusiasts
13896,0,Older Long-Tenure Grocery
13897,0,Older Long-Tenure Grocery
13898,2,Young Grocery
13899,2,Young Grocery
13900,2,Young Grocery
13901,7,Service Sensitive
13902,2,Young Grocery
13903,4,Promotion Seekers
13904,5,Large Families
13905,2,Young Grocery
13906,2,Young Grocery
13908,7,Service Sensitive
13909,4,Promotion Seekers
13910,1,Vegetables-Hygiene Oriented
13911,4,Promotion Seekers
13912,4,Promotion Seekers
13913,4,Promotion Seekers
13915,0,Older Long-Tenure Grocery
13916,1,Vegetables-Hygiene Oriented
13917,4,Promotion Seekers
13919,0,Older Long-Tenure Grocery
13920,1,Vegetables-Hygiene Oriented
13921,0,Older Long-Tenure Grocery
13923,2,Young Grocery
13924,4,Promotion Seekers
13925,0,Older Long-Tenure Grocery
13926,2,Young Grocery
13927,3,Tech Enthusiasts
13928,3,Tech Enthusiasts
13930,5,Large Families
13931,0,Older Long-Tenure Grocery
13932,1,Vegetables-Hygiene Oriented
13934,0,Older Long-Tenure Grocery
13935,1,Vegetables-Hygiene Oriented
13936,2,Young Grocery
13937,1,Vegetables-Hygiene Oriented
13938,2,Young Grocery
13939,1,Vegetables-Hygiene Oriented
13941,0,Older Long-Tenure Grocery
13942,2,Young Grocery
13943,7,Service Sensitive
13944,2,Young Grocery
13945,4,Promotion Seekers
13946,5,Large Families
13947,2,Young Grocery
13949,1,Vegetables-Hygiene Oriented
13951,0,Older Long-Tenure Grocery
13952,7,Service Sensitive
13953,3,Tech Enthusiasts
13954,3,Tech Enthusiasts
13955,7,Service Sensitive
13956,0,Older Long-Tenure Grocery
13957,3,Tech Enthusiasts
13958,7,Service Sensitive
13959,0,Older Long-Tenure Grocery
13960,0,Older Long-Tenure Grocery
13961,5,Large Families
13962,1,Vegetables-Hygiene Oriented
13963,7,Service Sensitive
13964,1,Vegetables-Hygiene Oriented
13965,2,Young Grocery
13966,2,Young Grocery
13967,1,Vegetables-Hygiene Oriented
13968,0,Older Long-Tenure Grocery
13969,2,Young Grocery
13970,5,Large Families
13971,0,Older Long-Tenure Grocery
13972,2,Young Grocery
13973,1,Vegetables-Hygiene Oriented
13974,3,Tech Enthusiasts
13975,7,Service Sensitive
13976,0,Older Long-Tenure Grocery
13977,7,Service Sensitive
13978,4,Promotion Seekers
13979,0,Older Long-Tenure Grocery
13980,2,Young Grocery
13981,7,Service Sensitive
13982,0,Older Long-Tenure Grocery
13983,7,Service Sensitive
13985,1,Vegetables-Hygiene Oriented
13987,1,Vegetables-Hygiene Oriented
13989,4,Promotion Seekers
13990,2,Young Grocery
13991,1,Vegetables-Hygiene Oriented
13992,1,Vegetables-Hygiene Oriented
13994,4,Promotion Seekers
13995,4,Promotion Seekers
13996,5,Large Families
13998,2,Young Grocery
13999,3,Tech Enthusiasts
14001,7,Service Sensitive
14002,0,Older Long-Tenure Grocery
14003,0,Older Long-Tenure Grocery
14004,5,Large Families
14005,7,Service Sensitive
14006,0,Older Long-Tenure Grocery
14007,6,Protein Enjoyers
14008,5,Large Families
14009,7,Service Sensitive
14010,3,Tech Enthusiasts
14011,1,Vegetables-Hygiene Oriented
14012,0,Older Long-Tenure Grocery
14013,1,Vegetables-Hygiene Oriented
14015,5,Large Families
14016,0,Older Long-Tenure Grocery
14017,0,Older Long-Tenure Grocery
14018,2,Young Grocery
14019,0,Older Long-Tenure Grocery
14020,0,Older Long-Tenure Grocery
14021,3,Tech Enthusiasts
14022,4,Promotion Seekers
14024,4,Promotion Seekers
14025,6,Protein Enjoyers
14026,4,Promotion Seekers
14027,2,Young Grocery
14028,5,Large Families
14029,0,Older Long-Tenure Grocery
14030,4,Promotion Seekers
14031,1,Vegetables-Hygiene Oriented
14033,6,Protein Enjoyers
14034,6,Protein Enjoyers
14035,2,Young Grocery
14037,2,Young Grocery
14038,2,Young Grocery
14041,2,Young Grocery
14042,7,Service Sensitive
14043,4,Promotion Seekers
14044,0,Older Long-Tenure Grocery
14046,1,Vegetables-Hygiene Oriented
14047,0,Older Long-Tenure Grocery
14048,4,Promotion Seekers
14049,0,Older Long-Tenure Grocery
14050,1,Vegetables-Hygiene Oriented
14051,1,Vegetables-Hygiene Oriented
14052,2,Young Grocery
14055,7,Service Sensitive
14056,0,Older Long-Tenure Grocery
14057,2,Young Grocery
14058,0,Older Long-Tenure Grocery
14059,7,Service Sensitive
14060,5,Large Families
14061,0,Older Long-Tenure Grocery
14063,4,Promotion Seekers
14064,0,Older Long-Tenure Grocery
14065,5,Large Families
14066,7,Service Sensitive
14067,2,Young Grocery
14068,6,Protein Enjoyers
14069,1,Vegetables-Hygiene Oriented
14070,0,Older Long-Tenure Grocery
14071,6,Protein Enjoyers
14072,4,Promotion Seekers
14073,0,Older Long-Tenure Grocery
14074,5,Large Families
14077,4,Promotion Seekers
14079,6,Protein Enjoyers
14080,0,Older Long-Tenure Grocery
14081,4,Promotion Seekers
14083,4,Promotion Seekers
14084,1,Vegetables-Hygiene Oriented
14085,4,Promotion Seekers
14087,4,Promotion Seekers
14088,0,Older Long-Tenure Grocery
14089,4,Promotion Seekers
14092,5,Large Families
14093,1,Vegetables-Hygiene Oriented
14095,1,Vegetables-Hygiene Oriented
14096,7,Service Sensitive
14097,0,Older Long-Tenure Grocery
14098,0,Older Long-Tenure Grocery
14099,7,Service Sensitive
14100,0,Older Long-Tenure Grocery
14101,0,Older Long-Tenure Grocery
14102,0,Older Long-Tenure Grocery
14103,6,Protein Enjoyers
14104,1,Vegetables-Hygiene Oriented
14105,2,Young Grocery
14106,1,Vegetables-Hygiene Oriented
14107,0,Older Long-Tenure Grocery
14109,3,Tech Enthusiasts
14110,5,Large Families
14111,4,Promotion Seekers
14112,0,Older Long-Tenure Grocery
14113,0,Older Long-Tenure Grocery
14115,4,Promotion Seekers
14116,1,Vegetables-Hygiene Oriented
14117,4,Promotion Seekers
14119,2,Young Grocery
14121,3,Tech Enthusiasts
14123,1,Vegetables-Hygiene Oriented
14124,7,Service Sensitive
14125,4,Promotion Seekers
14126,7,Service Sensitive
14127,0,Older Long-Tenure Grocery
14128,2,Young Grocery
14129,5,Large Families
14130,2,Young Grocery
14131,7,Service Sensitive
14133,2,Young Grocery
14134,4,Promotion Seekers
14136,1,Vegetables-Hygiene Oriented
14137,6,Protein Enjoyers
14138,2,Young Grocery
14139,3,Tech Enthusiasts
14140,2,Young Grocery
14141,5,Large Families
14142,7,Service Sensitive
14143,2,Young Grocery
14144,6,Protein Enjoyers
14145,4,Promotion Seekers
14146,3,Tech Enthusiasts
14147,4,Promotion Seekers
14148,2,Young Grocery
14149,1,Vegetables-Hygiene Oriented
14151,1,Vegetables-Hygiene Oriented
14152,6,Protein Enjoyers
14153,1,Vegetables-Hygiene Oriented
14154,0,Older Long-Tenure Grocery
14155,2,Young Grocery
14156,1,Vegetables-Hygiene Oriented
14157,7,Service Sensitive
14158,3,Tech Enthusiasts
14159,2,Young Grocery
14160,7,Service Sensitive
14163,0,Older Long-Tenure Grocery
14164,3,Tech Enthusiasts
14165,7,Service Sensitive
14166,0,Older Long-Tenure Grocery
14167,1,Vegetables-Hygiene Oriented
14168,4,Promotion Seekers
14170,1,Vegetables-Hygiene Oriented
14171,1,Vegetables-Hygiene Oriented
14174,4,Promotion Seekers
14175,3,Tech Enthusiasts
14176,7,Service Sensitive
14177,1,Vegetables-Hygiene Oriented
14179,3,Tech Enthusiasts
14181,6,Protein Enjoyers
14182,0,Older Long-Tenure Grocery
14184,1,Vegetables-Hygiene Oriented
14185,6,Protein Enjoyers
14186,3,Tech Enthusiasts
14189,4,Promotion Seekers
14190,7,Service Sensitive
14191,2,Young Grocery
14192,2,Young Grocery
14193,4,Promotion Seekers
14194,6,Protein Enjoyers
14195,2,Young Grocery
14196,2,Young Grocery
14197,2,Young Grocery
14198,4,Promotion Seekers
14199,1,Vegetables-Hygiene Oriented
14201,3,Tech Enthusiasts
14202,1,Vegetables-Hygiene Oriented
14203,7,Service Sensitive
14204,3,Tech Enthusiasts
14205,4,Promotion Seekers
14206,0,Older Long-Tenure Grocery
14208,2,Young Grocery
14209,2,Young Grocery
14210,2,Young Grocery
14211,5,Large Families
14212,5,Large Families
14213,0,Older Long-Tenure Grocery
14215,4,Promotion Seekers
14217,3,Tech Enthusiasts
14218,7,Service Sensitive
14219,3,Tech Enthusiasts
14220,6,Protein Enjoyers
14223,0,Older Long-Tenure Grocery
14224,1,Vegetables-Hygiene Oriented
14225,3,Tech Enthusiasts
14226,2,Young Grocery
14227,6,Protein Enjoyers
14229,0,Older Long-Tenure Grocery
14231,0,Older Long-Tenure Grocery
14234,3,Tech Enthusiasts
14235,0,Older Long-Tenure Grocery
14236,1,Vegetables-Hygiene Oriented
14239,2,Young Grocery
14240,3,Tech Enthusiasts
14241,5,Large Families
14242,0,Older Long-Tenure Grocery
14244,7,Service Sensitive
14246,1,Vegetables-Hygiene Oriented
14247,0,Older Long-Tenure Grocery
14248,7,Service Sensitive
14249,5,Large Families
14250,5,Large Families
14252,0,Older Long-Tenure Grocery
14253,7,Service Sensitive
14255,0,Older Long-Tenure Grocery
14256,2,Young Grocery
14257,1,Vegetables-Hygiene Oriented
14259,1,Vegetables-Hygiene Oriented
14260,1,Vegetables-Hygiene Oriented
14261,4,Promotion Seekers
14262,0,Older Long-Tenure Grocery
14263,0,Older Long-Tenure Grocery
14264,6,Protein Enjoyers
14265,1,Vegetables-Hygiene Oriented
14267,1,Vegetables-Hygiene Oriented
14268,2,Young Grocery
14269,4,Promotion Seekers
14270,3,Tech Enthusiasts
14271,1,Vegetables-Hygiene Oriented
14272,1,Vegetables-Hygiene Oriented
14274,5,Large Families
14275,4,Promotion Seekers
14276,4,Promotion Seekers
14277,3,Tech Enthusiasts
14278,2,Young Grocery
14279,2,Young Grocery
14281,0,Older Long-Tenure Grocery
14285,5,Large Families
14286,2,Young Grocery
14287,1,Vegetables-Hygiene Oriented
14289,1,Vegetables-Hygiene Oriented
14290,3,Tech Enthusiasts
14291,4,Promotion Seekers
14292,4,Promotion Seekers
14293,0,Older Long-Tenure Grocery
14294,6,Protein Enjoyers
14296,0,Older Long-Tenure Grocery
14297,5,Large Families
14298,2,Young Grocery
14299,2,Young Grocery
14300,0,Older Long-Tenure Grocery
14301,7,Service Sensitive
14302,4,Promotion Seekers
14303,0,Older Long-Tenure Grocery
14304,4,Promotion Seekers
14305,2,Young Grocery
14306,2,Young Grocery
14307,1,Vegetables-Hygiene Oriented
14308,4,Promotion Seekers
14309,5,Large Families
14310,2,Young Grocery
14311,2,Young Grocery
14312,1,Vegetables-Hygiene Oriented
14313,1,Vegetables-Hygiene Oriented
14314,1,Vegetables-Hygiene Oriented
14315,0,Older Long-Tenure Grocery
14316,3,Tech Enthusiasts
14317,1,Vegetables-Hygiene Oriented
14318,4,Promotion Seekers
14319,1,Vegetables-Hygiene Oriented
14320,7,Service Sensitive
14321,5,Large Families
14323,1,Vegetables-Hygiene Oriented
14324,3,Tech Enthusiasts
14325,2,Young Grocery
14326,2,Young Grocery
14327,4,Promotion Seekers
14329,3,Tech Enthusiasts
14330,4,Promotion Seekers
14331,0,Older Long-Tenure Grocery
14332,3,Tech Enthusiasts
14334,7,Service Sensitive
14336,7,Service Sensitive
14338,7,Service Sensitive
14340,1,Vegetables-Hygiene Oriented
14341,1,Vegetables-Hygiene Oriented
14342,7,Service Sensitive
14343,1,Vegetables-Hygiene Oriented
14344,1,Vegetables-Hygiene Oriented
14347,0,Older Long-Tenure Grocery
14348,1,Vegetables-Hygiene Oriented
14349,3,Tech Enthusiasts
14350,7,Service Sensitive
14351,1,Vegetables-Hygiene Oriented
14352,1,Vegetables-Hygiene Oriented
14353,2,Young Grocery
14354,4,Promotion Seekers
14355,0,Older Long-Tenure Grocery
14356,2,Young Grocery
14357,2,Young Grocery
14358,0,Older Long-Tenure Grocery
14359,2,Young Grocery
14360,4,Promotion Seekers
14361,4,Promotion Seekers
14362,7,Service Sensitive
14363,3,Tech Enthusiasts
14364,1,Vegetables-Hygiene Oriented
14366,6,Protein Enjoyers
14367,0,Older Long-Tenure Grocery
14368,6,Protein Enjoyers
14369,0,Older Long-Tenure Grocery
14370,2,Young Grocery
14371,7,Service Sensitive
14372,7,Service Sensitive
14373,2,Young Grocery
14374,6,Protein Enjoyers
14375,6,Protein Enjoyers
14376,1,Vegetables-Hygiene Oriented
14377,7,Service Sensitive
14378,7,Service Sensitive
14379,0,Older Long-Tenure Grocery
14380,4,Promotion Seekers
14381,7,Service Sensitive
14382,1,Vegetables-Hygiene Oriented
14384,4,Promotion Seekers
14385,0,Older Long-Tenure Grocery
14388,3,Tech Enthusiasts
14389,0,Older Long-Tenure Grocery
14390,3,Tech Enthusiasts
14391,4,Promotion Seekers
14392,1,Vegetables-Hygiene Oriented
14394,4,Promotion Seekers
14395,1,Vegetables-Hygiene Oriented
14396,1,Vegetables-Hygiene Oriented
14398,0,Older Long-Tenure Grocery
14399,4,Promotion Seekers
14400,0,Older Long-Tenure Grocery
14402,3,Tech Enthusiasts
14404,1,Vegetables-Hygiene Oriented
14405,1,Vegetables-Hygiene Oriented
14406,4,Promotion Seekers
14407,4,Promotion Seekers
14408,0,Older Long-Tenure Grocery
14409,5,Large Families
14410,5,Large Families
14411,3,Tech Enthusiasts
14412,1,Vegetables-Hygiene Oriented
14413,0,Older Long-Tenure Grocery
14414,5,Large Families
14415,4,Promotion Seekers
14416,3,Tech Enthusiasts
14417,4,Promotion Seekers
14418,5,Large Families
14419,4,Promotion Seekers
14420,0,Older Long-Tenure Grocery
14421,2,Young Grocery
14422,0,Older Long-Tenure Grocery
14423,2,Young Grocery
14424,5,Large Families
14425,4,Promotion Seekers
14426,1,Vegetables-Hygiene Oriented
14427,1,Vegetables-Hygiene Oriented
14428,2,Young Grocery
14429,7,Service Sensitive
14430,1,Vegetables-Hygiene Oriented
14431,0,Older Long-Tenure Grocery
14432,0,Older Long-Tenure Grocery
14433,3,Tech Enthusiasts
14434,0,Older Long-Tenure Grocery
14435,7,Service Sensitive
14436,7,Service Sensitive
14437,1,Vegetables-Hygiene Oriented
14438,0,Older Long-Tenure Grocery
14439,2,Young Grocery
14441,7,Service Sensitive
14442,3,Tech Enthusiasts
14443,3,Tech Enthusiasts
14444,1,Vegetables-Hygiene Oriented
14445,4,Promotion Seekers
14446,4,Promotion Seekers
14448,1,Vegetables-Hygiene Oriented
14449,3,Tech Enthusiasts
14450,2,Young Grocery
14451,4,Promotion Seekers
14453,4,Promotion Seekers
14454,6,Protein Enjoyers
14455,6,Protein Enjoyers
14457,7,Service Sensitive
14458,1,Vegetables-Hygiene Oriented
14459,4,Promotion Seekers
14460,2,Young Grocery
14461,0,Older Long-Tenure Grocery
14463,1,Vegetables-Hygiene Oriented
14464,3,Tech Enthusiasts
14466,7,Service Sensitive
14467,0,Older Long-Tenure Grocery
14469,7,Service Sensitive
14473,4,Promotion Seekers
14474,0,Older Long-Tenure Grocery
14475,6,Protein Enjoyers
14476,0,Older Long-Tenure Grocery
14477,4,Promotion Seekers
14478,4,Promotion Seekers
14479,2,Young Grocery
14480,3,Tech Enthusiasts
14481,4,Promotion Seekers
14482,4,Promotion Seekers
14483,0,Older Long-Tenure Grocery
14484,2,Young Grocery
14485,0,Older Long-Tenure Grocery
14487,4,Promotion Seekers
14488,2,Young Grocery
14489,0,Older Long-Tenure Grocery
14490,5,Large Families
14491,6,Protein Enjoyers
14492,0,Older Long-Tenure Grocery
14493,2,Young Grocery
14494,0,Older Long-Tenure Grocery
14495,7,Service Sensitive
14496,0,Older Long-Tenure Grocery
14497,3,Tech Enthusiasts
14498,3,Tech Enthusiasts
14499,2,Young Grocery
14500,2,Young Grocery
14501,2,Young Grocery
14502,2,Young Grocery
14503,0,Older Long-Tenure Grocery
14504,3,Tech Enthusiasts
14506,0,Older Long-Tenure Grocery
14507,6,Protein Enjoyers
14508,7,Service Sensitive
14509,0,Older Long-Tenure Grocery
14510,3,Tech Enthusiasts
14511,7,Service Sensitive
14512,4,Promotion Seekers
14514,5,Large Families
14515,6,Protein Enjoyers
14516,2,Young Grocery
14518,7,Service Sensitive
14519,3,Tech Enthusiasts
14520,3,Tech Enthusiasts
14521,7,Service Sensitive
14522,4,Promotion Seekers
14523,5,Large Families
14526,1,Vegetables-Hygiene Oriented
14527,0,Older Long-Tenure Grocery
14528,7,Service Sensitive
14530,3,Tech Enthusiasts
14531,2,Young Grocery
14532,1,Vegetables-Hygiene Oriented
14533,7,Service Sensitive
14534,4,Promotion Seekers
14536,2,Young Grocery
14537,1,Vegetables-Hygiene Oriented
14539,5,Large Families
14541,2,Young Grocery
14542,0,Older Long-Tenure Grocery
14543,4,Promotion Seekers
14545,2,Young Grocery
14546,1,Vegetables-Hygiene Oriented
14547,4,Promotion Seekers
14548,0,Older Long-Tenure Grocery
14549,1,Vegetables-Hygiene Oriented
14550,7,Service Sensitive
14551,7,Service Sensitive
14552,4,Promotion Seekers
14553,3,Tech Enthusiasts
14554,3,Tech Enthusiasts
14556,0,Older Long-Tenure Grocery
14557,5,Large Families
14558,1,Vegetables-Hygiene Oriented
14559,7,Service Sensitive
14560,7,Service Sensitive
14561,0,Older Long-Tenure Grocery
14562,6,Protein Enjoyers
14564,3,Tech Enthusiasts
14565,2,Young Grocery
14566,7,Service Sensitive
14567,0,Older Long-Tenure Grocery
14568,1,Vegetables-Hygiene Oriented
14570,0,Older Long-Tenure Grocery
14571,0,Older Long-Tenure Grocery
14572,4,Promotion Seekers
14573,2,Young Grocery
14574,1,Vegetables-Hygiene Oriented
14576,1,Vegetables-Hygiene Oriented
14577,2,Young Grocery
14578,4,Promotion Seekers
14579,4,Promotion Seekers
14580,2,Young Grocery
14581,0,Older Long-Tenure Grocery
14582,6,Protein Enjoyers
14583,1,Vegetables-Hygiene Oriented
14584,4,Promotion Seekers
14585,5,Large Families
14586,2,Young Grocery
14587,4,Promotion Seekers
14588,7,Service Sensitive
14589,4,Promotion Seekers
14590,0,Older Long-Tenure Grocery
14591,6,Protein Enjoyers
14592,1,Vegetables-Hygiene Oriented
14594,2,Young Grocery
14595,4,Promotion Seekers
14596,7,Service Sensitive
14597,1,Vegetables-Hygiene Oriented
14598,3,Tech Enthusiasts
14600,0,Older Long-Tenure Grocery
14602,5,Large Families
14603,4,Promotion Seekers
14604,6,Protein Enjoyers
14605,4,Promotion Seekers
14607,1,Vegetables-Hygiene Oriented
14608,5,Large Families
14609,0,Older Long-Tenure Grocery
14611,0,Older Long-Tenure Grocery
14612,7,Service Sensitive
14613,7,Service Sensitive
14614,4,Promotion Seekers
14615,4,Promotion Seekers
14616,2,Young Grocery
14617,1,Vegetables-Hygiene Oriented
14618,2,Young Grocery
14619,7,Service Sensitive
14621,4,Promotion Seekers
14622,1,Vegetables-Hygiene Oriented
14623,4,Promotion Seekers
14624,7,Service Sensitive
14625,2,Young Grocery
14626,4,Promotion Seekers
14627,2,Young Grocery
14628,0,Older Long-Tenure Grocery
14629,4,Promotion Seekers
14630,4,Promotion Seekers
14631,4,Promotion Seekers
14632,5,Large Families
14633,0,Older Long-Tenure Grocery
14635,5,Large Families
14637,4,Promotion Seekers
14638,3,Tech Enthusiasts
14640,3,Tech Enthusiasts
14641,0,Older Long-Tenure Grocery
14642,3,Tech Enthusiasts
14643,4,Promotion Seekers
14646,1,Vegetables-Hygiene Oriented
14647,4,Promotion Seekers
14649,0,Older Long-Tenure Grocery
14650,4,Promotion Seekers
14651,1,Vegetables-Hygiene Oriented
14652,4,Promotion Seekers
14654,5,Large Families
14655,1,Vegetables-Hygiene Oriented
14656,1,Vegetables-Hygiene Oriented
14657,1,Vegetables-Hygiene Oriented
14659,0,Older Long-Tenure Grocery
14660,2,Young Grocery
14661,5,Large Families
14663,4,Promotion Seekers
14664,2,Young Grocery
14665,4,Promotion Seekers
14666,1,Vegetables-Hygiene Oriented
14667,4,Promotion Seekers
14668,1,Vegetables-Hygiene Oriented
14669,4,Promotion Seekers
14670,0,Older Long-Tenure Grocery
14671,5,Large Families
14673,0,Older Long-Tenure Grocery
14675,2,Young Grocery
14676,0,Older Long-Tenure Grocery
14677,1,Vegetables-Hygiene Oriented
14678,4,Promotion Seekers
14679,4,Promotion Seekers
14680,2,Young Grocery
14681,4,Promotion Seekers
14682,4,Promotion Seekers
14684,0,Older Long-Tenure Grocery
14685,7,Service Sensitive
14686,1,Vegetables-Hygiene Oriented
14687,3,Tech Enthusiasts
14688,0,Older Long-Tenure Grocery
14690,4,Promotion Seekers
14691,0,Older Long-Tenure Grocery
14693,0,Older Long-Tenure Grocery
14694,4,Promotion Seekers
14695,3,Tech Enthusiasts
14696,0,Older Long-Tenure Grocery
14697,6,Protein Enjoyers
14698,3,Tech Enthusiasts
14700,2,Young Grocery
14701,1,Vegetables-Hygiene Oriented
14703,1,Vegetables-Hygiene Oriented
14704,1,Vegetables-Hygiene Oriented
14705,1,Vegetables-Hygiene Oriented
14706,1,Vegetables-Hygiene Oriented
14707,0,Older Long-Tenure Grocery
14708,0,Older Long-Tenure Grocery
14709,7,Service Sensitive
14712,0,Older Long-Tenure Grocery
14713,1,Vegetables-Hygiene Oriented
14714,0,Older Long-Tenure Grocery
14716,4,Promotion Seekers
14717,1,Vegetables-Hygiene Oriented
14718,0,Older Long-Tenure Grocery
14719,5,Large Families
14721,4,Promotion Seekers
14723,7,Service Sensitive
14724,4,Promotion Seekers
14725,7,Service Sensitive
14726,0,Older Long-Tenure Grocery
14729,6,Protein Enjoyers
14730,7,Service Sensitive
14731,7,Service Sensitive
14732,0,Older Long-Tenure Grocery
14733,4,Promotion Seekers
14734,1,Vegetables-Hygiene Oriented
14735,7,Service Sensitive
14736,1,Vegetables-Hygiene Oriented
14737,6,Protein Enjoyers
14738,2,Young Grocery
14740,2,Young Grocery
14741,7,Service Sensitive
14742,1,Vegetables-Hygiene Oriented
14743,4,Promotion Seekers
14744,0,Older Long-Tenure Grocery
14745,1,Vegetables-Hygiene Oriented
14746,4,Promotion Seekers
14747,3,Tech Enthusiasts
14748,2,Young Grocery
14749,4,Promotion Seekers
14750,0,Older Long-Tenure Grocery
14751,1,Vegetables-Hygiene Oriented
14752,3,Tech Enthusiasts
14753,0,Older Long-Tenure Grocery
14754,7,Service Sensitive
14755,0,Older Long-Tenure Grocery
14756,1,Vegetables-Hygiene Oriented
14757,1,Vegetables-Hygiene Oriented
14758,5,Large Families
14759,5,Large Families
14760,5,Large Families
14761,4,Promotion Seekers
14762,1,Vegetables-Hygiene Oriented
14763,3,Tech Enthusiasts
14765,2,Young Grocery
14766,2,Young Grocery
14767,6,Protein Enjoyers
14768,3,Tech Enthusiasts
14769,2,Young Grocery
14770,0,Older Long-Tenure Grocery
14771,5,Large Families
14772,3,Tech Enthusiasts
14774,4,Promotion Seekers
14775,0,Older Long-Tenure Grocery
14776,2,Young Grocery
14777,0,Older Long-Tenure Grocery
14778,1,Vegetables-Hygiene Oriented
14779,1,Vegetables-Hygiene Oriented
14780,2,Young Grocery
14781,1,Vegetables-Hygiene Oriented
14782,0,Older Long-Tenure Grocery
14783,6,Protein Enjoyers
14784,4,Promotion Seekers
14787,2,Young Grocery
14788,3,Tech Enthusiasts
14789,0,Older Long-Tenure Grocery
14791,1,Vegetables-Hygiene Oriented
14792,7,Service Sensitive
14793,0,Older Long-Tenure Grocery
14794,4,Promotion Seekers
14796,7,Service Sensitive
14797,4,Promotion Seekers
14798,4,Promotion Seekers
14800,4,Promotion Seekers
14802,4,Promotion Seekers
14803,7,Service Sensitive
14804,2,Young Grocery
14806,7,Service Sensitive
14807,7,Service Sensitive
14808,7,Service Sensitive
14809,7,Service Sensitive
14810,4,Promotion Seekers
14811,2,Young Grocery
14813,0,Older Long-Tenure Grocery
14814,4,Promotion Seekers
14815,1,Vegetables-Hygiene Oriented
14816,2,Young Grocery
14818,1,Vegetables-Hygiene Oriented
14819,1,Vegetables-Hygiene Oriented
14820,2,Young Grocery
14821,0,Older Long-Tenure Grocery
14822,3,Tech Enthusiasts
14823,7,Service Sensitive
14824,7,Service Sensitive
14825,0,Older Long-Tenure Grocery
14826,2,Young Grocery
14828,7,Service Sensitive
14829,7,Service Sensitive
14830,1,Vegetables-Hygiene Oriented
14831,5,Large Families
14832,0,Older Long-Tenure Grocery
14833,6,Protein Enjoyers
14834,3,Tech Enthusiasts
14835,1,Vegetables-Hygiene Oriented
14836,2,Young Grocery
14837,0,Older Long-Tenure Grocery
14838,7,Service Sensitive
14839,4,Promotion Seekers
14840,2,Young Grocery
14841,1,Vegetables-Hygiene Oriented
14843,0,Older Long-Tenure Grocery
14844,2,Young Grocery
14846,2,Young Grocery
14847,0,Older Long-Tenure Grocery
14848,1,Vegetables-Hygiene Oriented
14849,0,Older Long-Tenure Grocery
14850,1,Vegetables-Hygiene Oriented
14851,5,Large Families
14853,2,Young Grocery
14854,0,Older Long-Tenure Grocery
14855,0,Older Long-Tenure Grocery
14856,4,Promotion Seekers
14857,4,Promotion Seekers
14858,5,Large Families
14859,4,Promotion Seekers
14860,1,Vegetables-Hygiene Oriented
14861,0,Older Long-Tenure Grocery
14862,3,Tech Enthusiasts
14864,7,Service Sensitive
14865,0,Older Long-Tenure Grocery
14866,0,Older Long-Tenure Grocery
14867,1,Vegetables-Hygiene Oriented
14868,7,Service Sensitive
14869,1,Vegetables-Hygiene Oriented
14870,0,Older Long-Tenure Grocery
14871,3,Tech Enthusiasts
14872,3,Tech Enthusiasts
14874,4,Promotion Seekers
14875,3,Tech Enthusiasts
14876,7,Service Sensitive
14877,7,Service Sensitive
14878,2,Young Grocery
14879,0,Older Long-Tenure Grocery
14880,1,Vegetables-Hygiene Oriented
14881,1,Vegetables-Hygiene Oriented
14883,2,Young Grocery
14885,2,Young Grocery
14886,1,Vegetables-Hygiene Oriented
14887,4,Promotion Seekers
14888,2,Young Grocery
14889,0,Older Long-Tenure Grocery
14890,7,Service Sensitive
14891,3,Tech Enthusiasts
14892,0,Older Long-Tenure Grocery
14893,0,Older Long-Tenure Grocery
14894,2,Young Grocery
14895,0,Older Long-Tenure Grocery
14896,1,Vegetables-Hygiene Oriented
14897,0,Older Long-Tenure Grocery
14898,3,Tech Enthusiasts
14899,5,Large Families
14900,7,Service Sensitive
14902,3,Tech Enthusiasts
14903,0,Older Long-Tenure Grocery
14904,0,Older Long-Tenure Grocery
14906,0,Older Long-Tenure Grocery
14907,4,Promotion Seekers
14909,2,Young Grocery
14911,1,Vegetables-Hygiene Oriented
14912,1,Vegetables-Hygiene Oriented
14913,3,Tech Enthusiasts
14915,5,Large Families
14916,0,Older Long-Tenure Grocery
14917,2,Young Grocery
14918,0,Older Long-Tenure Grocery
14919,0,Older Long-Tenure Grocery
14920,7,Service Sensitive
14921,4,Promotion Seekers
14922,4,Promotion Seekers
14923,3,Tech Enthusiasts
14924,4,Promotion Seekers
14926,2,Young Grocery
14927,1,Vegetables-Hygiene Oriented
14928,0,Older Long-Tenure Grocery
14929,5,Large Families
14932,5,Large Families
14933,0,Older Long-Tenure Grocery
14935,4,Promotion Seekers
14937,1,Vegetables-Hygiene Oriented
14938,3,Tech Enthusiasts
14940,4,Promotion Seekers
14942,4,Promotion Seekers
14943,4,Promotion Seekers
14944,5,Large Families
14945,0,Older Long-Tenure Grocery
14946,2,Young Grocery
14947,0,Older Long-Tenure Grocery
14948,7,Service Sensitive
14949,2,Young Grocery
14951,1,Vegetables-Hygiene Oriented
14952,6,Protein Enjoyers
14953,0,Older Long-Tenure Grocery
14955,4,Promotion Seekers
14956,4,Promotion Seekers
14957,3,Tech Enthusiasts
14959,0,Older Long-Tenure Grocery
14960,4,Promotion Seekers
14962,0,Older Long-Tenure Grocery
14963,2,Young Grocery
14964,3,Tech Enthusiasts
14966,3,Tech Enthusiasts
14967,7,Service Sensitive
14968,4,Promotion Seekers
14971,6,Protein Enjoyers
14972,0,Older Long-Tenure Grocery
14973,7,Service Sensitive
14974,1,Vegetables-Hygiene Oriented
14975,0,Older Long-Tenure Grocery
14976,4,Promotion Seekers
14977,7,Service Sensitive
14978,5,Large Families
14979,4,Promotion Seekers
14980,1,Vegetables-Hygiene Oriented
14981,3,Tech Enthusiasts
14982,0,Older Long-Tenure Grocery
14983,2,Young Grocery
14984,3,Tech Enthusiasts
14985,1,Vegetables-Hygiene Oriented
14986,4,Promotion Seekers
14987,4,Promotion Seekers
14988,2,Young Grocery
14990,7,Service Sensitive
14991,4,Promotion Seekers
14992,5,Large Families
14993,6,Protein Enjoyers
14995,3,Tech Enthusiasts
14996,0,Older Long-Tenure Grocery
14997,2,Young Grocery
14999,3,Tech Enthusiasts
15000,2,Young Grocery
15001,4,Promotion Seekers
15002,7,Service Sensitive
15003,6,Protein Enjoyers
15004,7,Service Sensitive
15007,0,Older Long-Tenure Grocery
15008,2,Young Grocery
15009,7,Service Sensitive
15010,4,Promotion Seekers
15011,0,Older Long-Tenure Grocery
15012,0,Older Long-Tenure Grocery
15014,5,Large Families
15015,6,Protein Enjoyers
15016,0,Older Long-Tenure Grocery
15017,2,Young Grocery
15019,2,Young Grocery
15020,1,Vegetables-Hygiene Oriented
15023,0,Older Long-Tenure Grocery
15024,7,Service Sensitive
15025,2,Young Grocery
15026,1,Vegetables-Hygiene Oriented
15027,3,Tech Enthusiasts
15028,0,Older Long-Tenure Grocery
15029,2,Young Grocery
15030,7,Service Sensitive
15031,1,Vegetables-Hygiene Oriented
15032,1,Vegetables-Hygiene Oriented
15033,5,Large Families
15034,5,Large Families
15035,7,Service Sensitive
15036,1,Vegetables-Hygiene Oriented
15037,5,Large Families
15038,1,Vegetables-Hygiene Oriented
15039,0,Older Long-Tenure Grocery
15040,4,Promotion Seekers
15041,0,Older Long-Tenure Grocery
15043,1,Vegetables-Hygiene Oriented
15044,5,Large Families
15046,5,Large Families
15047,2,Young Grocery
15048,1,Vegetables-Hygiene Oriented
15049,4,Promotion Seekers
15050,1,Vegetables-Hygiene Oriented
15051,2,Young Grocery
15053,4,Promotion Seekers
15054,4,Promotion Seekers
15055,0,Older Long-Tenure Grocery
15057,1,Vegetables-Hygiene Oriented
15058,7,Service Sensitive
15059,0,Older Long-Tenure Grocery
15060,0,Older Long-Tenure Grocery
15062,1,Vegetables-Hygiene Oriented
15063,6,Protein Enjoyers
15065,7,Service Sensitive
15066,4,Promotion Seekers
15067,3,Tech Enthusiasts
15068,4,Promotion Seekers
15069,2,Young Grocery
15070,1,Vegetables-Hygiene Oriented
15071,7,Service Sensitive
15072,4,Promotion Seekers
15073,3,Tech Enthusiasts
15075,7,Service Sensitive
15076,0,Older Long-Tenure Grocery
15077,4,Promotion Seekers
15079,1,Vegetables-Hygiene Oriented
15080,3,Tech Enthusiasts
15081,1,Vegetables-Hygiene Oriented
15082,1,Vegetables-Hygiene Oriented
15083,1,Vegetables-Hygiene Oriented
15084,7,Service Sensitive
15085,4,Promotion Seekers
15086,0,Older Long-Tenure Grocery
15087,0,Older Long-Tenure Grocery
15088,5,Large Families
15089,2,Young Grocery
15090,3,Tech Enthusiasts
15091,0,Older Long-Tenure Grocery
15092,4,Promotion Seekers
15093,2,Young Grocery
15094,1,Vegetables-Hygiene Oriented
15095,4,Promotion Seekers
15096,0,Older Long-Tenure Grocery
15097,6,Protein Enjoyers
15098,5,Large Families
15099,0,Older Long-Tenure Grocery
15100,4,Promotion Seekers
15101,0,Older Long-Tenure Grocery
15103,1,Vegetables-Hygiene Oriented
15104,2,Young Grocery
15105,3,Tech Enthusiasts
15107,4,Promotion Seekers
15108,6,Protein Enjoyers
15109,2,Young Grocery
15112,1,Vegetables-Hygiene Oriented
15114,4,Promotion Seekers
15115,1,Vegetables-Hygiene Oriented
15116,4,Promotion Seekers
15117,5,Large Families
15118,1,Vegetables-Hygiene Oriented
15119,7,Service Sensitive
15120,2,Young Grocery
15121,0,Older Long-Tenure Grocery
15122,3,Tech Enthusiasts
15123,4,Promotion Seekers
15124,4,Promotion Seekers
15125,4,Promotion Seekers
15127,4,Promotion Seekers
15128,3,Tech Enthusiasts
15129,2,Young Grocery
15131,4,Promotion Seekers
15132,3,Tech Enthusiasts
15133,0,Older Long-Tenure Grocery
15134,4,Promotion Seekers
15136,7,Service Sensitive
15137,0,Older Long-Tenure Grocery
15138,2,Young Grocery
15139,0,Older Long-Tenure Grocery
15140,4,Promotion Seekers
15141,5,Large Families
15142,4,Promotion Seekers
15143,0,Older Long-Tenure Grocery
15144,4,Promotion Seekers
15145,5,Large Families
15146,1,Vegetables-Hygiene Oriented
15147,2,Young Grocery
15148,4,Promotion Seekers
15149,0,Older Long-Tenure Grocery
15150,2,Young Grocery
15151,7,Service Sensitive
15152,3,Tech Enthusiasts
15153,2,Young Grocery
15154,6,Protein Enjoyers
15155,1,Vegetables-Hygiene Oriented
15156,4,Promotion Seekers
15157,3,Tech Enthusiasts
15158,4,Promotion Seekers
15159,0,Older Long-Tenure Grocery
15160,1,Vegetables-Hygiene Oriented
15162,2,Young Grocery
15163,4,Promotion Seekers
15164,2,Young Grocery
15166,7,Service Sensitive
15168,3,Tech Enthusiasts
15170,4,Promotion Seekers
15171,4,Promotion Seekers
15172,4,Promotion Seekers
15173,1,Vegetables-Hygiene Oriented
15175,5,Large Families
15176,0,Older Long-Tenure Grocery
15177,4,Promotion Seekers
15178,0,Older Long-Tenure Grocery
15179,1,Vegetables-Hygiene Oriented
15181,1,Vegetables-Hygiene Oriented
15182,2,Young Grocery
15183,5,Large Families
15184,1,Vegetables-Hygiene Oriented
15185,1,Vegetables-Hygiene Oriented
15186,0,Older Long-Tenure Grocery
15187,7,Service Sensitive
15188,1,Vegetables-Hygiene Oriented
15189,7,Service Sensitive
15190,4,Promotion Seekers
15191,4,Promotion Seekers
15192,4,Promotion Seekers
15193,6,Protein Enjoyers
15194,2,Young Grocery
15196,2,Young Grocery
15197,2,Young Grocery
15198,6,Protein Enjoyers
15199,5,Large Families
15200,2,Young Grocery
15201,1,Vegetables-Hygiene Oriented
15202,1,Vegetables-Hygiene Oriented
15203,1,Vegetables-Hygiene Oriented
15204,1,Vegetables-Hygiene Oriented
15205,1,Vegetables-Hygiene Oriented
15207,0,Older Long-Tenure Grocery
15208,4,Promotion Seekers
15209,4,Promotion Seekers
15212,7,Service Sensitive
15213,0,Older Long-Tenure Grocery
15214,2,Young Grocery
15215,7,Service Sensitive
15216,4,Promotion Seekers
15217,7,Service Sensitive
15218,7,Service Sensitive
15219,0,Older Long-Tenure Grocery
15220,2,Young Grocery
15221,3,Tech Enthusiasts
15222,1,Vegetables-Hygiene Oriented
15223,0,Older Long-Tenure Grocery
15225,5,Large Families
15226,7,Service Sensitive
15227,5,Large Families
15228,1,Vegetables-Hygiene Oriented
15229,7,Service Sensitive
15230,0,Older Long-Tenure Grocery
15231,1,Vegetables-Hygiene Oriented
15232,6,Protein Enjoyers
15233,5,Large Families
15234,7,Service Sensitive
15235,5,Large Families
15236,7,Service Sensitive
15238,2,Young Grocery
15241,5,Large Families
15242,0,Older Long-Tenure Grocery
15243,1,Vegetables-Hygiene Oriented
15245,0,Older Long-Tenure Grocery
15246,1,Vegetables-Hygiene Oriented
15247,4,Promotion Seekers
15249,7,Service Sensitive
15250,6,Protein Enjoyers
15251,0,Older Long-Tenure Grocery
15252,2,Young Grocery
15254,7,Service Sensitive
15255,0,Older Long-Tenure Grocery
15256,7,Service Sensitive
15257,6,Protein Enjoyers
15261,4,Promotion Seekers
15262,0,Older Long-Tenure Grocery
15263,3,Tech Enthusiasts
15264,7,Service Sensitive
15265,0,Older Long-Tenure Grocery
15266,2,Young Grocery
15267,1,Vegetables-Hygiene Oriented
15268,1,Vegetables-Hygiene Oriented
15269,4,Promotion Seekers
15270,4,Promotion Seekers
15271,1,Vegetables-Hygiene Oriented
15272,4,Promotion Seekers
15273,0,Older Long-Tenure Grocery
15274,1,Vegetables-Hygiene Oriented
15275,4,Promotion Seekers
15276,7,Service Sensitive
15277,0,Older Long-Tenure Grocery
15278,7,Service Sensitive
15279,3,Tech Enthusiasts
15280,2,Young Grocery
15281,1,Vegetables-Hygiene Oriented
15282,4,Promotion Seekers
15283,4,Promotion Seekers
15284,3,Tech Enthusiasts
15285,6,Protein Enjoyers
15287,4,Promotion Seekers
15288,1,Vegetables-Hygiene Oriented
15289,4,Promotion Seekers
15290,3,Tech Enthusiasts
15291,1,Vegetables-Hygiene Oriented
15293,3,Tech Enthusiasts
15294,4,Promotion Seekers
15295,4,Promotion Seekers
15296,7,Service Sensitive
15297,4,Promotion Seekers
15298,0,Older Long-Tenure Grocery
15299,4,Promotion Seekers
15301,1,Vegetables-Hygiene Oriented
15302,7,Service Sensitive
15303,1,Vegetables-Hygiene Oriented
15304,2,Young Grocery
15305,4,Promotion Seekers
15306,4,Promotion Seekers
15308,7,Service Sensitive
15309,3,Tech Enthusiasts
15310,4,Promotion Seekers
15311,6,Protein Enjoyers
15312,4,Promotion Seekers
15313,7,Service Sensitive
15314,2,Young Grocery
15315,4,Promotion Seekers
15316,3,Tech Enthusiasts
15317,4,Promotion Seekers
15318,1,Vegetables-Hygiene Oriented
15319,5,Large Families
15321,1,Vegetables-Hygiene Oriented
15322,3,Tech Enthusiasts
15323,0,Older Long-Tenure Grocery
15324,0,Older Long-Tenure Grocery
15325,1,Vegetables-Hygiene Oriented
15326,5,Large Families
15327,4,Promotion Seekers
15329,7,Service Sensitive
15330,7,Service Sensitive
15331,0,Older Long-Tenure Grocery
15333,0,Older Long-Tenure Grocery
15334,7,Service Sensitive
15335,0,Older Long-Tenure Grocery
15336,7,Service Sensitive
15337,0,Older Long-Tenure Grocery
15339,4,Promotion Seekers
15340,1,Vegetables-Hygiene Oriented
15341,4,Promotion Seekers
15343,3,Tech Enthusiasts
15346,2,Young Grocery
15347,1,Vegetables-Hygiene Oriented
15348,6,Protein Enjoyers
15349,7,Service Sensitive
15350,5,Large Families
15351,7,Service Sensitive
15352,2,Young Grocery
15353,2,Young Grocery
15354,4,Promotion Seekers
15355,3,Tech Enthusiasts
15356,5,Large Families
15357,2,Young Grocery
15358,4,Promotion Seekers
15359,1,Vegetables-Hygiene Oriented
15360,1,Vegetables-Hygiene Oriented
15361,1,Vegetables-Hygiene Oriented
15363,1,Vegetables-Hygiene Oriented
15364,7,Service Sensitive
15365,0,Older Long-Tenure Grocery
15366,7,Service Sensitive
15367,0,Older Long-Tenure Grocery
15368,4,Promotion Seekers
15370,4,Promotion Seekers
15372,0,Older Long-Tenure Grocery
15373,0,Older Long-Tenure Grocery
15374,6,Protein Enjoyers
15375,2,Young Grocery
15376,1,Vegetables-Hygiene Oriented
15377,0,Older Long-Tenure Grocery
15378,4,Promotion Seekers
15379,1,Vegetables-Hygiene Oriented
15380,7,Service Sensitive
15381,2,Young Grocery
15382,1,Vegetables-Hygiene Oriented
15383,4,Promotion Seekers
15384,1,Vegetables-Hygiene Oriented
15385,7,Service Sensitive
15386,1,Vegetables-Hygiene Oriented
15387,2,Young Grocery
15388,3,Tech Enthusiasts
15389,7,Service Sensitive
15390,4,Promotion Seekers
15391,7,Service Sensitive
15392,5,Large Families
15393,7,Service Sensitive
15394,0,Older Long-Tenure Grocery
15395,0,Older Long-Tenure Grocery
15399,2,Young Grocery
15400,4,Promotion Seekers
15401,0,Older Long-Tenure Grocery
15402,2,Young Grocery
15404,1,Vegetables-Hygiene Oriented
15405,7,Service Sensitive
15406,0,Older Long-Tenure Grocery
15407,7,Service Sensitive
15408,2,Young Grocery
15409,4,Promotion Seekers
15411,0,Older Long-Tenure Grocery
15413,2,Young Grocery
15414,3,Tech Enthusiasts
15415,0,Older Long-Tenure Grocery
15416,6,Protein Enjoyers
15418,0,Older Long-Tenure Grocery
15419,6,Protein Enjoyers
15420,3,Tech Enthusiasts
15421,7,Service Sensitive
15422,4,Promotion Seekers
15423,1,Vegetables-Hygiene Oriented
15424,2,Young Grocery
15425,1,Vegetables-Hygiene Oriented
15426,4,Promotion Seekers
15427,6,Protein Enjoyers
15428,4,Promotion Seekers
15429,6,Protein Enjoyers
15431,3,Tech Enthusiasts
15432,0,Older Long-Tenure Grocery
15433,1,Vegetables-Hygiene Oriented
15434,2,Young Grocery
15435,7,Service Sensitive
15436,2,Young Grocery
15437,6,Protein Enjoyers
15438,0,Older Long-Tenure Grocery
15442,1,Vegetables-Hygiene Oriented
15444,2,Young Grocery
15445,1,Vegetables-Hygiene Oriented
15447,4,Promotion Seekers
15448,0,Older Long-Tenure Grocery
15449,2,Young Grocery
15450,0,Older Long-Tenure Grocery
15451,0,Older Long-Tenure Grocery
15453,3,Tech Enthusiasts
15454,7,Service Sensitive
15456,4,Promotion Seekers
15457,4,Promotion Seekers
15459,4,Promotion Seekers
15460,1,Vegetables-Hygiene Oriented
15461,3,Tech Enthusiasts
15463,7,Service Sensitive
15464,1,Vegetables-Hygiene Oriented
15466,0,Older Long-Tenure Grocery
15467,1,Vegetables-Hygiene Oriented
15468,4,Promotion Seekers
15469,1,Vegetables-Hygiene Oriented
15472,6,Protein Enjoyers
15473,7,Service Sensitive
15474,0,Older Long-Tenure Grocery
15475,2,Young Grocery
15476,4,Promotion Seekers
15477,2,Young Grocery
15478,4,Promotion Seekers
15479,7,Service Sensitive
15481,4,Promotion Seekers
15483,2,Young Grocery
15485,1,Vegetables-Hygiene Oriented
15486,0,Older Long-Tenure Grocery
15487,3,Tech Enthusiasts
15488,4,Promotion Seekers
15490,3,Tech Enthusiasts
15491,2,Young Grocery
15492,4,Promotion Seekers
15493,0,Older Long-Tenure Grocery
15494,0,Older Long-Tenure Grocery
15495,4,Promotion Seekers
15496,4,Promotion Seekers
15498,1,Vegetables-Hygiene Oriented
15499,0,Older Long-Tenure Grocery
15500,1,Vegetables-Hygiene Oriented
15501,5,Large Families
15502,0,Older Long-Tenure Grocery
15503,7,Service Sensitive
15504,4,Promotion Seekers
15505,1,Vegetables-Hygiene Oriented
15508,0,Older Long-Tenure Grocery
15509,1,Vegetables-Hygiene Oriented
15510,1,Vegetables-Hygiene Oriented
15511,4,Promotion Seekers
15512,1,Vegetables-Hygiene Oriented
15513,6,Protein Enjoyers
15514,0,Older Long-Tenure Grocery
15515,3,Tech Enthusiasts
15516,1,Vegetables-Hygiene Oriented
15517,1,Vegetables-Hygiene Oriented
15519,4,Promotion Seekers
15520,4,Promotion Seekers
15521,1,Vegetables-Hygiene Oriented
15522,0,Older Long-Tenure Grocery
15523,2,Young Grocery
15524,7,Service Sensitive
15525,0,Older Long-Tenure Grocery
15527,2,Young Grocery
15528,0,Older Long-Tenure Grocery
15529,4,Promotion Seekers
15532,4,Promotion Seekers
15533,2,Young Grocery
15534,1,Vegetables-Hygiene Oriented
15535,3,Tech Enthusiasts
15536,0,Older Long-Tenure Grocery
15537,7,Service Sensitive
15538,3,Tech Enthusiasts
15539,4,Promotion Seekers
15540,5,Large Families
15543,1,Vegetables-Hygiene Oriented
15544,7,Service Sensitive
15545,5,Large Families
15546,4,Promotion Seekers
15547,5,Large Families
15548,2,Young Grocery
15549,4,Promotion Seekers
15550,4,Promotion Seekers
15551,1,Vegetables-Hygiene Oriented
15552,4,Promotion Seekers
15553,7,Service Sensitive
15554,4,Promotion Seekers
15555,1,Vegetables-Hygiene Oriented
15556,1,Vegetables-Hygiene Oriented
15557,7,Service Sensitive
15558,1,Vegetables-Hygiene Oriented
15559,4,Promotion Seekers
15560,0,Older Long-Tenure Grocery
15561,2,Young Grocery
15563,1,Vegetables-Hygiene Oriented
15564,7,Service Sensitive
15565,1,Vegetables-Hygiene Oriented
15566,0,Older Long-Tenure Grocery
15567,1,Vegetables-Hygiene Oriented
15568,1,Vegetables-Hygiene Oriented
15569,3,Tech Enthusiasts
15570,1,Vegetables-Hygiene Oriented
15571,7,Service Sensitive
15572,4,Promotion Seekers
15573,0,Older Long-Tenure Grocery
15574,3,Tech Enthusiasts
15575,2,Young Grocery
15576,0,Older Long-Tenure Grocery
15579,7,Service Sensitive
15582,1,Vegetables-Hygiene Oriented
15583,7,Service Sensitive
15584,1,Vegetables-Hygiene Oriented
15585,2,Young Grocery
15587,4,Promotion Seekers
15588,4,Promotion Seekers
15590,6,Protein Enjoyers
15591,4,Promotion Seekers
15592,7,Service Sensitive
15594,4,Promotion Seekers
15595,7,Service Sensitive
15596,5,Large Families
15597,1,Vegetables-Hygiene Oriented
15598,4,Promotion Seekers
15599,1,Vegetables-Hygiene Oriented
15600,7,Service Sensitive
15601,7,Service Sensitive
15602,5,Large Families
15603,3,Tech Enthusiasts
15604,7,Service Sensitive
15605,0,Older Long-Tenure Grocery
15607,5,Large Families
15608,7,Service Sensitive
15609,1,Vegetables-Hygiene Oriented
15610,4,Promotion Seekers
15611,4,Promotion Seekers
15612,4,Promotion Seekers
15613,7,Service Sensitive
15614,3,Tech Enthusiasts
15615,2,Young Grocery
15616,3,Tech Enthusiasts
15617,1,Vegetables-Hygiene Oriented
15618,0,Older Long-Tenure Grocery
15619,1,Vegetables-Hygiene Oriented
15620,4,Promotion Seekers
15621,2,Young Grocery
15622,0,Older Long-Tenure Grocery
15624,0,Older Long-Tenure Grocery
15625,7,Service Sensitive
15626,0,Older Long-Tenure Grocery
15628,3,Tech Enthusiasts
15629,0,Older Long-Tenure Grocery
15631,1,Vegetables-Hygiene Oriented
15632,4,Promotion Seekers
15633,5,Large Families
15634,4,Promotion Seekers
15636,2,Young Grocery
15637,4,Promotion Seekers
15638,1,Vegetables-Hygiene Oriented
15640,5,Large Families
15641,5,Large Families
15643,7,Service Sensitive
15644,1,Vegetables-Hygiene Oriented
15645,0,Older Long-Tenure Grocery
15646,0,Older Long-Tenure Grocery
15647,1,Vegetables-Hygiene Oriented
15648,1,Vegetables-Hygiene Oriented
15650,3,Tech Enthusiasts
15651,3,Tech Enthusiasts
15652,1,Vegetables-Hygiene Oriented
15653,0,Older Long-Tenure Grocery
15654,4,Promotion Seekers
15655,0,Older Long-Tenure Grocery
15656,6,Protein Enjoyers
15657,4,Promotion Seekers
15658,3,Tech Enthusiasts
15659,2,Young Grocery
15660,1,Vegetables-Hygiene Oriented
15661,0,Older Long-Tenure Grocery
15663,4,Promotion Seekers
15664,5,Large Families
15665,0,Older Long-Tenure Grocery
15666,7,Service Sensitive
15667,0,Older Long-Tenure Grocery
15668,6,Protein Enjoyers
15669,0,Older Long-Tenure Grocery
15670,2,Young Grocery
15671,4,Promotion Seekers
15672,0,Older Long-Tenure Grocery
15675,0,Older Long-Tenure Grocery
15677,6,Protein Enjoyers
15678,3,Tech Enthusiasts
15679,4,Promotion Seekers
15680,4,Promotion Seekers
15681,4,Promotion Seekers
15682,4,Promotion Seekers
15683,5,Large Families
15684,2,Young Grocery
15687,3,Tech Enthusiasts
15688,7,Service Sensitive
15689,4,Promotion Seekers
15691,1,Vegetables-Hygiene Oriented
15692,1,Vegetables-Hygiene Oriented
15693,7,Service Sensitive
15694,1,Vegetables-Hygiene Oriented
15696,5,Large Families
15697,0,Older Long-Tenure Grocery
15698,0,Older Long-Tenure Grocery
15700,2,Young Grocery
15701,0,Older Long-Tenure Grocery
15702,5,Large Families
15703,5,Large Families
15704,0,Older Long-Tenure Grocery
15705,4,Promotion Seekers
15706,0,Older Long-Tenure Grocery
15707,4,Promotion Seekers
15708,7,Service Sensitive
15709,7,Service Sensitive
15710,0,Older Long-Tenure Grocery
15711,0,Older Long-Tenure Grocery
15712,6,Protein Enjoyers
15713,0,Older Long-Tenure Grocery
15714,3,Tech Enthusiasts
15716,4,Promotion Seekers
15717,3,Tech Enthusiasts
15718,1,Vegetables-Hygiene Oriented
15719,6,Protein Enjoyers
15720,0,Older Long-Tenure Grocery
15721,2,Young Grocery
15722,1,Vegetables-Hygiene Oriented
15723,0,Older Long-Tenure Grocery
15724,2,Young Grocery
15725,4,Promotion Seekers
15726,4,Promotion Seekers
15727,2,Young Grocery
15729,2,Young Grocery
15730,6,Protein Enjoyers
15732,0,Older Long-Tenure Grocery
15734,0,Older Long-Tenure Grocery
15735,6,Protein Enjoyers
15736,4,Promotion Seekers
15737,1,Vegetables-Hygiene Oriented
15738,3,Tech Enthusiasts
15739,0,Older Long-Tenure Grocery
15741,1,Vegetables-Hygiene Oriented
15743,1,Vegetables-Hygiene Oriented
15744,4,Promotion Seekers
15745,3,Tech Enthusiasts
15746,2,Young Grocery
15747,1,Vegetables-Hygiene Oriented
15750,4,Promotion Seekers
15751,1,Vegetables-Hygiene Oriented
15752,7,Service Sensitive
15753,1,Vegetables-Hygiene Oriented
15754,2,Young Grocery
15755,2,Young Grocery
15756,3,Tech Enthusiasts
15758,1,Vegetables-Hygiene Oriented
15759,6,Protein Enjoyers
15761,1,Vegetables-Hygiene Oriented
15762,0,Older Long-Tenure Grocery
15763,0,Older Long-Tenure Grocery
15764,1,Vegetables-Hygiene Oriented
15765,0,Older Long-Tenure Grocery
15766,6,Protein Enjoyers
15767,2,Young Grocery
15768,4,Promotion Seekers
15769,6,Protein Enjoyers
15771,1,Vegetables-Hygiene Oriented
15772,2,Young Grocery
15773,1,Vegetables-Hygiene Oriented
15774,4,Promotion Seekers
15775,2,Young Grocery
15776,5,Large Families
15777,5,Large Families
15778,4,Promotion Seekers
15779,6,Protein Enjoyers
15781,2,Young Grocery
15782,3,Tech Enthusiasts
15783,6,Protein Enjoyers
15784,1,Vegetables-Hygiene Oriented
15785,2,Young Grocery
15786,4,Promotion Seekers
15787,0,Older Long-Tenure Grocery
15788,7,Service Sensitive
15791,5,Large Families
15792,2,Young Grocery
15793,5,Large Families
15795,4,Promotion Seekers
15796,0,Older Long-Tenure Grocery
15797,1,Vegetables-Hygiene Oriented
15798,5,Large Families
15800,3,Tech Enthusiasts
15801,1,Vegetables-Hygiene Oriented
15802,1,Vegetables-Hygiene Oriented
15804,5,Large Families
15805,3,Tech Enthusiasts
15806,1,Vegetables-Hygiene Oriented
15807,0,Older Long-Tenure Grocery
15808,5,Large Families
15809,2,Young Grocery
15811,3,Tech Enthusiasts
15813,0,Older Long-Tenure Grocery
15814,6,Protein Enjoyers
15815,4,Promotion Seekers
15816,6,Protein Enjoyers
15817,2,Young Grocery
15818,0,Older Long-Tenure Grocery
15819,2,Young Grocery
15820,5,Large Families
15821,6,Protein Enjoyers
15822,1,Vegetables-Hygiene Oriented
15823,4,Promotion Seekers
15824,6,Protein Enjoyers
15825,1,Vegetables-Hygiene Oriented
15826,3,Tech Enthusiasts
15828,4,Promotion Seekers
15830,1,Vegetables-Hygiene Oriented
15831,0,Older Long-Tenure Grocery
15832,1,Vegetables-Hygiene Oriented
15833,1,Vegetables-Hygiene Oriented
15834,3,Tech Enthusiasts
15835,0,Older Long-Tenure Grocery
15838,2,Young Grocery
15839,7,Service Sensitive
15840,4,Promotion Seekers
15841,5,Large Families
15842,4,Promotion Seekers
15844,1,Vegetables-Hygiene Oriented
15845,3,Tech Enthusiasts
15846,3,Tech Enthusiasts
15847,4,Promotion Seekers
15849,5,Large Families
15850,3,Tech Enthusiasts
15851,1,Vegetables-Hygiene Oriented
15852,4,Promotion Seekers
15854,4,Promotion Seekers
15857,0,Older Long-Tenure Grocery
15858,1,Vegetables-Hygiene Oriented
15859,1,Vegetables-Hygiene Oriented
15861,2,Young Grocery
15862,5,Large Families
15863,0,Older Long-Tenure Grocery
15865,7,Service Sensitive
15866,1,Vegetables-Hygiene Oriented
15867,2,Young Grocery
15868,4,Promotion Seekers
15869,5,Large Families
15870,1,Vegetables-Hygiene Oriented
15871,7,Service Sensitive
15872,4,Promotion Seekers
15873,7,Service Sensitive
15874,5,Large Families
15875,0,Older Long-Tenure Grocery
15876,0,Older Long-Tenure Grocery
15877,0,Older Long-Tenure Grocery
15878,4,Promotion Seekers
15879,1,Vegetables-Hygiene Oriented
15880,0,Older Long-Tenure Grocery
15881,1,Vegetables-Hygiene Oriented
15883,4,Promotion Seekers
15884,4,Promotion Seekers
15885,0,Older Long-Tenure Grocery
15886,5,Large Families
15889,7,Service Sensitive
15890,5,Large Families
15891,7,Service Sensitive
15892,0,Older Long-Tenure Grocery
15893,5,Large Families
15894,1,Vegetables-Hygiene Oriented
15896,1,Vegetables-Hygiene Oriented
15897,4,Promotion Seekers
15898,2,Young Grocery
15899,6,Protein Enjoyers
15900,2,Young Grocery
15902,1,Vegetables-Hygiene Oriented
15903,2,Young Grocery
15904,0,Older Long-Tenure Grocery
15906,2,Young Grocery
15907,5,Large Families
15908,0,Older Long-Tenure Grocery
15909,7,Service Sensitive
15910,4,Promotion Seekers
15912,0,Older Long-Tenure Grocery
15913,0,Older Long-Tenure Grocery
15914,1,Vegetables-Hygiene Oriented
15915,4,Promotion Seekers
15916,0,Older Long-Tenure Grocery
15917,2,Young Grocery
15919,1,Vegetables-Hygiene Oriented
15920,1,Vegetables-Hygiene Oriented
15921,7,Service Sensitive
15922,4,Promotion Seekers
15924,2,Young Grocery
15925,4,Promotion Seekers
15926,1,Vegetables-Hygiene Oriented
15927,1,Vegetables-Hygiene Oriented
15928,0,Older Long-Tenure Grocery
15930,0,Older Long-Tenure Grocery
15931,4,Promotion Seekers
15932,5,Large Families
15933,6,Protein Enjoyers
15934,3,Tech Enthusiasts
15935,4,Promotion Seekers
15936,1,Vegetables-Hygiene Oriented
15938,1,Vegetables-Hygiene Oriented
15939,2,Young Grocery
15940,7,Service Sensitive
15941,1,Vegetables-Hygiene Oriented
15942,0,Older Long-Tenure Grocery
15943,6,Protein Enjoyers
15944,5,Large Families
15945,1,Vegetables-Hygiene Oriented
15946,3,Tech Enthusiasts
15947,2,Young Grocery
15948,0,Older Long-Tenure Grocery
15949,7,Service Sensitive
15951,2,Young Grocery
15952,1,Vegetables-Hygiene Oriented
15953,2,Young Grocery
15954,4,Promotion Seekers
15955,0,Older Long-Tenure Grocery
15956,0,Older Long-Tenure Grocery
15957,4,Promotion Seekers
15959,0,Older Long-Tenure Grocery
15960,0,Older Long-Tenure Grocery
15961,4,Promotion Seekers
15962,5,Large Families
15963,2,Young Grocery
15964,1,Vegetables-Hygiene Oriented
15965,0,Older Long-Tenure Grocery
15966,2,Young Grocery
15967,2,Young Grocery
15968,1,Vegetables-Hygiene Oriented
15969,1,Vegetables-Hygiene Oriented
15970,7,Service Sensitive
15972,3,Tech Enthusiasts
15973,2,Young Grocery
15974,3,Tech Enthusiasts
15975,2,Young Grocery
15977,1,Vegetables-Hygiene Oriented
15978,7,Service Sensitive
15979,3,Tech Enthusiasts
15980,0,Older Long-Tenure Grocery
15983,0,Older Long-Tenure Grocery
15984,0,Older Long-Tenure Grocery
15985,4,Promotion Seekers
15986,5,Large Families
15987,0,Older Long-Tenure Grocery
15988,4,Promotion Seekers
15989,0,Older Long-Tenure Grocery
15991,4,Promotion Seekers
15992,4,Promotion Seekers
15993,4,Promotion Seekers
15994,6,Protein Enjoyers
15995,1,Vegetables-Hygiene Oriented
15997,0,Older Long-Tenure Grocery
15998,2,Young Grocery
16000,6,Protein Enjoyers
16001,7,Service Sensitive
16002,1,Vegetables-Hygiene Oriented
16003,0,Older Long-Tenure Grocery
16004,3,Tech Enthusiasts
16006,0,Older Long-Tenure Grocery
16007,7,Service Sensitive
16008,4,Promotion Seekers
16009,1,Vegetables-Hygiene Oriented
16010,7,Service Sensitive
16011,2,Young Grocery
16012,3,Tech Enthusiasts
16013,4,Promotion Seekers
16014,7,Service Sensitive
16015,4,Promotion Seekers
16016,0,Older Long-Tenure Grocery
16018,1,Vegetables-Hygiene Oriented
16019,1,Vegetables-Hygiene Oriented
16020,0,Older Long-Tenure Grocery
16021,1,Vegetables-Hygiene Oriented
16022,3,Tech Enthusiasts
16025,2,Young Grocery
16026,1,Vegetables-Hygiene Oriented
16029,7,Service Sensitive
16030,3,Tech Enthusiasts
16031,3,Tech Enthusiasts
16033,0,Older Long-Tenure Grocery
16034,1,Vegetables-Hygiene Oriented
16035,7,Service Sensitive
16036,0,Older Long-Tenure Grocery
16037,2,Young Grocery
16038,7,Service Sensitive
16039,1,Vegetables-Hygiene Oriented
16040,6,Protein Enjoyers
16041,1,Vegetables-Hygiene Oriented
16042,7,Service Sensitive
16043,1,Vegetables-Hygiene Oriented
16044,0,Older Long-Tenure Grocery
16045,7,Service Sensitive
16046,1,Vegetables-Hygiene Oriented
16049,6,Protein Enjoyers
16050,7,Service Sensitive
16051,4,Promotion Seekers
16052,4,Promotion Seekers
16053,3,Tech Enthusiasts
16054,1,Vegetables-Hygiene Oriented
16055,4,Promotion Seekers
16056,7,Service Sensitive
16057,7,Service Sensitive
16059,2,Young Grocery
16060,4,Promotion Seekers
16062,3,Tech Enthusiasts
16063,2,Young Grocery
16064,5,Large Families
16065,2,Young Grocery
16066,0,Older Long-Tenure Grocery
16067,7,Service Sensitive
16068,2,Young Grocery
16070,3,Tech Enthusiasts
16071,1,Vegetables-Hygiene Oriented
16073,7,Service Sensitive
16074,2,Young Grocery
16075,4,Promotion Seekers
16076,4,Promotion Seekers
16077,1,Vegetables-Hygiene Oriented
16078,2,Young Grocery
16079,4,Promotion Seekers
16080,0,Older Long-Tenure Grocery
16081,1,Vegetables-Hygiene Oriented
16082,0,Older Long-Tenure Grocery
16083,2,Young Grocery
16084,1,Vegetables-Hygiene Oriented
16085,0,Older Long-Tenure Grocery
16086,0,Older Long-Tenure Grocery
16087,1,Vegetables-Hygiene Oriented
16088,3,Tech Enthusiasts
16089,5,Large Families
16090,3,Tech Enthusiasts
16091,2,Young Grocery
16092,1,Vegetables-Hygiene Oriented
16094,5,Large Families
16096,3,Tech Enthusiasts
16097,2,Young Grocery
16098,3,Tech Enthusiasts
16099,1,Vegetables-Hygiene Oriented
16100,4,Promotion Seekers
16102,3,Tech Enthusiasts
16103,3,Tech Enthusiasts
16105,4,Promotion Seekers
16106,4,Promotion Seekers
16107,0,Older Long-Tenure Grocery
16108,4,Promotion Seekers
16109,0,Older Long-Tenure Grocery
16110,7,Service Sensitive
16111,5,Large Families
16112,4,Promotion Seekers
16113,2,Young Grocery
16114,1,Vegetables-Hygiene Oriented
16115,5,Large Families
16116,3,Tech Enthusiasts
16117,1,Vegetables-Hygiene Oriented
16118,0,Older Long-Tenure Grocery
16119,7,Service Sensitive
16120,5,Large Families
16121,1,Vegetables-Hygiene Oriented
16122,4,Promotion Seekers
16123,6,Protein Enjoyers
16124,0,Older Long-Tenure Grocery
16125,4,Promotion Seekers
16126,3,Tech Enthusiasts
16127,4,Promotion Seekers
16128,1,Vegetables-Hygiene Oriented
16129,6,Protein Enjoyers
16130,2,Young Grocery
16131,0,Older Long-Tenure Grocery
16132,0,Older Long-Tenure Grocery
16133,3,Tech Enthusiasts
16134,4,Promotion Seekers
16135,0,Older Long-Tenure Grocery
16137,2,Young Grocery
16138,7,Service Sensitive
16139,1,Vegetables-Hygiene Oriented
16140,2,Young Grocery
16141,6,Protein Enjoyers
16142,7,Service Sensitive
16143,2,Young Grocery
16144,5,Large Families
16145,1,Vegetables-Hygiene Oriented
16146,7,Service Sensitive
16147,0,Older Long-Tenure Grocery
16148,2,Young Grocery
16149,0,Older Long-Tenure Grocery
16150,0,Older Long-Tenure Grocery
16151,1,Vegetables-Hygiene Oriented
16155,0,Older Long-Tenure Grocery
16156,5,Large Families
16157,0,Older Long-Tenure Grocery
16158,1,Vegetables-Hygiene Oriented
16159,4,Promotion Seekers
16160,1,Vegetables-Hygiene Oriented
16161,7,Service Sensitive
16163,2,Young Grocery
16164,7,Service Sensitive
16165,3,Tech Enthusiasts
16168,6,Protein Enjoyers
16170,0,Older Long-Tenure Grocery
16171,3,Tech Enthusiasts
16173,2,Young Grocery
16174,2,Young Grocery
16175,5,Large Families
16176,3,Tech Enthusiasts
16180,1,Vegetables-Hygiene Oriented
16181,7,Service Sensitive
16182,5,Large Families
16185,2,Young Grocery
16186,6,Protein Enjoyers
16187,3,Tech Enthusiasts
16188,1,Vegetables-Hygiene Oriented
16189,1,Vegetables-Hygiene Oriented
16191,2,Young Grocery
16192,0,Older Long-Tenure Grocery
16193,3,Tech Enthusiasts
16194,4,Promotion Seekers
16195,3,Tech Enthusiasts
16196,1,Vegetables-Hygiene Oriented
16197,0,Older Long-Tenure Grocery
16198,2,Young Grocery
16199,0,Older Long-Tenure Grocery
16201,0,Older Long-Tenure Grocery
16202,3,Tech Enthusiasts
16203,2,Young Grocery
16204,1,Vegetables-Hygiene Oriented
16205,2,Young Grocery
16206,5,Large Families
16207,3,Tech Enthusiasts
16208,7,Service Sensitive
16209,4,Promotion Seekers
16211,1,Vegetables-Hygiene Oriented
16213,1,Vegetables-Hygiene Oriented
16215,0,Older Long-Tenure Grocery
16217,0,Older Long-Tenure Grocery
16218,1,Vegetables-Hygiene Oriented
16219,5,Large Families
16220,1,Vegetables-Hygiene Oriented
16221,2,Young Grocery
16223,0,Older Long-Tenure Grocery
16224,1,Vegetables-Hygiene Oriented
16225,7,Service Sensitive
16226,7,Service Sensitive
16227,5,Large Families
16228,0,Older Long-Tenure Grocery
16230,0,Older Long-Tenure Grocery
16232,3,Tech Enthusiasts
16233,7,Service Sensitive
16235,5,Large Families
16236,6,Protein Enjoyers
16237,0,Older Long-Tenure Grocery
16238,0,Older Long-Tenure Grocery
16239,1,Vegetables-Hygiene Oriented
16240,0,Older Long-Tenure Grocery
16241,1,Vegetables-Hygiene Oriented
16242,7,Service Sensitive
16243,0,Older Long-Tenure Grocery
16244,1,Vegetables-Hygiene Oriented
16246,1,Vegetables-Hygiene Oriented
16247,4,Promotion Seekers
16248,0,Older Long-Tenure Grocery
16249,4,Promotion Seekers
16250,4,Promotion Seekers
16251,0,Older Long-Tenure Grocery
16252,5,Large Families
16253,4,Promotion Seekers
16255,4,Promotion Seekers
16256,5,Large Families
16257,5,Large Families
16258,0,Older Long-Tenure Grocery
16259,4,Promotion Seekers
16260,3,Tech Enthusiasts
16261,6,Protein Enjoyers
16262,7,Service Sensitive
16263,0,Older Long-Tenure Grocery
16264,1,Vegetables-Hygiene Oriented
16265,3,Tech Enthusiasts
16266,5,Large Families
16267,4,Promotion Seekers
16268,7,Service Sensitive
16269,1,Vegetables-Hygiene Oriented
16271,0,Older Long-Tenure Grocery
16272,0,Older Long-Tenure Grocery
16273,6,Protein Enjoyers
16274,0,Older Long-Tenure Grocery
16277,4,Promotion Seekers
16278,4,Promotion Seekers
16279,1,Vegetables-Hygiene Oriented
16280,0,Older Long-Tenure Grocery
16281,2,Young Grocery
16282,0,Older Long-Tenure Grocery
16283,0,Older Long-Tenure Grocery
16284,0,Older Long-Tenure Grocery
16285,6,Protein Enjoyers
16286,0,Older Long-Tenure Grocery
16287,3,Tech Enthusiasts
16288,7,Service Sensitive
16289,0,Older Long-Tenure Grocery
16291,7,Service Sensitive
16292,4,Promotion Seekers
16294,0,Older Long-Tenure Grocery
16295,7,Service Sensitive
16297,6,Protein Enjoyers
16298,3,Tech Enthusiasts
16299,7,Service Sensitive
16300,7,Service Sensitive
16301,0,Older Long-Tenure Grocery
16302,2,Young Grocery
16303,1,Vegetables-Hygiene Oriented
16304,1,Vegetables-Hygiene Oriented
16305,1,Vegetables-Hygiene Oriented
16306,0,Older Long-Tenure Grocery
16307,4,Promotion Seekers
16308,3,Tech Enthusiasts
16309,2,Young Grocery
16311,0,Older Long-Tenure Grocery
16312,0,Older Long-Tenure Grocery
16313,0,Older Long-Tenure Grocery
16314,0,Older Long-Tenure Grocery
16315,0,Older Long-Tenure Grocery
16317,3,Tech Enthusiasts
16318,0,Older Long-Tenure Grocery
16319,4,Promotion Seekers
16320,1,Vegetables-Hygiene Oriented
16322,0,Older Long-Tenure Grocery
16323,4,Promotion Seekers
16324,3,Tech Enthusiasts
16325,1,Vegetables-Hygiene Oriented
16328,4,Promotion Seekers
16329,7,Service Sensitive
16330,5,Large Families
16334,7,Service Sensitive
16335,2,Young Grocery
16336,4,Promotion Seekers
16337,0,Older Long-Tenure Grocery
16339,7,Service Sensitive
16340,7,Service Sensitive
16341,1,Vegetables-Hygiene Oriented
16342,1,Vegetables-Hygiene Oriented
16343,4,Promotion Seekers
16344,0,Older Long-Tenure Grocery
16345,0,Older Long-Tenure Grocery
16346,1,Vegetables-Hygiene Oriented
16347,1,Vegetables-Hygiene Oriented
16348,1,Vegetables-Hygiene Oriented
16349,2,Young Grocery
16350,7,Service Sensitive
16352,2,Young Grocery
16353,5,Large Families
16354,0,Older Long-Tenure Grocery
16355,5,Large Families
16356,7,Service Sensitive
16357,2,Young Grocery
16359,1,Vegetables-Hygiene Oriented
16360,5,Large Families
16361,6,Protein Enjoyers
16362,7,Service Sensitive
16363,3,Tech Enthusiasts
16364,4,Promotion Seekers
16365,0,Older Long-Tenure Grocery
16367,7,Service Sensitive
16368,2,Young Grocery
16369,7,Service Sensitive
16370,1,Vegetables-Hygiene Oriented
16371,2,Young Grocery
16372,7,Service Sensitive
16373,0,Older Long-Tenure Grocery
16374,3,Tech Enthusiasts
16375,3,Tech Enthusiasts
16376,7,Service Sensitive
16377,1,Vegetables-Hygiene Oriented
16380,0,Older Long-Tenure Grocery
16381,5,Large Families
16383,6,Protein Enjoyers
16384,6,Protein Enjoyers
16386,4,Promotion Seekers
16387,0,Older Long-Tenure Grocery
16388,6,Protein Enjoyers
16389,7,Service Sensitive
16390,7,Service Sensitive
16391,4,Promotion Seekers
16392,3,Tech Enthusiasts
16393,4,Promotion Seekers
16394,4,Promotion Seekers
16395,4,Promotion Seekers
16396,5,Large Families
16397,0,Older Long-Tenure Grocery
16399,7,Service Sensitive
16400,0,Older Long-Tenure Grocery
16401,4,Promotion Seekers
16402,1,Vegetables-Hygiene Oriented
16403,4,Promotion Seekers
16404,4,Promotion Seekers
16405,4,Promotion Seekers
16406,1,Vegetables-Hygiene Oriented
16408,0,Older Long-Tenure Grocery
16409,0,Older Long-Tenure Grocery
16412,4,Promotion Seekers
16413,4,Promotion Seekers
16414,0,Older Long-Tenure Grocery
16415,7,Service Sensitive
16418,4,Promotion Seekers
16420,5,Large Families
16424,0,Older Long-Tenure Grocery
16426,2,Young Grocery
16428,1,Vegetables-Hygiene Oriented
16429,1,Vegetables-Hygiene Oriented
16430,7,Service Sensitive
16431,2,Young Grocery
16432,7,Service Sensitive
16433,3,Tech Enthusiasts
16434,4,Promotion Seekers
16436,2,Young Grocery
16437,1,Vegetables-Hygiene Oriented
16439,2,Young Grocery
16441,0,Older Long-Tenure Grocery
16442,0,Older Long-Tenure Grocery
16443,1,Vegetables-Hygiene Oriented
16444,5,Large Families
16446,3,Tech Enthusiasts
16447,5,Large Families
16448,3,Tech Enthusiasts
16449,0,Older Long-Tenure Grocery
16451,0,Older Long-Tenure Grocery
16452,1,Vegetables-Hygiene Oriented
16453,0,Older Long-Tenure Grocery
16454,0,Older Long-Tenure Grocery
16455,6,Protein Enjoyers
16456,1,Vegetables-Hygiene Oriented
16457,1,Vegetables-Hygiene Oriented
16459,2,Young Grocery
16461,2,Young Grocery
16462,4,Promotion Seekers
16463,4,Promotion Seekers
16464,1,Vegetables-Hygiene Oriented
16465,0,Older Long-Tenure Grocery
16467,5,Large Families
16468,4,Promotion Seekers
16469,7,Service Sensitive
16470,0,Older Long-Tenure Grocery
16471,0,Older Long-Tenure Grocery
16472,7,Service Sensitive
16473,0,Older Long-Tenure Grocery
16474,0,Older Long-Tenure Grocery
16475,4,Promotion Seekers
16476,5,Large Families
16477,2,Young Grocery
16478,2,Young Grocery
16480,7,Service Sensitive
16481,1,Vegetables-Hygiene Oriented
16482,2,Young Grocery
16483,5,Large Families
16484,0,Older Long-Tenure Grocery
16485,4,Promotion Seekers
16486,4,Promotion Seekers
16487,0,Older Long-Tenure Grocery
16488,4,Promotion Seekers
16489,2,Young Grocery
16490,3,Tech Enthusiasts
16491,4,Promotion Seekers
16492,3,Tech Enthusiasts
16493,7,Service Sensitive
16494,5,Large Families
16495,4,Promotion Seekers
16496,3,Tech Enthusiasts
16497,2,Young Grocery
16498,6,Protein Enjoyers
16499,3,Tech Enthusiasts
16501,7,Service Sensitive
16502,2,Young Grocery
16503,0,Older Long-Tenure Grocery
16504,5,Large Families
16505,2,Young Grocery
16507,0,Older Long-Tenure Grocery
16508,4,Promotion Seekers
16509,2,Young Grocery
16510,5,Large Families
16512,0,Older Long-Tenure Grocery
16513,4,Promotion Seekers
16514,3,Tech Enthusiasts
16515,3,Tech Enthusiasts
16516,5,Large Families
16517,4,Promotion Seekers
16518,4,Promotion Seekers
16519,3,Tech Enthusiasts
16520,7,Service Sensitive
16521,4,Promotion Seekers
16522,7,Service Sensitive
16523,3,Tech Enthusiasts
16524,1,Vegetables-Hygiene Oriented
16525,0,Older Long-Tenure Grocery
16527,1,Vegetables-Hygiene Oriented
16528,0,Older Long-Tenure Grocery
16529,4,Promotion Seekers
16530,2,Young Grocery
16531,1,Vegetables-Hygiene Oriented
16532,1,Vegetables-Hygiene Oriented
16533,4,Promotion Seekers
16534,4,Promotion Seekers
16536,2,Young Grocery
16538,1,Vegetables-Hygiene Oriented
16539,0,Older Long-Tenure Grocery
16540,1,Vegetables-Hygiene Oriented
16541,0,Older Long-Tenure Grocery
16542,2,Young Grocery
16543,4,Promotion Seekers
16544,0,Older Long-Tenure Grocery
16545,3,Tech Enthusiasts
16547,1,Vegetables-Hygiene Oriented
16548,2,Young Grocery
16549,2,Young Grocery
16551,5,Large Families
16553,5,Large Families
16554,0,Older Long-Tenure Grocery
16556,0,Older Long-Tenure Grocery
16557,3,Tech Enthusiasts
16558,3,Tech Enthusiasts
16559,5,Large Families
16561,0,Older Long-Tenure Grocery
16563,0,Older Long-Tenure Grocery
16564,2,Young Grocery
16566,4,Promotion Seekers
16568,3,Tech Enthusiasts
16569,0,Older Long-Tenure Grocery
16571,0,Older Long-Tenure Grocery
16572,0,Older Long-Tenure Grocery
16573,4,Promotion Seekers
16575,2,Young Grocery
16576,0,Older Long-Tenure Grocery
16578,4,Promotion Seekers
16579,1,Vegetables-Hygiene Oriented
16581,1,Vegetables-Hygiene Oriented
16582,2,Young Grocery
16583,0,Older Long-Tenure Grocery
16584,7,Service Sensitive
16585,4,Promotion Seekers
16586,2,Young Grocery
16587,2,Young Grocery
16588,1,Vegetables-Hygiene Oriented
16589,2,Young Grocery
16591,7,Service Sensitive
16593,3,Tech Enthusiasts
16594,4,Promotion Seekers
16595,7,Service Sensitive
16596,1,Vegetables-Hygiene Oriented
16597,4,Promotion Seekers
16598,4,Promotion Seekers
16599,7,Service Sensitive
16600,0,Older Long-Tenure Grocery
16601,0,Older Long-Tenure Grocery
16602,4,Promotion Seekers
16603,3,Tech Enthusiasts
16604,1,Vegetables-Hygiene Oriented
16606,0,Older Long-Tenure Grocery
16607,7,Service Sensitive
16608,2,Young Grocery
16609,4,Promotion Seekers
16610,0,Older Long-Tenure Grocery
16612,7,Service Sensitive
16615,4,Promotion Seekers
16616,4,Promotion Seekers
16617,7,Service Sensitive
16618,0,Older Long-Tenure Grocery
16619,7,Service Sensitive
16620,7,Service Sensitive
16621,1,Vegetables-Hygiene Oriented
16622,4,Promotion Seekers
16623,0,Older Long-Tenure Grocery
16625,5,Large Families
16626,3,Tech Enthusiasts
16627,2,Young Grocery
16628,0,Older Long-Tenure Grocery
16629,0,Older Long-Tenure Grocery
16630,2,Young Grocery
16632,7,Service Sensitive
16633,3,Tech Enthusiasts
16634,4,Promotion Seekers
16635,7,Service Sensitive
16636,0,Older Long-Tenure Grocery
16637,0,Older Long-Tenure Grocery
16638,0,Older Long-Tenure Grocery
16639,0,Older Long-Tenure Grocery
16640,4,Promotion Seekers
16641,5,Large Families
16642,0,Older Long-Tenure Grocery
16643,6,Protein Enjoyers
16644,4,Promotion Seekers
16645,1,Vegetables-Hygiene Oriented
16646,0,Older Long-Tenure Grocery
16648,3,Tech Enthusiasts
16650,2,Young Grocery
16652,5,Large Families
16653,7,Service Sensitive
16654,1,Vegetables-Hygiene Oriented
16655,2,Young Grocery
16656,4,Promotion Seekers
16657,4,Promotion Seekers
16658,3,Tech Enthusiasts
16659,0,Older Long-Tenure Grocery
16660,7,Service Sensitive
16662,7,Service Sensitive
16664,1,Vegetables-Hygiene Oriented
16665,1,Vegetables-Hygiene Oriented
16666,0,Older Long-Tenure Grocery
16667,5,Large Families
16669,0,Older Long-Tenure Grocery
16670,4,Promotion Seekers
16671,1,Vegetables-Hygiene Oriented
16672,4,Promotion Seekers
16673,0,Older Long-Tenure Grocery
16675,3,Tech Enthusiasts
16677,3,Tech Enthusiasts
16678,1,Vegetables-Hygiene Oriented
16680,1,Vegetables-Hygiene Oriented
16681,1,Vegetables-Hygiene Oriented
16682,3,Tech Enthusiasts
16683,4,Promotion Seekers
16684,0,Older Long-Tenure Grocery
16685,1,Vegetables-Hygiene Oriented
16686,2,Young Grocery
16687,0,Older Long-Tenure Grocery
16688,1,Vegetables-Hygiene Oriented
16690,7,Service Sensitive
16691,7,Service Sensitive
16692,1,Vegetables-Hygiene Oriented
16693,4,Promotion Seekers
16697,6,Protein Enjoyers
16699,6,Protein Enjoyers
16700,4,Promotion Seekers
16701,3,Tech Enthusiasts
16702,0,Older Long-Tenure Grocery
16703,4,Promotion Seekers
16705,6,Protein Enjoyers
16706,2,Young Grocery
16707,4,Promotion Seekers
16708,2,Young Grocery
16709,1,Vegetables-Hygiene Oriented
16710,4,Promotion Seekers
16711,1,Vegetables-Hygiene Oriented
16712,2,Young Grocery
16713,4,Promotion Seekers
16715,2,Young Grocery
16716,4,Promotion Seekers
16717,1,Vegetables-Hygiene Oriented
16718,7,Service Sensitive
16719,1,Vegetables-Hygiene Oriented
16720,1,Vegetables-Hygiene Oriented
16723,4,Promotion Seekers
16724,6,Protein Enjoyers
16725,0,Older Long-Tenure Grocery
16726,7,Service Sensitive
16728,5,Large Families
16729,2,Young Grocery
16730,7,Service Sensitive
16731,1,Vegetables-Hygiene Oriented
16732,0,Older Long-Tenure Grocery
16733,1,Vegetables-Hygiene Oriented
16734,3,Tech Enthusiasts
16736,1,Vegetables-Hygiene Oriented
16737,0,Older Long-Tenure Grocery
16738,2,Young Grocery
16740,4,Promotion Seekers
16742,5,Large Families
16743,0,Older Long-Tenure Grocery
16744,4,Promotion Seekers
16745,1,Vegetables-Hygiene Oriented
16746,3,Tech Enthusiasts
16747,1,Vegetables-Hygiene Oriented
16748,3,Tech Enthusiasts
16749,7,Service Sensitive
16750,3,Tech Enthusiasts
16751,4,Promotion Seekers
16752,4,Promotion Seekers
16753,2,Young Grocery
16754,1,Vegetables-Hygiene Oriented
16755,0,Older Long-Tenure Grocery
16758,5,Large Families
16759,5,Large Families
16760,0,Older Long-Tenure Grocery
16761,3,Tech Enthusiasts
16762,3,Tech Enthusiasts
16764,1,Vegetables-Hygiene Oriented
16765,3,Tech Enthusiasts
16768,6,Protein Enjoyers
16769,0,Older Long-Tenure Grocery
16770,4,Promotion Seekers
16771,0,Older Long-Tenure Grocery
16772,1,Vegetables-Hygiene Oriented
16773,7,Service Sensitive
16774,1,Vegetables-Hygiene Oriented
16775,0,Older Long-Tenure Grocery
16777,2,Young Grocery
16778,3,Tech Enthusiasts
16780,1,Vegetables-Hygiene Oriented
16781,1,Vegetables-Hygiene Oriented
16782,7,Service Sensitive
16783,1,Vegetables-Hygiene Oriented
16786,3,Tech Enthusiasts
16787,2,Young Grocery
16788,0,Older Long-Tenure Grocery
16789,7,Service Sensitive
16791,0,Older Long-Tenure Grocery
16792,1,Vegetables-Hygiene Oriented
16793,4,Promotion Seekers
16795,4,Promotion Seekers
16796,7,Service Sensitive
16797,0,Older Long-Tenure Grocery
16798,2,Young Grocery
16799,0,Older Long-Tenure Grocery
16800,7,Service Sensitive
16801,4,Promotion Seekers
16803,4,Promotion Seekers
16804,1,Vegetables-Hygiene Oriented
16805,0,Older Long-Tenure Grocery
16806,0,Older Long-Tenure Grocery
16807,0,Older Long-Tenure Grocery
16808,4,Promotion Seekers
16810,7,Service Sensitive
16811,7,Service Sensitive
16812,1,Vegetables-Hygiene Oriented
16813,0,Older Long-Tenure Grocery
16814,2,Young Grocery
16815,6,Protein Enjoyers
16816,6,Protein Enjoyers
16817,4,Promotion Seekers
16818,1,Vegetables-Hygiene Oriented
16819,0,Older Long-Tenure Grocery
16821,7,Service Sensitive
16823,4,Promotion Seekers
16824,6,Protein Enjoyers
16826,5,Large Families
16827,0,Older Long-Tenure Grocery
16828,6,Protein Enjoyers
16829,4,Promotion Seekers
16830,7,Service Sensitive
16831,6,Protein Enjoyers
16832,1,Vegetables-Hygiene Oriented
16833,5,Large Families
16834,3,Tech Enthusiasts
16835,6,Protein Enjoyers
16836,7,Service Sensitive
16837,0,Older Long-Tenure Grocery
16838,1,Vegetables-Hygiene Oriented
16839,1,Vegetables-Hygiene Oriented
16840,6,Protein Enjoyers
16841,4,Promotion Seekers
16842,7,Service Sensitive
16844,2,Young Grocery
16846,5,Large Families
16847,0,Older Long-Tenure Grocery
16848,3,Tech Enthusiasts
16849,7,Service Sensitive
16850,4,Promotion Seekers
16851,2,Young Grocery
16852,4,Promotion Seekers
16853,4,Promotion Seekers
16854,4,Promotion Seekers
16856,1,Vegetables-Hygiene Oriented
16857,0,Older Long-Tenure Grocery
16859,4,Promotion Seekers
16862,4,Promotion Seekers
16863,3,Tech Enthusiasts
16864,0,Older Long-Tenure Grocery
16865,4,Promotion Seekers
16866,4,Promotion Seekers
16868,7,Service Sensitive
16869,4,Promotion Seekers
16871,1,Vegetables-Hygiene Oriented
16872,1,Vegetables-Hygiene Oriented
16873,6,Protein Enjoyers
16874,3,Tech Enthusiasts
16875,0,Older Long-Tenure Grocery
16876,4,Promotion Seekers
16877,5,Large Families
16878,7,Service Sensitive
16879,1,Vegetables-Hygiene Oriented
16880,2,Young Grocery
16881,2,Young Grocery
16882,7,Service Sensitive
16884,3,Tech Enthusiasts
16885,2,Young Grocery
16886,7,Service Sensitive
16888,1,Vegetables-Hygiene Oriented
16889,0,Older Long-Tenure Grocery
16890,4,Promotion Seekers
16891,0,Older Long-Tenure Grocery
16892,2,Young Grocery
16893,2,Young Grocery
16894,0,Older Long-Tenure Grocery
16895,0,Older Long-Tenure Grocery
16896,3,Tech Enthusiasts
16897,3,Tech Enthusiasts
16898,4,Promotion Seekers
16899,0,Older Long-Tenure Grocery
16900,4,Promotion Seekers
16901,7,Service Sensitive
16902,7,Service Sensitive
16903,1,Vegetables-Hygiene Oriented
16904,4,Promotion Seekers
16905,2,Young Grocery
16906,4,Promotion Seekers
16907,5,Large Families
16909,7,Service Sensitive
16910,3,Tech Enthusiasts
16911,2,Young Grocery
16912,4,Promotion Seekers
16913,4,Promotion Seekers
16914,2,Young Grocery
16915,6,Protein Enjoyers
16916,0,Older Long-Tenure Grocery
16917,0,Older Long-Tenure Grocery
16920,6,Protein Enjoyers
16921,0,Older Long-Tenure Grocery
16922,2,Young Grocery
16923,7,Service Sensitive
16925,0,Older Long-Tenure Grocery
16926,2,Young Grocery
16927,7,Service Sensitive
16928,7,Service Sensitive
16929,5,Large Families
16930,0,Older Long-Tenure Grocery
16931,0,Older Long-Tenure Grocery
16932,1,Vegetables-Hygiene Oriented
16933,4,Promotion Seekers
16934,6,Protein Enjoyers
16935,1,Vegetables-Hygiene Oriented
16936,0,Older Long-Tenure Grocery
16937,0,Older Long-Tenure Grocery
16938,1,Vegetables-Hygiene Oriented
16939,7,Service Sensitive
16940,2,Young Grocery
16941,4,Promotion Seekers
16942,3,Tech Enthusiasts
16943,4,Promotion Seekers
16944,3,Tech Enthusiasts
16945,0,Older Long-Tenure Grocery
16946,2,Young Grocery
16947,2,Young Grocery
16948,2,Young Grocery
16949,7,Service Sensitive
16950,5,Large Families
16951,1,Vegetables-Hygiene Oriented
16952,7,Service Sensitive
16953,2,Young Grocery
16954,0,Older Long-Tenure Grocery
16956,2,Young Grocery
16957,1,Vegetables-Hygiene Oriented
16958,3,Tech Enthusiasts
16959,0,Older Long-Tenure Grocery
16960,4,Promotion Seekers
16962,7,Service Sensitive
16963,1,Vegetables-Hygiene Oriented
16964,7,Service Sensitive
16965,7,Service Sensitive
16967,1,Vegetables-Hygiene Oriented
16968,0,Older Long-Tenure Grocery
16969,3,Tech Enthusiasts
16970,4,Promotion Seekers
16971,0,Older Long-Tenure Grocery
16972,5,Large Families
16973,7,Service Sensitive
16974,3,Tech Enthusiasts
16975,4,Promotion Seekers
16976,5,Large Families
16977,4,Promotion Seekers
16978,0,Older Long-Tenure Grocery
16979,7,Service Sensitive
16980,7,Service Sensitive
16982,0,Older Long-Tenure Grocery
16983,1,Vegetables-Hygiene Oriented
16984,4,Promotion Seekers
16985,1,Vegetables-Hygiene Oriented
16986,7,Service Sensitive
16987,4,Promotion Seekers
16988,3,Tech Enthusiasts
16989,4,Promotion Seekers
16990,4,Promotion Seekers
16991,0,Older Long-Tenure Grocery
16992,1,Vegetables-Hygiene Oriented
16993,2,Young Grocery
16994,7,Service Sensitive
16996,1,Vegetables-Hygiene Oriented
16997,4,Promotion Seekers
16998,1,Vegetables-Hygiene Oriented
16999,2,Young Grocery
17000,5,Large Families
17001,7,Service Sensitive
17002,7,Service Sensitive
17003,7,Service Sensitive
17004,1,Vegetables-Hygiene Oriented
17006,3,Tech Enthusiasts
17007,1,Vegetables-Hygiene Oriented
17008,4,Promotion Seekers
17009,6,Protein Enjoyers
17010,1,Vegetables-Hygiene Oriented
17011,0,Older Long-Tenure Grocery
17012,0,Older Long-Tenure Grocery
17013,0,Older Long-Tenure Grocery
17014,0,Older Long-Tenure Grocery
17015,4,Promotion Seekers
17016,1,Vegetables-Hygiene Oriented
17017,1,Vegetables-Hygiene Oriented
17018,1,Vegetables-Hygiene Oriented
17019,4,Promotion Seekers
17020,2,Young Grocery
17022,1,Vegetables-Hygiene Oriented
17023,6,Protein Enjoyers
17024,1,Vegetables-Hygiene Oriented
17025,7,Service Sensitive
17026,0,Older Long-Tenure Grocery
17028,5,Large Families
17030,0,Older Long-Tenure Grocery
17031,0,Older Long-Tenure Grocery
17032,7,Service Sensitive
17033,2,Young Grocery
17034,7,Service Sensitive
17035,6,Protein Enjoyers
17037,2,Young Grocery
17038,4,Promotion Seekers
17040,5,Large Families
17041,1,Vegetables-Hygiene Oriented
17042,1,Vegetables-Hygiene Oriented
17043,0,Older Long-Tenure Grocery
17044,0,Older Long-Tenure Grocery
17045,2,Young Grocery
17046,1,Vegetables-Hygiene Oriented
17047,0,Older Long-Tenure Grocery
17048,6,Protein Enjoyers
17049,4,Promotion Seekers
17050,1,Vegetables-Hygiene Oriented
17051,0,Older Long-Tenure Grocery
17052,4,Promotion Seekers
17053,3,Tech Enthusiasts
17055,3,Tech Enthusiasts
17058,7,Service Sensitive
17059,0,Older Long-Tenure Grocery
17060,1,Vegetables-Hygiene Oriented
17061,6,Protein Enjoyers
17062,6,Protein Enjoyers
17063,0,Older Long-Tenure Grocery
17064,3,Tech Enthusiasts
17065,4,Promotion Seekers
17066,7,Service Sensitive
17067,2,Young Grocery
17068,0,Older Long-Tenure Grocery
17069,2,Young Grocery
17070,4,Promotion Seekers
17072,7,Service Sensitive
17073,4,Promotion Seekers
17074,3,Tech Enthusiasts
17075,0,Older Long-Tenure Grocery
17076,7,Service Sensitive
17078,4,Promotion Seekers
17079,7,Service Sensitive
17080,2,Young Grocery
17083,1,Vegetables-Hygiene Oriented
17084,4,Promotion Seekers
17086,6,Protein Enjoyers
17087,1,Vegetables-Hygiene Oriented
17088,3,Tech Enthusiasts
17089,4,Promotion Seekers
17090,1,Vegetables-Hygiene Oriented
17091,2,Young Grocery
17092,4,Promotion Seekers
17093,2,Young Grocery
17094,7,Service Sensitive
17095,4,Promotion Seekers
17096,1,Vegetables-Hygiene Oriented
17097,6,Protein Enjoyers
17098,0,Older Long-Tenure Grocery
17099,4,Promotion Seekers
17100,0,Older Long-Tenure Grocery
17101,0,Older Long-Tenure Grocery
17103,1,Vegetables-Hygiene Oriented
17104,1,Vegetables-Hygiene Oriented
17105,7,Service Sensitive
17107,0,Older Long-Tenure Grocery
17108,6,Protein Enjoyers
17109,0,Older Long-Tenure Grocery
17110,2,Young Grocery
17111,4,Promotion Seekers
17112,2,Young Grocery
17113,3,Tech Enthusiasts
17114,0,Older Long-Tenure Grocery
17115,1,Vegetables-Hygiene Oriented
17116,0,Older Long-Tenure Grocery
17117,7,Service Sensitive
17118,3,Tech Enthusiasts
17119,0,Older Long-Tenure Grocery
17120,1,Vegetables-Hygiene Oriented
17121,2,Young Grocery
17122,7,Service Sensitive
17123,0,Older Long-Tenure Grocery
17125,3,Tech Enthusiasts
17127,1,Vegetables-Hygiene Oriented
17129,1,Vegetables-Hygiene Oriented
17130,2,Young Grocery
17131,4,Promotion Seekers
17132,0,Older Long-Tenure Grocery
17133,4,Promotion Seekers
17134,5,Large Families
17135,0,Older Long-Tenure Grocery
17137,0,Older Long-Tenure Grocery
17138,4,Promotion Seekers
17140,0,Older Long-Tenure Grocery
17141,4,Promotion Seekers
17142,2,Young Grocery
17143,0,Older Long-Tenure Grocery
17145,1,Vegetables-Hygiene Oriented
17146,1,Vegetables-Hygiene Oriented
17147,0,Older Long-Tenure Grocery
17148,2,Young Grocery
17149,1,Vegetables-Hygiene Oriented
17150,4,Promotion Seekers
17151,5,Large Families
17152,2,Young Grocery
17153,0,Older Long-Tenure Grocery
17154,7,Service Sensitive
17155,7,Service Sensitive
17156,0,Older Long-Tenure Grocery
17158,6,Protein Enjoyers
17159,0,Older Long-Tenure Grocery
17160,3,Tech Enthusiasts
17161,6,Protein Enjoyers
17162,4,Promotion Seekers
17163,2,Young Grocery
17165,2,Young Grocery
17166,1,Vegetables-Hygiene Oriented
17167,3,Tech Enthusiasts
17169,4,Promotion Seekers
17170,4,Promotion Seekers
17171,4,Promotion Seekers
17172,1,Vegetables-Hygiene Oriented
17173,6,Protein Enjoyers
17174,1,Vegetables-Hygiene Oriented
17175,5,Large Families
17179,4,Promotion Seekers
17180,1,Vegetables-Hygiene Oriented
17183,4,Promotion Seekers
17184,1,Vegetables-Hygiene Oriented
17185,0,Older Long-Tenure Grocery
17186,7,Service Sensitive
17187,3,Tech Enthusiasts
17188,2,Young Grocery
17189,7,Service Sensitive
17191,1,Vegetables-Hygiene Oriented
17192,6,Protein Enjoyers
17193,6,Protein Enjoyers
17194,3,Tech Enthusiasts
17195,0,Older Long-Tenure Grocery
17196,1,Vegetables-Hygiene Oriented
17197,5,Large Families
17198,1,Vegetables-Hygiene Oriented
17199,4,Promotion Seekers
17200,4,Promotion Seekers
17201,0,Older Long-Tenure Grocery
17202,0,Older Long-Tenure Grocery
17203,2,Young Grocery
17204,2,Young Grocery
17205,0,Older Long-Tenure Grocery
17208,0,Older Long-Tenure Grocery
17209,7,Service Sensitive
17210,1,Vegetables-Hygiene Oriented
17211,0,Older Long-Tenure Grocery
17212,7,Service Sensitive
17214,2,Young Grocery
17215,5,Large Families
17216,4,Promotion Seekers
17219,2,Young Grocery
17220,4,Promotion Seekers
17221,7,Service Sensitive
17222,6,Protein Enjoyers
17223,4,Promotion Seekers
17224,3,Tech Enthusiasts
17225,0,Older Long-Tenure Grocery
17226,7,Service Sensitive
17228,0,Older Long-Tenure Grocery
17230,6,Protein Enjoyers
17231,1,Vegetables-Hygiene Oriented
17232,5,Large Families
17233,7,Service Sensitive
17234,1,Vegetables-Hygiene Oriented
17235,1,Vegetables-Hygiene Oriented
17236,0,Older Long-Tenure Grocery
17238,7,Service Sensitive
17239,0,Older Long-Tenure Grocery
17240,2,Young Grocery
17241,0,Older Long-Tenure Grocery
17242,7,Service Sensitive
17243,3,Tech Enthusiasts
17244,5,Large Families
17245,1,Vegetables-Hygiene Oriented
17246,3,Tech Enthusiasts
17247,7,Service Sensitive
17248,2,Young Grocery
17250,0,Older Long-Tenure Grocery
17253,1,Vegetables-Hygiene Oriented
17254,4,Promotion Seekers
17256,4,Promotion Seekers
17257,4,Promotion Seekers
17258,2,Young Grocery
17259,5,Large Families
17260,4,Promotion Seekers
17261,0,Older Long-Tenure Grocery
17262,3,Tech Enthusiasts
17264,4,Promotion Seekers
17265,4,Promotion Seekers
17266,7,Service Sensitive
17267,7,Service Sensitive
17268,1,Vegetables-Hygiene Oriented
17269,4,Promotion Seekers
17270,4,Promotion Seekers
17271,0,Older Long-Tenure Grocery
17272,0,Older Long-Tenure Grocery
17273,4,Promotion Seekers
17275,0,Older Long-Tenure Grocery
17277,4,Promotion Seekers
17278,3,Tech Enthusiasts
17279,4,Promotion Seekers
17280,2,Young Grocery
17281,0,Older Long-Tenure Grocery
17282,1,Vegetables-Hygiene Oriented
17283,0,Older Long-Tenure Grocery
17284,2,Young Grocery
17286,1,Vegetables-Hygiene Oriented
17287,4,Promotion Seekers
17288,1,Vegetables-Hygiene Oriented
17289,5,Large Families
17290,1,Vegetables-Hygiene Oriented
17291,0,Older Long-Tenure Grocery
17292,1,Vegetables-Hygiene Oriented
17294,0,Older Long-Tenure Grocery
17295,4,Promotion Seekers
17296,0,Older Long-Tenure Grocery
17297,3,Tech Enthusiasts
17298,0,Older Long-Tenure Grocery
17300,5,Large Families
17301,5,Large Families
17302,3,Tech Enthusiasts
17303,3,Tech Enthusiasts
17304,1,Vegetables-Hygiene Oriented
17305,4,Promotion Seekers
17306,0,Older Long-Tenure Grocery
17307,7,Service Sensitive
17308,2,Young Grocery
17309,3,Tech Enthusiasts
17311,7,Service Sensitive
17312,4,Promotion Seekers
17313,4,Promotion Seekers
17314,2,Young Grocery
17315,7,Service Sensitive
17316,0,Older Long-Tenure Grocery
17317,5,Large Families
17318,0,Older Long-Tenure Grocery
17319,0,Older Long-Tenure Grocery
17321,3,Tech Enthusiasts
17322,2,Young Grocery
17325,3,Tech Enthusiasts
17326,4,Promotion Seekers
17327,3,Tech Enthusiasts
17328,4,Promotion Seekers
17329,4,Promotion Seekers
17330,6,Protein Enjoyers
17332,4,Promotion Seekers
17333,2,Young Grocery
17334,0,Older Long-Tenure Grocery
17335,7,Service Sensitive
17336,5,Large Families
17339,4,Promotion Seekers
17340,3,Tech Enthusiasts
17341,0,Older Long-Tenure Grocery
17342,2,Young Grocery
17343,2,Young Grocery
17344,0,Older Long-Tenure Grocery
17345,2,Young Grocery
17346,5,Large Families
17347,7,Service Sensitive
17348,2,Young Grocery
17350,3,Tech Enthusiasts
17352,6,Protein Enjoyers
17353,0,Older Long-Tenure Grocery
17354,5,Large Families
17355,7,Service Sensitive
17356,0,Older Long-Tenure Grocery
17357,4,Promotion Seekers
17358,0,Older Long-Tenure Grocery
17359,4,Promotion Seekers
17360,3,Tech Enthusiasts
17361,0,Older Long-Tenure Grocery
17362,5,Large Families
17363,5,Large Families
17365,0,Older Long-Tenure Grocery
17366,5,Large Families
17367,1,Vegetables-Hygiene Oriented
17369,7,Service Sensitive
17371,0,Older Long-Tenure Grocery
17372,7,Service Sensitive
17374,1,Vegetables-Hygiene Oriented
17375,0,Older Long-Tenure Grocery
17377,0,Older Long-Tenure Grocery
17378,2,Young Grocery
17379,1,Vegetables-Hygiene Oriented
17380,2,Young Grocery
17382,2,Young Grocery
17383,0,Older Long-Tenure Grocery
17385,7,Service Sensitive
17387,3,Tech Enthusiasts
17388,2,Young Grocery
17390,4,Promotion Seekers
17391,7,Service Sensitive
17392,4,Promotion Seekers
17395,2,Young Grocery
17397,2,Young Grocery
17398,0,Older Long-Tenure Grocery
17399,5,Large Families
17400,3,Tech Enthusiasts
17401,0,Older Long-Tenure Grocery
17402,7,Service Sensitive
17403,3,Tech Enthusiasts
17405,0,Older Long-Tenure Grocery
17406,0,Older Long-Tenure Grocery
17407,4,Promotion Seekers
17408,7,Service Sensitive
17409,1,Vegetables-Hygiene Oriented
17410,4,Promotion Seekers
17411,3,Tech Enthusiasts
17413,0,Older Long-Tenure Grocery
17415,7,Service Sensitive
17416,2,Young Grocery
17417,0,Older Long-Tenure Grocery
17418,7,Service Sensitive
17420,0,Older Long-Tenure Grocery
17421,4,Promotion Seekers
17422,5,Large Families
17423,5,Large Families
17424,5,Large Families
17425,6,Protein Enjoyers
17426,2,Young Grocery
17427,4,Promotion Seekers
17428,4,Promotion Seekers
17429,3,Tech Enthusiasts
17430,1,Vegetables-Hygiene Oriented
17432,1,Vegetables-Hygiene Oriented
17434,0,Older Long-Tenure Grocery
17435,1,Vegetables-Hygiene Oriented
17436,2,Young Grocery
17437,2,Young Grocery
17438,2,Young Grocery
17439,5,Large Families
17440,4,Promotion Seekers
17441,1,Vegetables-Hygiene Oriented
17442,3,Tech Enthusiasts
17443,2,Young Grocery
17446,0,Older Long-Tenure Grocery
17447,2,Young Grocery
17448,7,Service Sensitive
17449,7,Service Sensitive
17450,1,Vegetables-Hygiene Oriented
17451,4,Promotion Seekers
17452,0,Older Long-Tenure Grocery
17453,0,Older Long-Tenure Grocery
17454,4,Promotion Seekers
17456,5,Large Families
17458,1,Vegetables-Hygiene Oriented
17460,3,Tech Enthusiasts
17461,1,Vegetables-Hygiene Oriented
17462,6,Protein Enjoyers
17463,2,Young Grocery
17464,0,Older Long-Tenure Grocery
17466,1,Vegetables-Hygiene Oriented
17467,0,Older Long-Tenure Grocery
17468,6,Protein Enjoyers
17469,0,Older Long-Tenure Grocery
17470,5,Large Families
17471,2,Young Grocery
17472,6,Protein Enjoyers
17473,0,Older Long-Tenure Grocery
17474,4,Promotion Seekers
17475,5,Large Families
17476,4,Promotion Seekers
17477,7,Service Sensitive
17478,0,Older Long-Tenure Grocery
17479,6,Protein Enjoyers
17480,1,Vegetables-Hygiene Oriented
17481,3,Tech Enthusiasts
17482,1,Vegetables-Hygiene Oriented
17483,3,Tech Enthusiasts
17484,7,Service Sensitive
17485,1,Vegetables-Hygiene Oriented
17486,0,Older Long-Tenure Grocery
17487,6,Protein Enjoyers
17488,7,Service Sensitive
17489,1,Vegetables-Hygiene Oriented
17490,0,Older Long-Tenure Grocery
17491,2,Young Grocery
17492,4,Promotion Seekers
17494,0,Older Long-Tenure Grocery
17496,0,Older Long-Tenure Grocery
17497,2,Young Grocery
17498,0,Older Long-Tenure Grocery
17499,2,Young Grocery
17500,4,Promotion Seekers
17501,4,Promotion Seekers
17502,1,Vegetables-Hygiene Oriented
17503,6,Protein Enjoyers
17504,0,Older Long-Tenure Grocery
17505,5,Large Families
17507,4,Promotion Seekers
17508,7,Service Sensitive
17509,4,Promotion Seekers
17510,7,Service Sensitive
17512,3,Tech Enthusiasts
17514,1,Vegetables-Hygiene Oriented
17517,4,Promotion Seekers
17518,5,Large Families
17519,1,Vegetables-Hygiene Oriented
17520,6,Protein Enjoyers
17521,1,Vegetables-Hygiene Oriented
17523,7,Service Sensitive
17524,0,Older Long-Tenure Grocery
17525,4,Promotion Seekers
17527,7,Service Sensitive
17528,7,Service Sensitive
17529,1,Vegetables-Hygiene Oriented
17530,1,Vegetables-Hygiene Oriented
17531,3,Tech Enthusiasts
17532,2,Young Grocery
17533,1,Vegetables-Hygiene Oriented
17535,1,Vegetables-Hygiene Oriented
17536,2,Young Grocery
17537,3,Tech Enthusiasts
17538,7,Service Sensitive
17540,1,Vegetables-Hygiene Oriented
17541,0,Older Long-Tenure Grocery
17542,4,Promotion Seekers
17543,4,Promotion Seekers
17546,3,Tech Enthusiasts
17547,7,Service Sensitive
17548,3,Tech Enthusiasts
17549,6,Protein Enjoyers
17550,4,Promotion Seekers
17551,4,Promotion Seekers
17552,4,Promotion Seekers
17553,4,Promotion Seekers
17554,2,Young Grocery
17555,4,Promotion Seekers
17556,1,Vegetables-Hygiene Oriented
17557,7,Service Sensitive
17558,0,Older Long-Tenure Grocery
17560,0,Older Long-Tenure Grocery
17561,1,Vegetables-Hygiene Oriented
17562,7,Service Sensitive
17563,7,Service Sensitive
17564,5,Large Families
17565,2,Young Grocery
17566,0,Older Long-Tenure Grocery
17567,7,Service Sensitive
17568,1,Vegetables-Hygiene Oriented
17570,1,Vegetables-Hygiene Oriented
17571,5,Large Families
17572,2,Young Grocery
17573,4,Promotion Seekers
17574,0,Older Long-Tenure Grocery
17575,6,Protein Enjoyers
17577,4,Promotion Seekers
17578,2,Young Grocery
17579,1,Vegetables-Hygiene Oriented
17580,1,Vegetables-Hygiene Oriented
17582,7,Service Sensitive
17583,3,Tech Enthusiasts
17584,0,Older Long-Tenure Grocery
17586,3,Tech Enthusiasts
17587,7,Service Sensitive
17588,4,Promotion Seekers
17589,1,Vegetables-Hygiene Oriented
17590,4,Promotion Seekers
17591,6,Protein Enjoyers
17592,7,Service Sensitive
17594,7,Service Sensitive
17595,3,Tech Enthusiasts
17596,0,Older Long-Tenure Grocery
17597,0,Older Long-Tenure Grocery
17598,4,Promotion Seekers
17599,1,Vegetables-Hygiene Oriented
17600,1,Vegetables-Hygiene Oriented
17601,1,Vegetables-Hygiene Oriented
17602,7,Service Sensitive
17603,6,Protein Enjoyers
17604,5,Large Families
17605,7,Service Sensitive
17606,1,Vegetables-Hygiene Oriented
17607,4,Promotion Seekers
17609,5,Large Families
17610,7,Service Sensitive
17611,2,Young Grocery
17612,0,Older Long-Tenure Grocery
17613,4,Promotion Seekers
17614,1,Vegetables-Hygiene Oriented
17615,3,Tech Enthusiasts
17617,1,Vegetables-Hygiene Oriented
17618,0,Older Long-Tenure Grocery
17619,4,Promotion Seekers
17620,7,Service Sensitive
17621,4,Promotion Seekers
17623,2,Young Grocery
17624,0,Older Long-Tenure Grocery
17625,1,Vegetables-Hygiene Oriented
17627,4,Promotion Seekers
17628,3,Tech Enthusiasts
17629,1,Vegetables-Hygiene Oriented
17630,6,Protein Enjoyers
17631,7,Service Sensitive
17632,7,Service Sensitive
17633,2,Young Grocery
17634,0,Older Long-Tenure Grocery
17635,6,Protein Enjoyers
17636,4,Promotion Seekers
17637,3,Tech Enthusiasts
17640,0,Older Long-Tenure Grocery
17641,0,Older Long-Tenure Grocery
17642,0,Older Long-Tenure Grocery
17643,7,Service Sensitive
17644,0,Older Long-Tenure Grocery
17645,2,Young Grocery
17646,2,Young Grocery
17647,1,Vegetables-Hygiene Oriented
17648,0,Older Long-Tenure Grocery
17649,3,Tech Enthusiasts
17651,0,Older Long-Tenure Grocery
17653,3,Tech Enthusiasts
17654,4,Promotion Seekers
17655,7,Service Sensitive
17656,5,Large Families
17657,3,Tech Enthusiasts
17658,5,Large Families
17659,4,Promotion Seekers
17660,7,Service Sensitive
17661,4,Promotion Seekers
17663,1,Vegetables-Hygiene Oriented
17664,2,Young Grocery
17666,7,Service Sensitive
17667,3,Tech Enthusiasts
17668,2,Young Grocery
17669,4,Promotion Seekers
17670,2,Young Grocery
17671,2,Young Grocery
17672,1,Vegetables-Hygiene Oriented
17673,1,Vegetables-Hygiene Oriented
17674,7,Service Sensitive
17676,0,Older Long-Tenure Grocery
17677,1,Vegetables-Hygiene Oriented
17678,3,Tech Enthusiasts
17679,0,Older Long-Tenure Grocery
17680,1,Vegetables-Hygiene Oriented
17681,1,Vegetables-Hygiene Oriented
17682,7,Service Sensitive
17683,0,Older Long-Tenure Grocery
17684,0,Older Long-Tenure Grocery
17686,6,Protein Enjoyers
17688,7,Service Sensitive
17689,1,Vegetables-Hygiene Oriented
17690,2,Young Grocery
17691,6,Protein Enjoyers
17693,4,Promotion Seekers
17694,0,Older Long-Tenure Grocery
17695,7,Service Sensitive
17697,0,Older Long-Tenure Grocery
17698,4,Promotion Seekers
17699,0,Older Long-Tenure Grocery
17700,0,Older Long-Tenure Grocery
17701,5,Large Families
17702,1,Vegetables-Hygiene Oriented
17703,4,Promotion Seekers
17704,3,Tech Enthusiasts
17705,2,Young Grocery
17706,2,Young Grocery
17707,7,Service Sensitive
17708,3,Tech Enthusiasts
17709,6,Protein Enjoyers
17711,7,Service Sensitive
17712,3,Tech Enthusiasts
17713,4,Promotion Seekers
17714,0,Older Long-Tenure Grocery
17715,2,Young Grocery
17716,0,Older Long-Tenure Grocery
17718,4,Promotion Seekers
17719,5,Large Families
17720,6,Protein Enjoyers
17722,1,Vegetables-Hygiene Oriented
17723,3,Tech Enthusiasts
17724,3,Tech Enthusiasts
17726,6,Protein Enjoyers
17727,2,Young Grocery
17729,1,Vegetables-Hygiene Oriented
17730,2,Young Grocery
17731,7,Service Sensitive
17732,4,Promotion Seekers
17733,1,Vegetables-Hygiene Oriented
17734,2,Young Grocery
17735,1,Vegetables-Hygiene Oriented
17736,7,Service Sensitive
17737,6,Protein Enjoyers
17739,7,Service Sensitive
17740,2,Young Grocery
17741,1,Vegetables-Hygiene Oriented
17742,4,Promotion Seekers
17743,0,Older Long-Tenure Grocery
17744,1,Vegetables-Hygiene Oriented
17745,0,Older Long-Tenure Grocery
17747,4,Promotion Seekers
17749,1,Vegetables-Hygiene Oriented
17750,6,Protein Enjoyers
17751,4,Promotion Seekers
17752,7,Service Sensitive
17753,2,Young Grocery
17754,5,Large Families
17755,3,Tech Enthusiasts
17756,1,Vegetables-Hygiene Oriented
17757,4,Promotion Seekers
17758,4,Promotion Seekers
17759,4,Promotion Seekers
17761,2,Young Grocery
17762,4,Promotion Seekers
17763,4,Promotion Seekers
17764,3,Tech Enthusiasts
17766,5,Large Families
17767,1,Vegetables-Hygiene Oriented
17769,1,Vegetables-Hygiene Oriented
17771,0,Older Long-Tenure Grocery
17773,5,Large Families
17775,0,Older Long-Tenure Grocery
17777,6,Protein Enjoyers
17778,5,Large Families
17779,2,Young Grocery
17780,5,Large Families
17781,7,Service Sensitive
17782,1,Vegetables-Hygiene Oriented
17783,6,Protein Enjoyers
17784,3,Tech Enthusiasts
17785,4,Promotion Seekers
17788,2,Young Grocery
17789,7,Service Sensitive
17790,0,Older Long-Tenure Grocery
17791,0,Older Long-Tenure Grocery
17792,0,Older Long-Tenure Grocery
17793,4,Promotion Seekers
17794,0,Older Long-Tenure Grocery
17795,0,Older Long-Tenure Grocery
17796,4,Promotion Seekers
17798,4,Promotion Seekers
17799,4,Promotion Seekers
17800,1,Vegetables-Hygiene Oriented
17801,1,Vegetables-Hygiene Oriented
17802,2,Young Grocery
17803,3,Tech Enthusiasts
17804,7,Service Sensitive
17805,1,Vegetables-Hygiene Oriented
17806,3,Tech Enthusiasts
17807,7,Service Sensitive
17808,1,Vegetables-Hygiene Oriented
17809,2,Young Grocery
17810,4,Promotion Seekers
17811,7,Service Sensitive
17812,0,Older Long-Tenure Grocery
17813,0,Older Long-Tenure Grocery
17815,3,Tech Enthusiasts
17816,7,Service Sensitive
17818,3,Tech Enthusiasts
17819,7,Service Sensitive
17820,3,Tech Enthusiasts
17821,0,Older Long-Tenure Grocery
17822,1,Vegetables-Hygiene Oriented
17824,0,Older Long-Tenure Grocery
17825,0,Older Long-Tenure Grocery
17826,3,Tech Enthusiasts
17827,0,Older Long-Tenure Grocery
17828,0,Older Long-Tenure Grocery
17829,3,Tech Enthusiasts
17830,7,Service Sensitive
17832,2,Young Grocery
17833,4,Promotion Seekers
17834,2,Young Grocery
17835,3,Tech Enthusiasts
17836,0,Older Long-Tenure Grocery
17837,0,Older Long-Tenure Grocery
17838,1,Vegetables-Hygiene Oriented
17839,4,Promotion Seekers
17840,2,Young Grocery
17841,0,Older Long-Tenure Grocery
17843,1,Vegetables-Hygiene Oriented
17845,4,Promotion Seekers
17846,5,Large Families
17848,4,Promotion Seekers
17849,6,Protein Enjoyers
17850,3,Tech Enthusiasts
17851,0,Older Long-Tenure Grocery
17852,3,Tech Enthusiasts
17853,3,Tech Enthusiasts
17854,0,Older Long-Tenure Grocery
17858,7,Service Sensitive
17859,1,Vegetables-Hygiene Oriented
17860,5,Large Families
17862,2,Young Grocery
17863,6,Protein Enjoyers
17865,4,Promotion Seekers
17866,7,Service Sensitive
17867,1,Vegetables-Hygiene Oriented
17868,5,Large Families
17869,6,Protein Enjoyers
17870,1,Vegetables-Hygiene Oriented
17871,3,Tech Enthusiasts
17873,4,Promotion Seekers
17874,0,Older Long-Tenure Grocery
17875,1,Vegetables-Hygiene Oriented
17876,4,Promotion Seekers
17877,0,Older Long-Tenure Grocery
17878,7,Service Sensitive
17879,7,Service Sensitive
17880,0,Older Long-Tenure Grocery
17881,4,Promotion Seekers
17882,7,Service Sensitive
17884,0,Older Long-Tenure Grocery
17885,7,Service Sensitive
17886,2,Young Grocery
17887,4,Promotion Seekers
17888,3,Tech Enthusiasts
17889,3,Tech Enthusiasts
17891,0,Older Long-Tenure Grocery
17892,1,Vegetables-Hygiene Oriented
17893,1,Vegetables-Hygiene Oriented
17894,4,Promotion Seekers
17895,0,Older Long-Tenure Grocery
17897,7,Service Sensitive
17899,7,Service Sensitive
17900,1,Vegetables-Hygiene Oriented
17901,4,Promotion Seekers
17902,7,Service Sensitive
17903,5,Large Families
17904,4,Promotion Seekers
17905,1,Vegetables-Hygiene Oriented
17906,0,Older Long-Tenure Grocery
17907,1,Vegetables-Hygiene Oriented
17908,2,Young Grocery
17909,4,Promotion Seekers
17910,4,Promotion Seekers
17911,1,Vegetables-Hygiene Oriented
17912,4,Promotion Seekers
17913,0,Older Long-Tenure Grocery
17914,2,Young Grocery
17916,4,Promotion Seekers
17917,2,Young Grocery
17918,2,Young Grocery
17919,1,Vegetables-Hygiene Oriented
17920,7,Service Sensitive
17921,3,Tech Enthusiasts
17923,1,Vegetables-Hygiene Oriented
17924,1,Vegetables-Hygiene Oriented
17925,4,Promotion Seekers
17926,7,Service Sensitive
17927,2,Young Grocery
17929,2,Young Grocery
17930,4,Promotion Seekers
17931,0,Older Long-Tenure Grocery
17933,0,Older Long-Tenure Grocery
17934,2,Young Grocery
17935,0,Older Long-Tenure Grocery
17937,2,Young Grocery
17938,4,Promotion Seekers
17940,0,Older Long-Tenure Grocery
17941,1,Vegetables-Hygiene Oriented
17942,3,Tech Enthusiasts
17943,3,Tech Enthusiasts
17944,0,Older Long-Tenure Grocery
17945,4,Promotion Seekers
17946,4,Promotion Seekers
17947,7,Service Sensitive
17949,4,Promotion Seekers
17950,0,Older Long-Tenure Grocery
17951,0,Older Long-Tenure Grocery
17952,0,Older Long-Tenure Grocery
17953,5,Large Families
17954,0,Older Long-Tenure Grocery
17955,4,Promotion Seekers
17956,5,Large Families
17957,7,Service Sensitive
17958,1,Vegetables-Hygiene Oriented
17960,4,Promotion Seekers
17961,1,Vegetables-Hygiene Oriented
17962,5,Large Families
17963,2,Young Grocery
17964,6,Protein Enjoyers
17965,4,Promotion Seekers
17966,4,Promotion Seekers
17967,1,Vegetables-Hygiene Oriented
17968,6,Protein Enjoyers
17969,0,Older Long-Tenure Grocery
17971,0,Older Long-Tenure Grocery
17972,1,Vegetables-Hygiene Oriented
17974,7,Service Sensitive
17975,3,Tech Enthusiasts
17977,3,Tech Enthusiasts
17978,4,Promotion Seekers
17979,2,Young Grocery
17980,4,Promotion Seekers
17982,7,Service Sensitive
17984,5,Large Families
17987,5,Large Families
17988,0,Older Long-Tenure Grocery
17989,7,Service Sensitive
17990,5,Large Families
17993,1,Vegetables-Hygiene Oriented
17994,4,Promotion Seekers
17995,2,Young Grocery
17996,4,Promotion Seekers
17998,7,Service Sensitive
18000,1,Vegetables-Hygiene Oriented
18001,1,Vegetables-Hygiene Oriented
18002,4,Promotion Seekers
18003,1,Vegetables-Hygiene Oriented
18006,5,Large Families
18008,0,Older Long-Tenure Grocery
18009,0,Older Long-Tenure Grocery
18010,0,Older Long-Tenure Grocery
18011,4,Promotion Seekers
18013,0,Older Long-Tenure Grocery
18014,7,Service Sensitive
18015,0,Older Long-Tenure Grocery
18016,0,Older Long-Tenure Grocery
18017,2,Young Grocery
18018,1,Vegetables-Hygiene Oriented
18019,0,Older Long-Tenure Grocery
18020,2,Young Grocery
18022,5,Large Families
18023,3,Tech Enthusiasts
18024,2,Young Grocery
18026,0,Older Long-Tenure Grocery
18027,0,Older Long-Tenure Grocery
18028,4,Promotion Seekers
18029,7,Service Sensitive
18030,0,Older Long-Tenure Grocery
18031,4,Promotion Seekers
18033,7,Service Sensitive
18034,4,Promotion Seekers
18035,2,Young Grocery
18036,3,Tech Enthusiasts
18037,0,Older Long-Tenure Grocery
18038,5,Large Families
18039,4,Promotion Seekers
18040,7,Service Sensitive
18042,0,Older Long-Tenure Grocery
18043,4,Promotion Seekers
18044,3,Tech Enthusiasts
18046,3,Tech Enthusiasts
18047,5,Large Families
18048,4,Promotion Seekers
18049,2,Young Grocery
18050,1,Vegetables-Hygiene Oriented
18051,0,Older Long-Tenure Grocery
18052,3,Tech Enthusiasts
18053,7,Service Sensitive
18054,5,Large Families
18055,3,Tech Enthusiasts
18056,2,Young Grocery
18057,3,Tech Enthusiasts
18058,5,Large Families
18059,3,Tech Enthusiasts
18060,3,Tech Enthusiasts
18061,7,Service Sensitive
18062,0,Older Long-Tenure Grocery
18063,1,Vegetables-Hygiene Oriented
18064,7,Service Sensitive
18065,2,Young Grocery
18066,0,Older Long-Tenure Grocery
18067,3,Tech Enthusiasts
18070,4,Promotion Seekers
18071,4,Promotion Seekers
18072,1,Vegetables-Hygiene Oriented
18073,6,Protein Enjoyers
18075,1,Vegetables-Hygiene Oriented
18076,2,Young Grocery
18077,4,Promotion Seekers
18078,4,Promotion Seekers
18080,7,Service Sensitive
18081,1,Vegetables-Hygiene Oriented
18083,1,Vegetables-Hygiene Oriented
18085,7,Service Sensitive
18086,7,Service Sensitive
18087,2,Young Grocery
18088,2,Young Grocery
18089,2,Young Grocery
18090,0,Older Long-Tenure Grocery
18091,6,Protein Enjoyers
18093,4,Promotion Seekers
18094,2,Young Grocery
18095,1,Vegetables-Hygiene Oriented
18098,5,Large Families
18099,2,Young Grocery
18100,1,Vegetables-Hygiene Oriented
18102,4,Promotion Seekers
18103,7,Service Sensitive
18104,5,Large Families
18105,7,Service Sensitive
18106,7,Service Sensitive
18108,6,Protein Enjoyers
18109,4,Promotion Seekers
18111,0,Older Long-Tenure Grocery
18112,4,Promotion Seekers
18113,4,Promotion Seekers
18114,1,Vegetables-Hygiene Oriented
18116,7,Service Sensitive
18117,0,Older Long-Tenure Grocery
18118,7,Service Sensitive
18119,0,Older Long-Tenure Grocery
18120,7,Service Sensitive
18121,1,Vegetables-Hygiene Oriented
18122,2,Young Grocery
18123,4,Promotion Seekers
18125,0,Older Long-Tenure Grocery
18126,7,Service Sensitive
18127,0,Older Long-Tenure Grocery
18129,0,Older Long-Tenure Grocery
18130,4,Promotion Seekers
18132,4,Promotion Seekers
18133,4,Promotion Seekers
18134,5,Large Families
18135,1,Vegetables-Hygiene Oriented
18136,6,Protein Enjoyers
18137,2,Young Grocery
18138,5,Large Families
18139,1,Vegetables-Hygiene Oriented
18140,0,Older Long-Tenure Grocery
18141,3,Tech Enthusiasts
18142,7,Service Sensitive
18143,2,Young Grocery
18144,7,Service Sensitive
18145,2,Young Grocery
18148,2,Young Grocery
18149,1,Vegetables-Hygiene Oriented
18150,7,Service Sensitive
18151,2,Young Grocery
18152,2,Young Grocery
18153,0,Older Long-Tenure Grocery
18154,7,Service Sensitive
18155,3,Tech Enthusiasts
18157,3,Tech Enthusiasts
18158,2,Young Grocery
18159,7,Service Sensitive
18160,4,Promotion Seekers
18161,0,Older Long-Tenure Grocery
18162,0,Older Long-Tenure Grocery
18163,5,Large Families
18164,1,Vegetables-Hygiene Oriented
18165,0,Older Long-Tenure Grocery
18166,1,Vegetables-Hygiene Oriented
18167,6,Protein Enjoyers
18168,4,Promotion Seekers
18169,0,Older Long-Tenure Grocery
18170,6,Protein Enjoyers
18171,2,Young Grocery
18172,3,Tech Enthusiasts
18174,4,Promotion Seekers
18175,0,Older Long-Tenure Grocery
18176,1,Vegetables-Hygiene Oriented
18177,1,Vegetables-Hygiene Oriented
18178,3,Tech Enthusiasts
18179,1,Vegetables-Hygiene Oriented
18181,0,Older Long-Tenure Grocery
18184,4,Promotion Seekers
18185,6,Protein Enjoyers
18186,4,Promotion Seekers
18187,7,Service Sensitive
18188,3,Tech Enthusiasts
18189,0,Older Long-Tenure Grocery
18190,1,Vegetables-Hygiene Oriented
18191,3,Tech Enthusiasts
18192,4,Promotion Seekers
18193,6,Protein Enjoyers
18194,6,Protein Enjoyers
18195,1,Vegetables-Hygiene Oriented
18197,1,Vegetables-Hygiene Oriented
18198,4,Promotion Seekers
18199,6,Protein Enjoyers
18200,1,Vegetables-Hygiene Oriented
18201,0,Older Long-Tenure Grocery
18202,6,Protein Enjoyers
18203,4,Promotion Seekers
18204,7,Service Sensitive
18205,3,Tech Enthusiasts
18207,3,Tech Enthusiasts
18208,4,Promotion Seekers
18209,4,Promotion Seekers
18210,1,Vegetables-Hygiene Oriented
18211,6,Protein Enjoyers
18213,5,Large Families
18214,6,Protein Enjoyers
18215,4,Promotion Seekers
18216,7,Service Sensitive
18217,4,Promotion Seekers
18218,3,Tech Enthusiasts
18219,4,Promotion Seekers
18220,6,Protein Enjoyers
18221,7,Service Sensitive
18222,4,Promotion Seekers
18223,3,Tech Enthusiasts
18224,4,Promotion Seekers
18225,1,Vegetables-Hygiene Oriented
18227,0,Older Long-Tenure Grocery
18228,3,Tech Enthusiasts
18229,2,Young Grocery
18230,0,Older Long-Tenure Grocery
18231,6,Protein Enjoyers
18232,0,Older Long-Tenure Grocery
18234,0,Older Long-Tenure Grocery
18235,0,Older Long-Tenure Grocery
18236,4,Promotion Seekers
18238,4,Promotion Seekers
18241,7,Service Sensitive
18244,1,Vegetables-Hygiene Oriented
18245,3,Tech Enthusiasts
18246,4,Promotion Seekers
18247,3,Tech Enthusiasts
18249,3,Tech Enthusiasts
18250,3,Tech Enthusiasts
18251,4,Promotion Seekers
18252,4,Promotion Seekers
18254,1,Vegetables-Hygiene Oriented
18256,4,Promotion Seekers
18257,1,Vegetables-Hygiene Oriented
18258,6,Protein Enjoyers
18260,0,Older Long-Tenure Grocery
18261,3,Tech Enthusiasts
18262,2,Young Grocery
18263,4,Promotion Seekers
18264,2,Young Grocery
18266,4,Promotion Seekers
18268,1,Vegetables-Hygiene Oriented
18270,7,Service Sensitive
18272,1,Vegetables-Hygiene Oriented
18273,5,Large Families
18275,4,Promotion Seekers
18276,0,Older Long-Tenure Grocery
18277,4,Promotion Seekers
18278,4,Promotion Seekers
18279,0,Older Long-Tenure Grocery
18284,6,Protein Enjoyers
18285,0,Older Long-Tenure Grocery
18286,1,Vegetables-Hygiene Oriented
18287,1,Vegetables-Hygiene Oriented
18288,4,Promotion Seekers
18289,6,Protein Enjoyers
18290,3,Tech Enthusiasts
18291,2,Young Grocery
18292,7,Service Sensitive
18293,3,Tech Enthusiasts
18294,7,Service Sensitive
18295,6,Protein Enjoyers
18296,1,Vegetables-Hygiene Oriented
18297,0,Older Long-Tenure Grocery
18298,2,Young Grocery
18299,4,Promotion Seekers
18300,1,Vegetables-Hygiene Oriented
18301,2,Young Grocery
18305,5,Large Families
18306,7,Service Sensitive
18307,0,Older Long-Tenure Grocery
18308,5,Large Families
18309,3,Tech Enthusiasts
18311,1,Vegetables-Hygiene Oriented
18312,1,Vegetables-Hygiene Oriented
18313,2,Young Grocery
18314,4,Promotion Seekers
18315,1,Vegetables-Hygiene Oriented
18316,1,Vegetables-Hygiene Oriented
18317,0,Older Long-Tenure Grocery
18318,1,Vegetables-Hygiene Oriented
18319,0,Older Long-Tenure Grocery
18320,2,Young Grocery
18323,7,Service Sensitive
18324,2,Young Grocery
18327,0,Older Long-Tenure Grocery
18328,1,Vegetables-Hygiene Oriented
18329,6,Protein Enjoyers
18330,1,Vegetables-Hygiene Oriented
18331,4,Promotion Seekers
18332,4,Promotion Seekers
18333,7,Service Sensitive
18334,2,Young Grocery
18335,4,Promotion Seekers
18336,0,Older Long-Tenure Grocery
18337,7,Service Sensitive
18338,4,Promotion Seekers
18339,7,Service Sensitive
18340,0,Older Long-Tenure Grocery
18341,1,Vegetables-Hygiene Oriented
18343,7,Service Sensitive
18344,1,Vegetables-Hygiene Oriented
18345,7,Service Sensitive
18346,1,Vegetables-Hygiene Oriented
18347,4,Promotion Seekers
18348,3,Tech Enthusiasts
18350,1,Vegetables-Hygiene Oriented
18353,0,Older Long-Tenure Grocery
18354,2,Young Grocery
18355,7,Service Sensitive
18356,0,Older Long-Tenure Grocery
18357,2,Young Grocery
18358,4,Promotion Seekers
18359,0,Older Long-Tenure Grocery
18360,5,Large Families
18361,4,Promotion Seekers
18362,2,Young Grocery
18363,7,Service Sensitive
18364,4,Promotion Seekers
18366,4,Promotion Seekers
18367,7,Service Sensitive
18368,7,Service Sensitive
18369,6,Protein Enjoyers
18370,1,Vegetables-Hygiene Oriented
18371,5,Large Families
18373,5,Large Families
18374,7,Service Sensitive
18375,1,Vegetables-Hygiene Oriented
18376,1,Vegetables-Hygiene Oriented
18378,2,Young Grocery
18379,0,Older Long-Tenure Grocery
18380,4,Promotion Seekers
18381,3,Tech Enthusiasts
18382,6,Protein Enjoyers
18384,1,Vegetables-Hygiene Oriented
18385,0,Older Long-Tenure Grocery
18386,4,Promotion Seekers
18387,0,Older Long-Tenure Grocery
18388,7,Service Sensitive
18389,4,Promotion Seekers
18391,2,Young Grocery
18392,1,Vegetables-Hygiene Oriented
18393,0,Older Long-Tenure Grocery
18394,3,Tech Enthusiasts
18395,1,Vegetables-Hygiene Oriented
18396,0,Older Long-Tenure Grocery
18397,3,Tech Enthusiasts
18398,2,Young Grocery
18400,1,Vegetables-Hygiene Oriented
18401,2,Young Grocery
18402,5,Large Families
18403,1,Vegetables-Hygiene Oriented
18404,2,Young Grocery
18405,5,Large Families
18409,4,Promotion Seekers
18410,4,Promotion Seekers
18411,2,Young Grocery
18412,0,Older Long-Tenure Grocery
18413,5,Large Families
18414,3,Tech Enthusiasts
18415,7,Service Sensitive
18416,0,Older Long-Tenure Grocery
18418,5,Large Families
18419,5,Large Families
18421,0,Older Long-Tenure Grocery
18422,4,Promotion Seekers
18423,4,Promotion Seekers
18424,7,Service Sensitive
18425,6,Protein Enjoyers
18426,0,Older Long-Tenure Grocery
18427,4,Promotion Seekers
18428,6,Protein Enjoyers
18429,0,Older Long-Tenure Grocery
18430,3,Tech Enthusiasts
18431,1,Vegetables-Hygiene Oriented
18432,1,Vegetables-Hygiene Oriented
18433,7,Service Sensitive
18435,1,Vegetables-Hygiene Oriented
18436,0,Older Long-Tenure Grocery
18437,4,Promotion Seekers
18438,3,Tech Enthusiasts
18440,5,Large Families
18441,3,Tech Enthusiasts
18442,3,Tech Enthusiasts
18443,0,Older Long-Tenure Grocery
18444,3,Tech Enthusiasts
18445,3,Tech Enthusiasts
18446,2,Young Grocery
18447,2,Young Grocery
18448,4,Promotion Seekers
18449,0,Older Long-Tenure Grocery
18450,1,Vegetables-Hygiene Oriented
18451,6,Protein Enjoyers
18452,0,Older Long-Tenure Grocery
18453,3,Tech Enthusiasts
18454,6,Protein Enjoyers
18455,7,Service Sensitive
18457,7,Service Sensitive
18458,5,Large Families
18460,7,Service Sensitive
18461,1,Vegetables-Hygiene Oriented
18462,0,Older Long-Tenure Grocery
18463,2,Young Grocery
18464,5,Large Families
18465,3,Tech Enthusiasts
18466,3,Tech Enthusiasts
18467,0,Older Long-Tenure Grocery
18468,2,Young Grocery
18472,2,Young Grocery
18473,5,Large Families
18474,3,Tech Enthusiasts
18475,6,Protein Enjoyers
18476,5,Large Families
18477,3,Tech Enthusiasts
18479,0,Older Long-Tenure Grocery
18480,7,Service Sensitive
18481,0,Older Long-Tenure Grocery
18482,4,Promotion Seekers
18484,2,Young Grocery
18485,0,Older Long-Tenure Grocery
18486,2,Young Grocery
18487,1,Vegetables-Hygiene Oriented
18489,5,Large Families
18490,0,Older Long-Tenure Grocery
18492,1,Vegetables-Hygiene Oriented
18493,2,Young Grocery
18495,2,Young Grocery
18497,1,Vegetables-Hygiene Oriented
18499,0,Older Long-Tenure Grocery
18500,0,Older Long-Tenure Grocery
18501,2,Young Grocery
18503,7,Service Sensitive
18504,6,Protein Enjoyers
18505,1,Vegetables-Hygiene Oriented
18507,2,Young Grocery
18508,7,Service Sensitive
18509,0,Older Long-Tenure Grocery
18510,0,Older Long-Tenure Grocery
18511,4,Promotion Seekers
18512,2,Young Grocery
18513,4,Promotion Seekers
18514,0,Older Long-Tenure Grocery
18515,0,Older Long-Tenure Grocery
18517,0,Older Long-Tenure Grocery
18518,1,Vegetables-Hygiene Oriented
18519,3,Tech Enthusiasts
18520,6,Protein Enjoyers
18521,1,Vegetables-Hygiene Oriented
18522,4,Promotion Seekers
18524,4,Promotion Seekers
18525,3,Tech Enthusiasts
18526,3,Tech Enthusiasts
18527,1,Vegetables-Hygiene Oriented
18528,0,Older Long-Tenure Grocery
18529,2,Young Grocery
18530,3,Tech Enthusiasts
18531,7,Service Sensitive
18533,0,Older Long-Tenure Grocery
18534,5,Large Families
18536,3,Tech Enthusiasts
18537,2,Young Grocery
18538,4,Promotion Seekers
18539,7,Service Sensitive
18542,7,Service Sensitive
18544,4,Promotion Seekers
18545,2,Young Grocery
18547,7,Service Sensitive
18548,4,Promotion Seekers
18549,0,Older Long-Tenure Grocery
18550,4,Promotion Seekers
18551,0,Older Long-Tenure Grocery
18552,4,Promotion Seekers
18553,2,Young Grocery
18554,5,Large Families
18555,7,Service Sensitive
18556,0,Older Long-Tenure Grocery
18557,0,Older Long-Tenure Grocery
18558,5,Large Families
18559,1,Vegetables-Hygiene Oriented
18560,0,Older Long-Tenure Grocery
18561,5,Large Families
18563,1,Vegetables-Hygiene Oriented
18564,0,Older Long-Tenure Grocery
18565,0,Older Long-Tenure Grocery
18566,0,Older Long-Tenure Grocery
18567,2,Young Grocery
18568,3,Tech Enthusiasts
18569,0,Older Long-Tenure Grocery
18570,2,Young Grocery
18571,4,Promotion Seekers
18572,7,Service Sensitive
18573,2,Young Grocery
18574,2,Young Grocery
18577,0,Older Long-Tenure Grocery
18578,0,Older Long-Tenure Grocery
18579,1,Vegetables-Hygiene Oriented
18580,1,Vegetables-Hygiene Oriented
18581,3,Tech Enthusiasts
18582,1,Vegetables-Hygiene Oriented
18583,3,Tech Enthusiasts
18584,0,Older Long-Tenure Grocery
18586,0,Older Long-Tenure Grocery
18587,1,Vegetables-Hygiene Oriented
18588,0,Older Long-Tenure Grocery
18589,1,Vegetables-Hygiene Oriented
18590,0,Older Long-Tenure Grocery
18591,1,Vegetables-Hygiene Oriented
18592,0,Older Long-Tenure Grocery
18593,1,Vegetables-Hygiene Oriented
18594,2,Young Grocery
18595,2,Young Grocery
18596,0,Older Long-Tenure Grocery
18597,0,Older Long-Tenure Grocery
18600,0,Older Long-Tenure Grocery
18601,7,Service Sensitive
18602,0,Older Long-Tenure Grocery
18603,1,Vegetables-Hygiene Oriented
18605,3,Tech Enthusiasts
18608,1,Vegetables-Hygiene Oriented
18609,1,Vegetables-Hygiene Oriented
18610,0,Older Long-Tenure Grocery
18611,3,Tech Enthusiasts
18612,2,Young Grocery
18613,0,Older Long-Tenure Grocery
18614,0,Older Long-Tenure Grocery
18615,0,Older Long-Tenure Grocery
18616,0,Older Long-Tenure Grocery
18617,1,Vegetables-Hygiene Oriented
18618,2,Young Grocery
18620,1,Vegetables-Hygiene Oriented
18621,4,Promotion Seekers
18622,4,Promotion Seekers
18624,5,Large Families
18625,3,Tech Enthusiasts
18626,0,Older Long-Tenure Grocery
18627,1,Vegetables-Hygiene Oriented
18628,2,Young Grocery
18629,5,Large Families
18631,2,Young Grocery
18632,0,Older Long-Tenure Grocery
18633,2,Young Grocery
18634,4,Promotion Seekers
18636,6,Protein Enjoyers
18637,7,Service Sensitive
18641,7,Service Sensitive
18643,3,Tech Enthusiasts
18644,7,Service Sensitive
18645,5,Large Families
18646,0,Older Long-Tenure Grocery
18647,2,Young Grocery
18648,0,Older Long-Tenure Grocery
18650,7,Service Sensitive
18651,1,Vegetables-Hygiene Oriented
18652,0,Older Long-Tenure Grocery
18653,7,Service Sensitive
18654,4,Promotion Seekers
18657,0,Older Long-Tenure Grocery
18658,1,Vegetables-Hygiene Oriented
18659,6,Protein Enjoyers
18660,3,Tech Enthusiasts
18661,4,Promotion Seekers
18662,0,Older Long-Tenure Grocery
18664,3,Tech Enthusiasts
18665,3,Tech Enthusiasts
18666,1,Vegetables-Hygiene Oriented
18667,7,Service Sensitive
18668,4,Promotion Seekers
18669,7,Service Sensitive
18671,2,Young Grocery
18672,7,Service Sensitive
18673,0,Older Long-Tenure Grocery
18674,4,Promotion Seekers
18675,2,Young Grocery
18676,0,Older Long-Tenure Grocery
18677,4,Promotion Seekers
18678,3,Tech Enthusiasts
18680,3,Tech Enthusiasts
18681,6,Protein Enjoyers
18682,1,Vegetables-Hygiene Oriented
18683,4,Promotion Seekers
18684,7,Service Sensitive
18685,0,Older Long-Tenure Grocery
18687,0,Older Long-Tenure Grocery
18688,0,Older Long-Tenure Grocery
18689,3,Tech Enthusiasts
18690,0,Older Long-Tenure Grocery
18691,0,Older Long-Tenure Grocery
18692,5,Large Families
18693,3,Tech Enthusiasts
18694,3,Tech Enthusiasts
18695,2,Young Grocery
18696,1,Vegetables-Hygiene Oriented
18697,4,Promotion Seekers
18698,1,Vegetables-Hygiene Oriented
18699,5,Large Families
18700,4,Promotion Seekers
18701,2,Young Grocery
18702,0,Older Long-Tenure Grocery
18703,0,Older Long-Tenure Grocery
18705,2,Young Grocery
18707,0,Older Long-Tenure Grocery
18708,1,Vegetables-Hygiene Oriented
18709,1,Vegetables-Hygiene Oriented
18710,7,Service Sensitive
18711,0,Older Long-Tenure Grocery
18712,2,Young Grocery
18713,1,Vegetables-Hygiene Oriented
18715,6,Protein Enjoyers
18716,7,Service Sensitive
18717,1,Vegetables-Hygiene Oriented
18718,0,Older Long-Tenure Grocery
18719,3,Tech Enthusiasts
18720,0,Older Long-Tenure Grocery
18722,6,Protein Enjoyers
18723,5,Large Families
18724,7,Service Sensitive
18725,6,Protein Enjoyers
18726,4,Promotion Seekers
18727,1,Vegetables-Hygiene Oriented
18728,2,Young Grocery
18729,2,Young Grocery
18730,0,Older Long-Tenure Grocery
18731,2,Young Grocery
18732,1,Vegetables-Hygiene Oriented
18733,2,Young Grocery
18734,2,Young Grocery
18735,0,Older Long-Tenure Grocery
18738,3,Tech Enthusiasts
18739,7,Service Sensitive
18742,7,Service Sensitive
18743,1,Vegetables-Hygiene Oriented
18745,1,Vegetables-Hygiene Oriented
18746,5,Large Families
18747,0,Older Long-Tenure Grocery
18748,0,Older Long-Tenure Grocery
18749,1,Vegetables-Hygiene Oriented
18750,2,Young Grocery
18751,2,Young Grocery
18752,5,Large Families
18754,0,Older Long-Tenure Grocery
18755,6,Protein Enjoyers
18756,2,Young Grocery
18757,6,Protein Enjoyers
18758,4,Promotion Seekers
18759,3,Tech Enthusiasts
18760,3,Tech Enthusiasts
18761,0,Older Long-Tenure Grocery
18762,5,Large Families
18763,1,Vegetables-Hygiene Oriented
18765,2,Young Grocery
18766,1,Vegetables-Hygiene Oriented
18767,7,Service Sensitive
18768,5,Large Families
18769,5,Large Families
18770,2,Young Grocery
18772,5,Large Families
18773,2,Young Grocery
18774,1,Vegetables-Hygiene Oriented
18775,2,Young Grocery
18776,0,Older Long-Tenure Grocery
18777,5,Large Families
18778,2,Young Grocery
18779,2,Young Grocery
18780,1,Vegetables-Hygiene Oriented
18781,7,Service Sensitive
18782,6,Protein Enjoyers
18783,4,Promotion Seekers
18785,5,Large Families
18786,5,Large Families
18787,4,Promotion Seekers
18788,7,Service Sensitive
18789,0,Older Long-Tenure Grocery
18790,6,Protein Enjoyers
18791,0,Older Long-Tenure Grocery
18794,0,Older Long-Tenure Grocery
18795,0,Older Long-Tenure Grocery
18796,7,Service Sensitive
18797,3,Tech Enthusiasts
18798,0,Older Long-Tenure Grocery
18799,6,Protein Enjoyers
18800,2,Young Grocery
18801,0,Older Long-Tenure Grocery
18802,4,Promotion Seekers
18803,2,Young Grocery
18804,3,Tech Enthusiasts
18805,2,Young Grocery
18806,3,Tech Enthusiasts
18807,0,Older Long-Tenure Grocery
18808,4,Promotion Seekers
18809,7,Service Sensitive
18810,0,Older Long-Tenure Grocery
18811,0,Older Long-Tenure Grocery
18812,6,Protein Enjoyers
18814,1,Vegetables-Hygiene Oriented
18815,4,Promotion Seekers
18816,0,Older Long-Tenure Grocery
18817,2,Young Grocery
18818,1,Vegetables-Hygiene Oriented
18820,7,Service Sensitive
18821,0,Older Long-Tenure Grocery
18822,0,Older Long-Tenure Grocery
18823,7,Service Sensitive
18824,0,Older Long-Tenure Grocery
18825,3,Tech Enthusiasts
18826,1,Vegetables-Hygiene Oriented
18827,5,Large Families
18828,0,Older Long-Tenure Grocery
18830,1,Vegetables-Hygiene Oriented
18831,7,Service Sensitive
18837,1,Vegetables-Hygiene Oriented
18838,7,Service Sensitive
18839,4,Promotion Seekers
18840,1,Vegetables-Hygiene Oriented
18841,7,Service Sensitive
18842,7,Service Sensitive
18843,4,Promotion Seekers
18844,6,Protein Enjoyers
18845,3,Tech Enthusiasts
18846,7,Service Sensitive
18847,7,Service Sensitive
18849,3,Tech Enthusiasts
18850,1,Vegetables-Hygiene Oriented
18851,0,Older Long-Tenure Grocery
18852,1,Vegetables-Hygiene Oriented
18853,0,Older Long-Tenure Grocery
18854,0,Older Long-Tenure Grocery
18855,5,Large Families
18857,4,Promotion Seekers
18859,6,Protein Enjoyers
18860,2,Young Grocery
18861,1,Vegetables-Hygiene Oriented
18862,1,Vegetables-Hygiene Oriented
18863,7,Service Sensitive
18864,2,Young Grocery
18865,1,Vegetables-Hygiene Oriented
18866,0,Older Long-Tenure Grocery
18867,4,Promotion Seekers
18868,2,Young Grocery
18869,4,Promotion Seekers
18870,1,Vegetables-Hygiene Oriented
18872,0,Older Long-Tenure Grocery
18874,7,Service Sensitive
18875,2,Young Grocery
18879,7,Service Sensitive
18880,0,Older Long-Tenure Grocery
18881,1,Vegetables-Hygiene Oriented
18883,0,Older Long-Tenure Grocery
18884,0,Older Long-Tenure Grocery
18885,3,Tech Enthusiasts
18886,4,Promotion Seekers
18887,1,Vegetables-Hygiene Oriented
18888,0,Older Long-Tenure Grocery
18889,2,Young Grocery
18890,3,Tech Enthusiasts
18891,0,Older Long-Tenure Grocery
18892,7,Service Sensitive
18893,2,Young Grocery
18894,7,Service Sensitive
18895,3,Tech Enthusiasts
18896,6,Protein Enjoyers
18897,2,Young Grocery
18898,5,Large Families
18899,0,Older Long-Tenure Grocery
18900,4,Promotion Seekers
18901,3,Tech Enthusiasts
18902,2,Young Grocery
18903,7,Service Sensitive
18904,7,Service Sensitive
18905,1,Vegetables-Hygiene Oriented
18906,2,Young Grocery
18908,7,Service Sensitive
18909,4,Promotion Seekers
18910,4,Promotion Seekers
18911,0,Older Long-Tenure Grocery
18914,0,Older Long-Tenure Grocery
18915,4,Promotion Seekers
18916,1,Vegetables-Hygiene Oriented
18917,3,Tech Enthusiasts
18918,3,Tech Enthusiasts
18919,1,Vegetables-Hygiene Oriented
18920,7,Service Sensitive
18921,2,Young Grocery
18922,3,Tech Enthusiasts
18923,1,Vegetables-Hygiene Oriented
18924,4,Promotion Seekers
18925,1,Vegetables-Hygiene Oriented
18926,4,Promotion Seekers
18928,7,Service Sensitive
18929,7,Service Sensitive
18930,1,Vegetables-Hygiene Oriented
18931,1,Vegetables-Hygiene Oriented
18932,4,Promotion Seekers
18933,6,Protein Enjoyers
18934,0,Older Long-Tenure Grocery
18935,7,Service Sensitive
18936,2,Young Grocery
18937,1,Vegetables-Hygiene Oriented
18939,1,Vegetables-Hygiene Oriented
18940,4,Promotion Seekers
18941,0,Older Long-Tenure Grocery
18942,4,Promotion Seekers
18943,2,Young Grocery
18945,1,Vegetables-Hygiene Oriented
18946,5,Large Families
18947,2,Young Grocery
18948,1,Vegetables-Hygiene Oriented
18949,0,Older Long-Tenure Grocery
18950,5,Large Families
18951,0,Older Long-Tenure Grocery
18952,2,Young Grocery
18953,0,Older Long-Tenure Grocery
18954,2,Young Grocery
18955,3,Tech Enthusiasts
18957,4,Promotion Seekers
18958,7,Service Sensitive
18960,0,Older Long-Tenure Grocery
18961,2,Young Grocery
18962,1,Vegetables-Hygiene Oriented
18963,2,Young Grocery
18964,5,Large Families
18965,6,Protein Enjoyers
18966,7,Service Sensitive
18967,1,Vegetables-Hygiene Oriented
18968,5,Large Families
18969,1,Vegetables-Hygiene Oriented
18971,7,Service Sensitive
18972,7,Service Sensitive
18973,4,Promotion Seekers
18974,1,Vegetables-Hygiene Oriented
18975,6,Protein Enjoyers
18977,3,Tech Enthusiasts
18978,4,Promotion Seekers
18979,4,Promotion Seekers
18980,7,Service Sensitive
18981,4,Promotion Seekers
18982,4,Promotion Seekers
18983,1,Vegetables-Hygiene Oriented
18984,7,Service Sensitive
18985,0,Older Long-Tenure Grocery
18986,1,Vegetables-Hygiene Oriented
18988,1,Vegetables-Hygiene Oriented
18989,3,Tech Enthusiasts
18990,1,Vegetables-Hygiene Oriented
18991,1,Vegetables-Hygiene Oriented
18992,0,Older Long-Tenure Grocery
18993,6,Protein Enjoyers
18994,4,Promotion Seekers
18995,0,Older Long-Tenure Grocery
18996,0,Older Long-Tenure Grocery
18997,1,Vegetables-Hygiene Oriented
18998,2,Young Grocery
18999,0,Older Long-Tenure Grocery
19000,2,Young Grocery
19001,1,Vegetables-Hygiene Oriented
19002,0,Older Long-Tenure Grocery
19003,0,Older Long-Tenure Grocery
19004,4,Promotion Seekers
19005,7,Service Sensitive
19006,0,Older Long-Tenure Grocery
19007,0,Older Long-Tenure Grocery
19008,4,Promotion Seekers
19009,1,Vegetables-Hygiene Oriented
19010,1,Vegetables-Hygiene Oriented
19013,0,Older Long-Tenure Grocery
19014,4,Promotion Seekers
19015,2,Young Grocery
19016,4,Promotion Seekers
19017,1,Vegetables-Hygiene Oriented
19018,4,Promotion Seekers
19019,3,Tech Enthusiasts
19020,5,Large Families
19021,0,Older Long-Tenure Grocery
19022,5,Large Families
19025,3,Tech Enthusiasts
19029,4,Promotion Seekers
19030,3,Tech Enthusiasts
19031,4,Promotion Seekers
19032,2,Young Grocery
19033,3,Tech Enthusiasts
19034,1,Vegetables-Hygiene Oriented
19035,3,Tech Enthusiasts
19036,2,Young Grocery
19037,4,Promotion Seekers
19038,6,Protein Enjoyers
19039,1,Vegetables-Hygiene Oriented
19040,0,Older Long-Tenure Grocery
19041,0,Older Long-Tenure Grocery
19042,2,Young Grocery
19043,0,Older Long-Tenure Grocery
19045,1,Vegetables-Hygiene Oriented
19046,1,Vegetables-Hygiene Oriented
19047,1,Vegetables-Hygiene Oriented
19048,1,Vegetables-Hygiene Oriented
19049,0,Older Long-Tenure Grocery
19050,1,Vegetables-Hygiene Oriented
19051,0,Older Long-Tenure Grocery
19052,0,Older Long-Tenure Grocery
19053,6,Protein Enjoyers
19054,4,Promotion Seekers
19055,3,Tech Enthusiasts
19056,4,Promotion Seekers
19057,1,Vegetables-Hygiene Oriented
19058,2,Young Grocery
19060,4,Promotion Seekers
19061,0,Older Long-Tenure Grocery
19062,3,Tech Enthusiasts
19063,3,Tech Enthusiasts
19064,2,Young Grocery
19065,5,Large Families
19066,7,Service Sensitive
19068,4,Promotion Seekers
19069,0,Older Long-Tenure Grocery
19070,3,Tech Enthusiasts
19071,5,Large Families
19072,0,Older Long-Tenure Grocery
19073,1,Vegetables-Hygiene Oriented
19074,4,Promotion Seekers
19076,1,Vegetables-Hygiene Oriented
19077,2,Young Grocery
19078,0,Older Long-Tenure Grocery
19080,1,Vegetables-Hygiene Oriented
19084,7,Service Sensitive
19086,5,Large Families
19087,4,Promotion Seekers
19088,4,Promotion Seekers
19090,2,Young Grocery
19092,7,Service Sensitive
19093,4,Promotion Seekers
19094,4,Promotion Seekers
19095,0,Older Long-Tenure Grocery
19096,3,Tech Enthusiasts
19097,2,Young Grocery
19098,5,Large Families
19099,6,Protein Enjoyers
19100,1,Vegetables-Hygiene Oriented
19101,4,Promotion Seekers
19102,2,Young Grocery
19103,4,Promotion Seekers
19106,1,Vegetables-Hygiene Oriented
19107,3,Tech Enthusiasts
19108,7,Service Sensitive
19109,1,Vegetables-Hygiene Oriented
19110,2,Young Grocery
19112,4,Promotion Seekers
19113,3,Tech Enthusiasts
19114,5,Large Families
19115,1,Vegetables-Hygiene Oriented
19117,2,Young Grocery
19118,6,Protein Enjoyers
19119,7,Service Sensitive
19120,0,Older Long-Tenure Grocery
19121,0,Older Long-Tenure Grocery
19122,1,Vegetables-Hygiene Oriented
19123,5,Large Families
19125,7,Service Sensitive
19126,4,Promotion Seekers
19127,0,Older Long-Tenure Grocery
19129,0,Older Long-Tenure Grocery
19131,0,Older Long-Tenure Grocery
19132,5,Large Families
19133,2,Young Grocery
19134,1,Vegetables-Hygiene Oriented
19135,3,Tech Enthusiasts
19136,4,Promotion Seekers
19137,3,Tech Enthusiasts
19138,2,Young Grocery
19139,3,Tech Enthusiasts
19140,4,Promotion Seekers
19141,1,Vegetables-Hygiene Oriented
19142,6,Protein Enjoyers
19143,4,Promotion Seekers
19144,0,Older Long-Tenure Grocery
19145,1,Vegetables-Hygiene Oriented
19146,4,Promotion Seekers
19147,7,Service Sensitive
19148,5,Large Families
19150,5,Large Families
19151,2,Young Grocery
19152,4,Promotion Seekers
19153,4,Promotion Seekers
19154,2,Young Grocery
19155,7,Service Sensitive
19156,2,Young Grocery
19158,7,Service Sensitive
19159,0,Older Long-Tenure Grocery
19160,1,Vegetables-Hygiene Oriented
19161,1,Vegetables-Hygiene Oriented
19162,0,Older Long-Tenure Grocery
19164,4,Promotion Seekers
19167,5,Large Families
19168,7,Service Sensitive
19169,0,Older Long-Tenure Grocery
19171,7,Service Sensitive
19173,7,Service Sensitive
19174,0,Older Long-Tenure Grocery
19175,4,Promotion Seekers
19176,7,Service Sensitive
19177,4,Promotion Seekers
19178,1,Vegetables-Hygiene Oriented
19179,6,Protein Enjoyers
19182,2,Young Grocery
19183,5,Large Families
19185,7,Service Sensitive
19186,7,Service Sensitive
19187,6,Protein Enjoyers
19188,1,Vegetables-Hygiene Oriented
19189,0,Older Long-Tenure Grocery
19190,2,Young Grocery
19191,0,Older Long-Tenure Grocery
19192,3,Tech Enthusiasts
19194,6,Protein Enjoyers
19195,6,Protein Enjoyers
19197,2,Young Grocery
19198,0,Older Long-Tenure Grocery
19199,0,Older Long-Tenure Grocery
19200,0,Older Long-Tenure Grocery
19201,0,Older Long-Tenure Grocery
19202,1,Vegetables-Hygiene Oriented
19204,6,Protein Enjoyers
19205,4,Promotion Seekers
19206,1,Vegetables-Hygiene Oriented
19207,2,Young Grocery
19208,1,Vegetables-Hygiene Oriented
19209,2,Young Grocery
19210,6,Protein Enjoyers
19211,0,Older Long-Tenure Grocery
19212,0,Older Long-Tenure Grocery
19213,6,Protein Enjoyers
19214,7,Service Sensitive
19215,2,Young Grocery
19218,4,Promotion Seekers
19219,0,Older Long-Tenure Grocery
19220,4,Promotion Seekers
19221,2,Young Grocery
19223,3,Tech Enthusiasts
19224,5,Large Families
19225,1,Vegetables-Hygiene Oriented
19226,7,Service Sensitive
19227,7,Service Sensitive
19228,1,Vegetables-Hygiene Oriented
19230,0,Older Long-Tenure Grocery
19231,4,Promotion Seekers
19232,0,Older Long-Tenure Grocery
19233,2,Young Grocery
19234,0,Older Long-Tenure Grocery
19235,5,Large Families
19236,5,Large Families
19238,0,Older Long-Tenure Grocery
19240,0,Older Long-Tenure Grocery
19241,4,Promotion Seekers
19242,0,Older Long-Tenure Grocery
19243,7,Service Sensitive
19244,0,Older Long-Tenure Grocery
19245,0,Older Long-Tenure Grocery
19246,5,Large Families
19247,2,Young Grocery
19248,1,Vegetables-Hygiene Oriented
19249,4,Promotion Seekers
19250,3,Tech Enthusiasts
19251,4,Promotion Seekers
19252,0,Older Long-Tenure Grocery
19253,1,Vegetables-Hygiene Oriented
19255,5,Large Families
19256,0,Older Long-Tenure Grocery
19257,5,Large Families
19258,7,Service Sensitive
19259,2,Young Grocery
19261,7,Service Sensitive
19262,2,Young Grocery
19263,0,Older Long-Tenure Grocery
19264,0,Older Long-Tenure Grocery
19265,4,Promotion Seekers
19266,7,Service Sensitive
19268,3,Tech Enthusiasts
19269,4,Promotion Seekers
19270,0,Older Long-Tenure Grocery
19272,0,Older Long-Tenure Grocery
19273,2,Young Grocery
19275,4,Promotion Seekers
19276,0,Older Long-Tenure Grocery
19277,7,Service Sensitive
19278,5,Large Families
19279,4,Promotion Seekers
19280,5,Large Families
19281,1,Vegetables-Hygiene Oriented
19282,0,Older Long-Tenure Grocery
19283,7,Service Sensitive
19284,2,Young Grocery
19285,0,Older Long-Tenure Grocery
19287,3,Tech Enthusiasts
19288,1,Vegetables-Hygiene Oriented
19289,0,Older Long-Tenure Grocery
19290,2,Young Grocery
19292,5,Large Families
19293,5,Large Families
19295,3,Tech Enthusiasts
19296,0,Older Long-Tenure Grocery
19297,7,Service Sensitive
19298,4,Promotion Seekers
19299,0,Older Long-Tenure Grocery
19300,3,Tech Enthusiasts
19301,3,Tech Enthusiasts
19302,3,Tech Enthusiasts
19303,4,Promotion Seekers
19305,3,Tech Enthusiasts
19306,5,Large Families
19308,4,Promotion Seekers
19309,0,Older Long-Tenure Grocery
19310,2,Young Grocery
19311,4,Promotion Seekers
19312,7,Service Sensitive
19313,3,Tech Enthusiasts
19314,6,Protein Enjoyers
19315,1,Vegetables-Hygiene Oriented
19316,1,Vegetables-Hygiene Oriented
19317,6,Protein Enjoyers
19318,0,Older Long-Tenure Grocery
19319,4,Promotion Seekers
19321,0,Older Long-Tenure Grocery
19322,2,Young Grocery
19323,7,Service Sensitive
19324,6,Protein Enjoyers
19325,1,Vegetables-Hygiene Oriented
19327,1,Vegetables-Hygiene Oriented
19328,1,Vegetables-Hygiene Oriented
19329,0,Older Long-Tenure Grocery
19330,0,Older Long-Tenure Grocery
19331,2,Young Grocery
19332,5,Large Families
19333,1,Vegetables-Hygiene Oriented
19334,0,Older Long-Tenure Grocery
19335,4,Promotion Seekers
19336,2,Young Grocery
19337,3,Tech Enthusiasts
19339,6,Protein Enjoyers
19342,1,Vegetables-Hygiene Oriented
19343,3,Tech Enthusiasts
19344,7,Service Sensitive
19345,0,Older Long-Tenure Grocery
19346,4,Promotion Seekers
19347,2,Young Grocery
19349,0,Older Long-Tenure Grocery
19350,4,Promotion Seekers
19351,4,Promotion Seekers
19352,4,Promotion Seekers
19353,5,Large Families
19354,6,Protein Enjoyers
19355,3,Tech Enthusiasts
19356,7,Service Sensitive
19357,1,Vegetables-Hygiene Oriented
19358,0,Older Long-Tenure Grocery
19359,0,Older Long-Tenure Grocery
19360,0,Older Long-Tenure Grocery
19362,4,Promotion Seekers
19363,4,Promotion Seekers
19367,5,Large Families
19368,4,Promotion Seekers
19369,3,Tech Enthusiasts
19370,4,Promotion Seekers
19371,2,Young Grocery
19372,4,Promotion Seekers
19374,4,Promotion Seekers
19375,2,Young Grocery
19377,7,Service Sensitive
19378,1,Vegetables-Hygiene Oriented
19379,0,Older Long-Tenure Grocery
19380,1,Vegetables-Hygiene Oriented
19381,1,Vegetables-Hygiene Oriented
19383,5,Large Families
19385,3,Tech Enthusiasts
19386,7,Service Sensitive
19387,4,Promotion Seekers
19388,4,Promotion Seekers
19390,0,Older Long-Tenure Grocery
19392,5,Large Families
19394,1,Vegetables-Hygiene Oriented
19396,6,Protein Enjoyers
19397,1,Vegetables-Hygiene Oriented
19398,0,Older Long-Tenure Grocery
19399,2,Young Grocery
19400,5,Large Families
19401,2,Young Grocery
19402,3,Tech Enthusiasts
19403,7,Service Sensitive
19407,5,Large Families
19409,0,Older Long-Tenure Grocery
19410,4,Promotion Seekers
19411,2,Young Grocery
19412,0,Older Long-Tenure Grocery
19414,1,Vegetables-Hygiene Oriented
19415,7,Service Sensitive
19416,0,Older Long-Tenure Grocery
19417,0,Older Long-Tenure Grocery
19419,3,Tech Enthusiasts
19420,7,Service Sensitive
19421,0,Older Long-Tenure Grocery
19422,3,Tech Enthusiasts
19423,7,Service Sensitive
19424,1,Vegetables-Hygiene Oriented
19425,4,Promotion Seekers
19426,0,Older Long-Tenure Grocery
19427,2,Young Grocery
19428,5,Large Families
19429,1,Vegetables-Hygiene Oriented
19431,1,Vegetables-Hygiene Oriented
19432,1,Vegetables-Hygiene Oriented
19433,1,Vegetables-Hygiene Oriented
19434,0,Older Long-Tenure Grocery
19435,3,Tech Enthusiasts
19436,2,Young Grocery
19438,4,Promotion Seekers
19439,6,Protein Enjoyers
19441,2,Young Grocery
19442,4,Promotion Seekers
19444,5,Large Families
19446,2,Young Grocery
19448,0,Older Long-Tenure Grocery
19449,0,Older Long-Tenure Grocery
19450,1,Vegetables-Hygiene Oriented
19452,2,Young Grocery
19453,7,Service Sensitive
19454,4,Promotion Seekers
19455,1,Vegetables-Hygiene Oriented
19457,1,Vegetables-Hygiene Oriented
19458,4,Promotion Seekers
19459,3,Tech Enthusiasts
19461,0,Older Long-Tenure Grocery
19462,4,Promotion Seekers
19463,0,Older Long-Tenure Grocery
19464,0,Older Long-Tenure Grocery
19465,0,Older Long-Tenure Grocery
19466,1,Vegetables-Hygiene Oriented
19467,4,Promotion Seekers
19468,0,Older Long-Tenure Grocery
19469,2,Young Grocery
19470,5,Large Families
19471,0,Older Long-Tenure Grocery
19472,6,Protein Enjoyers
19473,0,Older Long-Tenure Grocery
19474,0,Older Long-Tenure Grocery
19476,4,Promotion Seekers
19477,2,Young Grocery
19478,6,Protein Enjoyers
19479,4,Promotion Seekers
19480,4,Promotion Seekers
19481,4,Promotion Seekers
19482,7,Service Sensitive
19483,2,Young Grocery
19484,1,Vegetables-Hygiene Oriented
19485,4,Promotion Seekers
19486,2,Young Grocery
19487,4,Promotion Seekers
19489,2,Young Grocery
19490,1,Vegetables-Hygiene Oriented
19492,1,Vegetables-Hygiene Oriented
19493,4,Promotion Seekers
19494,2,Young Grocery
19495,0,Older Long-Tenure Grocery
19496,1,Vegetables-Hygiene Oriented
19497,4,Promotion Seekers
19498,6,Protein Enjoyers
19499,4,Promotion Seekers
19500,0,Older Long-Tenure Grocery
19501,2,Young Grocery
19502,0,Older Long-Tenure Grocery
19503,5,Large Families
19504,2,Young Grocery
19505,1,Vegetables-Hygiene Oriented
19506,3,Tech Enthusiasts
19507,0,Older Long-Tenure Grocery
19508,4,Promotion Seekers
19509,1,Vegetables-Hygiene Oriented
19510,0,Older Long-Tenure Grocery
19511,2,Young Grocery
19513,0,Older Long-Tenure Grocery
19514,7,Service Sensitive
19515,0,Older Long-Tenure Grocery
19516,0,Older Long-Tenure Grocery
19517,5,Large Families
19518,1,Vegetables-Hygiene Oriented
19519,4,Promotion Seekers
19520,3,Tech Enthusiasts
19522,7,Service Sensitive
19523,6,Protein Enjoyers
19524,7,Service Sensitive
19525,7,Service Sensitive
19526,6,Protein Enjoyers
19527,6,Protein Enjoyers
19528,3,Tech Enthusiasts
19530,0,Older Long-Tenure Grocery
19531,4,Promotion Seekers
19532,4,Promotion Seekers
19533,1,Vegetables-Hygiene Oriented
19534,1,Vegetables-Hygiene Oriented
19535,7,Service Sensitive
19536,0,Older Long-Tenure Grocery
19537,0,Older Long-Tenure Grocery
19538,4,Promotion Seekers
19539,2,Young Grocery
19540,4,Promotion Seekers
19541,0,Older Long-Tenure Grocery
19542,0,Older Long-Tenure Grocery
19544,5,Large Families
19545,0,Older Long-Tenure Grocery
19546,1,Vegetables-Hygiene Oriented
19547,1,Vegetables-Hygiene Oriented
19548,3,Tech Enthusiasts
19549,1,Vegetables-Hygiene Oriented
19550,2,Young Grocery
19551,4,Promotion Seekers
19552,2,Young Grocery
19553,6,Protein Enjoyers
19554,1,Vegetables-Hygiene Oriented
19555,5,Large Families
19556,4,Promotion Seekers
19558,4,Promotion Seekers
19559,4,Promotion Seekers
19560,2,Young Grocery
19561,6,Protein Enjoyers
19562,2,Young Grocery
19563,4,Promotion Seekers
19564,1,Vegetables-Hygiene Oriented
19566,3,Tech Enthusiasts
19567,3,Tech Enthusiasts
19569,1,Vegetables-Hygiene Oriented
19570,6,Protein Enjoyers
19571,1,Vegetables-Hygiene Oriented
19572,4,Promotion Seekers
19573,0,Older Long-Tenure Grocery
19574,1,Vegetables-Hygiene Oriented
19575,0,Older Long-Tenure Grocery
19576,7,Service Sensitive
19577,1,Vegetables-Hygiene Oriented
19578,4,Promotion Seekers
19579,5,Large Families
19580,4,Promotion Seekers
19581,7,Service Sensitive
19582,2,Young Grocery
19583,7,Service Sensitive
19584,4,Promotion Seekers
19585,0,Older Long-Tenure Grocery
19586,1,Vegetables-Hygiene Oriented
19587,7,Service Sensitive
19588,4,Promotion Seekers
19590,7,Service Sensitive
19591,4,Promotion Seekers
19592,5,Large Families
19593,6,Protein Enjoyers
19594,2,Young Grocery
19595,1,Vegetables-Hygiene Oriented
19596,4,Promotion Seekers
19597,7,Service Sensitive
19598,4,Promotion Seekers
19599,4,Promotion Seekers
19600,0,Older Long-Tenure Grocery
19601,2,Young Grocery
19602,0,Older Long-Tenure Grocery
19603,4,Promotion Seekers
19604,0,Older Long-Tenure Grocery
19605,4,Promotion Seekers
19606,0,Older Long-Tenure Grocery
19607,2,Young Grocery
19608,4,Promotion Seekers
19609,4,Promotion Seekers
19610,2,Young Grocery
19613,0,Older Long-Tenure Grocery
19614,3,Tech Enthusiasts
19615,2,Young Grocery
19616,4,Promotion Seekers
19618,4,Promotion Seekers
19619,3,Tech Enthusiasts
19621,4,Promotion Seekers
19622,2,Young Grocery
19624,2,Young Grocery
19625,2,Young Grocery
19626,0,Older Long-Tenure Grocery
19627,2,Young Grocery
19628,0,Older Long-Tenure Grocery
19629,1,Vegetables-Hygiene Oriented
19630,1,Vegetables-Hygiene Oriented
19631,4,Promotion Seekers
19632,1,Vegetables-Hygiene Oriented
19633,2,Young Grocery
19635,4,Promotion Seekers
19636,3,Tech Enthusiasts
19638,3,Tech Enthusiasts
19639,0,Older Long-Tenure Grocery
19642,7,Service Sensitive
19643,3,Tech Enthusiasts
19644,1,Vegetables-Hygiene Oriented
19645,0,Older Long-Tenure Grocery
19646,2,Young Grocery
19647,1,Vegetables-Hygiene Oriented
19648,0,Older Long-Tenure Grocery
19649,5,Large Families
19650,1,Vegetables-Hygiene Oriented
19651,7,Service Sensitive
19653,4,Promotion Seekers
19655,0,Older Long-Tenure Grocery
19656,1,Vegetables-Hygiene Oriented
19657,1,Vegetables-Hygiene Oriented
19658,0,Older Long-Tenure Grocery
19659,0,Older Long-Tenure Grocery
19660,4,Promotion Seekers
19662,4,Promotion Seekers
19663,0,Older Long-Tenure Grocery
19664,1,Vegetables-Hygiene Oriented
19665,4,Promotion Seekers
19666,1,Vegetables-Hygiene Oriented
19667,7,Service Sensitive
19668,7,Service Sensitive
19669,1,Vegetables-Hygiene Oriented
19670,3,Tech Enthusiasts
19671,0,Older Long-Tenure Grocery
19673,1,Vegetables-Hygiene Oriented
19675,2,Young Grocery
19676,2,Young Grocery
19678,4,Promotion Seekers
19679,5,Large Families
19680,0,Older Long-Tenure Grocery
19681,4,Promotion Seekers
19682,1,Vegetables-Hygiene Oriented
19683,4,Promotion Seekers
19684,7,Service Sensitive
19685,6,Protein Enjoyers
19686,0,Older Long-Tenure Grocery
19687,4,Promotion Seekers
19688,0,Older Long-Tenure Grocery
19689,7,Service Sensitive
19690,4,Promotion Seekers
19691,1,Vegetables-Hygiene Oriented
19692,7,Service Sensitive
19694,1,Vegetables-Hygiene Oriented
19695,7,Service Sensitive
19697,1,Vegetables-Hygiene Oriented
19698,6,Protein Enjoyers
19699,7,Service Sensitive
19700,2,Young Grocery
19702,4,Promotion Seekers
19703,3,Tech Enthusiasts
19704,0,Older Long-Tenure Grocery
19705,0,Older Long-Tenure Grocery
19706,1,Vegetables-Hygiene Oriented
19707,7,Service Sensitive
19709,2,Young Grocery
19710,5,Large Families
19711,1,Vegetables-Hygiene Oriented
19712,1,Vegetables-Hygiene Oriented
19713,3,Tech Enthusiasts
19714,3,Tech Enthusiasts
19716,2,Young Grocery
19717,7,Service Sensitive
19719,2,Young Grocery
19720,1,Vegetables-Hygiene Oriented
19721,0,Older Long-Tenure Grocery
19722,2,Young Grocery
19723,5,Large Families
19724,2,Young Grocery
19725,2,Young Grocery
19727,4,Promotion Seekers
19728,0,Older Long-Tenure Grocery
19729,0,Older Long-Tenure Grocery
19730,6,Protein Enjoyers
19731,4,Promotion Seekers
19732,0,Older Long-Tenure Grocery
19734,3,Tech Enthusiasts
19735,2,Young Grocery
19736,7,Service Sensitive
19737,1,Vegetables-Hygiene Oriented
19738,1,Vegetables-Hygiene Oriented
19740,4,Promotion Seekers
19741,0,Older Long-Tenure Grocery
19742,1,Vegetables-Hygiene Oriented
19743,1,Vegetables-Hygiene Oriented
19744,4,Promotion Seekers
19745,7,Service Sensitive
19750,0,Older Long-Tenure Grocery
19751,0,Older Long-Tenure Grocery
19752,1,Vegetables-Hygiene Oriented
19754,5,Large Families
19755,6,Protein Enjoyers
19756,1,Vegetables-Hygiene Oriented
19757,1,Vegetables-Hygiene Oriented
19758,4,Promotion Seekers
19759,7,Service Sensitive
19760,3,Tech Enthusiasts
19761,7,Service Sensitive
19762,0,Older Long-Tenure Grocery
19764,0,Older Long-Tenure Grocery
19765,2,Young Grocery
19766,3,Tech Enthusiasts
19769,7,Service Sensitive
19770,3,Tech Enthusiasts
19772,1,Vegetables-Hygiene Oriented
19773,5,Large Families
19774,3,Tech Enthusiasts
19775,2,Young Grocery
19776,0,Older Long-Tenure Grocery
19778,3,Tech Enthusiasts
19779,0,Older Long-Tenure Grocery
19780,0,Older Long-Tenure Grocery
19781,7,Service Sensitive
19785,3,Tech Enthusiasts
19786,2,Young Grocery
19787,5,Large Families
19788,4,Promotion Seekers
19789,0,Older Long-Tenure Grocery
19790,6,Protein Enjoyers
19792,2,Young Grocery
19793,4,Promotion Seekers
19794,0,Older Long-Tenure Grocery
19795,2,Young Grocery
19796,4,Promotion Seekers
19797,1,Vegetables-Hygiene Oriented
19799,1,Vegetables-Hygiene Oriented
19800,0,Older Long-Tenure Grocery
19801,0,Older Long-Tenure Grocery
19802,1,Vegetables-Hygiene Oriented
19803,1,Vegetables-Hygiene Oriented
19804,1,Vegetables-Hygiene Oriented
19805,1,Vegetables-Hygiene Oriented
19806,1,Vegetables-Hygiene Oriented
19808,4,Promotion Seekers
19809,0,Older Long-Tenure Grocery
19811,1,Vegetables-Hygiene Oriented
19813,2,Young Grocery
19815,4,Promotion Seekers
19816,0,Older Long-Tenure Grocery
19817,4,Promotion Seekers
19818,7,Service Sensitive
19819,2,Young Grocery
19820,4,Promotion Seekers
19821,0,Older Long-Tenure Grocery
19822,2,Young Grocery
19823,0,Older Long-Tenure Grocery
19824,5,Large Families
19825,7,Service Sensitive
19826,2,Young Grocery
19827,0,Older Long-Tenure Grocery
19828,7,Service Sensitive
19830,5,Large Families
19831,6,Protein Enjoyers
19832,1,Vegetables-Hygiene Oriented
19833,1,Vegetables-Hygiene Oriented
19834,1,Vegetables-Hygiene Oriented
19835,3,Tech Enthusiasts
19836,4,Promotion Seekers
19837,1,Vegetables-Hygiene Oriented
19838,3,Tech Enthusiasts
19840,1,Vegetables-Hygiene Oriented
19841,1,Vegetables-Hygiene Oriented
19842,0,Older Long-Tenure Grocery
19843,1,Vegetables-Hygiene Oriented
19844,4,Promotion Seekers
19846,2,Young Grocery
19847,4,Promotion Seekers
19848,7,Service Sensitive
19849,0,Older Long-Tenure Grocery
19850,4,Promotion Seekers
19851,2,Young Grocery
19853,2,Young Grocery
19855,0,Older Long-Tenure Grocery
19857,7,Service Sensitive
19858,4,Promotion Seekers
19860,1,Vegetables-Hygiene Oriented
19861,3,Tech Enthusiasts
19863,5,Large Families
19864,1,Vegetables-Hygiene Oriented
19866,3,Tech Enthusiasts
19867,0,Older Long-Tenure Grocery
19868,6,Protein Enjoyers
19869,0,Older Long-Tenure Grocery
19870,2,Young Grocery
19871,1,Vegetables-Hygiene Oriented
19872,1,Vegetables-Hygiene Oriented
19873,2,Young Grocery
19874,0,Older Long-Tenure Grocery
19875,4,Promotion Seekers
19876,4,Promotion Seekers
19877,5,Large Families
19878,6,Protein Enjoyers
19879,2,Young Grocery
19880,4,Promotion Seekers
19881,4,Promotion Seekers
19883,7,Service Sensitive
19884,3,Tech Enthusiasts
19885,3,Tech Enthusiasts
19886,0,Older Long-Tenure Grocery
19887,7,Service Sensitive
19888,7,Service Sensitive
19890,6,Protein Enjoyers
19891,0,Older Long-Tenure Grocery
19892,4,Promotion Seekers
19893,7,Service Sensitive
19894,5,Large Families
19895,7,Service Sensitive
19896,1,Vegetables-Hygiene Oriented
19897,2,Young Grocery
19898,1,Vegetables-Hygiene Oriented
19899,4,Promotion Seekers
19900,7,Service Sensitive
19902,4,Promotion Seekers
19903,5,Large Families
19904,4,Promotion Seekers
19905,0,Older Long-Tenure Grocery
19906,6,Protein Enjoyers
19907,2,Young Grocery
19909,0,Older Long-Tenure Grocery
19910,5,Large Families
19912,4,Promotion Seekers
19913,1,Vegetables-Hygiene Oriented
19914,3,Tech Enthusiasts
19915,5,Large Families
19916,0,Older Long-Tenure Grocery
19917,7,Service Sensitive
19918,3,Tech Enthusiasts
19919,4,Promotion Seekers
19920,4,Promotion Seekers
19921,7,Service Sensitive
19922,7,Service Sensitive
19923,1,Vegetables-Hygiene Oriented
19924,4,Promotion Seekers
19925,5,Large Families
19926,2,Young Grocery
19927,0,Older Long-Tenure Grocery
19928,0,Older Long-Tenure Grocery
19929,0,Older Long-Tenure Grocery
19930,3,Tech Enthusiasts
19931,4,Promotion Seekers
19932,7,Service Sensitive
19934,7,Service Sensitive
19935,3,Tech Enthusiasts
19936,2,Young Grocery
19937,0,Older Long-Tenure Grocery
19939,3,Tech Enthusiasts
19940,2,Young Grocery
19941,4,Promotion Seekers
19944,0,Older Long-Tenure Grocery
19946,0,Older Long-Tenure Grocery
19947,6,Protein Enjoyers
19948,1,Vegetables-Hygiene Oriented
19949,1,Vegetables-Hygiene Oriented
19950,7,Service Sensitive
19953,1,Vegetables-Hygiene Oriented
19954,0,Older Long-Tenure Grocery
19955,3,Tech Enthusiasts
19956,3,Tech Enthusiasts
19957,3,Tech Enthusiasts
19958,0,Older Long-Tenure Grocery
19959,0,Older Long-Tenure Grocery
19960,0,Older Long-Tenure Grocery
19961,1,Vegetables-Hygiene Oriented
19962,7,Service Sensitive
19963,7,Service Sensitive
19965,7,Service Sensitive
19966,4,Promotion Seekers
19967,0,Older Long-Tenure Grocery
19969,1,Vegetables-Hygiene Oriented
19970,2,Young Grocery
19972,5,Large Families
19973,4,Promotion Seekers
19974,5,Large Families
19975,2,Young Grocery
19976,1,Vegetables-Hygiene Oriented
19978,4,Promotion Seekers
19979,0,Older Long-Tenure Grocery
19980,4,Promotion Seekers
19982,1,Vegetables-Hygiene Oriented
19983,3,Tech Enthusiasts
19984,7,Service Sensitive
19985,4,Promotion Seekers
19986,3,Tech Enthusiasts
19987,7,Service Sensitive
19989,2,Young Grocery
19990,0,Older Long-Tenure Grocery
19991,2,Young Grocery
19992,1,Vegetables-Hygiene Oriented
19993,3,Tech Enthusiasts
19994,2,Young Grocery
19995,7,Service Sensitive
19996,7,Service Sensitive
19997,0,Older Long-Tenure Grocery
19998,0,Older Long-Tenure Grocery
19999,1,Vegetables-Hygiene Oriented
20001,1,Vegetables-Hygiene Oriented
20002,4,Promotion Seekers
20003,5,Large Families
20004,0,Older Long-Tenure Grocery
20006,7,Service Sensitive
20007,2,Young Grocery
20008,2,Young Grocery
20009,2,Young Grocery
20010,2,Young Grocery
20012,2,Young Grocery
20013,1,Vegetables-Hygiene Oriented
20014,4,Promotion Seekers
20015,2,Young Grocery
20016,2,Young Grocery
20017,1,Vegetables-Hygiene Oriented
20018,0,Older Long-Tenure Grocery
20019,4,Promotion Seekers
20020,4,Promotion Seekers
20021,4,Promotion Seekers
20022,0,Older Long-Tenure Grocery
20023,2,Young Grocery
20025,1,Vegetables-Hygiene Oriented
20027,2,Young Grocery
20029,5,Large Families
20030,6,Protein Enjoyers
20031,7,Service Sensitive
20032,4,Promotion Seekers
20033,7,Service Sensitive
20034,3,Tech Enthusiasts
20035,0,Older Long-Tenure Grocery
20036,2,Young Grocery
20037,3,Tech Enthusiasts
20038,0,Older Long-Tenure Grocery
20039,5,Large Families
20040,1,Vegetables-Hygiene Oriented
20041,1,Vegetables-Hygiene Oriented
20042,5,Large Families
20043,4,Promotion Seekers
20044,7,Service Sensitive
20045,0,Older Long-Tenure Grocery
20046,2,Young Grocery
20047,3,Tech Enthusiasts
20048,5,Large Families
20049,0,Older Long-Tenure Grocery
20050,1,Vegetables-Hygiene Oriented
20051,0,Older Long-Tenure Grocery
20052,2,Young Grocery
20053,1,Vegetables-Hygiene Oriented
20054,5,Large Families
20056,5,Large Families
20059,2,Young Grocery
20060,0,Older Long-Tenure Grocery
20061,5,Large Families
20062,4,Promotion Seekers
20064,7,Service Sensitive
20065,3,Tech Enthusiasts
20066,7,Service Sensitive
20068,7,Service Sensitive
20070,4,Promotion Seekers
20072,0,Older Long-Tenure Grocery
20073,6,Protein Enjoyers
20074,3,Tech Enthusiasts
20075,1,Vegetables-Hygiene Oriented
20077,4,Promotion Seekers
20078,2,Young Grocery
20079,4,Promotion Seekers
20080,0,Older Long-Tenure Grocery
20081,1,Vegetables-Hygiene Oriented
20082,2,Young Grocery
20083,0,Older Long-Tenure Grocery
20084,0,Older Long-Tenure Grocery
20085,2,Young Grocery
20086,0,Older Long-Tenure Grocery
20087,2,Young Grocery
20088,0,Older Long-Tenure Grocery
20089,1,Vegetables-Hygiene Oriented
20091,5,Large Families
20092,0,Older Long-Tenure Grocery
20093,7,Service Sensitive
20095,2,Young Grocery
20096,1,Vegetables-Hygiene Oriented
20097,3,Tech Enthusiasts
20098,7,Service Sensitive
20099,1,Vegetables-Hygiene Oriented
20101,1,Vegetables-Hygiene Oriented
20102,2,Young Grocery
20103,1,Vegetables-Hygiene Oriented
20104,7,Service Sensitive
20105,0,Older Long-Tenure Grocery
20106,4,Promotion Seekers
20107,0,Older Long-Tenure Grocery
20108,0,Older Long-Tenure Grocery
20109,1,Vegetables-Hygiene Oriented
20110,0,Older Long-Tenure Grocery
20111,2,Young Grocery
20112,1,Vegetables-Hygiene Oriented
20113,1,Vegetables-Hygiene Oriented
20114,2,Young Grocery
20115,2,Young Grocery
20116,1,Vegetables-Hygiene Oriented
20117,7,Service Sensitive
20118,0,Older Long-Tenure Grocery
20119,7,Service Sensitive
20120,1,Vegetables-Hygiene Oriented
20121,1,Vegetables-Hygiene Oriented
20122,7,Service Sensitive
20123,4,Promotion Seekers
20124,1,Vegetables-Hygiene Oriented
20125,0,Older Long-Tenure Grocery
20126,4,Promotion Seekers
20128,0,Older Long-Tenure Grocery
20129,7,Service Sensitive
20130,1,Vegetables-Hygiene Oriented
20131,3,Tech Enthusiasts
20132,4,Promotion Seekers
20133,5,Large Families
20134,0,Older Long-Tenure Grocery
20135,0,Older Long-Tenure Grocery
20137,0,Older Long-Tenure Grocery
20139,6,Protein Enjoyers
20140,5,Large Families
20141,1,Vegetables-Hygiene Oriented
20142,1,Vegetables-Hygiene Oriented
20144,7,Service Sensitive
20145,4,Promotion Seekers
20146,7,Service Sensitive
20147,4,Promotion Seekers
20148,3,Tech Enthusiasts
20149,4,Promotion Seekers
20150,7,Service Sensitive
20151,1,Vegetables-Hygiene Oriented
20152,0,Older Long-Tenure Grocery
20153,7,Service Sensitive
20154,1,Vegetables-Hygiene Oriented
20155,4,Promotion Seekers
20156,7,Service Sensitive
20157,4,Promotion Seekers
20160,7,Service Sensitive
20161,1,Vegetables-Hygiene Oriented
20162,7,Service Sensitive
20164,4,Promotion Seekers
20165,7,Service Sensitive
20166,1,Vegetables-Hygiene Oriented
20167,6,Protein Enjoyers
20168,5,Large Families
20169,2,Young Grocery
20170,1,Vegetables-Hygiene Oriented
20171,1,Vegetables-Hygiene Oriented
20172,2,Young Grocery
20173,1,Vegetables-Hygiene Oriented
20174,3,Tech Enthusiasts
20175,0,Older Long-Tenure Grocery
20176,7,Service Sensitive
20177,4,Promotion Seekers
20178,4,Promotion Seekers
20179,4,Promotion Seekers
20180,1,Vegetables-Hygiene Oriented
20181,4,Promotion Seekers
20182,6,Protein Enjoyers
20183,0,Older Long-Tenure Grocery
20184,3,Tech Enthusiasts
20187,4,Promotion Seekers
20188,7,Service Sensitive
20189,1,Vegetables-Hygiene Oriented
20190,4,Promotion Seekers
20192,4,Promotion Seekers
20193,5,Large Families
20195,0,Older Long-Tenure Grocery
20198,4,Promotion Seekers
20199,1,Vegetables-Hygiene Oriented
20200,2,Young Grocery
20201,0,Older Long-Tenure Grocery
20204,1,Vegetables-Hygiene Oriented
20205,1,Vegetables-Hygiene Oriented
20207,1,Vegetables-Hygiene Oriented
20208,1,Vegetables-Hygiene Oriented
20209,2,Young Grocery
20211,7,Service Sensitive
20212,4,Promotion Seekers
20213,4,Promotion Seekers
20214,4,Promotion Seekers
20215,2,Young Grocery
20216,1,Vegetables-Hygiene Oriented
20217,0,Older Long-Tenure Grocery
20221,0,Older Long-Tenure Grocery
20223,1,Vegetables-Hygiene Oriented
20224,1,Vegetables-Hygiene Oriented
20225,0,Older Long-Tenure Grocery
20226,2,Young Grocery
20227,2,Young Grocery
20229,0,Older Long-Tenure Grocery
20230,0,Older Long-Tenure Grocery
20231,0,Older Long-Tenure Grocery
20232,1,Vegetables-Hygiene Oriented
20233,0,Older Long-Tenure Grocery
20234,4,Promotion Seekers
20235,4,Promotion Seekers
20236,2,Young Grocery
20237,2,Young Grocery
20238,4,Promotion Seekers
20239,3,Tech Enthusiasts
20240,6,Protein Enjoyers
20241,3,Tech Enthusiasts
20243,4,Promotion Seekers
20245,7,Service Sensitive
20246,1,Vegetables-Hygiene Oriented
20247,1,Vegetables-Hygiene Oriented
20248,0,Older Long-Tenure Grocery
20250,4,Promotion Seekers
20252,0,Older Long-Tenure Grocery
20254,3,Tech Enthusiasts
20255,0,Older Long-Tenure Grocery
20256,4,Promotion Seekers
20257,0,Older Long-Tenure Grocery
20258,0,Older Long-Tenure Grocery
20259,6,Protein Enjoyers
20260,5,Large Families
20261,3,Tech Enthusiasts
20262,0,Older Long-Tenure Grocery
20263,0,Older Long-Tenure Grocery
20264,3,Tech Enthusiasts
20265,4,Promotion Seekers
20266,6,Protein Enjoyers
20268,4,Promotion Seekers
20269,4,Promotion Seekers
20271,3,Tech Enthusiasts
20272,6,Protein Enjoyers
20273,2,Young Grocery
20274,0,Older Long-Tenure Grocery
20275,3,Tech Enthusiasts
20276,2,Young Grocery
20277,4,Promotion Seekers
20279,5,Large Families
20280,0,Older Long-Tenure Grocery
20281,2,Young Grocery
20283,7,Service Sensitive
20285,5,Large Families
20287,2,Young Grocery
20288,7,Service Sensitive
20289,1,Vegetables-Hygiene Oriented
20290,4,Promotion Seekers
20291,0,Older Long-Tenure Grocery
20292,0,Older Long-Tenure Grocery
20293,7,Service Sensitive
20294,6,Protein Enjoyers
20295,0,Older Long-Tenure Grocery
20298,4,Promotion Seekers
20300,3,Tech Enthusiasts
20301,3,Tech Enthusiasts
20302,3,Tech Enthusiasts
20303,4,Promotion Seekers
20304,0,Older Long-Tenure Grocery
20306,0,Older Long-Tenure Grocery
20307,5,Large Families
20309,5,Large Families
20310,5,Large Families
20312,4,Promotion Seekers
20313,2,Young Grocery
20314,7,Service Sensitive
20315,4,Promotion Seekers
20316,0,Older Long-Tenure Grocery
20317,1,Vegetables-Hygiene Oriented
20318,3,Tech Enthusiasts
20319,4,Promotion Seekers
20320,4,Promotion Seekers
20321,2,Young Grocery
20322,6,Protein Enjoyers
20323,4,Promotion Seekers
20324,0,Older Long-Tenure Grocery
20325,3,Tech Enthusiasts
20326,1,Vegetables-Hygiene Oriented
20327,3,Tech Enthusiasts
20328,6,Protein Enjoyers
20329,1,Vegetables-Hygiene Oriented
20331,7,Service Sensitive
20332,5,Large Families
20333,4,Promotion Seekers
20334,1,Vegetables-Hygiene Oriented
20335,4,Promotion Seekers
20337,7,Service Sensitive
20338,7,Service Sensitive
20339,5,Large Families
20340,5,Large Families
20341,1,Vegetables-Hygiene Oriented
20342,5,Large Families
20343,6,Protein Enjoyers
20344,4,Promotion Seekers
20345,0,Older Long-Tenure Grocery
20346,0,Older Long-Tenure Grocery
20347,2,Young Grocery
20348,6,Protein Enjoyers
20349,1,Vegetables-Hygiene Oriented
20352,4,Promotion Seekers
20353,1,Vegetables-Hygiene Oriented
20355,7,Service Sensitive
20356,0,Older Long-Tenure Grocery
20357,0,Older Long-Tenure Grocery
20358,4,Promotion Seekers
20359,0,Older Long-Tenure Grocery
20360,0,Older Long-Tenure Grocery
20361,0,Older Long-Tenure Grocery
20364,7,Service Sensitive
20365,4,Promotion Seekers
20366,0,Older Long-Tenure Grocery
20367,1,Vegetables-Hygiene Oriented
20369,6,Protein Enjoyers
20371,1,Vegetables-Hygiene Oriented
20372,5,Large Families
20373,4,Promotion Seekers
20374,1,Vegetables-Hygiene Oriented
20375,4,Promotion Seekers
20378,1,Vegetables-Hygiene Oriented
20379,0,Older Long-Tenure Grocery
20380,0,Older Long-Tenure Grocery
20381,2,Young Grocery
20383,4,Promotion Seekers
20384,6,Protein Enjoyers
20385,6,Protein Enjoyers
20386,3,Tech Enthusiasts
20387,6,Protein Enjoyers
20389,5,Large Families
20390,5,Large Families
20391,1,Vegetables-Hygiene Oriented
20392,0,Older Long-Tenure Grocery
20393,4,Promotion Seekers
20394,0,Older Long-Tenure Grocery
20395,1,Vegetables-Hygiene Oriented
20396,5,Large Families
20397,1,Vegetables-Hygiene Oriented
20398,1,Vegetables-Hygiene Oriented
20399,4,Promotion Seekers
20400,2,Young Grocery
20401,2,Young Grocery
20402,2,Young Grocery
20404,0,Older Long-Tenure Grocery
20405,4,Promotion Seekers
20406,0,Older Long-Tenure Grocery
20407,3,Tech Enthusiasts
20408,6,Protein Enjoyers
20410,0,Older Long-Tenure Grocery
20411,2,Young Grocery
20413,1,Vegetables-Hygiene Oriented
20414,2,Young Grocery
20415,6,Protein Enjoyers
20417,0,Older Long-Tenure Grocery
20419,4,Promotion Seekers
20420,0,Older Long-Tenure Grocery
20421,3,Tech Enthusiasts
20422,1,Vegetables-Hygiene Oriented
20423,4,Promotion Seekers
20424,2,Young Grocery
20425,0,Older Long-Tenure Grocery
20426,4,Promotion Seekers
20428,1,Vegetables-Hygiene Oriented
20429,0,Older Long-Tenure Grocery
20430,4,Promotion Seekers
20431,6,Protein Enjoyers
20433,0,Older Long-Tenure Grocery
20434,3,Tech Enthusiasts
20436,2,Young Grocery
20437,2,Young Grocery
20438,5,Large Families
20439,0,Older Long-Tenure Grocery
20440,3,Tech Enthusiasts
20441,4,Promotion Seekers
20442,2,Young Grocery
20443,3,Tech Enthusiasts
20444,4,Promotion Seekers
20445,4,Promotion Seekers
20446,3,Tech Enthusiasts
20447,0,Older Long-Tenure Grocery
20448,5,Large Families
20449,4,Promotion Seekers
20450,7,Service Sensitive
20451,4,Promotion Seekers
20452,4,Promotion Seekers
20453,4,Promotion Seekers
20454,6,Protein Enjoyers
20456,7,Service Sensitive
20457,0,Older Long-Tenure Grocery
20458,2,Young Grocery
20459,1,Vegetables-Hygiene Oriented
20460,7,Service Sensitive
20461,4,Promotion Seekers
20462,4,Promotion Seekers
20463,0,Older Long-Tenure Grocery
20465,6,Protein Enjoyers
20466,7,Service Sensitive
20468,7,Service Sensitive
20469,4,Promotion Seekers
20470,4,Promotion Seekers
20471,0,Older Long-Tenure Grocery
20472,1,Vegetables-Hygiene Oriented
20473,7,Service Sensitive
20474,3,Tech Enthusiasts
20475,5,Large Families
20476,2,Young Grocery
20477,3,Tech Enthusiasts
20478,3,Tech Enthusiasts
20479,4,Promotion Seekers
20482,7,Service Sensitive
20483,1,Vegetables-Hygiene Oriented
20486,0,Older Long-Tenure Grocery
20487,3,Tech Enthusiasts
20488,0,Older Long-Tenure Grocery
20489,0,Older Long-Tenure Grocery
20490,1,Vegetables-Hygiene Oriented
20492,0,Older Long-Tenure Grocery
20493,5,Large Families
20494,5,Large Families
20495,5,Large Families
20496,0,Older Long-Tenure Grocery
20497,4,Promotion Seekers
20498,1,Vegetables-Hygiene Oriented
20501,3,Tech Enthusiasts
20502,0,Older Long-Tenure Grocery
20504,5,Large Families
20505,1,Vegetables-Hygiene Oriented
20507,0,Older Long-Tenure Grocery
20509,5,Large Families
20510,0,Older Long-Tenure Grocery
20511,2,Young Grocery
20512,4,Promotion Seekers
20513,5,Large Families
20514,2,Young Grocery
20516,0,Older Long-Tenure Grocery
20517,4,Promotion Seekers
20518,7,Service Sensitive
20519,1,Vegetables-Hygiene Oriented
20520,4,Promotion Seekers
20521,7,Service Sensitive
20522,0,Older Long-Tenure Grocery
20524,3,Tech Enthusiasts
20525,0,Older Long-Tenure Grocery
20526,7,Service Sensitive
20527,4,Promotion Seekers
20528,1,Vegetables-Hygiene Oriented
20529,1,Vegetables-Hygiene Oriented
20530,3,Tech Enthusiasts
20533,4,Promotion Seekers
20534,7,Service Sensitive
20535,2,Young Grocery
20536,6,Protein Enjoyers
20537,1,Vegetables-Hygiene Oriented
20538,0,Older Long-Tenure Grocery
20539,0,Older Long-Tenure Grocery
20540,0,Older Long-Tenure Grocery
20541,6,Protein Enjoyers
20542,4,Promotion Seekers
20543,7,Service Sensitive
20544,6,Protein Enjoyers
20545,2,Young Grocery
20546,7,Service Sensitive
20547,0,Older Long-Tenure Grocery
20549,7,Service Sensitive
20551,2,Young Grocery
20553,0,Older Long-Tenure Grocery
20554,7,Service Sensitive
20556,0,Older Long-Tenure Grocery
20557,0,Older Long-Tenure Grocery
20558,5,Large Families
20559,4,Promotion Seekers
20560,4,Promotion Seekers
20561,5,Large Families
20562,4,Promotion Seekers
20563,0,Older Long-Tenure Grocery
20564,4,Promotion Seekers
20565,1,Vegetables-Hygiene Oriented
20566,1,Vegetables-Hygiene Oriented
20567,4,Promotion Seekers
20568,3,Tech Enthusiasts
20569,4,Promotion Seekers
20570,4,Promotion Seekers
20571,0,Older Long-Tenure Grocery
20572,1,Vegetables-Hygiene Oriented
20574,1,Vegetables-Hygiene Oriented
20575,1,Vegetables-Hygiene Oriented
20576,7,Service Sensitive
20577,0,Older Long-Tenure Grocery
20578,2,Young Grocery
20581,0,Older Long-Tenure Grocery
20583,0,Older Long-Tenure Grocery
20584,2,Young Grocery
20585,7,Service Sensitive
20586,4,Promotion Seekers
20587,3,Tech Enthusiasts
20588,1,Vegetables-Hygiene Oriented
20589,5,Large Families
20590,7,Service Sensitive
20591,2,Young Grocery
20592,2,Young Grocery
20593,0,Older Long-Tenure Grocery
20594,4,Promotion Seekers
20595,3,Tech Enthusiasts
20597,5,Large Families
20598,4,Promotion Seekers
20599,0,Older Long-Tenure Grocery
20600,0,Older Long-Tenure Grocery
20601,7,Service Sensitive
20603,1,Vegetables-Hygiene Oriented
20605,1,Vegetables-Hygiene Oriented
20606,2,Young Grocery
20607,0,Older Long-Tenure Grocery
20609,3,Tech Enthusiasts
20610,3,Tech Enthusiasts
20613,0,Older Long-Tenure Grocery
20614,4,Promotion Seekers
20615,6,Protein Enjoyers
20616,0,Older Long-Tenure Grocery
20617,0,Older Long-Tenure Grocery
20618,4,Promotion Seekers
20619,5,Large Families
20620,2,Young Grocery
20623,0,Older Long-Tenure Grocery
20624,4,Promotion Seekers
20625,5,Large Families
20626,7,Service Sensitive
20627,0,Older Long-Tenure Grocery
20628,3,Tech Enthusiasts
20629,4,Promotion Seekers
20630,2,Young Grocery
20631,7,Service Sensitive
20632,1,Vegetables-Hygiene Oriented
20633,4,Promotion Seekers
20634,1,Vegetables-Hygiene Oriented
20635,5,Large Families
20636,5,Large Families
20638,5,Large Families
20639,3,Tech Enthusiasts
20640,0,Older Long-Tenure Grocery
20641,4,Promotion Seekers
20642,0,Older Long-Tenure Grocery
20643,4,Promotion Seekers
20644,0,Older Long-Tenure Grocery
20645,0,Older Long-Tenure Grocery
20647,2,Young Grocery
20648,4,Promotion Seekers
20649,0,Older Long-Tenure Grocery
20650,2,Young Grocery
20653,3,Tech Enthusiasts
20655,3,Tech Enthusiasts
20657,3,Tech Enthusiasts
20659,0,Older Long-Tenure Grocery
20660,0,Older Long-Tenure Grocery
20661,2,Young Grocery
20662,4,Promotion Seekers
20663,5,Large Families
20664,5,Large Families
20665,2,Young Grocery
20666,0,Older Long-Tenure Grocery
20667,0,Older Long-Tenure Grocery
20668,3,Tech Enthusiasts
20670,6,Protein Enjoyers
20671,4,Promotion Seekers
20672,4,Promotion Seekers
20674,0,Older Long-Tenure Grocery
20675,7,Service Sensitive
20676,6,Protein Enjoyers
20677,4,Promotion Seekers
20678,0,Older Long-Tenure Grocery
20679,0,Older Long-Tenure Grocery
20680,0,Older Long-Tenure Grocery
20681,2,Young Grocery
20682,5,Large Families
20683,7,Service Sensitive
20684,4,Promotion Seekers
20686,0,Older Long-Tenure Grocery
20689,7,Service Sensitive
20690,1,Vegetables-Hygiene Oriented
20691,4,Promotion Seekers
20692,4,Promotion Seekers
20693,3,Tech Enthusiasts
20694,0,Older Long-Tenure Grocery
20695,4,Promotion Seekers
20696,0,Older Long-Tenure Grocery
20697,5,Large Families
20698,4,Promotion Seekers
20699,3,Tech Enthusiasts
20700,4,Promotion Seekers
20701,0,Older Long-Tenure Grocery
20703,1,Vegetables-Hygiene Oriented
20704,6,Protein Enjoyers
20705,3,Tech Enthusiasts
20707,4,Promotion Seekers
20708,3,Tech Enthusiasts
20710,4,Promotion Seekers
20711,4,Promotion Seekers
20713,1,Vegetables-Hygiene Oriented
20714,5,Large Families
20715,0,Older Long-Tenure Grocery
20716,4,Promotion Seekers
20717,1,Vegetables-Hygiene Oriented
20718,4,Promotion Seekers
20719,0,Older Long-Tenure Grocery
20722,3,Tech Enthusiasts
20723,2,Young Grocery
20724,7,Service Sensitive
20725,5,Large Families
20728,3,Tech Enthusiasts
20729,2,Young Grocery
20730,3,Tech Enthusiasts
20731,4,Promotion Seekers
20732,3,Tech Enthusiasts
20733,1,Vegetables-Hygiene Oriented
20734,1,Vegetables-Hygiene Oriented
20735,4,Promotion Seekers
20736,3,Tech Enthusiasts
20737,0,Older Long-Tenure Grocery
20739,0,Older Long-Tenure Grocery
20741,5,Large Families
20742,0,Older Long-Tenure Grocery
20743,0,Older Long-Tenure Grocery
20744,4,Promotion Seekers
20745,2,Young Grocery
20746,2,Young Grocery
20747,5,Large Families
20748,1,Vegetables-Hygiene Oriented
20750,1,Vegetables-Hygiene Oriented
20751,4,Promotion Seekers
20752,4,Promotion Seekers
20753,1,Vegetables-Hygiene Oriented
20754,1,Vegetables-Hygiene Oriented
20755,6,Protein Enjoyers
20756,2,Young Grocery
20757,0,Older Long-Tenure Grocery
20759,2,Young Grocery
20760,2,Young Grocery
20761,4,Promotion Seekers
20762,0,Older Long-Tenure Grocery
20763,2,Young Grocery
20764,4,Promotion Seekers
20765,7,Service Sensitive
20766,4,Promotion Seekers
20767,7,Service Sensitive
20768,0,Older Long-Tenure Grocery
20769,5,Large Families
20770,0,Older Long-Tenure Grocery
20772,2,Young Grocery
20773,4,Promotion Seekers
20774,1,Vegetables-Hygiene Oriented
20775,6,Protein Enjoyers
20776,3,Tech Enthusiasts
20777,0,Older Long-Tenure Grocery
20778,1,Vegetables-Hygiene Oriented
20779,0,Older Long-Tenure Grocery
20780,0,Older Long-Tenure Grocery
20781,4,Promotion Seekers
20782,4,Promotion Seekers
20783,2,Young Grocery
20784,4,Promotion Seekers
20786,7,Service Sensitive
20787,2,Young Grocery
20788,4,Promotion Seekers
20789,2,Young Grocery
20790,1,Vegetables-Hygiene Oriented
20791,3,Tech Enthusiasts
20792,0,Older Long-Tenure Grocery
20793,1,Vegetables-Hygiene Oriented
20794,0,Older Long-Tenure Grocery
20795,4,Promotion Seekers
20796,4,Promotion Seekers
20797,7,Service Sensitive
20798,0,Older Long-Tenure Grocery
20799,0,Older Long-Tenure Grocery
20801,7,Service Sensitive
20802,7,Service Sensitive
20803,2,Young Grocery
20804,6,Protein Enjoyers
20805,7,Service Sensitive
20806,1,Vegetables-Hygiene Oriented
20807,0,Older Long-Tenure Grocery
20808,0,Older Long-Tenure Grocery
20810,2,Young Grocery
20811,5,Large Families
20812,1,Vegetables-Hygiene Oriented
20814,0,Older Long-Tenure Grocery
20816,7,Service Sensitive
20817,5,Large Families
20818,5,Large Families
20819,1,Vegetables-Hygiene Oriented
20821,2,Young Grocery
20822,2,Young Grocery
20823,7,Service Sensitive
20824,0,Older Long-Tenure Grocery
20825,2,Young Grocery
20826,4,Promotion Seekers
20827,4,Promotion Seekers
20828,5,Large Families
20829,7,Service Sensitive
20830,4,Promotion Seekers
20831,2,Young Grocery
20832,0,Older Long-Tenure Grocery
20833,0,Older Long-Tenure Grocery
20835,4,Promotion Seekers
20836,4,Promotion Seekers
20837,6,Protein Enjoyers
20840,2,Young Grocery
20841,0,Older Long-Tenure Grocery
20843,2,Young Grocery
20845,3,Tech Enthusiasts
20848,2,Young Grocery
20849,1,Vegetables-Hygiene Oriented
20850,2,Young Grocery
20851,3,Tech Enthusiasts
20852,4,Promotion Seekers
20853,0,Older Long-Tenure Grocery
20854,6,Protein Enjoyers
20855,0,Older Long-Tenure Grocery
20856,6,Protein Enjoyers
20857,3,Tech Enthusiasts
20858,2,Young Grocery
20859,3,Tech Enthusiasts
20861,4,Promotion Seekers
20864,5,Large Families
20866,1,Vegetables-Hygiene Oriented
20867,4,Promotion Seekers
20869,1,Vegetables-Hygiene Oriented
20870,2,Young Grocery
20871,0,Older Long-Tenure Grocery
20872,6,Protein Enjoyers
20876,0,Older Long-Tenure Grocery
20877,2,Young Grocery
20878,1,Vegetables-Hygiene Oriented
20879,0,Older Long-Tenure Grocery
20880,6,Protein Enjoyers
20881,2,Young Grocery
20882,4,Promotion Seekers
20883,7,Service Sensitive
20884,0,Older Long-Tenure Grocery
20885,2,Young Grocery
20886,4,Promotion Seekers
20887,1,Vegetables-Hygiene Oriented
20889,2,Young Grocery
20890,4,Promotion Seekers
20891,7,Service Sensitive
20892,4,Promotion Seekers
20893,7,Service Sensitive
20894,0,Older Long-Tenure Grocery
20895,1,Vegetables-Hygiene Oriented
20897,4,Promotion Seekers
20898,7,Service Sensitive
20899,6,Protein Enjoyers
20901,6,Protein Enjoyers
20902,5,Large Families
20903,0,Older Long-Tenure Grocery
20904,3,Tech Enthusiasts
20905,3,Tech Enthusiasts
20906,0,Older Long-Tenure Grocery
20907,1,Vegetables-Hygiene Oriented
20909,2,Young Grocery
20910,6,Protein Enjoyers
20911,1,Vegetables-Hygiene Oriented
20912,1,Vegetables-Hygiene Oriented
20913,0,Older Long-Tenure Grocery
20914,3,Tech Enthusiasts
20915,7,Service Sensitive
20916,2,Young Grocery
20918,4,Promotion Seekers
20919,6,Protein Enjoyers
20920,0,Older Long-Tenure Grocery
20923,4,Promotion Seekers
20925,3,Tech Enthusiasts
20926,7,Service Sensitive
20927,3,Tech Enthusiasts
20928,2,Young Grocery
20929,2,Young Grocery
20930,7,Service Sensitive
20931,1,Vegetables-Hygiene Oriented
20932,1,Vegetables-Hygiene Oriented
20933,1,Vegetables-Hygiene Oriented
20934,0,Older Long-Tenure Grocery
20935,1,Vegetables-Hygiene Oriented
20936,3,Tech Enthusiasts
20938,0,Older Long-Tenure Grocery
20939,0,Older Long-Tenure Grocery
20940,0,Older Long-Tenure Grocery
20942,4,Promotion Seekers
20943,7,Service Sensitive
20944,1,Vegetables-Hygiene Oriented
20945,2,Young Grocery
20947,4,Promotion Seekers
20948,0,Older Long-Tenure Grocery
20949,0,Older Long-Tenure Grocery
20952,5,Large Families
20953,5,Large Families
20954,0,Older Long-Tenure Grocery
20955,7,Service Sensitive
20956,1,Vegetables-Hygiene Oriented
20958,6,Protein Enjoyers
20959,4,Promotion Seekers
20960,6,Protein Enjoyers
20961,4,Promotion Seekers
20962,3,Tech Enthusiasts
20963,6,Protein Enjoyers
20965,1,Vegetables-Hygiene Oriented
20966,2,Young Grocery
20967,6,Protein Enjoyers
20968,6,Protein Enjoyers
20969,7,Service Sensitive
20970,2,Young Grocery
20972,0,Older Long-Tenure Grocery
20974,4,Promotion Seekers
20975,4,Promotion Seekers
20976,2,Young Grocery
20977,4,Promotion Seekers
20978,1,Vegetables-Hygiene Oriented
20979,0,Older Long-Tenure Grocery
20980,2,Young Grocery
20981,3,Tech Enthusiasts
20982,1,Vegetables-Hygiene Oriented
20983,7,Service Sensitive
20984,1,Vegetables-Hygiene Oriented
20985,0,Older Long-Tenure Grocery
20986,0,Older Long-Tenure Grocery
20987,0,Older Long-Tenure Grocery
20988,2,Young Grocery
20989,3,Tech Enthusiasts
20990,5,Large Families
20991,0,Older Long-Tenure Grocery
20992,1,Vegetables-Hygiene Oriented
20993,4,Promotion Seekers
20994,6,Protein Enjoyers
20995,3,Tech Enthusiasts
20996,1,Vegetables-Hygiene Oriented
20997,3,Tech Enthusiasts
20998,2,Young Grocery
20999,0,Older Long-Tenure Grocery
21000,2,Young Grocery
21001,4,Promotion Seekers
21002,2,Young Grocery
21003,4,Promotion Seekers
21004,6,Protein Enjoyers
21006,4,Promotion Seekers
21008,1,Vegetables-Hygiene Oriented
21011,0,Older Long-Tenure Grocery
21013,1,Vegetables-Hygiene Oriented
21014,1,Vegetables-Hygiene Oriented
21015,1,Vegetables-Hygiene Oriented
21016,0,Older Long-Tenure Grocery
21018,4,Promotion Seekers
21020,1,Vegetables-Hygiene Oriented
21022,4,Promotion Seekers
21023,2,Young Grocery
21024,0,Older Long-Tenure Grocery
21025,1,Vegetables-Hygiene Oriented
21026,5,Large Families
21028,3,Tech Enthusiasts
21030,1,Vegetables-Hygiene Oriented
21031,0,Older Long-Tenure Grocery
21032,7,Service Sensitive
21034,3,Tech Enthusiasts
21035,0,Older Long-Tenure Grocery
21039,0,Older Long-Tenure Grocery
21040,2,Young Grocery
21041,1,Vegetables-Hygiene Oriented
21043,1,Vegetables-Hygiene Oriented
21044,1,Vegetables-Hygiene Oriented
21046,4,Promotion Seekers
21047,4,Promotion Seekers
21048,4,Promotion Seekers
21049,1,Vegetables-Hygiene Oriented
21050,3,Tech Enthusiasts
21051,4,Promotion Seekers
21052,4,Promotion Seekers
21053,0,Older Long-Tenure Grocery
21054,6,Protein Enjoyers
21055,2,Young Grocery
21056,6,Protein Enjoyers
21057,5,Large Families
21058,4,Promotion Seekers
21059,1,Vegetables-Hygiene Oriented
21060,1,Vegetables-Hygiene Oriented
21061,3,Tech Enthusiasts
21062,3,Tech Enthusiasts
21063,1,Vegetables-Hygiene Oriented
21065,3,Tech Enthusiasts
21066,7,Service Sensitive
21067,3,Tech Enthusiasts
21068,4,Promotion Seekers
21069,2,Young Grocery
21070,0,Older Long-Tenure Grocery
21071,1,Vegetables-Hygiene Oriented
21072,0,Older Long-Tenure Grocery
21073,1,Vegetables-Hygiene Oriented
21074,0,Older Long-Tenure Grocery
21076,6,Protein Enjoyers
21077,3,Tech Enthusiasts
21078,7,Service Sensitive
21079,3,Tech Enthusiasts
21080,4,Promotion Seekers
21081,6,Protein Enjoyers
21082,0,Older Long-Tenure Grocery
21084,2,Young Grocery
21085,7,Service Sensitive
21086,1,Vegetables-Hygiene Oriented
21087,0,Older Long-Tenure Grocery
21089,2,Young Grocery
21090,0,Older Long-Tenure Grocery
21091,3,Tech Enthusiasts
21092,1,Vegetables-Hygiene Oriented
21093,2,Young Grocery
21094,3,Tech Enthusiasts
21095,0,Older Long-Tenure Grocery
21096,6,Protein Enjoyers
21097,4,Promotion Seekers
21098,7,Service Sensitive
21100,1,Vegetables-Hygiene Oriented
21102,7,Service Sensitive
21103,0,Older Long-Tenure Grocery
21105,7,Service Sensitive
21107,2,Young Grocery
21108,0,Older Long-Tenure Grocery
21110,4,Promotion Seekers
21111,4,Promotion Seekers
21112,4,Promotion Seekers
21113,4,Promotion Seekers
21114,2,Young Grocery
21115,6,Protein Enjoyers
21116,4,Promotion Seekers
21117,2,Young Grocery
21118,7,Service Sensitive
21119,2,Young Grocery
21122,1,Vegetables-Hygiene Oriented
21123,4,Promotion Seekers
21124,4,Promotion Seekers
21125,6,Protein Enjoyers
21126,0,Older Long-Tenure Grocery
21129,1,Vegetables-Hygiene Oriented
21130,3,Tech Enthusiasts
21131,5,Large Families
21132,4,Promotion Seekers
21133,1,Vegetables-Hygiene Oriented
21135,2,Young Grocery
21136,1,Vegetables-Hygiene Oriented
21137,0,Older Long-Tenure Grocery
21138,1,Vegetables-Hygiene Oriented
21139,5,Large Families
21140,1,Vegetables-Hygiene Oriented
21141,3,Tech Enthusiasts
21142,5,Large Families
21143,1,Vegetables-Hygiene Oriented
21144,4,Promotion Seekers
21145,3,Tech Enthusiasts
21147,4,Promotion Seekers
21148,4,Promotion Seekers
21150,4,Promotion Seekers
21151,0,Older Long-Tenure Grocery
21152,1,Vegetables-Hygiene Oriented
21153,2,Young Grocery
21154,4,Promotion Seekers
21155,7,Service Sensitive
21156,0,Older Long-Tenure Grocery
21157,0,Older Long-Tenure Grocery
21158,3,Tech Enthusiasts
21159,4,Promotion Seekers
21160,6,Protein Enjoyers
21161,3,Tech Enthusiasts
21162,1,Vegetables-Hygiene Oriented
21163,5,Large Families
21164,0,Older Long-Tenure Grocery
21165,3,Tech Enthusiasts
21166,0,Older Long-Tenure Grocery
21167,0,Older Long-Tenure Grocery
21168,1,Vegetables-Hygiene Oriented
21169,3,Tech Enthusiasts
21170,7,Service Sensitive
21171,0,Older Long-Tenure Grocery
21172,3,Tech Enthusiasts
21173,0,Older Long-Tenure Grocery
21174,0,Older Long-Tenure Grocery
21175,2,Young Grocery
21176,4,Promotion Seekers
21177,5,Large Families
21180,2,Young Grocery
21181,4,Promotion Seekers
21182,7,Service Sensitive
21183,2,Young Grocery
21184,3,Tech Enthusiasts
21185,4,Promotion Seekers
21186,6,Protein Enjoyers
21187,0,Older Long-Tenure Grocery
21188,3,Tech Enthusiasts
21190,4,Promotion Seekers
21191,1,Vegetables-Hygiene Oriented
21192,3,Tech Enthusiasts
21193,1,Vegetables-Hygiene Oriented
21194,2,Young Grocery
21195,0,Older Long-Tenure Grocery
21196,3,Tech Enthusiasts
21197,4,Promotion Seekers
21198,1,Vegetables-Hygiene Oriented
21199,4,Promotion Seekers
21200,2,Young Grocery
21201,0,Older Long-Tenure Grocery
21203,7,Service Sensitive
21204,5,Large Families
21205,3,Tech Enthusiasts
21206,3,Tech Enthusiasts
21207,1,Vegetables-Hygiene Oriented
21208,1,Vegetables-Hygiene Oriented
21209,3,Tech Enthusiasts
21210,5,Large Families
21211,1,Vegetables-Hygiene Oriented
21212,4,Promotion Seekers
21213,3,Tech Enthusiasts
21215,0,Older Long-Tenure Grocery
21216,0,Older Long-Tenure Grocery
21217,0,Older Long-Tenure Grocery
21218,1,Vegetables-Hygiene Oriented
21220,0,Older Long-Tenure Grocery
21221,0,Older Long-Tenure Grocery
21222,4,Promotion Seekers
21223,7,Service Sensitive
21224,6,Protein Enjoyers
21225,1,Vegetables-Hygiene Oriented
21226,4,Promotion Seekers
21227,4,Promotion Seekers
21228,3,Tech Enthusiasts
21229,2,Young Grocery
21230,4,Promotion Seekers
21231,4,Promotion Seekers
21232,2,Young Grocery
21233,4,Promotion Seekers
21237,7,Service Sensitive
21238,4,Promotion Seekers
21239,0,Older Long-Tenure Grocery
21242,2,Young Grocery
21243,1,Vegetables-Hygiene Oriented
21244,5,Large Families
21245,0,Older Long-Tenure Grocery
21246,3,Tech Enthusiasts
21247,6,Protein Enjoyers
21248,1,Vegetables-Hygiene Oriented
21250,5,Large Families
21251,1,Vegetables-Hygiene Oriented
21254,1,Vegetables-Hygiene Oriented
21255,5,Large Families
21256,0,Older Long-Tenure Grocery
21257,2,Young Grocery
21258,7,Service Sensitive
21260,0,Older Long-Tenure Grocery
21261,5,Large Families
21262,3,Tech Enthusiasts
21263,3,Tech Enthusiasts
21267,0,Older Long-Tenure Grocery
21268,7,Service Sensitive
21269,5,Large Families
21270,4,Promotion Seekers
21271,2,Young Grocery
21272,1,Vegetables-Hygiene Oriented
21273,1,Vegetables-Hygiene Oriented
21274,4,Promotion Seekers
21275,1,Vegetables-Hygiene Oriented
21276,0,Older Long-Tenure Grocery
21277,7,Service Sensitive
21279,5,Large Families
21280,4,Promotion Seekers
21281,5,Large Families
21282,3,Tech Enthusiasts
21284,7,Service Sensitive
21285,4,Promotion Seekers
21286,2,Young Grocery
21288,7,Service Sensitive
21289,4,Promotion Seekers
21290,1,Vegetables-Hygiene Oriented
21291,4,Promotion Seekers
21292,1,Vegetables-Hygiene Oriented
21293,0,Older Long-Tenure Grocery
21294,0,Older Long-Tenure Grocery
21295,3,Tech Enthusiasts
21296,0,Older Long-Tenure Grocery
21297,2,Young Grocery
21298,3,Tech Enthusiasts
21299,0,Older Long-Tenure Grocery
21300,0,Older Long-Tenure Grocery
21301,0,Older Long-Tenure Grocery
21302,6,Protein Enjoyers
21303,7,Service Sensitive
21304,0,Older Long-Tenure Grocery
21305,7,Service Sensitive
21306,7,Service Sensitive
21307,2,Young Grocery
21308,1,Vegetables-Hygiene Oriented
21309,5,Large Families
21310,4,Promotion Seekers
21311,7,Service Sensitive
21312,0,Older Long-Tenure Grocery
21313,4,Promotion Seekers
21314,4,Promotion Seekers
21315,0,Older Long-Tenure Grocery
21316,1,Vegetables-Hygiene Oriented
21317,0,Older Long-Tenure Grocery
21318,1,Vegetables-Hygiene Oriented
21320,0,Older Long-Tenure Grocery
21322,1,Vegetables-Hygiene Oriented
21323,0,Older Long-Tenure Grocery
21324,4,Promotion Seekers
21326,4,Promotion Seekers
21328,6,Protein Enjoyers
21329,3,Tech Enthusiasts
21331,4,Promotion Seekers
21332,2,Young Grocery
21333,4,Promotion Seekers
21334,2,Young Grocery
21335,2,Young Grocery
21337,6,Protein Enjoyers
21338,0,Older Long-Tenure Grocery
21339,4,Promotion Seekers
21340,4,Promotion Seekers
21342,4,Promotion Seekers
21343,6,Protein Enjoyers
21344,2,Young Grocery
21345,4,Promotion Seekers
21346,4,Promotion Seekers
21347,1,Vegetables-Hygiene Oriented
21349,1,Vegetables-Hygiene Oriented
21350,0,Older Long-Tenure Grocery
21351,0,Older Long-Tenure Grocery
21352,2,Young Grocery
21355,7,Service Sensitive
21356,5,Large Families
21357,4,Promotion Seekers
21358,5,Large Families
21359,1,Vegetables-Hygiene Oriented
21360,1,Vegetables-Hygiene Oriented
21363,1,Vegetables-Hygiene Oriented
21364,2,Young Grocery
21366,7,Service Sensitive
21368,1,Vegetables-Hygiene Oriented
21369,1,Vegetables-Hygiene Oriented
21370,1,Vegetables-Hygiene Oriented
21371,3,Tech Enthusiasts
21372,2,Young Grocery
21373,1,Vegetables-Hygiene Oriented
21374,0,Older Long-Tenure Grocery
21375,2,Young Grocery
21376,0,Older Long-Tenure Grocery
21379,2,Young Grocery
21380,7,Service Sensitive
21381,4,Promotion Seekers
21382,2,Young Grocery
21383,1,Vegetables-Hygiene Oriented
21384,4,Promotion Seekers
21385,4,Promotion Seekers
21386,0,Older Long-Tenure Grocery
21388,3,Tech Enthusiasts
21389,6,Protein Enjoyers
21390,0,Older Long-Tenure Grocery
21391,4,Promotion Seekers
21393,1,Vegetables-Hygiene Oriented
21394,1,Vegetables-Hygiene Oriented
21396,7,Service Sensitive
21397,1,Vegetables-Hygiene Oriented
21398,0,Older Long-Tenure Grocery
21399,4,Promotion Seekers
21401,5,Large Families
21402,2,Young Grocery
21403,2,Young Grocery
21404,1,Vegetables-Hygiene Oriented
21405,1,Vegetables-Hygiene Oriented
21406,1,Vegetables-Hygiene Oriented
21407,0,Older Long-Tenure Grocery
21408,0,Older Long-Tenure Grocery
21409,2,Young Grocery
21410,0,Older Long-Tenure Grocery
21412,5,Large Families
21413,4,Promotion Seekers
21415,2,Young Grocery
21416,0,Older Long-Tenure Grocery
21417,4,Promotion Seekers
21418,1,Vegetables-Hygiene Oriented
21419,5,Large Families
21420,4,Promotion Seekers
21421,3,Tech Enthusiasts
21422,0,Older Long-Tenure Grocery
21423,0,Older Long-Tenure Grocery
21424,0,Older Long-Tenure Grocery
21426,4,Promotion Seekers
21427,1,Vegetables-Hygiene Oriented
21428,4,Promotion Seekers
21430,1,Vegetables-Hygiene Oriented
21431,7,Service Sensitive
21432,4,Promotion Seekers
21433,4,Promotion Seekers
21434,0,Older Long-Tenure Grocery
21435,4,Promotion Seekers
21436,4,Promotion Seekers
21438,2,Young Grocery
21441,2,Young Grocery
21442,3,Tech Enthusiasts
21443,4,Promotion Seekers
21444,1,Vegetables-Hygiene Oriented
21445,7,Service Sensitive
21446,7,Service Sensitive
21447,2,Young Grocery
21448,0,Older Long-Tenure Grocery
21449,0,Older Long-Tenure Grocery
21450,0,Older Long-Tenure Grocery
21451,0,Older Long-Tenure Grocery
21452,5,Large Families
21453,2,Young Grocery
21454,1,Vegetables-Hygiene Oriented
21455,1,Vegetables-Hygiene Oriented
21456,1,Vegetables-Hygiene Oriented
21457,1,Vegetables-Hygiene Oriented
21458,3,Tech Enthusiasts
21460,4,Promotion Seekers
21461,4,Promotion Seekers
21462,0,Older Long-Tenure Grocery
21464,0,Older Long-Tenure Grocery
21465,0,Older Long-Tenure Grocery
21466,1,Vegetables-Hygiene Oriented
21467,5,Large Families
21468,3,Tech Enthusiasts
21469,2,Young Grocery
21470,0,Older Long-Tenure Grocery
21472,0,Older Long-Tenure Grocery
21473,0,Older Long-Tenure Grocery
21474,4,Promotion Seekers
21475,0,Older Long-Tenure Grocery
21476,4,Promotion Seekers
21477,7,Service Sensitive
21479,0,Older Long-Tenure Grocery
21480,5,Large Families
21483,0,Older Long-Tenure Grocery
21486,4,Promotion Seekers
21487,3,Tech Enthusiasts
21488,1,Vegetables-Hygiene Oriented
21490,1,Vegetables-Hygiene Oriented
21491,0,Older Long-Tenure Grocery
21492,2,Young Grocery
21493,7,Service Sensitive
21495,0,Older Long-Tenure Grocery
21496,0,Older Long-Tenure Grocery
21497,7,Service Sensitive
21498,0,Older Long-Tenure Grocery
21499,5,Large Families
21500,0,Older Long-Tenure Grocery
21501,0,Older Long-Tenure Grocery
21503,3,Tech Enthusiasts
21504,4,Promotion Seekers
21506,0,Older Long-Tenure Grocery
21507,1,Vegetables-Hygiene Oriented
21508,2,Young Grocery
21510,6,Protein Enjoyers
21511,0,Older Long-Tenure Grocery
21512,4,Promotion Seekers
21515,4,Promotion Seekers
21516,1,Vegetables-Hygiene Oriented
21517,0,Older Long-Tenure Grocery
21519,0,Older Long-Tenure Grocery
21520,3,Tech Enthusiasts
21521,7,Service Sensitive
21522,5,Large Families
21523,1,Vegetables-Hygiene Oriented
21524,4,Promotion Seekers
21525,7,Service Sensitive
21527,0,Older Long-Tenure Grocery
21528,1,Vegetables-Hygiene Oriented
21529,3,Tech Enthusiasts
21531,6,Protein Enjoyers
21532,7,Service Sensitive
21533,4,Promotion Seekers
21534,1,Vegetables-Hygiene Oriented
21535,0,Older Long-Tenure Grocery
21536,4,Promotion Seekers
21537,1,Vegetables-Hygiene Oriented
21538,1,Vegetables-Hygiene Oriented
21539,7,Service Sensitive
21540,3,Tech Enthusiasts
21542,1,Vegetables-Hygiene Oriented
21544,3,Tech Enthusiasts
21545,0,Older Long-Tenure Grocery
21546,0,Older Long-Tenure Grocery
21547,0,Older Long-Tenure Grocery
21548,0,Older Long-Tenure Grocery
21549,5,Large Families
21550,2,Young Grocery
21551,2,Young Grocery
21552,4,Promotion Seekers
21553,0,Older Long-Tenure Grocery
21554,4,Promotion Seekers
21555,7,Service Sensitive
21556,4,Promotion Seekers
21558,2,Young Grocery
21559,6,Protein Enjoyers
21560,1,Vegetables-Hygiene Oriented
21561,4,Promotion Seekers
21562,4,Promotion Seekers
21563,0,Older Long-Tenure Grocery
21564,1,Vegetables-Hygiene Oriented
21565,0,Older Long-Tenure Grocery
21567,7,Service Sensitive
21568,0,Older Long-Tenure Grocery
21569,4,Promotion Seekers
21571,4,Promotion Seekers
21572,3,Tech Enthusiasts
21573,6,Protein Enjoyers
21574,1,Vegetables-Hygiene Oriented
21575,2,Young Grocery
21576,4,Promotion Seekers
21577,0,Older Long-Tenure Grocery
21578,7,Service Sensitive
21579,0,Older Long-Tenure Grocery
21580,1,Vegetables-Hygiene Oriented
21581,2,Young Grocery
21582,3,Tech Enthusiasts
21583,2,Young Grocery
21584,2,Young Grocery
21585,6,Protein Enjoyers
21586,0,Older Long-Tenure Grocery
21587,3,Tech Enthusiasts
21588,0,Older Long-Tenure Grocery
21589,7,Service Sensitive
21590,1,Vegetables-Hygiene Oriented
21592,1,Vegetables-Hygiene Oriented
21593,1,Vegetables-Hygiene Oriented
21594,1,Vegetables-Hygiene Oriented
21595,0,Older Long-Tenure Grocery
21596,1,Vegetables-Hygiene Oriented
21597,0,Older Long-Tenure Grocery
21598,1,Vegetables-Hygiene Oriented
21599,0,Older Long-Tenure Grocery
21601,3,Tech Enthusiasts
21602,2,Young Grocery
21603,7,Service Sensitive
21604,5,Large Families
21606,1,Vegetables-Hygiene Oriented
21607,5,Large Families
21608,7,Service Sensitive
21609,1,Vegetables-Hygiene Oriented
21610,3,Tech Enthusiasts
21611,7,Service Sensitive
21612,1,Vegetables-Hygiene Oriented
21613,0,Older Long-Tenure Grocery
21615,2,Young Grocery
21616,3,Tech Enthusiasts
21617,7,Service Sensitive
21619,7,Service Sensitive
21620,4,Promotion Seekers
21622,7,Service Sensitive
21624,4,Promotion Seekers
21625,1,Vegetables-Hygiene Oriented
21626,1,Vegetables-Hygiene Oriented
21627,4,Promotion Seekers
21628,6,Protein Enjoyers
21629,0,Older Long-Tenure Grocery
21630,1,Vegetables-Hygiene Oriented
21631,4,Promotion Seekers
21632,4,Promotion Seekers
21634,3,Tech Enthusiasts
21635,7,Service Sensitive
21636,0,Older Long-Tenure Grocery
21637,7,Service Sensitive
21639,4,Promotion Seekers
21640,0,Older Long-Tenure Grocery
21642,2,Young Grocery
21643,2,Young Grocery
21644,7,Service Sensitive
21645,2,Young Grocery
21646,2,Young Grocery
21647,2,Young Grocery
21648,0,Older Long-Tenure Grocery
21649,0,Older Long-Tenure Grocery
21650,4,Promotion Seekers
21651,0,Older Long-Tenure Grocery
21652,5,Large Families
21653,2,Young Grocery
21654,2,Young Grocery
21660,1,Vegetables-Hygiene Oriented
21661,5,Large Families
21662,1,Vegetables-Hygiene Oriented
21663,7,Service Sensitive
21664,5,Large Families
21666,3,Tech Enthusiasts
21667,0,Older Long-Tenure Grocery
21668,4,Promotion Seekers
21669,4,Promotion Seekers
21670,1,Vegetables-Hygiene Oriented
21672,1,Vegetables-Hygiene Oriented
21673,3,Tech Enthusiasts
21674,1,Vegetables-Hygiene Oriented
21675,2,Young Grocery
21676,7,Service Sensitive
21677,4,Promotion Seekers
21678,6,Protein Enjoyers
21679,4,Promotion Seekers
21680,3,Tech Enthusiasts
21681,1,Vegetables-Hygiene Oriented
21683,0,Older Long-Tenure Grocery
21684,0,Older Long-Tenure Grocery
21685,1,Vegetables-Hygiene Oriented
21686,0,Older Long-Tenure Grocery
21687,7,Service Sensitive
21688,4,Promotion Seekers
21689,4,Promotion Seekers
21690,0,Older Long-Tenure Grocery
21691,4,Promotion Seekers
21692,2,Young Grocery
21693,1,Vegetables-Hygiene Oriented
21694,1,Vegetables-Hygiene Oriented
21695,6,Protein Enjoyers
21696,7,Service Sensitive
21697,4,Promotion Seekers
21698,7,Service Sensitive
21700,0,Older Long-Tenure Grocery
21702,6,Protein Enjoyers
21703,6,Protein Enjoyers
21704,2,Young Grocery
21705,6,Protein Enjoyers
21706,0,Older Long-Tenure Grocery
21707,2,Young Grocery
21708,5,Large Families
21709,0,Older Long-Tenure Grocery
21710,6,Protein Enjoyers
21711,1,Vegetables-Hygiene Oriented
21713,1,Vegetables-Hygiene Oriented
21714,0,Older Long-Tenure Grocery
21715,0,Older Long-Tenure Grocery
21716,0,Older Long-Tenure Grocery
21717,1,Vegetables-Hygiene Oriented
21718,0,Older Long-Tenure Grocery
21719,0,Older Long-Tenure Grocery
21721,5,Large Families
21722,5,Large Families
21724,4,Promotion Seekers
21725,1,Vegetables-Hygiene Oriented
21727,6,Protein Enjoyers
21728,1,Vegetables-Hygiene Oriented
21729,4,Promotion Seekers
21732,4,Promotion Seekers
21733,0,Older Long-Tenure Grocery
21734,4,Promotion Seekers
21735,6,Protein Enjoyers
21736,7,Service Sensitive
21737,4,Promotion Seekers
21738,1,Vegetables-Hygiene Oriented
21740,4,Promotion Seekers
21741,3,Tech Enthusiasts
21742,2,Young Grocery
21743,2,Young Grocery
21744,0,Older Long-Tenure Grocery
21745,0,Older Long-Tenure Grocery
21746,7,Service Sensitive
21747,1,Vegetables-Hygiene Oriented
21748,0,Older Long-Tenure Grocery
21749,0,Older Long-Tenure Grocery
21750,0,Older Long-Tenure Grocery
21751,5,Large Families
21752,2,Young Grocery
21753,0,Older Long-Tenure Grocery
21755,1,Vegetables-Hygiene Oriented
21756,5,Large Families
21757,1,Vegetables-Hygiene Oriented
21758,4,Promotion Seekers
21759,4,Promotion Seekers
21760,4,Promotion Seekers
21761,7,Service Sensitive
21762,2,Young Grocery
21763,0,Older Long-Tenure Grocery
21764,1,Vegetables-Hygiene Oriented
21765,0,Older Long-Tenure Grocery
21766,4,Promotion Seekers
21768,7,Service Sensitive
21769,6,Protein Enjoyers
21770,0,Older Long-Tenure Grocery
21771,0,Older Long-Tenure Grocery
21772,2,Young Grocery
21773,4,Promotion Seekers
21774,7,Service Sensitive
21775,1,Vegetables-Hygiene Oriented
21776,3,Tech Enthusiasts
21777,4,Promotion Seekers
21778,6,Protein Enjoyers
21779,1,Vegetables-Hygiene Oriented
21780,5,Large Families
21781,1,Vegetables-Hygiene Oriented
21782,5,Large Families
21783,2,Young Grocery
21784,0,Older Long-Tenure Grocery
21786,0,Older Long-Tenure Grocery
21787,2,Young Grocery
21788,2,Young Grocery
21789,0,Older Long-Tenure Grocery
21790,1,Vegetables-Hygiene Oriented
21791,4,Promotion Seekers
21792,1,Vegetables-Hygiene Oriented
21793,2,Young Grocery
21794,3,Tech Enthusiasts
21795,2,Young Grocery
21797,4,Promotion Seekers
21798,6,Protein Enjoyers
21799,1,Vegetables-Hygiene Oriented
21800,5,Large Families
21801,0,Older Long-Tenure Grocery
21802,0,Older Long-Tenure Grocery
21804,2,Young Grocery
21806,7,Service Sensitive
21807,4,Promotion Seekers
21808,7,Service Sensitive
21809,3,Tech Enthusiasts
21810,4,Promotion Seekers
21811,2,Young Grocery
21812,7,Service Sensitive
21813,0,Older Long-Tenure Grocery
21814,7,Service Sensitive
21815,0,Older Long-Tenure Grocery
21816,4,Promotion Seekers
21817,2,Young Grocery
21818,7,Service Sensitive
21819,4,Promotion Seekers
21821,7,Service Sensitive
21822,0,Older Long-Tenure Grocery
21823,2,Young Grocery
21824,5,Large Families
21825,6,Protein Enjoyers
21826,0,Older Long-Tenure Grocery
21828,1,Vegetables-Hygiene Oriented
21829,0,Older Long-Tenure Grocery
21831,7,Service Sensitive
21832,7,Service Sensitive
21833,3,Tech Enthusiasts
21835,0,Older Long-Tenure Grocery
21836,0,Older Long-Tenure Grocery
21837,3,Tech Enthusiasts
21838,1,Vegetables-Hygiene Oriented
21839,4,Promotion Seekers
21840,4,Promotion Seekers
21841,4,Promotion Seekers
21842,6,Protein Enjoyers
21843,5,Large Families
21844,7,Service Sensitive
21845,2,Young Grocery
21849,0,Older Long-Tenure Grocery
21850,5,Large Families
21851,2,Young Grocery
21852,0,Older Long-Tenure Grocery
21853,1,Vegetables-Hygiene Oriented
21854,4,Promotion Seekers
21855,4,Promotion Seekers
21856,4,Promotion Seekers
21857,2,Young Grocery
21858,2,Young Grocery
21860,4,Promotion Seekers
21861,0,Older Long-Tenure Grocery
21862,6,Protein Enjoyers
21863,0,Older Long-Tenure Grocery
21864,1,Vegetables-Hygiene Oriented
21867,1,Vegetables-Hygiene Oriented
21868,7,Service Sensitive
21870,6,Protein Enjoyers
21873,4,Promotion Seekers
21874,6,Protein Enjoyers
21875,1,Vegetables-Hygiene Oriented
21876,0,Older Long-Tenure Grocery
21877,1,Vegetables-Hygiene Oriented
21878,5,Large Families
21880,0,Older Long-Tenure Grocery
21881,0,Older Long-Tenure Grocery
21883,4,Promotion Seekers
21884,4,Promotion Seekers
21885,4,Promotion Seekers
21886,4,Promotion Seekers
21887,5,Large Families
21889,0,Older Long-Tenure Grocery
21890,1,Vegetables-Hygiene Oriented
21891,0,Older Long-Tenure Grocery
21892,7,Service Sensitive
21893,4,Promotion Seekers
21894,0,Older Long-Tenure Grocery
21895,4,Promotion Seekers
21896,0,Older Long-Tenure Grocery
21897,5,Large Families
21899,0,Older Long-Tenure Grocery
21900,7,Service Sensitive
21901,0,Older Long-Tenure Grocery
21902,4,Promotion Seekers
21903,7,Service Sensitive
21904,3,Tech Enthusiasts
21905,6,Protein Enjoyers
21907,3,Tech Enthusiasts
21908,1,Vegetables-Hygiene Oriented
21909,0,Older Long-Tenure Grocery
21910,4,Promotion Seekers
21911,3,Tech Enthusiasts
21912,4,Promotion Seekers
21914,1,Vegetables-Hygiene Oriented
21915,0,Older Long-Tenure Grocery
21916,0,Older Long-Tenure Grocery
21917,0,Older Long-Tenure Grocery
21918,1,Vegetables-Hygiene Oriented
21920,2,Young Grocery
21921,0,Older Long-Tenure Grocery
21923,4,Promotion Seekers
21924,4,Promotion Seekers
21926,2,Young Grocery
21927,4,Promotion Seekers
21929,3,Tech Enthusiasts
21930,0,Older Long-Tenure Grocery
21933,7,Service Sensitive
21934,7,Service Sensitive
21935,2,Young Grocery
21936,1,Vegetables-Hygiene Oriented
21937,4,Promotion Seekers
21938,6,Protein Enjoyers
21939,7,Service Sensitive
21940,2,Young Grocery
21941,7,Service Sensitive
21942,3,Tech Enthusiasts
21943,2,Young Grocery
21944,7,Service Sensitive
21945,2,Young Grocery
21946,3,Tech Enthusiasts
21947,1,Vegetables-Hygiene Oriented
21948,4,Promotion Seekers
21949,0,Older Long-Tenure Grocery
21950,0,Older Long-Tenure Grocery
21952,0,Older Long-Tenure Grocery
21953,7,Service Sensitive
21954,4,Promotion Seekers
21955,7,Service Sensitive
21956,1,Vegetables-Hygiene Oriented
21959,4,Promotion Seekers
21960,4,Promotion Seekers
21961,7,Service Sensitive
21962,6,Protein Enjoyers
21963,4,Promotion Seekers
21964,5,Large Families
21966,6,Protein Enjoyers
21967,0,Older Long-Tenure Grocery
21968,1,Vegetables-Hygiene Oriented
21970,6,Protein Enjoyers
21971,4,Promotion Seekers
21972,0,Older Long-Tenure Grocery
21973,2,Young Grocery
21974,0,Older Long-Tenure Grocery
21975,4,Promotion Seekers
21976,4,Promotion Seekers
21977,0,Older Long-Tenure Grocery
21982,3,Tech Enthusiasts
21983,3,Tech Enthusiasts
21984,2,Young Grocery
21986,7,Service Sensitive
21987,3,Tech Enthusiasts
21988,1,Vegetables-Hygiene Oriented
21990,0,Older Long-Tenure Grocery
21991,0,Older Long-Tenure Grocery
21993,3,Tech Enthusiasts
21994,2,Young Grocery
21995,5,Large Families
21996,7,Service Sensitive
21997,7,Service Sensitive
21998,4,Promotion Seekers
22000,3,Tech Enthusiasts
22001,2,Young Grocery
22002,1,Vegetables-Hygiene Oriented
22003,0,Older Long-Tenure Grocery
22004,1,Vegetables-Hygiene Oriented
22005,2,Young Grocery
22006,0,Older Long-Tenure Grocery
22007,4,Promotion Seekers
22008,4,Promotion Seekers
22009,0,Older Long-Tenure Grocery
22010,1,Vegetables-Hygiene Oriented
22011,5,Large Families
22012,1,Vegetables-Hygiene Oriented
22013,5,Large Families
22014,0,Older Long-Tenure Grocery
22015,4,Promotion Seekers
22016,4,Promotion Seekers
22017,4,Promotion Seekers
22018,7,Service Sensitive
22019,0,Older Long-Tenure Grocery
22020,4,Promotion Seekers
22021,0,Older Long-Tenure Grocery
22023,3,Tech Enthusiasts
22027,3,Tech Enthusiasts
22029,2,Young Grocery
22031,1,Vegetables-Hygiene Oriented
22032,4,Promotion Seekers
22034,7,Service Sensitive
22035,6,Protein Enjoyers
22036,4,Promotion Seekers
22037,0,Older Long-Tenure Grocery
22038,5,Large Families
22039,5,Large Families
22040,0,Older Long-Tenure Grocery
22041,2,Young Grocery
22042,1,Vegetables-Hygiene Oriented
22043,1,Vegetables-Hygiene Oriented
22044,4,Promotion Seekers
22045,3,Tech Enthusiasts
22046,2,Young Grocery
22047,0,Older Long-Tenure Grocery
22048,1,Vegetables-Hygiene Oriented
22049,4,Promotion Seekers
22051,0,Older Long-Tenure Grocery
22052,5,Large Families
22053,4,Promotion Seekers
22054,0,Older Long-Tenure Grocery
22055,0,Older Long-Tenure Grocery
22056,4,Promotion Seekers
22057,1,Vegetables-Hygiene Oriented
22058,4,Promotion Seekers
22059,4,Promotion Seekers
22060,3,Tech Enthusiasts
22062,2,Young Grocery
22063,5,Large Families
22064,0,Older Long-Tenure Grocery
22065,4,Promotion Seekers
22066,7,Service Sensitive
22067,1,Vegetables-Hygiene Oriented
22070,7,Service Sensitive
22071,2,Young Grocery
22072,4,Promotion Seekers
22073,1,Vegetables-Hygiene Oriented
22074,2,Young Grocery
22075,2,Young Grocery
22076,1,Vegetables-Hygiene Oriented
22077,4,Promotion Seekers
22078,1,Vegetables-Hygiene Oriented
22080,1,Vegetables-Hygiene Oriented
22081,0,Older Long-Tenure Grocery
22082,4,Promotion Seekers
22083,3,Tech Enthusiasts
22086,1,Vegetables-Hygiene Oriented
22087,4,Promotion Seekers
22088,1,Vegetables-Hygiene Oriented
22089,1,Vegetables-Hygiene Oriented
22090,5,Large Families
22091,3,Tech Enthusiasts
22092,5,Large Families
22093,4,Promotion Seekers
22095,1,Vegetables-Hygiene Oriented
22096,1,Vegetables-Hygiene Oriented
22098,7,Service Sensitive
22099,0,Older Long-Tenure Grocery
22100,0,Older Long-Tenure Grocery
22101,2,Young Grocery
22102,1,Vegetables-Hygiene Oriented
22106,2,Young Grocery
22107,0,Older Long-Tenure Grocery
22108,0,Older Long-Tenure Grocery
22109,5,Large Families
22110,0,Older Long-Tenure Grocery
22111,0,Older Long-Tenure Grocery
22112,7,Service Sensitive
22114,2,Young Grocery
22116,0,Older Long-Tenure Grocery
22117,1,Vegetables-Hygiene Oriented
22118,0,Older Long-Tenure Grocery
22119,2,Young Grocery
22121,1,Vegetables-Hygiene Oriented
22122,1,Vegetables-Hygiene Oriented
22125,7,Service Sensitive
22126,0,Older Long-Tenure Grocery
22127,6,Protein Enjoyers
22128,3,Tech Enthusiasts
22129,3,Tech Enthusiasts
22131,1,Vegetables-Hygiene Oriented
22132,2,Young Grocery
22133,0,Older Long-Tenure Grocery
22134,4,Promotion Seekers
22135,4,Promotion Seekers
22136,2,Young Grocery
22137,0,Older Long-Tenure Grocery
22138,2,Young Grocery
22140,1,Vegetables-Hygiene Oriented
22141,0,Older Long-Tenure Grocery
22142,0,Older Long-Tenure Grocery
22143,4,Promotion Seekers
22144,2,Young Grocery
22145,5,Large Families
22149,1,Vegetables-Hygiene Oriented
22150,0,Older Long-Tenure Grocery
22151,2,Young Grocery
22152,2,Young Grocery
22153,1,Vegetables-Hygiene Oriented
22154,0,Older Long-Tenure Grocery
22156,3,Tech Enthusiasts
22157,3,Tech Enthusiasts
22158,1,Vegetables-Hygiene Oriented
22159,0,Older Long-Tenure Grocery
22160,7,Service Sensitive
22161,0,Older Long-Tenure Grocery
22162,3,Tech Enthusiasts
22163,3,Tech Enthusiasts
22164,3,Tech Enthusiasts
22165,4,Promotion Seekers
22166,2,Young Grocery
22168,4,Promotion Seekers
22171,7,Service Sensitive
22172,2,Young Grocery
22173,1,Vegetables-Hygiene Oriented
22176,4,Promotion Seekers
22177,7,Service Sensitive
22179,7,Service Sensitive
22180,4,Promotion Seekers
22181,7,Service Sensitive
22182,7,Service Sensitive
22183,6,Protein Enjoyers
22184,1,Vegetables-Hygiene Oriented
22185,0,Older Long-Tenure Grocery
22188,0,Older Long-Tenure Grocery
22190,6,Protein Enjoyers
22192,7,Service Sensitive
22193,4,Promotion Seekers
22194,5,Large Families
22196,4,Promotion Seekers
22197,1,Vegetables-Hygiene Oriented
22198,5,Large Families
22199,0,Older Long-Tenure Grocery
22200,1,Vegetables-Hygiene Oriented
22202,0,Older Long-Tenure Grocery
22203,7,Service Sensitive
22204,4,Promotion Seekers
22205,3,Tech Enthusiasts
22206,4,Promotion Seekers
22207,4,Promotion Seekers
22208,0,Older Long-Tenure Grocery
22209,3,Tech Enthusiasts
22210,1,Vegetables-Hygiene Oriented
22211,1,Vegetables-Hygiene Oriented
22212,7,Service Sensitive
22213,1,Vegetables-Hygiene Oriented
22215,4,Promotion Seekers
22216,7,Service Sensitive
22217,1,Vegetables-Hygiene Oriented
22218,2,Young Grocery
22219,3,Tech Enthusiasts
22220,7,Service Sensitive
22221,4,Promotion Seekers
22222,4,Promotion Seekers
22223,2,Young Grocery
22224,4,Promotion Seekers
22225,6,Protein Enjoyers
22227,0,Older Long-Tenure Grocery
22228,6,Protein Enjoyers
22229,0,Older Long-Tenure Grocery
22230,2,Young Grocery
22231,1,Vegetables-Hygiene Oriented
22232,1,Vegetables-Hygiene Oriented
22235,0,Older Long-Tenure Grocery
22236,1,Vegetables-Hygiene Oriented
22237,7,Service Sensitive
22238,7,Service Sensitive
22240,6,Protein Enjoyers
22241,3,Tech Enthusiasts
22242,1,Vegetables-Hygiene Oriented
22243,3,Tech Enthusiasts
22244,2,Young Grocery
22245,0,Older Long-Tenure Grocery
22248,1,Vegetables-Hygiene Oriented
22249,3,Tech Enthusiasts
22250,7,Service Sensitive
22251,5,Large Families
22254,2,Young Grocery
22255,2,Young Grocery
22257,3,Tech Enthusiasts
22258,1,Vegetables-Hygiene Oriented
22259,0,Older Long-Tenure Grocery
22260,0,Older Long-Tenure Grocery
22261,4,Promotion Seekers
22263,4,Promotion Seekers
22264,0,Older Long-Tenure Grocery
22265,0,Older Long-Tenure Grocery
22266,0,Older Long-Tenure Grocery
22267,4,Promotion Seekers
22268,1,Vegetables-Hygiene Oriented
22269,2,Young Grocery
22270,7,Service Sensitive
22271,1,Vegetables-Hygiene Oriented
22273,5,Large Families
22274,4,Promotion Seekers
22275,2,Young Grocery
22276,7,Service Sensitive
22277,6,Protein Enjoyers
22278,2,Young Grocery
22279,1,Vegetables-Hygiene Oriented
22280,0,Older Long-Tenure Grocery
22281,2,Young Grocery
22282,2,Young Grocery
22284,3,Tech Enthusiasts
22285,3,Tech Enthusiasts
22288,2,Young Grocery
22289,1,Vegetables-Hygiene Oriented
22290,3,Tech Enthusiasts
22291,2,Young Grocery
22293,1,Vegetables-Hygiene Oriented
22294,4,Promotion Seekers
22296,6,Protein Enjoyers
22297,0,Older Long-Tenure Grocery
22298,0,Older Long-Tenure Grocery
22300,0,Older Long-Tenure Grocery
22301,3,Tech Enthusiasts
22302,4,Promotion Seekers
22303,7,Service Sensitive
22304,0,Older Long-Tenure Grocery
22305,4,Promotion Seekers
22307,2,Young Grocery
22308,3,Tech Enthusiasts
22309,0,Older Long-Tenure Grocery
22310,4,Promotion Seekers
22313,0,Older Long-Tenure Grocery
22314,2,Young Grocery
22315,6,Protein Enjoyers
22316,1,Vegetables-Hygiene Oriented
22318,1,Vegetables-Hygiene Oriented
22320,7,Service Sensitive
22322,7,Service Sensitive
22323,7,Service Sensitive
22324,0,Older Long-Tenure Grocery
22326,2,Young Grocery
22327,4,Promotion Seekers
22328,1,Vegetables-Hygiene Oriented
22329,5,Large Families
22330,4,Promotion Seekers
22331,4,Promotion Seekers
22332,1,Vegetables-Hygiene Oriented
22333,0,Older Long-Tenure Grocery
22334,4,Promotion Seekers
22335,4,Promotion Seekers
22337,0,Older Long-Tenure Grocery
22338,6,Protein Enjoyers
22339,2,Young Grocery
22340,7,Service Sensitive
22341,0,Older Long-Tenure Grocery
22342,4,Promotion Seekers
22343,7,Service Sensitive
22344,0,Older Long-Tenure Grocery
22345,2,Young Grocery
22348,0,Older Long-Tenure Grocery
22350,1,Vegetables-Hygiene Oriented
22351,0,Older Long-Tenure Grocery
22352,2,Young Grocery
22353,3,Tech Enthusiasts
22354,4,Promotion Seekers
22355,3,Tech Enthusiasts
22356,6,Protein Enjoyers
22357,4,Promotion Seekers
22358,4,Promotion Seekers
22360,0,Older Long-Tenure Grocery
22361,1,Vegetables-Hygiene Oriented
22362,0,Older Long-Tenure Grocery
22363,1,Vegetables-Hygiene Oriented
22364,0,Older Long-Tenure Grocery
22365,7,Service Sensitive
22366,4,Promotion Seekers
22367,1,Vegetables-Hygiene Oriented
22368,3,Tech Enthusiasts
22369,1,Vegetables-Hygiene Oriented
22371,3,Tech Enthusiasts
22372,7,Service Sensitive
22373,2,Young Grocery
22374,3,Tech Enthusiasts
22376,5,Large Families
22377,2,Young Grocery
22378,1,Vegetables-Hygiene Oriented
22379,0,Older Long-Tenure Grocery
22380,7,Service Sensitive
22381,7,Service Sensitive
22382,5,Large Families
22383,2,Young Grocery
22384,0,Older Long-Tenure Grocery
22386,3,Tech Enthusiasts
22387,5,Large Families
22388,4,Promotion Seekers
22389,2,Young Grocery
22390,4,Promotion Seekers
22391,0,Older Long-Tenure Grocery
22393,6,Protein Enjoyers
22394,4,Promotion Seekers
22395,5,Large Families
22396,1,Vegetables-Hygiene Oriented
22398,0,Older Long-Tenure Grocery
22399,4,Promotion Seekers
22400,7,Service Sensitive
22401,7,Service Sensitive
22402,7,Service Sensitive
22403,0,Older Long-Tenure Grocery
22404,4,Promotion Seekers
22405,2,Young Grocery
22406,0,Older Long-Tenure Grocery
22408,7,Service Sensitive
22409,0,Older Long-Tenure Grocery
22410,7,Service Sensitive
22411,4,Promotion Seekers
22413,0,Older Long-Tenure Grocery
22414,3,Tech Enthusiasts
22416,2,Young Grocery
22417,1,Vegetables-Hygiene Oriented
22418,0,Older Long-Tenure Grocery
22419,7,Service Sensitive
22420,4,Promotion Seekers
22421,4,Promotion Seekers
22422,2,Young Grocery
22424,4,Promotion Seekers
22425,0,Older Long-Tenure Grocery
22426,7,Service Sensitive
22427,0,Older Long-Tenure Grocery
22428,4,Promotion Seekers
22429,0,Older Long-Tenure Grocery
22432,1,Vegetables-Hygiene Oriented
22434,1,Vegetables-Hygiene Oriented
22435,5,Large Families
22436,1,Vegetables-Hygiene Oriented
22438,0,Older Long-Tenure Grocery
22439,7,Service Sensitive
22440,4,Promotion Seekers
22441,3,Tech Enthusiasts
22442,0,Older Long-Tenure Grocery
22443,1,Vegetables-Hygiene Oriented
22444,1,Vegetables-Hygiene Oriented
22445,6,Protein Enjoyers
22446,5,Large Families
22447,5,Large Families
22448,0,Older Long-Tenure Grocery
22449,7,Service Sensitive
22450,1,Vegetables-Hygiene Oriented
22451,3,Tech Enthusiasts
22452,0,Older Long-Tenure Grocery
22453,0,Older Long-Tenure Grocery
22454,3,Tech Enthusiasts
22455,2,Young Grocery
22456,0,Older Long-Tenure Grocery
22458,2,Young Grocery
22459,0,Older Long-Tenure Grocery
22460,7,Service Sensitive
22461,1,Vegetables-Hygiene Oriented
22462,7,Service Sensitive
22463,1,Vegetables-Hygiene Oriented
22464,0,Older Long-Tenure Grocery
22467,7,Service Sensitive
22468,7,Service Sensitive
22472,7,Service Sensitive
22473,7,Service Sensitive
22474,7,Service Sensitive
22475,0,Older Long-Tenure Grocery
22476,4,Promotion Seekers
22477,1,Vegetables-Hygiene Oriented
22478,7,Service Sensitive
22479,4,Promotion Seekers
22480,2,Young Grocery
22481,2,Young Grocery
22483,7,Service Sensitive
22487,7,Service Sensitive
22488,6,Protein Enjoyers
22489,4,Promotion Seekers
22490,0,Older Long-Tenure Grocery
22491,3,Tech Enthusiasts
22492,0,Older Long-Tenure Grocery
22494,5,Large Families
22495,0,Older Long-Tenure Grocery
22496,0,Older Long-Tenure Grocery
22498,0,Older Long-Tenure Grocery
22499,0,Older Long-Tenure Grocery
22500,7,Service Sensitive
22501,0,Older Long-Tenure Grocery
22502,0,Older Long-Tenure Grocery
22503,0,Older Long-Tenure Grocery
22504,7,Service Sensitive
22505,2,Young Grocery
22506,4,Promotion Seekers
22507,4,Promotion Seekers
22508,4,Promotion Seekers
22509,0,Older Long-Tenure Grocery
22510,4,Promotion Seekers
22511,2,Young Grocery
22512,4,Promotion Seekers
22513,7,Service Sensitive
22514,4,Promotion Seekers
22515,3,Tech Enthusiasts
22516,7,Service Sensitive
22517,4,Promotion Seekers
22520,2,Young Grocery
22524,4,Promotion Seekers
22525,0,Older Long-Tenure Grocery
22526,1,Vegetables-Hygiene Oriented
22527,7,Service Sensitive
22528,4,Promotion Seekers
22529,6,Protein Enjoyers
22530,7,Service Sensitive
22531,4,Promotion Seekers
22532,4,Promotion Seekers
22534,1,Vegetables-Hygiene Oriented
22536,4,Promotion Seekers
22537,2,Young Grocery
22538,5,Large Families
22539,4,Promotion Seekers
22542,2,Young Grocery
22543,2,Young Grocery
22544,0,Older Long-Tenure Grocery
22547,1,Vegetables-Hygiene Oriented
22548,7,Service Sensitive
22549,7,Service Sensitive
22550,0,Older Long-Tenure Grocery
22551,2,Young Grocery
22553,0,Older Long-Tenure Grocery
22554,4,Promotion Seekers
22555,7,Service Sensitive
22556,2,Young Grocery
22557,1,Vegetables-Hygiene Oriented
22558,4,Promotion Seekers
22559,0,Older Long-Tenure Grocery
22560,4,Promotion Seekers
22561,0,Older Long-Tenure Grocery
22562,0,Older Long-Tenure Grocery
22563,3,Tech Enthusiasts
22564,1,Vegetables-Hygiene Oriented
22566,7,Service Sensitive
22567,2,Young Grocery
22569,1,Vegetables-Hygiene Oriented
22570,0,Older Long-Tenure Grocery
22571,4,Promotion Seekers
22572,7,Service Sensitive
22573,6,Protein Enjoyers
22574,1,Vegetables-Hygiene Oriented
22575,0,Older Long-Tenure Grocery
22576,0,Older Long-Tenure Grocery
22578,4,Promotion Seekers
22580,4,Promotion Seekers
22581,4,Promotion Seekers
22582,1,Vegetables-Hygiene Oriented
22583,4,Promotion Seekers
22584,5,Large Families
22585,4,Promotion Seekers
22587,2,Young Grocery
22588,3,Tech Enthusiasts
22590,4,Promotion Seekers
22591,2,Young Grocery
22592,4,Promotion Seekers
22593,0,Older Long-Tenure Grocery
22594,1,Vegetables-Hygiene Oriented
22595,0,Older Long-Tenure Grocery
22596,7,Service Sensitive
22598,5,Large Families
22599,3,Tech Enthusiasts
22601,7,Service Sensitive
22602,0,Older Long-Tenure Grocery
22603,3,Tech Enthusiasts
22604,0,Older Long-Tenure Grocery
22605,2,Young Grocery
22606,1,Vegetables-Hygiene Oriented
22607,0,Older Long-Tenure Grocery
22608,2,Young Grocery
22609,4,Promotion Seekers
22610,0,Older Long-Tenure Grocery
22611,0,Older Long-Tenure Grocery
22612,5,Large Families
22613,6,Protein Enjoyers
22614,6,Protein Enjoyers
22615,2,Young Grocery
22616,3,Tech Enthusiasts
22617,2,Young Grocery
22618,0,Older Long-Tenure Grocery
22619,7,Service Sensitive
22620,0,Older Long-Tenure Grocery
22621,2,Young Grocery
22622,4,Promotion Seekers
22623,4,Promotion Seekers
22624,0,Older Long-Tenure Grocery
22625,7,Service Sensitive
22626,4,Promotion Seekers
22627,4,Promotion Seekers
22628,1,Vegetables-Hygiene Oriented
22630,1,Vegetables-Hygiene Oriented
22631,1,Vegetables-Hygiene Oriented
22633,5,Large Families
22634,2,Young Grocery
22635,7,Service Sensitive
22636,4,Promotion Seekers
22637,4,Promotion Seekers
22639,7,Service Sensitive
22641,4,Promotion Seekers
22642,4,Promotion Seekers
22644,4,Promotion Seekers
22645,2,Young Grocery
22647,0,Older Long-Tenure Grocery
22648,0,Older Long-Tenure Grocery
22649,0,Older Long-Tenure Grocery
22650,5,Large Families
22651,2,Young Grocery
22652,4,Promotion Seekers
22653,6,Protein Enjoyers
22654,4,Promotion Seekers
22656,1,Vegetables-Hygiene Oriented
22657,4,Promotion Seekers
22658,5,Large Families
22660,3,Tech Enthusiasts
22661,4,Promotion Seekers
22663,6,Protein Enjoyers
22664,0,Older Long-Tenure Grocery
22666,6,Protein Enjoyers
22668,4,Promotion Seekers
22669,1,Vegetables-Hygiene Oriented
22670,0,Older Long-Tenure Grocery
22671,6,Protein Enjoyers
22672,7,Service Sensitive
22673,7,Service Sensitive
22674,2,Young Grocery
22675,2,Young Grocery
22676,2,Young Grocery
22677,1,Vegetables-Hygiene Oriented
22678,3,Tech Enthusiasts
22679,0,Older Long-Tenure Grocery
22680,4,Promotion Seekers
22682,1,Vegetables-Hygiene Oriented
22683,2,Young Grocery
22684,3,Tech Enthusiasts
22685,2,Young Grocery
22686,0,Older Long-Tenure Grocery
22687,7,Service Sensitive
22689,7,Service Sensitive
22690,2,Young Grocery
22691,2,Young Grocery
22692,4,Promotion Seekers
22694,1,Vegetables-Hygiene Oriented
22696,7,Service Sensitive
22697,1,Vegetables-Hygiene Oriented
22701,3,Tech Enthusiasts
22702,2,Young Grocery
22703,0,Older Long-Tenure Grocery
22704,3,Tech Enthusiasts
22705,1,Vegetables-Hygiene Oriented
22706,7,Service Sensitive
22709,6,Protein Enjoyers
22710,2,Young Grocery
22711,1,Vegetables-Hygiene Oriented
22712,4,Promotion Seekers
22714,6,Protein Enjoyers
22715,4,Promotion Seekers
22716,0,Older Long-Tenure Grocery
22717,7,Service Sensitive
22718,1,Vegetables-Hygiene Oriented
22719,2,Young Grocery
22720,2,Young Grocery
22723,0,Older Long-Tenure Grocery
22724,7,Service Sensitive
22725,0,Older Long-Tenure Grocery
22726,7,Service Sensitive
22728,7,Service Sensitive
22729,2,Young Grocery
22730,6,Protein Enjoyers
22731,7,Service Sensitive
22732,7,Service Sensitive
22733,0,Older Long-Tenure Grocery
22735,4,Promotion Seekers
22736,4,Promotion Seekers
22739,0,Older Long-Tenure Grocery
22740,5,Large Families
22741,0,Older Long-Tenure Grocery
22742,1,Vegetables-Hygiene Oriented
22744,0,Older Long-Tenure Grocery
22745,7,Service Sensitive
22746,6,Protein Enjoyers
22748,3,Tech Enthusiasts
22750,0,Older Long-Tenure Grocery
22752,4,Promotion Seekers
22753,7,Service Sensitive
22754,5,Large Families
22755,7,Service Sensitive
22756,1,Vegetables-Hygiene Oriented
22757,4,Promotion Seekers
22758,5,Large Families
22759,5,Large Families
22760,4,Promotion Seekers
22761,2,Young Grocery
22763,3,Tech Enthusiasts
22765,2,Young Grocery
22766,2,Young Grocery
22767,0,Older Long-Tenure Grocery
22768,0,Older Long-Tenure Grocery
22770,1,Vegetables-Hygiene Oriented
22772,5,Large Families
22773,2,Young Grocery
22774,7,Service Sensitive
22775,3,Tech Enthusiasts
22776,2,Young Grocery
22777,4,Promotion Seekers
22778,1,Vegetables-Hygiene Oriented
22779,0,Older Long-Tenure Grocery
22780,0,Older Long-Tenure Grocery
22782,3,Tech Enthusiasts
22784,7,Service Sensitive
22785,6,Protein Enjoyers
22786,2,Young Grocery
22787,1,Vegetables-Hygiene Oriented
22788,7,Service Sensitive
22790,3,Tech Enthusiasts
22791,0,Older Long-Tenure Grocery
22793,3,Tech Enthusiasts
22794,6,Protein Enjoyers
22795,1,Vegetables-Hygiene Oriented
22796,0,Older Long-Tenure Grocery
22797,4,Promotion Seekers
22799,7,Service Sensitive
22800,5,Large Families
22801,1,Vegetables-Hygiene Oriented
22802,5,Large Families
22803,4,Promotion Seekers
22804,3,Tech Enthusiasts
22805,0,Older Long-Tenure Grocery
22806,4,Promotion Seekers
22807,2,Young Grocery
22808,0,Older Long-Tenure Grocery
22809,1,Vegetables-Hygiene Oriented
22810,2,Young Grocery
22811,0,Older Long-Tenure Grocery
22812,0,Older Long-Tenure Grocery
22813,1,Vegetables-Hygiene Oriented
22814,7,Service Sensitive
22815,0,Older Long-Tenure Grocery
22816,1,Vegetables-Hygiene Oriented
22817,0,Older Long-Tenure Grocery
22818,1,Vegetables-Hygiene Oriented
22819,1,Vegetables-Hygiene Oriented
22820,7,Service Sensitive
22821,1,Vegetables-Hygiene Oriented
22822,0,Older Long-Tenure Grocery
22823,4,Promotion Seekers
22824,6,Protein Enjoyers
22825,3,Tech Enthusiasts
22826,1,Vegetables-Hygiene Oriented
22827,0,Older Long-Tenure Grocery
22828,1,Vegetables-Hygiene Oriented
22829,5,Large Families
22830,6,Protein Enjoyers
22831,4,Promotion Seekers
22832,1,Vegetables-Hygiene Oriented
22833,7,Service Sensitive
22834,2,Young Grocery
22835,5,Large Families
22836,7,Service Sensitive
22837,7,Service Sensitive
22838,0,Older Long-Tenure Grocery
22839,6,Protein Enjoyers
22840,1,Vegetables-Hygiene Oriented
22841,0,Older Long-Tenure Grocery
22842,4,Promotion Seekers
22843,3,Tech Enthusiasts
22844,0,Older Long-Tenure Grocery
22845,3,Tech Enthusiasts
22846,0,Older Long-Tenure Grocery
22847,6,Protein Enjoyers
22848,5,Large Families
22850,3,Tech Enthusiasts
22851,5,Large Families
22852,1,Vegetables-Hygiene Oriented
22853,4,Promotion Seekers
22854,5,Large Families
22855,4,Promotion Seekers
22856,7,Service Sensitive
22857,4,Promotion Seekers
22859,3,Tech Enthusiasts
22860,6,Protein Enjoyers
22861,1,Vegetables-Hygiene Oriented
22862,5,Large Families
22863,4,Promotion Seekers
22866,1,Vegetables-Hygiene Oriented
22867,1,Vegetables-Hygiene Oriented
22868,0,Older Long-Tenure Grocery
22869,1,Vegetables-Hygiene Oriented
22870,1,Vegetables-Hygiene Oriented
22871,0,Older Long-Tenure Grocery
22872,4,Promotion Seekers
22873,4,Promotion Seekers
22874,6,Protein Enjoyers
22875,0,Older Long-Tenure Grocery
22877,4,Promotion Seekers
22878,2,Young Grocery
22879,0,Older Long-Tenure Grocery
22880,0,Older Long-Tenure Grocery
22881,2,Young Grocery
22882,2,Young Grocery
22883,4,Promotion Seekers
22884,4,Promotion Seekers
22886,1,Vegetables-Hygiene Oriented
22887,7,Service Sensitive
22890,4,Promotion Seekers
22892,4,Promotion Seekers
22893,1,Vegetables-Hygiene Oriented
22895,7,Service Sensitive
22896,3,Tech Enthusiasts
22897,0,Older Long-Tenure Grocery
22898,0,Older Long-Tenure Grocery
22899,2,Young Grocery
22900,3,Tech Enthusiasts
22901,4,Promotion Seekers
22902,4,Promotion Seekers
22903,3,Tech Enthusiasts
22904,7,Service Sensitive
22905,2,Young Grocery
22906,1,Vegetables-Hygiene Oriented
22907,7,Service Sensitive
22908,2,Young Grocery
22909,6,Protein Enjoyers
22910,7,Service Sensitive
22913,7,Service Sensitive
22914,7,Service Sensitive
22915,2,Young Grocery
22916,1,Vegetables-Hygiene Oriented
22917,0,Older Long-Tenure Grocery
22918,1,Vegetables-Hygiene Oriented
22919,4,Promotion Seekers
22920,5,Large Families
22921,7,Service Sensitive
22922,0,Older Long-Tenure Grocery
22923,6,Protein Enjoyers
22924,4,Promotion Seekers
22925,1,Vegetables-Hygiene Oriented
22926,1,Vegetables-Hygiene Oriented
22927,2,Young Grocery
22929,3,Tech Enthusiasts
22930,5,Large Families
22931,7,Service Sensitive
22932,4,Promotion Seekers
22933,5,Large Families
22935,7,Service Sensitive
22936,4,Promotion Seekers
22937,3,Tech Enthusiasts
22941,4,Promotion Seekers
22942,3,Tech Enthusiasts
22943,4,Promotion Seekers
22944,1,Vegetables-Hygiene Oriented
22945,2,Young Grocery
22946,1,Vegetables-Hygiene Oriented
22947,1,Vegetables-Hygiene Oriented
22948,0,Older Long-Tenure Grocery
22950,7,Service Sensitive
22951,7,Service Sensitive
22952,2,Young Grocery
22953,1,Vegetables-Hygiene Oriented
22955,7,Service Sensitive
22956,7,Service Sensitive
22957,1,Vegetables-Hygiene Oriented
22958,1,Vegetables-Hygiene Oriented
22959,4,Promotion Seekers
22960,0,Older Long-Tenure Grocery
22961,0,Older Long-Tenure Grocery
22962,0,Older Long-Tenure Grocery
22963,2,Young Grocery
22964,7,Service Sensitive
22965,5,Large Families
22968,2,Young Grocery
22969,5,Large Families
22970,3,Tech Enthusiasts
22971,1,Vegetables-Hygiene Oriented
22972,7,Service Sensitive
22973,1,Vegetables-Hygiene Oriented
22976,1,Vegetables-Hygiene Oriented
22977,4,Promotion Seekers
22978,5,Large Families
22979,2,Young Grocery
22980,0,Older Long-Tenure Grocery
22981,2,Young Grocery
22982,1,Vegetables-Hygiene Oriented
22983,3,Tech Enthusiasts
22984,6,Protein Enjoyers
22985,0,Older Long-Tenure Grocery
22986,4,Promotion Seekers
22987,0,Older Long-Tenure Grocery
22990,3,Tech Enthusiasts
22992,4,Promotion Seekers
22993,2,Young Grocery
22994,7,Service Sensitive
22995,4,Promotion Seekers
22996,3,Tech Enthusiasts
22997,0,Older Long-Tenure Grocery
22998,1,Vegetables-Hygiene Oriented
22999,7,Service Sensitive
23001,7,Service Sensitive
23002,2,Young Grocery
23003,0,Older Long-Tenure Grocery
23004,7,Service Sensitive
23005,4,Promotion Seekers
23008,6,Protein Enjoyers
23009,0,Older Long-Tenure Grocery
23010,0,Older Long-Tenure Grocery
23011,0,Older Long-Tenure Grocery
23012,4,Promotion Seekers
23013,4,Promotion Seekers
23014,2,Young Grocery
23015,4,Promotion Seekers
23016,2,Young Grocery
23018,0,Older Long-Tenure Grocery
23019,1,Vegetables-Hygiene Oriented
23020,0,Older Long-Tenure Grocery
23021,1,Vegetables-Hygiene Oriented
23022,0,Older Long-Tenure Grocery
23023,2,Young Grocery
23024,0,Older Long-Tenure Grocery
23026,4,Promotion Seekers
23027,0,Older Long-Tenure Grocery
23028,5,Large Families
23030,4,Promotion Seekers
23032,7,Service Sensitive
23033,4,Promotion Seekers
23034,3,Tech Enthusiasts
23035,0,Older Long-Tenure Grocery
23037,7,Service Sensitive
23040,3,Tech Enthusiasts
23041,0,Older Long-Tenure Grocery
23042,5,Large Families
23043,4,Promotion Seekers
23044,1,Vegetables-Hygiene Oriented
23045,1,Vegetables-Hygiene Oriented
23046,3,Tech Enthusiasts
23048,3,Tech Enthusiasts
23049,1,Vegetables-Hygiene Oriented
23050,0,Older Long-Tenure Grocery
23051,6,Protein Enjoyers
23052,7,Service Sensitive
23053,1,Vegetables-Hygiene Oriented
23054,7,Service Sensitive
23055,4,Promotion Seekers
23056,4,Promotion Seekers
23057,2,Young Grocery
23058,6,Protein Enjoyers
23059,3,Tech Enthusiasts
23060,7,Service Sensitive
23061,7,Service Sensitive
23062,0,Older Long-Tenure Grocery
23063,7,Service Sensitive
23065,3,Tech Enthusiasts
23066,4,Promotion Seekers
23067,4,Promotion Seekers
23068,7,Service Sensitive
23069,1,Vegetables-Hygiene Oriented
23070,4,Promotion Seekers
23071,2,Young Grocery
23072,0,Older Long-Tenure Grocery
23073,1,Vegetables-Hygiene Oriented
23074,6,Protein Enjoyers
23075,4,Promotion Seekers
23077,4,Promotion Seekers
23078,0,Older Long-Tenure Grocery
23079,1,Vegetables-Hygiene Oriented
23080,7,Service Sensitive
23082,0,Older Long-Tenure Grocery
23083,2,Young Grocery
23084,0,Older Long-Tenure Grocery
23085,7,Service Sensitive
23086,6,Protein Enjoyers
23087,2,Young Grocery
23088,5,Large Families
23089,1,Vegetables-Hygiene Oriented
23090,5,Large Families
23091,4,Promotion Seekers
23092,1,Vegetables-Hygiene Oriented
23093,7,Service Sensitive
23094,3,Tech Enthusiasts
23095,7,Service Sensitive
23097,0,Older Long-Tenure Grocery
23098,4,Promotion Seekers
23099,1,Vegetables-Hygiene Oriented
23100,0,Older Long-Tenure Grocery
23101,5,Large Families
23102,2,Young Grocery
23103,5,Large Families
23104,0,Older Long-Tenure Grocery
23105,0,Older Long-Tenure Grocery
23106,5,Large Families
23107,7,Service Sensitive
23108,1,Vegetables-Hygiene Oriented
23109,4,Promotion Seekers
23110,2,Young Grocery
23111,6,Protein Enjoyers
23112,1,Vegetables-Hygiene Oriented
23113,6,Protein Enjoyers
23114,6,Protein Enjoyers
23115,4,Promotion Seekers
23116,1,Vegetables-Hygiene Oriented
23117,4,Promotion Seekers
23119,1,Vegetables-Hygiene Oriented
23120,7,Service Sensitive
23122,4,Promotion Seekers
23123,0,Older Long-Tenure Grocery
23124,7,Service Sensitive
23125,0,Older Long-Tenure Grocery
23126,1,Vegetables-Hygiene Oriented
23127,2,Young Grocery
23128,4,Promotion Seekers
23129,3,Tech Enthusiasts
23130,7,Service Sensitive
23132,2,Young Grocery
23133,1,Vegetables-Hygiene Oriented
23134,3,Tech Enthusiasts
23135,4,Promotion Seekers
23136,4,Promotion Seekers
23137,0,Older Long-Tenure Grocery
23138,4,Promotion Seekers
23139,1,Vegetables-Hygiene Oriented
23140,1,Vegetables-Hygiene Oriented
23141,1,Vegetables-Hygiene Oriented
23143,4,Promotion Seekers
23144,0,Older Long-Tenure Grocery
23145,2,Young Grocery
23146,5,Large Families
23147,5,Large Families
23148,2,Young Grocery
23149,2,Young Grocery
23151,4,Promotion Seekers
23152,7,Service Sensitive
23153,5,Large Families
23154,7,Service Sensitive
23155,1,Vegetables-Hygiene Oriented
23156,4,Promotion Seekers
23157,2,Young Grocery
23159,0,Older Long-Tenure Grocery
23160,7,Service Sensitive
23161,4,Promotion Seekers
23162,7,Service Sensitive
23163,0,Older Long-Tenure Grocery
23164,0,Older Long-Tenure Grocery
23165,5,Large Families
23166,4,Promotion Seekers
23167,2,Young Grocery
23168,2,Young Grocery
23169,4,Promotion Seekers
23170,5,Large Families
23171,0,Older Long-Tenure Grocery
23172,2,Young Grocery
23173,0,Older Long-Tenure Grocery
23174,7,Service Sensitive
23175,2,Young Grocery
23176,3,Tech Enthusiasts
23177,1,Vegetables-Hygiene Oriented
23178,4,Promotion Seekers
23180,3,Tech Enthusiasts
23181,4,Promotion Seekers
23182,7,Service Sensitive
23184,7,Service Sensitive
23185,1,Vegetables-Hygiene Oriented
23186,7,Service Sensitive
23189,1,Vegetables-Hygiene Oriented
23190,7,Service Sensitive
23191,3,Tech Enthusiasts
23192,0,Older Long-Tenure Grocery
23194,7,Service Sensitive
23195,0,Older Long-Tenure Grocery
23196,5,Large Families
23197,3,Tech Enthusiasts
23198,0,Older Long-Tenure Grocery
23199,7,Service Sensitive
23200,0,Older Long-Tenure Grocery
23201,4,Promotion Seekers
23202,0,Older Long-Tenure Grocery
23203,1,Vegetables-Hygiene Oriented
23205,7,Service Sensitive
23206,6,Protein Enjoyers
23207,3,Tech Enthusiasts
23208,3,Tech Enthusiasts
23209,1,Vegetables-Hygiene Oriented
23210,4,Promotion Seekers
23211,1,Vegetables-Hygiene Oriented
23212,4,Promotion Seekers
23213,7,Service Sensitive
23214,0,Older Long-Tenure Grocery
23215,1,Vegetables-Hygiene Oriented
23216,2,Young Grocery
23217,0,Older Long-Tenure Grocery
23219,1,Vegetables-Hygiene Oriented
23220,1,Vegetables-Hygiene Oriented
23221,4,Promotion Seekers
23222,6,Protein Enjoyers
23223,1,Vegetables-Hygiene Oriented
23224,0,Older Long-Tenure Grocery
23225,3,Tech Enthusiasts
23226,4,Promotion Seekers
23227,7,Service Sensitive
23228,2,Young Grocery
23230,0,Older Long-Tenure Grocery
23231,3,Tech Enthusiasts
23232,7,Service Sensitive
23233,5,Large Families
23234,6,Protein Enjoyers
23235,1,Vegetables-Hygiene Oriented
23236,4,Promotion Seekers
23237,1,Vegetables-Hygiene Oriented
23238,4,Promotion Seekers
23239,2,Young Grocery
23240,3,Tech Enthusiasts
23241,7,Service Sensitive
23242,4,Promotion Seekers
23243,0,Older Long-Tenure Grocery
23244,6,Protein Enjoyers
23245,4,Promotion Seekers
23246,1,Vegetables-Hygiene Oriented
23247,2,Young Grocery
23249,0,Older Long-Tenure Grocery
23250,3,Tech Enthusiasts
23252,2,Young Grocery
23253,4,Promotion Seekers
23254,6,Protein Enjoyers
23255,1,Vegetables-Hygiene Oriented
23256,1,Vegetables-Hygiene Oriented
23257,4,Promotion Seekers
23258,4,Promotion Seekers
23259,4,Promotion Seekers
23260,2,Young Grocery
23261,7,Service Sensitive
23262,0,Older Long-Tenure Grocery
23264,0,Older Long-Tenure Grocery
23265,1,Vegetables-Hygiene Oriented
23266,1,Vegetables-Hygiene Oriented
23267,3,Tech Enthusiasts
23268,6,Protein Enjoyers
23269,2,Young Grocery
23270,5,Large Families
23271,0,Older Long-Tenure Grocery
23272,4,Promotion Seekers
23273,0,Older Long-Tenure Grocery
23274,0,Older Long-Tenure Grocery
23275,4,Promotion Seekers
23276,2,Young Grocery
23277,0,Older Long-Tenure Grocery
23278,5,Large Families
23279,3,Tech Enthusiasts
23280,1,Vegetables-Hygiene Oriented
23281,5,Large Families
23283,4,Promotion Seekers
23284,6,Protein Enjoyers
23285,7,Service Sensitive
23286,4,Promotion Seekers
23287,0,Older Long-Tenure Grocery
23288,3,Tech Enthusiasts
23290,4,Promotion Seekers
23291,4,Promotion Seekers
23292,2,Young Grocery
23293,2,Young Grocery
23294,2,Young Grocery
23295,7,Service Sensitive
23296,0,Older Long-Tenure Grocery
23297,2,Young Grocery
23298,0,Older Long-Tenure Grocery
23299,7,Service Sensitive
23300,4,Promotion Seekers
23302,0,Older Long-Tenure Grocery
23303,1,Vegetables-Hygiene Oriented
23304,1,Vegetables-Hygiene Oriented
23305,4,Promotion Seekers
23306,6,Protein Enjoyers
23307,4,Promotion Seekers
23308,1,Vegetables-Hygiene Oriented
23310,1,Vegetables-Hygiene Oriented
23312,0,Older Long-Tenure Grocery
23313,4,Promotion Seekers
23314,7,Service Sensitive
23315,0,Older Long-Tenure Grocery
23317,0,Older Long-Tenure Grocery
23319,7,Service Sensitive
23320,4,Promotion Seekers
23321,0,Older Long-Tenure Grocery
23322,0,Older Long-Tenure Grocery
23323,0,Older Long-Tenure Grocery
23324,5,Large Families
23325,2,Young Grocery
23326,4,Promotion Seekers
23327,1,Vegetables-Hygiene Oriented
23328,2,Young Grocery
23330,4,Promotion Seekers
23331,5,Large Families
23334,7,Service Sensitive
23335,7,Service Sensitive
23336,5,Large Families
23337,0,Older Long-Tenure Grocery
23338,3,Tech Enthusiasts
23339,1,Vegetables-Hygiene Oriented
23340,2,Young Grocery
23341,4,Promotion Seekers
23342,3,Tech Enthusiasts
23343,0,Older Long-Tenure Grocery
23344,5,Large Families
23345,2,Young Grocery
23346,1,Vegetables-Hygiene Oriented
23347,2,Young Grocery
23348,2,Young Grocery
23349,2,Young Grocery
23350,7,Service Sensitive
23351,4,Promotion Seekers
23352,0,Older Long-Tenure Grocery
23353,3,Tech Enthusiasts
23354,4,Promotion Seekers
23355,4,Promotion Seekers
23356,4,Promotion Seekers
23358,3,Tech Enthusiasts
23360,7,Service Sensitive
23362,4,Promotion Seekers
23363,2,Young Grocery
23364,4,Promotion Seekers
23365,2,Young Grocery
23366,1,Vegetables-Hygiene Oriented
23368,3,Tech Enthusiasts
23369,3,Tech Enthusiasts
23370,7,Service Sensitive
23371,1,Vegetables-Hygiene Oriented
23373,4,Promotion Seekers
23374,0,Older Long-Tenure Grocery
23375,1,Vegetables-Hygiene Oriented
23376,3,Tech Enthusiasts
23377,4,Promotion Seekers
23378,0,Older Long-Tenure Grocery
23379,7,Service Sensitive
23380,7,Service Sensitive
23381,2,Young Grocery
23382,1,Vegetables-Hygiene Oriented
23383,2,Young Grocery
23384,3,Tech Enthusiasts
23385,4,Promotion Seekers
23387,7,Service Sensitive
23388,0,Older Long-Tenure Grocery
23389,1,Vegetables-Hygiene Oriented
23390,3,Tech Enthusiasts
23391,4,Promotion Seekers
23392,2,Young Grocery
23393,2,Young Grocery
23394,1,Vegetables-Hygiene Oriented
23395,1,Vegetables-Hygiene Oriented
23396,2,Young Grocery
23397,4,Promotion Seekers
23398,4,Promotion Seekers
23399,4,Promotion Seekers
23400,1,Vegetables-Hygiene Oriented
23401,2,Young Grocery
23402,4,Promotion Seekers
23404,1,Vegetables-Hygiene Oriented
23405,6,Protein Enjoyers
23406,7,Service Sensitive
23407,0,Older Long-Tenure Grocery
23408,2,Young Grocery
23409,6,Protein Enjoyers
23410,6,Protein Enjoyers
23411,0,Older Long-Tenure Grocery
23412,2,Young Grocery
23413,4,Promotion Seekers
23414,5,Large Families
23415,6,Protein Enjoyers
23416,2,Young Grocery
23417,0,Older Long-Tenure Grocery
23418,7,Service Sensitive
23419,0,Older Long-Tenure Grocery
23422,0,Older Long-Tenure Grocery
23423,0,Older Long-Tenure Grocery
23424,1,Vegetables-Hygiene Oriented
23426,6,Protein Enjoyers
23427,7,Service Sensitive
23429,0,Older Long-Tenure Grocery
23430,1,Vegetables-Hygiene Oriented
23431,2,Young Grocery
23432,2,Young Grocery
23433,0,Older Long-Tenure Grocery
23434,7,Service Sensitive
23435,5,Large Families
23436,4,Promotion Seekers
23437,7,Service Sensitive
23438,4,Promotion Seekers
23439,2,Young Grocery
23440,2,Young Grocery
23442,1,Vegetables-Hygiene Oriented
23444,4,Promotion Seekers
23445,0,Older Long-Tenure Grocery
23447,1,Vegetables-Hygiene Oriented
23448,3,Tech Enthusiasts
23449,6,Protein Enjoyers
23450,1,Vegetables-Hygiene Oriented
23451,4,Promotion Seekers
23452,1,Vegetables-Hygiene Oriented
23453,0,Older Long-Tenure Grocery
23454,0,Older Long-Tenure Grocery
23455,3,Tech Enthusiasts
23457,4,Promotion Seekers
23458,2,Young Grocery
23459,4,Promotion Seekers
23460,1,Vegetables-Hygiene Oriented
23461,3,Tech Enthusiasts
23462,5,Large Families
23464,1,Vegetables-Hygiene Oriented
23465,0,Older Long-Tenure Grocery
23468,0,Older Long-Tenure Grocery
23469,2,Young Grocery
23471,1,Vegetables-Hygiene Oriented
23472,2,Young Grocery
23473,1,Vegetables-Hygiene Oriented
23475,5,Large Families
23476,0,Older Long-Tenure Grocery
23477,0,Older Long-Tenure Grocery
23478,6,Protein Enjoyers
23479,4,Promotion Seekers
23480,7,Service Sensitive
23481,4,Promotion Seekers
23482,0,Older Long-Tenure Grocery
23483,3,Tech Enthusiasts
23485,0,Older Long-Tenure Grocery
23486,7,Service Sensitive
23487,2,Young Grocery
23489,1,Vegetables-Hygiene Oriented
23490,3,Tech Enthusiasts
23492,7,Service Sensitive
23493,4,Promotion Seekers
23494,1,Vegetables-Hygiene Oriented
23495,4,Promotion Seekers
23496,0,Older Long-Tenure Grocery
23497,4,Promotion Seekers
23498,0,Older Long-Tenure Grocery
23499,3,Tech Enthusiasts
23500,1,Vegetables-Hygiene Oriented
23502,4,Promotion Seekers
23503,1,Vegetables-Hygiene Oriented
23506,2,Young Grocery
23507,1,Vegetables-Hygiene Oriented
23508,4,Promotion Seekers
23511,1,Vegetables-Hygiene Oriented
23512,0,Older Long-Tenure Grocery
23514,0,Older Long-Tenure Grocery
23515,4,Promotion Seekers
23516,4,Promotion Seekers
23519,1,Vegetables-Hygiene Oriented
23520,2,Young Grocery
23522,0,Older Long-Tenure Grocery
23523,3,Tech Enthusiasts
23524,1,Vegetables-Hygiene Oriented
23526,0,Older Long-Tenure Grocery
23527,5,Large Families
23528,0,Older Long-Tenure Grocery
23529,6,Protein Enjoyers
23530,4,Promotion Seekers
23533,0,Older Long-Tenure Grocery
23535,0,Older Long-Tenure Grocery
23536,5,Large Families
23537,4,Promotion Seekers
23538,0,Older Long-Tenure Grocery
23539,0,Older Long-Tenure Grocery
23542,0,Older Long-Tenure Grocery
23543,1,Vegetables-Hygiene Oriented
23545,5,Large Families
23546,4,Promotion Seekers
23547,1,Vegetables-Hygiene Oriented
23548,6,Protein Enjoyers
23549,7,Service Sensitive
23550,4,Promotion Seekers
23551,7,Service Sensitive
23553,1,Vegetables-Hygiene Oriented
23554,2,Young Grocery
23555,0,Older Long-Tenure Grocery
23556,1,Vegetables-Hygiene Oriented
23557,4,Promotion Seekers
23558,0,Older Long-Tenure Grocery
23560,0,Older Long-Tenure Grocery
23561,4,Promotion Seekers
23562,2,Young Grocery
23563,4,Promotion Seekers
23564,0,Older Long-Tenure Grocery
23566,0,Older Long-Tenure Grocery
23567,6,Protein Enjoyers
23568,4,Promotion Seekers
23569,0,Older Long-Tenure Grocery
23570,1,Vegetables-Hygiene Oriented
23571,2,Young Grocery
23572,7,Service Sensitive
23573,2,Young Grocery
23575,1,Vegetables-Hygiene Oriented
23576,4,Promotion Seekers
23577,4,Promotion Seekers
23578,2,Young Grocery
23579,1,Vegetables-Hygiene Oriented
23580,2,Young Grocery
23581,0,Older Long-Tenure Grocery
23582,2,Young Grocery
23584,4,Promotion Seekers
23585,3,Tech Enthusiasts
23586,4,Promotion Seekers
23587,1,Vegetables-Hygiene Oriented
23588,4,Promotion Seekers
23589,6,Protein Enjoyers
23590,7,Service Sensitive
23592,4,Promotion Seekers
23593,2,Young Grocery
23594,7,Service Sensitive
23595,6,Protein Enjoyers
23596,1,Vegetables-Hygiene Oriented
23597,1,Vegetables-Hygiene Oriented
23599,0,Older Long-Tenure Grocery
23600,7,Service Sensitive
23602,6,Protein Enjoyers
23603,5,Large Families
23604,4,Promotion Seekers
23605,1,Vegetables-Hygiene Oriented
23606,6,Protein Enjoyers
23608,1,Vegetables-Hygiene Oriented
23609,7,Service Sensitive
23610,6,Protein Enjoyers
23611,7,Service Sensitive
23612,0,Older Long-Tenure Grocery
23613,0,Older Long-Tenure Grocery
23614,2,Young Grocery
23615,5,Large Families
23616,2,Young Grocery
23617,3,Tech Enthusiasts
23618,3,Tech Enthusiasts
23619,0,Older Long-Tenure Grocery
23620,6,Protein Enjoyers
23621,3,Tech Enthusiasts
23622,3,Tech Enthusiasts
23624,1,Vegetables-Hygiene Oriented
23625,7,Service Sensitive
23626,1,Vegetables-Hygiene Oriented
23627,0,Older Long-Tenure Grocery
23628,1,Vegetables-Hygiene Oriented
23629,6,Protein Enjoyers
23630,7,Service Sensitive
23631,4,Promotion Seekers
23632,3,Tech Enthusiasts
23634,7,Service Sensitive
23635,7,Service Sensitive
23636,2,Young Grocery
23637,0,Older Long-Tenure Grocery
23638,2,Young Grocery
23639,0,Older Long-Tenure Grocery
23640,4,Promotion Seekers
23641,3,Tech Enthusiasts
23642,1,Vegetables-Hygiene Oriented
23643,7,Service Sensitive
23644,1,Vegetables-Hygiene Oriented
23645,0,Older Long-Tenure Grocery
23647,0,Older Long-Tenure Grocery
23648,2,Young Grocery
23649,7,Service Sensitive
23650,7,Service Sensitive
23651,0,Older Long-Tenure Grocery
23652,5,Large Families
23653,4,Promotion Seekers
23655,4,Promotion Seekers
23657,4,Promotion Seekers
23658,7,Service Sensitive
23659,0,Older Long-Tenure Grocery
23660,3,Tech Enthusiasts
23661,2,Young Grocery
23663,7,Service Sensitive
23664,4,Promotion Seekers
23665,4,Promotion Seekers
23666,5,Large Families
23667,1,Vegetables-Hygiene Oriented
23668,0,Older Long-Tenure Grocery
23669,0,Older Long-Tenure Grocery
23670,2,Young Grocery
23672,2,Young Grocery
23673,2,Young Grocery
23674,1,Vegetables-Hygiene Oriented
23677,2,Young Grocery
23678,0,Older Long-Tenure Grocery
23679,6,Protein Enjoyers
23680,0,Older Long-Tenure Grocery
23681,1,Vegetables-Hygiene Oriented
23683,4,Promotion Seekers
23684,4,Promotion Seekers
23685,7,Service Sensitive
23686,0,Older Long-Tenure Grocery
23688,2,Young Grocery
23690,3,Tech Enthusiasts
23691,0,Older Long-Tenure Grocery
23692,0,Older Long-Tenure Grocery
23693,0,Older Long-Tenure Grocery
23694,5,Large Families
23695,4,Promotion Seekers
23696,5,Large Families
23697,7,Service Sensitive
23698,2,Young Grocery
23699,1,Vegetables-Hygiene Oriented
23700,7,Service Sensitive
23701,3,Tech Enthusiasts
23702,4,Promotion Seekers
23703,0,Older Long-Tenure Grocery
23704,6,Protein Enjoyers
23705,2,Young Grocery
23706,3,Tech Enthusiasts
23707,0,Older Long-Tenure Grocery
23708,5,Large Families
23709,7,Service Sensitive
23710,6,Protein Enjoyers
23711,2,Young Grocery
23712,4,Promotion Seekers
23713,7,Service Sensitive
23714,5,Large Families
23715,3,Tech Enthusiasts
23716,4,Promotion Seekers
23717,4,Promotion Seekers
23718,5,Large Families
23720,0,Older Long-Tenure Grocery
23721,4,Promotion Seekers
23722,0,Older Long-Tenure Grocery
23723,4,Promotion Seekers
23724,1,Vegetables-Hygiene Oriented
23725,4,Promotion Seekers
23726,4,Promotion Seekers
23727,5,Large Families
23728,7,Service Sensitive
23729,1,Vegetables-Hygiene Oriented
23730,4,Promotion Seekers
23732,4,Promotion Seekers
23733,6,Protein Enjoyers
23734,7,Service Sensitive
23735,7,Service Sensitive
23736,6,Protein Enjoyers
23737,2,Young Grocery
23739,3,Tech Enthusiasts
23742,6,Protein Enjoyers
23744,0,Older Long-Tenure Grocery
23746,7,Service Sensitive
23747,2,Young Grocery
23749,0,Older Long-Tenure Grocery
23750,3,Tech Enthusiasts
23751,6,Protein Enjoyers
23752,3,Tech Enthusiasts
23753,2,Young Grocery
23754,0,Older Long-Tenure Grocery
23755,6,Protein Enjoyers
23757,3,Tech Enthusiasts
23758,7,Service Sensitive
23760,1,Vegetables-Hygiene Oriented
23761,3,Tech Enthusiasts
23762,7,Service Sensitive
23763,0,Older Long-Tenure Grocery
23764,1,Vegetables-Hygiene Oriented
23765,0,Older Long-Tenure Grocery
23766,1,Vegetables-Hygiene Oriented
23767,2,Young Grocery
23768,0,Older Long-Tenure Grocery
23769,4,Promotion Seekers
23770,0,Older Long-Tenure Grocery
23771,1,Vegetables-Hygiene Oriented
23772,0,Older Long-Tenure Grocery
23773,3,Tech Enthusiasts
23774,2,Young Grocery
23775,3,Tech Enthusiasts
23776,7,Service Sensitive
23777,4,Promotion Seekers
23778,4,Promotion Seekers
23779,4,Promotion Seekers
23780,0,Older Long-Tenure Grocery
23781,5,Large Families
23782,0,Older Long-Tenure Grocery
23783,4,Promotion Seekers
23784,2,Young Grocery
23785,0,Older Long-Tenure Grocery
23786,2,Young Grocery
23787,6,Protein Enjoyers
23789,3,Tech Enthusiasts
23790,1,Vegetables-Hygiene Oriented
23791,2,Young Grocery
23793,4,Promotion Seekers
23794,0,Older Long-Tenure Grocery
23795,0,Older Long-Tenure Grocery
23796,5,Large Families
23797,0,Older Long-Tenure Grocery
23798,2,Young Grocery
23799,0,Older Long-Tenure Grocery
23800,4,Promotion Seekers
23801,1,Vegetables-Hygiene Oriented
23802,4,Promotion Seekers
23803,5,Large Families
23804,2,Young Grocery
23805,4,Promotion Seekers
23806,0,Older Long-Tenure Grocery
23807,4,Promotion Seekers
23808,5,Large Families
23809,3,Tech Enthusiasts
23810,2,Young Grocery
23811,6,Protein Enjoyers
23812,7,Service Sensitive
23813,5,Large Families
23814,1,Vegetables-Hygiene Oriented
23815,4,Promotion Seekers
23816,4,Promotion Seekers
23817,7,Service Sensitive
23818,4,Promotion Seekers
23819,0,Older Long-Tenure Grocery
23820,3,Tech Enthusiasts
23821,4,Promotion Seekers
23822,4,Promotion Seekers
23823,4,Promotion Seekers
23824,0,Older Long-Tenure Grocery
23826,7,Service Sensitive
23828,4,Promotion Seekers
23830,4,Promotion Seekers
23831,1,Vegetables-Hygiene Oriented
23832,1,Vegetables-Hygiene Oriented
23833,4,Promotion Seekers
23835,1,Vegetables-Hygiene Oriented
23836,0,Older Long-Tenure Grocery
23837,4,Promotion Seekers
23838,2,Young Grocery
23839,1,Vegetables-Hygiene Oriented
23840,0,Older Long-Tenure Grocery
23842,2,Young Grocery
23843,1,Vegetables-Hygiene Oriented
23844,4,Promotion Seekers
23845,2,Young Grocery
23846,2,Young Grocery
23847,5,Large Families
23848,3,Tech Enthusiasts
23850,3,Tech Enthusiasts
23851,4,Promotion Seekers
23852,4,Promotion Seekers
23853,7,Service Sensitive
23855,4,Promotion Seekers
23856,4,Promotion Seekers
23857,2,Young Grocery
23860,7,Service Sensitive
23861,5,Large Families
23863,1,Vegetables-Hygiene Oriented
23865,1,Vegetables-Hygiene Oriented
23867,0,Older Long-Tenure Grocery
23868,1,Vegetables-Hygiene Oriented
23869,4,Promotion Seekers
23870,5,Large Families
23871,1,Vegetables-Hygiene Oriented
23872,7,Service Sensitive
23876,4,Promotion Seekers
23878,0,Older Long-Tenure Grocery
23879,0,Older Long-Tenure Grocery
23880,4,Promotion Seekers
23881,2,Young Grocery
23882,7,Service Sensitive
23885,3,Tech Enthusiasts
23886,1,Vegetables-Hygiene Oriented
23887,2,Young Grocery
23888,6,Protein Enjoyers
23890,6,Protein Enjoyers
23891,7,Service Sensitive
23892,0,Older Long-Tenure Grocery
23893,5,Large Families
23894,4,Promotion Seekers
23895,2,Young Grocery
23896,0,Older Long-Tenure Grocery
23897,4,Promotion Seekers
23898,6,Protein Enjoyers
23899,3,Tech Enthusiasts
23900,7,Service Sensitive
23901,6,Protein Enjoyers
23902,1,Vegetables-Hygiene Oriented
23903,1,Vegetables-Hygiene Oriented
23904,2,Young Grocery
23905,2,Young Grocery
23906,7,Service Sensitive
23907,0,Older Long-Tenure Grocery
23908,2,Young Grocery
23909,6,Protein Enjoyers
23910,2,Young Grocery
23911,0,Older Long-Tenure Grocery
23912,7,Service Sensitive
23913,1,Vegetables-Hygiene Oriented
23914,1,Vegetables-Hygiene Oriented
23915,3,Tech Enthusiasts
23917,6,Protein Enjoyers
23918,4,Promotion Seekers
23919,4,Promotion Seekers
23921,6,Protein Enjoyers
23923,5,Large Families
23924,1,Vegetables-Hygiene Oriented
23925,7,Service Sensitive
23926,2,Young Grocery
23928,7,Service Sensitive
23929,0,Older Long-Tenure Grocery
23930,6,Protein Enjoyers
23932,7,Service Sensitive
23933,4,Promotion Seekers
23934,0,Older Long-Tenure Grocery
23935,2,Young Grocery
23936,5,Large Families
23937,1,Vegetables-Hygiene Oriented
23939,3,Tech Enthusiasts
23940,6,Protein Enjoyers
23941,2,Young Grocery
23942,2,Young Grocery
23943,6,Protein Enjoyers
23945,5,Large Families
23946,1,Vegetables-Hygiene Oriented
23947,4,Promotion Seekers
23948,7,Service Sensitive
23951,1,Vegetables-Hygiene Oriented
23952,5,Large Families
23954,2,Young Grocery
23956,4,Promotion Seekers
23957,2,Young Grocery
23958,4,Promotion Seekers
23959,3,Tech Enthusiasts
23960,4,Promotion Seekers
23961,2,Young Grocery
23963,4,Promotion Seekers
23964,7,Service Sensitive
23966,1,Vegetables-Hygiene Oriented
23967,1,Vegetables-Hygiene Oriented
23968,0,Older Long-Tenure Grocery
23969,3,Tech Enthusiasts
23971,5,Large Families
23972,1,Vegetables-Hygiene Oriented
23973,1,Vegetables-Hygiene Oriented
23974,1,Vegetables-Hygiene Oriented
23975,3,Tech Enthusiasts
23976,0,Older Long-Tenure Grocery
23977,0,Older Long-Tenure Grocery
23978,0,Older Long-Tenure Grocery
23981,1,Vegetables-Hygiene Oriented
23982,0,Older Long-Tenure Grocery
23983,4,Promotion Seekers
23984,4,Promotion Seekers
23985,7,Service Sensitive
23986,4,Promotion Seekers
23987,4,Promotion Seekers
23988,4,Promotion Seekers
23989,0,Older Long-Tenure Grocery
23991,4,Promotion Seekers
23993,3,Tech Enthusiasts
23994,0,Older Long-Tenure Grocery
23996,1,Vegetables-Hygiene Oriented
23998,0,Older Long-Tenure Grocery
23999,7,Service Sensitive
24000,1,Vegetables-Hygiene Oriented
24001,0,Older Long-Tenure Grocery
24002,4,Promotion Seekers
24003,4,Promotion Seekers
24004,0,Older Long-Tenure Grocery
24005,0,Older Long-Tenure Grocery
24006,4,Promotion Seekers
24007,1,Vegetables-Hygiene Oriented
24008,2,Young Grocery
24009,3,Tech Enthusiasts
24011,7,Service Sensitive
24013,7,Service Sensitive
24014,3,Tech Enthusiasts
24015,1,Vegetables-Hygiene Oriented
24017,0,Older Long-Tenure Grocery
24020,4,Promotion Seekers
24021,0,Older Long-Tenure Grocery
24022,7,Service Sensitive
24024,0,Older Long-Tenure Grocery
24025,7,Service Sensitive
24026,7,Service Sensitive
24027,7,Service Sensitive
24028,4,Promotion Seekers
24029,5,Large Families
24030,2,Young Grocery
24031,2,Young Grocery
24032,5,Large Families
24033,0,Older Long-Tenure Grocery
24034,1,Vegetables-Hygiene Oriented
24035,6,Protein Enjoyers
24036,4,Promotion Seekers
24037,0,Older Long-Tenure Grocery
24038,2,Young Grocery
24040,7,Service Sensitive
24041,1,Vegetables-Hygiene Oriented
24042,6,Protein Enjoyers
24043,1,Vegetables-Hygiene Oriented
24044,4,Promotion Seekers
24045,4,Promotion Seekers
24046,7,Service Sensitive
24048,2,Young Grocery
24049,1,Vegetables-Hygiene Oriented
24050,6,Protein Enjoyers
24051,3,Tech Enthusiasts
24052,1,Vegetables-Hygiene Oriented
24053,7,Service Sensitive
24054,7,Service Sensitive
24055,0,Older Long-Tenure Grocery
24056,0,Older Long-Tenure Grocery
24057,7,Service Sensitive
24058,3,Tech Enthusiasts
24059,7,Service Sensitive
24060,0,Older Long-Tenure Grocery
24061,0,Older Long-Tenure Grocery
24063,5,Large Families
24064,0,Older Long-Tenure Grocery
24065,4,Promotion Seekers
24066,5,Large Families
24067,1,Vegetables-Hygiene Oriented
24068,0,Older Long-Tenure Grocery
24069,4,Promotion Seekers
24070,4,Promotion Seekers
24071,6,Protein Enjoyers
24072,5,Large Families
24073,6,Protein Enjoyers
24074,1,Vegetables-Hygiene Oriented
24076,3,Tech Enthusiasts
24080,2,Young Grocery
24081,7,Service Sensitive
24082,6,Protein Enjoyers
24084,4,Promotion Seekers
24085,7,Service Sensitive
24086,0,Older Long-Tenure Grocery
24087,2,Young Grocery
24088,0,Older Long-Tenure Grocery
24089,1,Vegetables-Hygiene Oriented
24090,7,Service Sensitive
24092,4,Promotion Seekers
24093,5,Large Families
24094,1,Vegetables-Hygiene Oriented
24095,2,Young Grocery
24096,6,Protein Enjoyers
24097,7,Service Sensitive
24098,2,Young Grocery
24099,1,Vegetables-Hygiene Oriented
24100,1,Vegetables-Hygiene Oriented
24101,4,Promotion Seekers
24103,6,Protein Enjoyers
24104,7,Service Sensitive
24105,1,Vegetables-Hygiene Oriented
24106,1,Vegetables-Hygiene Oriented
24107,6,Protein Enjoyers
24108,7,Service Sensitive
24109,7,Service Sensitive
24110,6,Protein Enjoyers
24111,2,Young Grocery
24112,5,Large Families
24113,0,Older Long-Tenure Grocery
24114,4,Promotion Seekers
24115,3,Tech Enthusiasts
24117,6,Protein Enjoyers
24119,5,Large Families
24120,7,Service Sensitive
24121,2,Young Grocery
24123,4,Promotion Seekers
24124,3,Tech Enthusiasts
24125,7,Service Sensitive
24127,4,Promotion Seekers
24128,6,Protein Enjoyers
24129,1,Vegetables-Hygiene Oriented
24130,0,Older Long-Tenure Grocery
24131,5,Large Families
24133,4,Promotion Seekers
24134,1,Vegetables-Hygiene Oriented
24135,0,Older Long-Tenure Grocery
24136,0,Older Long-Tenure Grocery
24137,3,Tech Enthusiasts
24138,1,Vegetables-Hygiene Oriented
24139,2,Young Grocery
24140,7,Service Sensitive
24141,1,Vegetables-Hygiene Oriented
24143,0,Older Long-Tenure Grocery
24144,6,Protein Enjoyers
24146,2,Young Grocery
24148,3,Tech Enthusiasts
24149,3,Tech Enthusiasts
24150,4,Promotion Seekers
24151,2,Young Grocery
24153,2,Young Grocery
24154,4,Promotion Seekers
24157,4,Promotion Seekers
24158,1,Vegetables-Hygiene Oriented
24159,3,Tech Enthusiasts
24160,7,Service Sensitive
24162,5,Large Families
24164,7,Service Sensitive
24165,3,Tech Enthusiasts
24166,2,Young Grocery
24167,7,Service Sensitive
24168,1,Vegetables-Hygiene Oriented
24169,4,Promotion Seekers
24170,4,Promotion Seekers
24171,4,Promotion Seekers
24173,7,Service Sensitive
24174,2,Young Grocery
24175,4,Promotion Seekers
24176,0,Older Long-Tenure Grocery
24177,7,Service Sensitive
24178,4,Promotion Seekers
24179,0,Older Long-Tenure Grocery
24180,0,Older Long-Tenure Grocery
24182,1,Vegetables-Hygiene Oriented
24183,7,Service Sensitive
24184,6,Protein Enjoyers
24185,2,Young Grocery
24186,2,Young Grocery
24187,1,Vegetables-Hygiene Oriented
24188,4,Promotion Seekers
24189,3,Tech Enthusiasts
24190,2,Young Grocery
24191,4,Promotion Seekers
24192,1,Vegetables-Hygiene Oriented
24193,0,Older Long-Tenure Grocery
24194,0,Older Long-Tenure Grocery
24195,3,Tech Enthusiasts
24196,0,Older Long-Tenure Grocery
24197,2,Young Grocery
24198,4,Promotion Seekers
24199,3,Tech Enthusiasts
24201,3,Tech Enthusiasts
24203,1,Vegetables-Hygiene Oriented
24204,0,Older Long-Tenure Grocery
24205,5,Large Families
24206,7,Service Sensitive
24209,1,Vegetables-Hygiene Oriented
24210,4,Promotion Seekers
24211,7,Service Sensitive
24212,7,Service Sensitive
24213,6,Protein Enjoyers
24214,2,Young Grocery
24216,5,Large Families
24217,2,Young Grocery
24218,4,Promotion Seekers
24219,7,Service Sensitive
24220,2,Young Grocery
24221,7,Service Sensitive
24222,4,Promotion Seekers
24223,7,Service Sensitive
24224,7,Service Sensitive
24225,1,Vegetables-Hygiene Oriented
24226,0,Older Long-Tenure Grocery
24228,7,Service Sensitive
24229,1,Vegetables-Hygiene Oriented
24230,2,Young Grocery
24231,2,Young Grocery
24232,4,Promotion Seekers
24233,3,Tech Enthusiasts
24234,7,Service Sensitive
24235,6,Protein Enjoyers
24236,7,Service Sensitive
24237,3,Tech Enthusiasts
24238,1,Vegetables-Hygiene Oriented
24239,3,Tech Enthusiasts
24240,7,Service Sensitive
24241,3,Tech Enthusiasts
24242,0,Older Long-Tenure Grocery
24243,7,Service Sensitive
24244,2,Young Grocery
24245,1,Vegetables-Hygiene Oriented
24246,0,Older Long-Tenure Grocery
24247,3,Tech Enthusiasts
24250,1,Vegetables-Hygiene Oriented
24252,7,Service Sensitive
24253,0,Older Long-Tenure Grocery
24254,3,Tech Enthusiasts
24255,2,Young Grocery
24256,2,Young Grocery
24257,7,Service Sensitive
24258,4,Promotion Seekers
24259,2,Young Grocery
24260,7,Service Sensitive
24262,0,Older Long-Tenure Grocery
24264,2,Young Grocery
24265,0,Older Long-Tenure Grocery
24266,3,Tech Enthusiasts
24267,5,Large Families
24268,2,Young Grocery
24269,7,Service Sensitive
24270,4,Promotion Seekers
24271,7,Service Sensitive
24272,4,Promotion Seekers
24273,7,Service Sensitive
24274,4,Promotion Seekers
24275,0,Older Long-Tenure Grocery
24278,7,Service Sensitive
24279,1,Vegetables-Hygiene Oriented
24280,1,Vegetables-Hygiene Oriented
24282,2,Young Grocery
24283,1,Vegetables-Hygiene Oriented
24285,0,Older Long-Tenure Grocery
24286,0,Older Long-Tenure Grocery
24287,6,Protein Enjoyers
24288,7,Service Sensitive
24290,7,Service Sensitive
24291,6,Protein Enjoyers
24292,4,Promotion Seekers
24294,7,Service Sensitive
24295,4,Promotion Seekers
24296,0,Older Long-Tenure Grocery
24298,6,Protein Enjoyers
24299,3,Tech Enthusiasts
24300,3,Tech Enthusiasts
24301,0,Older Long-Tenure Grocery
24302,0,Older Long-Tenure Grocery
24303,7,Service Sensitive
24304,4,Promotion Seekers
24305,0,Older Long-Tenure Grocery
24307,5,Large Families
24308,1,Vegetables-Hygiene Oriented
24309,7,Service Sensitive
24310,4,Promotion Seekers
24312,5,Large Families
24313,0,Older Long-Tenure Grocery
24314,1,Vegetables-Hygiene Oriented
24316,1,Vegetables-Hygiene Oriented
24317,1,Vegetables-Hygiene Oriented
24318,7,Service Sensitive
24319,4,Promotion Seekers
24320,5,Large Families
24321,4,Promotion Seekers
24322,1,Vegetables-Hygiene Oriented
24323,0,Older Long-Tenure Grocery
24324,0,Older Long-Tenure Grocery
24325,1,Vegetables-Hygiene Oriented
24327,7,Service Sensitive
24328,0,Older Long-Tenure Grocery
24329,4,Promotion Seekers
24330,1,Vegetables-Hygiene Oriented
24331,0,Older Long-Tenure Grocery
24332,4,Promotion Seekers
24333,3,Tech Enthusiasts
24334,7,Service Sensitive
24335,4,Promotion Seekers
24336,0,Older Long-Tenure Grocery
24337,1,Vegetables-Hygiene Oriented
24338,2,Young Grocery
24339,2,Young Grocery
24341,6,Protein Enjoyers
24342,2,Young Grocery
24343,1,Vegetables-Hygiene Oriented
24344,5,Large Families
24347,4,Promotion Seekers
24349,4,Promotion Seekers
24350,1,Vegetables-Hygiene Oriented
24351,4,Promotion Seekers
24353,4,Promotion Seekers
24354,1,Vegetables-Hygiene Oriented
24355,7,Service Sensitive
24356,3,Tech Enthusiasts
24357,2,Young Grocery
24359,0,Older Long-Tenure Grocery
24360,3,Tech Enthusiasts
24361,7,Service Sensitive
24362,3,Tech Enthusiasts
24363,4,Promotion Seekers
24364,2,Young Grocery
24365,1,Vegetables-Hygiene Oriented
24367,0,Older Long-Tenure Grocery
24368,4,Promotion Seekers
24369,0,Older Long-Tenure Grocery
24371,3,Tech Enthusiasts
24372,7,Service Sensitive
24374,7,Service Sensitive
24375,1,Vegetables-Hygiene Oriented
24376,0,Older Long-Tenure Grocery
24378,7,Service Sensitive
24380,0,Older Long-Tenure Grocery
24381,1,Vegetables-Hygiene Oriented
24383,1,Vegetables-Hygiene Oriented
24384,0,Older Long-Tenure Grocery
24386,2,Young Grocery
24387,0,Older Long-Tenure Grocery
24388,0,Older Long-Tenure Grocery
24389,7,Service Sensitive
24390,4,Promotion Seekers
24392,4,Promotion Seekers
24393,0,Older Long-Tenure Grocery
24396,4,Promotion Seekers
24397,4,Promotion Seekers
24398,2,Young Grocery
24399,7,Service Sensitive
24400,5,Large Families
24401,5,Large Families
24402,2,Young Grocery
24404,7,Service Sensitive
24405,2,Young Grocery
24406,0,Older Long-Tenure Grocery
24409,1,Vegetables-Hygiene Oriented
24411,3,Tech Enthusiasts
24412,1,Vegetables-Hygiene Oriented
24413,4,Promotion Seekers
24414,4,Promotion Seekers
24415,6,Protein Enjoyers
24416,0,Older Long-Tenure Grocery
24418,3,Tech Enthusiasts
24419,5,Large Families
24420,5,Large Families
24421,3,Tech Enthusiasts
24423,5,Large Families
24424,2,Young Grocery
24425,0,Older Long-Tenure Grocery
24426,7,Service Sensitive
24427,4,Promotion Seekers
24428,4,Promotion Seekers
24430,0,Older Long-Tenure Grocery
24431,4,Promotion Seekers
24432,4,Promotion Seekers
24434,1,Vegetables-Hygiene Oriented
24435,2,Young Grocery
24436,5,Large Families
24438,4,Promotion Seekers
24439,1,Vegetables-Hygiene Oriented
24440,7,Service Sensitive
24441,3,Tech Enthusiasts
24443,2,Young Grocery
24446,2,Young Grocery
24448,7,Service Sensitive
24449,7,Service Sensitive
24450,3,Tech Enthusiasts
24451,4,Promotion Seekers
24452,6,Protein Enjoyers
24453,6,Protein Enjoyers
24454,3,Tech Enthusiasts
24455,0,Older Long-Tenure Grocery
24456,5,Large Families
24457,4,Promotion Seekers
24459,1,Vegetables-Hygiene Oriented
24460,0,Older Long-Tenure Grocery
24461,1,Vegetables-Hygiene Oriented
24462,0,Older Long-Tenure Grocery
24463,1,Vegetables-Hygiene Oriented
24464,1,Vegetables-Hygiene Oriented
24465,5,Large Families
24466,4,Promotion Seekers
24469,4,Promotion Seekers
24471,4,Promotion Seekers
24473,4,Promotion Seekers
24475,5,Large Families
24476,7,Service Sensitive
24477,3,Tech Enthusiasts
24478,5,Large Families
24479,4,Promotion Seekers
24480,1,Vegetables-Hygiene Oriented
24481,0,Older Long-Tenure Grocery
24482,4,Promotion Seekers
24483,0,Older Long-Tenure Grocery
24484,0,Older Long-Tenure Grocery
24485,1,Vegetables-Hygiene Oriented
24486,4,Promotion Seekers
24487,4,Promotion Seekers
24488,4,Promotion Seekers
24489,1,Vegetables-Hygiene Oriented
24490,0,Older Long-Tenure Grocery
24491,1,Vegetables-Hygiene Oriented
24492,1,Vegetables-Hygiene Oriented
24493,3,Tech Enthusiasts
24494,1,Vegetables-Hygiene Oriented
24495,4,Promotion Seekers
24496,0,Older Long-Tenure Grocery
24497,0,Older Long-Tenure Grocery
24498,2,Young Grocery
24499,4,Promotion Seekers
24500,3,Tech Enthusiasts
24501,3,Tech Enthusiasts
24502,1,Vegetables-Hygiene Oriented
24503,4,Promotion Seekers
24504,6,Protein Enjoyers
24505,1,Vegetables-Hygiene Oriented
24506,0,Older Long-Tenure Grocery
24507,3,Tech Enthusiasts
24508,5,Large Families
24509,1,Vegetables-Hygiene Oriented
24510,3,Tech Enthusiasts
24512,5,Large Families
24513,0,Older Long-Tenure Grocery
24515,4,Promotion Seekers
24516,2,Young Grocery
24517,0,Older Long-Tenure Grocery
24518,1,Vegetables-Hygiene Oriented
24519,7,Service Sensitive
24520,1,Vegetables-Hygiene Oriented
24521,0,Older Long-Tenure Grocery
24522,6,Protein Enjoyers
24523,7,Service Sensitive
24524,7,Service Sensitive
24525,4,Promotion Seekers
24526,1,Vegetables-Hygiene Oriented
24527,6,Protein Enjoyers
24528,1,Vegetables-Hygiene Oriented
24529,0,Older Long-Tenure Grocery
24531,2,Young Grocery
24532,4,Promotion Seekers
24533,1,Vegetables-Hygiene Oriented
24534,7,Service Sensitive
24535,4,Promotion Seekers
24536,7,Service Sensitive
24537,4,Promotion Seekers
24538,7,Service Sensitive
24539,6,Protein Enjoyers
24540,4,Promotion Seekers
24541,6,Protein Enjoyers
24542,3,Tech Enthusiasts
24543,4,Promotion Seekers
24545,5,Large Families
24546,7,Service Sensitive
24547,1,Vegetables-Hygiene Oriented
24548,4,Promotion Seekers
24549,2,Young Grocery
24550,2,Young Grocery
24552,7,Service Sensitive
24553,4,Promotion Seekers
24555,0,Older Long-Tenure Grocery
24557,5,Large Families
24558,5,Large Families
24559,1,Vegetables-Hygiene Oriented
24560,6,Protein Enjoyers
24561,7,Service Sensitive
24562,0,Older Long-Tenure Grocery
24563,4,Promotion Seekers
24564,0,Older Long-Tenure Grocery
24566,1,Vegetables-Hygiene Oriented
24567,4,Promotion Seekers
24568,7,Service Sensitive
24569,5,Large Families
24570,1,Vegetables-Hygiene Oriented
24572,0,Older Long-Tenure Grocery
24573,6,Protein Enjoyers
24574,4,Promotion Seekers
24575,4,Promotion Seekers
24576,3,Tech Enthusiasts
24577,6,Protein Enjoyers
24578,6,Protein Enjoyers
24580,7,Service Sensitive
24581,3,Tech Enthusiasts
24582,7,Service Sensitive
24583,4,Promotion Seekers
24584,2,Young Grocery
24585,4,Promotion Seekers
24587,5,Large Families
24588,7,Service Sensitive
24590,1,Vegetables-Hygiene Oriented
24591,7,Service Sensitive
24592,0,Older Long-Tenure Grocery
24594,2,Young Grocery
24595,0,Older Long-Tenure Grocery
24596,5,Large Families
24597,7,Service Sensitive
24598,7,Service Sensitive
24600,2,Young Grocery
24603,3,Tech Enthusiasts
24605,0,Older Long-Tenure Grocery
24606,5,Large Families
24607,6,Protein Enjoyers
24608,1,Vegetables-Hygiene Oriented
24610,2,Young Grocery
24611,4,Promotion Seekers
24613,5,Large Families
24614,1,Vegetables-Hygiene Oriented
24615,0,Older Long-Tenure Grocery
24616,5,Large Families
24618,1,Vegetables-Hygiene Oriented
24619,5,Large Families
24620,0,Older Long-Tenure Grocery
24621,7,Service Sensitive
24622,5,Large Families
24623,7,Service Sensitive
24625,2,Young Grocery
24627,7,Service Sensitive
24628,0,Older Long-Tenure Grocery
24629,3,Tech Enthusiasts
24632,3,Tech Enthusiasts
24633,6,Protein Enjoyers
24634,4,Promotion Seekers
24635,0,Older Long-Tenure Grocery
24636,0,Older Long-Tenure Grocery
24637,1,Vegetables-Hygiene Oriented
24640,3,Tech Enthusiasts
24641,0,Older Long-Tenure Grocery
24643,7,Service Sensitive
24644,2,Young Grocery
24645,0,Older Long-Tenure Grocery
24647,1,Vegetables-Hygiene Oriented
24648,7,Service Sensitive
24649,4,Promotion Seekers
24650,0,Older Long-Tenure Grocery
24652,0,Older Long-Tenure Grocery
24654,0,Older Long-Tenure Grocery
24655,3,Tech Enthusiasts
24656,7,Service Sensitive
24657,0,Older Long-Tenure Grocery
24658,0,Older Long-Tenure Grocery
24659,4,Promotion Seekers
24660,1,Vegetables-Hygiene Oriented
24661,0,Older Long-Tenure Grocery
24662,7,Service Sensitive
24663,0,Older Long-Tenure Grocery
24664,6,Protein Enjoyers
24665,1,Vegetables-Hygiene Oriented
24666,4,Promotion Seekers
24667,5,Large Families
24668,3,Tech Enthusiasts
24669,1,Vegetables-Hygiene Oriented
24670,0,Older Long-Tenure Grocery
24671,1,Vegetables-Hygiene Oriented
24672,1,Vegetables-Hygiene Oriented
24673,0,Older Long-Tenure Grocery
24674,7,Service Sensitive
24675,0,Older Long-Tenure Grocery
24677,1,Vegetables-Hygiene Oriented
24678,2,Young Grocery
24680,1,Vegetables-Hygiene Oriented
24681,4,Promotion Seekers
24685,1,Vegetables-Hygiene Oriented
24686,4,Promotion Seekers
24687,1,Vegetables-Hygiene Oriented
24688,5,Large Families
24689,2,Young Grocery
24690,4,Promotion Seekers
24691,1,Vegetables-Hygiene Oriented
24692,4,Promotion Seekers
24693,1,Vegetables-Hygiene Oriented
24694,4,Promotion Seekers
24696,1,Vegetables-Hygiene Oriented
24697,4,Promotion Seekers
24698,0,Older Long-Tenure Grocery
24700,0,Older Long-Tenure Grocery
24701,0,Older Long-Tenure Grocery
24703,6,Protein Enjoyers
24704,4,Promotion Seekers
24705,2,Young Grocery
24707,6,Protein Enjoyers
24708,0,Older Long-Tenure Grocery
24709,3,Tech Enthusiasts
24710,0,Older Long-Tenure Grocery
24711,2,Young Grocery
24712,0,Older Long-Tenure Grocery
24713,0,Older Long-Tenure Grocery
24714,2,Young Grocery
24715,2,Young Grocery
24717,2,Young Grocery
24718,2,Young Grocery
24719,5,Large Families
24720,1,Vegetables-Hygiene Oriented
24721,4,Promotion Seekers
24722,0,Older Long-Tenure Grocery
24723,7,Service Sensitive
24724,7,Service Sensitive
24727,4,Promotion Seekers
24728,1,Vegetables-Hygiene Oriented
24731,1,Vegetables-Hygiene Oriented
24732,5,Large Families
24734,7,Service Sensitive
24735,0,Older Long-Tenure Grocery
24736,7,Service Sensitive
24737,6,Protein Enjoyers
24738,2,Young Grocery
24739,5,Large Families
24740,7,Service Sensitive
24741,5,Large Families
24742,3,Tech Enthusiasts
24743,4,Promotion Seekers
24745,4,Promotion Seekers
24746,0,Older Long-Tenure Grocery
24747,0,Older Long-Tenure Grocery
24748,0,Older Long-Tenure Grocery
24749,4,Promotion Seekers
24750,1,Vegetables-Hygiene Oriented
24751,4,Promotion Seekers
24752,0,Older Long-Tenure Grocery
24753,4,Promotion Seekers
24754,7,Service Sensitive
24755,2,Young Grocery
24757,3,Tech Enthusiasts
24758,0,Older Long-Tenure Grocery
24759,1,Vegetables-Hygiene Oriented
24762,5,Large Families
24765,4,Promotion Seekers
24766,6,Protein Enjoyers
24767,0,Older Long-Tenure Grocery
24768,4,Promotion Seekers
24769,3,Tech Enthusiasts
24770,0,Older Long-Tenure Grocery
24771,0,Older Long-Tenure Grocery
24772,5,Large Families
24773,1,Vegetables-Hygiene Oriented
24774,0,Older Long-Tenure Grocery
24775,5,Large Families
24776,1,Vegetables-Hygiene Oriented
24777,2,Young Grocery
24778,2,Young Grocery
24779,0,Older Long-Tenure Grocery
24782,4,Promotion Seekers
24783,4,Promotion Seekers
24784,0,Older Long-Tenure Grocery
24785,4,Promotion Seekers
24786,2,Young Grocery
24787,4,Promotion Seekers
24788,1,Vegetables-Hygiene Oriented
24789,7,Service Sensitive
24790,5,Large Families
24791,1,Vegetables-Hygiene Oriented
24793,0,Older Long-Tenure Grocery
24794,7,Service Sensitive
24796,0,Older Long-Tenure Grocery
24797,0,Older Long-Tenure Grocery
24798,2,Young Grocery
24800,2,Young Grocery
24801,4,Promotion Seekers
24802,0,Older Long-Tenure Grocery
24803,5,Large Families
24805,5,Large Families
24807,5,Large Families
24808,4,Promotion Seekers
24809,0,Older Long-Tenure Grocery
24810,3,Tech Enthusiasts
24811,1,Vegetables-Hygiene Oriented
24812,4,Promotion Seekers
24813,4,Promotion Seekers
24814,7,Service Sensitive
24815,4,Promotion Seekers
24816,5,Large Families
24817,7,Service Sensitive
24818,2,Young Grocery
24819,1,Vegetables-Hygiene Oriented
24820,0,Older Long-Tenure Grocery
24821,2,Young Grocery
24827,2,Young Grocery
24828,5,Large Families
24829,0,Older Long-Tenure Grocery
24830,6,Protein Enjoyers
24831,0,Older Long-Tenure Grocery
24833,0,Older Long-Tenure Grocery
24835,0,Older Long-Tenure Grocery
24836,2,Young Grocery
24837,1,Vegetables-Hygiene Oriented
24838,4,Promotion Seekers
24839,2,Young Grocery
24840,2,Young Grocery
24841,7,Service Sensitive
24842,0,Older Long-Tenure Grocery
24844,3,Tech Enthusiasts
24845,1,Vegetables-Hygiene Oriented
24846,0,Older Long-Tenure Grocery
24847,4,Promotion Seekers
24848,7,Service Sensitive
24849,0,Older Long-Tenure Grocery
24850,1,Vegetables-Hygiene Oriented
24852,2,Young Grocery
24853,2,Young Grocery
24854,4,Promotion Seekers
24855,0,Older Long-Tenure Grocery
24858,1,Vegetables-Hygiene Oriented
24859,4,Promotion Seekers
24860,2,Young Grocery
24862,3,Tech Enthusiasts
24863,7,Service Sensitive
24864,4,Promotion Seekers
24865,7,Service Sensitive
24866,0,Older Long-Tenure Grocery
24867,6,Protein Enjoyers
24868,7,Service Sensitive
24869,4,Promotion Seekers
24870,7,Service Sensitive
24871,4,Promotion Seekers
24872,7,Service Sensitive
24874,0,Older Long-Tenure Grocery
24875,5,Large Families
24876,5,Large Families
24877,4,Promotion Seekers
24878,4,Promotion Seekers
24880,4,Promotion Seekers
24881,4,Promotion Seekers
24882,3,Tech Enthusiasts
24883,0,Older Long-Tenure Grocery
24885,4,Promotion Seekers
24886,1,Vegetables-Hygiene Oriented
24887,2,Young Grocery
24888,1,Vegetables-Hygiene Oriented
24889,7,Service Sensitive
24891,1,Vegetables-Hygiene Oriented
24892,0,Older Long-Tenure Grocery
24893,7,Service Sensitive
24894,2,Young Grocery
24897,3,Tech Enthusiasts
24899,0,Older Long-Tenure Grocery
24900,0,Older Long-Tenure Grocery
24901,2,Young Grocery
24904,1,Vegetables-Hygiene Oriented
24905,1,Vegetables-Hygiene Oriented
24906,0,Older Long-Tenure Grocery
24907,0,Older Long-Tenure Grocery
24908,0,Older Long-Tenure Grocery
24909,3,Tech Enthusiasts
24911,2,Young Grocery
24912,2,Young Grocery
24913,4,Promotion Seekers
24914,2,Young Grocery
24916,5,Large Families
24917,1,Vegetables-Hygiene Oriented
24918,3,Tech Enthusiasts
24919,0,Older Long-Tenure Grocery
24920,2,Young Grocery
24921,7,Service Sensitive
24922,7,Service Sensitive
24923,7,Service Sensitive
24924,2,Young Grocery
24925,5,Large Families
24926,5,Large Families
24927,1,Vegetables-Hygiene Oriented
24928,5,Large Families
24929,1,Vegetables-Hygiene Oriented
24930,5,Large Families
24931,6,Protein Enjoyers
24932,6,Protein Enjoyers
24933,7,Service Sensitive
24934,3,Tech Enthusiasts
24935,1,Vegetables-Hygiene Oriented
24936,2,Young Grocery
24937,4,Promotion Seekers
24938,5,Large Families
24939,4,Promotion Seekers
24941,0,Older Long-Tenure Grocery
24942,2,Young Grocery
24943,0,Older Long-Tenure Grocery
24944,6,Protein Enjoyers
24945,0,Older Long-Tenure Grocery
24948,4,Promotion Seekers
24950,3,Tech Enthusiasts
24951,4,Promotion Seekers
24952,1,Vegetables-Hygiene Oriented
24953,1,Vegetables-Hygiene Oriented
24954,1,Vegetables-Hygiene Oriented
24956,4,Promotion Seekers
24957,5,Large Families
24958,2,Young Grocery
24959,1,Vegetables-Hygiene Oriented
24960,1,Vegetables-Hygiene Oriented
24961,3,Tech Enthusiasts
24963,4,Promotion Seekers
24964,0,Older Long-Tenure Grocery
24965,6,Protein Enjoyers
24967,1,Vegetables-Hygiene Oriented
24969,4,Promotion Seekers
24970,2,Young Grocery
24971,5,Large Families
24973,2,Young Grocery
24974,1,Vegetables-Hygiene Oriented
24975,5,Large Families
24976,4,Promotion Seekers
24978,4,Promotion Seekers
24979,1,Vegetables-Hygiene Oriented
24980,7,Service Sensitive
24981,6,Protein Enjoyers
24982,0,Older Long-Tenure Grocery
24983,4,Promotion Seekers
24984,4,Promotion Seekers
24985,1,Vegetables-Hygiene Oriented
24987,0,Older Long-Tenure Grocery
24989,4,Promotion Seekers
24990,7,Service Sensitive
24991,6,Protein Enjoyers
24993,2,Young Grocery
24994,4,Promotion Seekers
24995,1,Vegetables-Hygiene Oriented
24998,5,Large Families
25000,0,Older Long-Tenure Grocery
25001,5,Large Families
25003,4,Promotion Seekers
25006,0,Older Long-Tenure Grocery
25008,6,Protein Enjoyers
25009,1,Vegetables-Hygiene Oriented
25010,0,Older Long-Tenure Grocery
25011,1,Vegetables-Hygiene Oriented
25012,0,Older Long-Tenure Grocery
25013,2,Young Grocery
25014,1,Vegetables-Hygiene Oriented
25015,1,Vegetables-Hygiene Oriented
25016,0,Older Long-Tenure Grocery
25017,1,Vegetables-Hygiene Oriented
25018,2,Young Grocery
25019,6,Protein Enjoyers
25020,1,Vegetables-Hygiene Oriented
25021,7,Service Sensitive
25022,3,Tech Enthusiasts
25023,0,Older Long-Tenure Grocery
25024,5,Large Families
25025,4,Promotion Seekers
25027,2,Young Grocery
25028,1,Vegetables-Hygiene Oriented
25029,3,Tech Enthusiasts
25031,1,Vegetables-Hygiene Oriented
25032,2,Young Grocery
25035,0,Older Long-Tenure Grocery
25036,0,Older Long-Tenure Grocery
25037,3,Tech Enthusiasts
25040,5,Large Families
25042,7,Service Sensitive
25045,2,Young Grocery
25047,1,Vegetables-Hygiene Oriented
25048,4,Promotion Seekers
25049,3,Tech Enthusiasts
25050,2,Young Grocery
25053,2,Young Grocery
25054,1,Vegetables-Hygiene Oriented
25055,7,Service Sensitive
25056,4,Promotion Seekers
25057,7,Service Sensitive
25058,7,Service Sensitive
25059,2,Young Grocery
25060,0,Older Long-Tenure Grocery
25065,7,Service Sensitive
25066,6,Protein Enjoyers
25067,1,Vegetables-Hygiene Oriented
25068,7,Service Sensitive
25069,1,Vegetables-Hygiene Oriented
25070,1,Vegetables-Hygiene Oriented
25071,2,Young Grocery
25072,1,Vegetables-Hygiene Oriented
25073,2,Young Grocery
25075,7,Service Sensitive
25077,6,Protein Enjoyers
25078,4,Promotion Seekers
25079,6,Protein Enjoyers
25080,0,Older Long-Tenure Grocery
25081,1,Vegetables-Hygiene Oriented
25082,0,Older Long-Tenure Grocery
25083,7,Service Sensitive
25084,3,Tech Enthusiasts
25085,1,Vegetables-Hygiene Oriented
25086,0,Older Long-Tenure Grocery
25087,5,Large Families
25088,0,Older Long-Tenure Grocery
25089,7,Service Sensitive
25090,4,Promotion Seekers
25093,2,Young Grocery
25095,0,Older Long-Tenure Grocery
25096,3,Tech Enthusiasts
25097,5,Large Families
25098,0,Older Long-Tenure Grocery
25099,0,Older Long-Tenure Grocery
25100,5,Large Families
25103,1,Vegetables-Hygiene Oriented
25104,0,Older Long-Tenure Grocery
25105,1,Vegetables-Hygiene Oriented
25106,3,Tech Enthusiasts
25107,2,Young Grocery
25108,6,Protein Enjoyers
25109,5,Large Families
25110,0,Older Long-Tenure Grocery
25111,0,Older Long-Tenure Grocery
25112,4,Promotion Seekers
25113,4,Promotion Seekers
25114,4,Promotion Seekers
25115,7,Service Sensitive
25116,6,Protein Enjoyers
25117,4,Promotion Seekers
25118,3,Tech Enthusiasts
25119,4,Promotion Seekers
25120,4,Promotion Seekers
25121,3,Tech Enthusiasts
25122,0,Older Long-Tenure Grocery
25123,1,Vegetables-Hygiene Oriented
25124,2,Young Grocery
25125,1,Vegetables-Hygiene Oriented
25126,3,Tech Enthusiasts
25127,5,Large Families
25129,2,Young Grocery
25130,7,Service Sensitive
25131,4,Promotion Seekers
25132,4,Promotion Seekers
25133,2,Young Grocery
25134,4,Promotion Seekers
25135,5,Large Families
25136,7,Service Sensitive
25137,7,Service Sensitive
25138,0,Older Long-Tenure Grocery
25139,0,Older Long-Tenure Grocery
25140,4,Promotion Seekers
25141,6,Protein Enjoyers
25143,2,Young Grocery
25144,0,Older Long-Tenure Grocery
25146,0,Older Long-Tenure Grocery
25147,7,Service Sensitive
25148,1,Vegetables-Hygiene Oriented
25149,7,Service Sensitive
25150,1,Vegetables-Hygiene Oriented
25152,6,Protein Enjoyers
25153,2,Young Grocery
25154,0,Older Long-Tenure Grocery
25155,5,Large Families
25156,3,Tech Enthusiasts
25157,2,Young Grocery
25158,2,Young Grocery
25159,1,Vegetables-Hygiene Oriented
25160,2,Young Grocery
25161,5,Large Families
25162,3,Tech Enthusiasts
25163,7,Service Sensitive
25164,3,Tech Enthusiasts
25165,3,Tech Enthusiasts
25166,2,Young Grocery
25168,6,Protein Enjoyers
25169,1,Vegetables-Hygiene Oriented
25170,4,Promotion Seekers
25171,7,Service Sensitive
25172,1,Vegetables-Hygiene Oriented
25173,1,Vegetables-Hygiene Oriented
25174,4,Promotion Seekers
25175,0,Older Long-Tenure Grocery
25176,2,Young Grocery
25177,4,Promotion Seekers
25178,1,Vegetables-Hygiene Oriented
25179,6,Protein Enjoyers
25180,4,Promotion Seekers
25182,4,Promotion Seekers
25183,5,Large Families
25184,3,Tech Enthusiasts
25187,0,Older Long-Tenure Grocery
25188,1,Vegetables-Hygiene Oriented
25189,1,Vegetables-Hygiene Oriented
25190,4,Promotion Seekers
25191,2,Young Grocery
25192,3,Tech Enthusiasts
25193,6,Protein Enjoyers
25194,4,Promotion Seekers
25195,0,Older Long-Tenure Grocery
25196,3,Tech Enthusiasts
25197,3,Tech Enthusiasts
25198,3,Tech Enthusiasts
25199,1,Vegetables-Hygiene Oriented
25200,1,Vegetables-Hygiene Oriented
25201,3,Tech Enthusiasts
25202,4,Promotion Seekers
25203,0,Older Long-Tenure Grocery
25204,4,Promotion Seekers
25205,1,Vegetables-Hygiene Oriented
25206,4,Promotion Seekers
25207,3,Tech Enthusiasts
25209,1,Vegetables-Hygiene Oriented
25210,1,Vegetables-Hygiene Oriented
25211,5,Large Families
25212,6,Protein Enjoyers
25213,4,Promotion Seekers
25214,2,Young Grocery
25216,1,Vegetables-Hygiene Oriented
25217,0,Older Long-Tenure Grocery
25218,0,Older Long-Tenure Grocery
25220,7,Service Sensitive
25221,4,Promotion Seekers
25222,4,Promotion Seekers
25223,1,Vegetables-Hygiene Oriented
25224,0,Older Long-Tenure Grocery
25225,3,Tech Enthusiasts
25226,3,Tech Enthusiasts
25228,7,Service Sensitive
25229,4,Promotion Seekers
25231,3,Tech Enthusiasts
25232,1,Vegetables-Hygiene Oriented
25233,4,Promotion Seekers
25234,0,Older Long-Tenure Grocery
25235,7,Service Sensitive
25236,7,Service Sensitive
25237,1,Vegetables-Hygiene Oriented
25238,0,Older Long-Tenure Grocery
25239,4,Promotion Seekers
25240,4,Promotion Seekers
25241,3,Tech Enthusiasts
25242,2,Young Grocery
25243,0,Older Long-Tenure Grocery
25244,1,Vegetables-Hygiene Oriented
25245,4,Promotion Seekers
25247,4,Promotion Seekers
25248,3,Tech Enthusiasts
25249,5,Large Families
25251,2,Young Grocery
25254,0,Older Long-Tenure Grocery
25255,7,Service Sensitive
25256,0,Older Long-Tenure Grocery
25257,4,Promotion Seekers
25258,0,Older Long-Tenure Grocery
25259,4,Promotion Seekers
25260,7,Service Sensitive
25261,4,Promotion Seekers
25262,4,Promotion Seekers
25264,4,Promotion Seekers
25265,0,Older Long-Tenure Grocery
25267,0,Older Long-Tenure Grocery
25268,2,Young Grocery
25269,0,Older Long-Tenure Grocery
25271,3,Tech Enthusiasts
25272,1,Vegetables-Hygiene Oriented
25273,3,Tech Enthusiasts
25274,4,Promotion Seekers
25275,4,Promotion Seekers
25276,1,Vegetables-Hygiene Oriented
25277,5,Large Families
25278,7,Service Sensitive
25279,5,Large Families
25280,7,Service Sensitive
25281,4,Promotion Seekers
25282,0,Older Long-Tenure Grocery
25283,6,Protein Enjoyers
25284,3,Tech Enthusiasts
25285,1,Vegetables-Hygiene Oriented
25286,0,Older Long-Tenure Grocery
25287,3,Tech Enthusiasts
25288,2,Young Grocery
25289,0,Older Long-Tenure Grocery
25290,4,Promotion Seekers
25291,4,Promotion Seekers
25292,1,Vegetables-Hygiene Oriented
25293,2,Young Grocery
25294,3,Tech Enthusiasts
25295,2,Young Grocery
25296,1,Vegetables-Hygiene Oriented
25297,0,Older Long-Tenure Grocery
25298,5,Large Families
25300,2,Young Grocery
25301,4,Promotion Seekers
25302,1,Vegetables-Hygiene Oriented
25304,7,Service Sensitive
25306,1,Vegetables-Hygiene Oriented
25307,2,Young Grocery
25308,1,Vegetables-Hygiene Oriented
25309,1,Vegetables-Hygiene Oriented
25310,0,Older Long-Tenure Grocery
25311,4,Promotion Seekers
25312,6,Protein Enjoyers
25313,7,Service Sensitive
25314,3,Tech Enthusiasts
25315,5,Large Families
25316,4,Promotion Seekers
25317,5,Large Families
25318,7,Service Sensitive
25319,7,Service Sensitive
25321,0,Older Long-Tenure Grocery
25323,1,Vegetables-Hygiene Oriented
25324,4,Promotion Seekers
25325,4,Promotion Seekers
25326,2,Young Grocery
25327,4,Promotion Seekers
25328,5,Large Families
25329,7,Service Sensitive
25330,1,Vegetables-Hygiene Oriented
25331,6,Protein Enjoyers
25332,1,Vegetables-Hygiene Oriented
25333,4,Promotion Seekers
25334,1,Vegetables-Hygiene Oriented
25335,0,Older Long-Tenure Grocery
25336,5,Large Families
25337,4,Promotion Seekers
25338,4,Promotion Seekers
25340,5,Large Families
25341,3,Tech Enthusiasts
25343,7,Service Sensitive
25344,0,Older Long-Tenure Grocery
25345,0,Older Long-Tenure Grocery
25346,5,Large Families
25347,2,Young Grocery
25348,4,Promotion Seekers
25349,7,Service Sensitive
25350,7,Service Sensitive
25351,4,Promotion Seekers
25353,0,Older Long-Tenure Grocery
25354,7,Service Sensitive
25355,1,Vegetables-Hygiene Oriented
25356,0,Older Long-Tenure Grocery
25357,0,Older Long-Tenure Grocery
25358,1,Vegetables-Hygiene Oriented
25359,3,Tech Enthusiasts
25360,4,Promotion Seekers
25361,2,Young Grocery
25362,4,Promotion Seekers
25363,4,Promotion Seekers
25364,1,Vegetables-Hygiene Oriented
25366,6,Protein Enjoyers
25367,2,Young Grocery
25368,5,Large Families
25370,5,Large Families
25373,4,Promotion Seekers
25374,1,Vegetables-Hygiene Oriented
25375,0,Older Long-Tenure Grocery
25376,4,Promotion Seekers
25377,3,Tech Enthusiasts
25379,5,Large Families
25380,7,Service Sensitive
25381,5,Large Families
25382,1,Vegetables-Hygiene Oriented
25383,4,Promotion Seekers
25384,4,Promotion Seekers
25385,2,Young Grocery
25386,3,Tech Enthusiasts
25387,7,Service Sensitive
25390,4,Promotion Seekers
25391,2,Young Grocery
25395,4,Promotion Seekers
25396,7,Service Sensitive
25398,0,Older Long-Tenure Grocery
25399,3,Tech Enthusiasts
25402,1,Vegetables-Hygiene Oriented
25403,1,Vegetables-Hygiene Oriented
25404,7,Service Sensitive
25405,3,Tech Enthusiasts
25408,7,Service Sensitive
25409,1,Vegetables-Hygiene Oriented
25410,3,Tech Enthusiasts
25412,4,Promotion Seekers
25414,5,Large Families
25415,4,Promotion Seekers
25417,0,Older Long-Tenure Grocery
25418,4,Promotion Seekers
25419,4,Promotion Seekers
25421,6,Protein Enjoyers
25422,0,Older Long-Tenure Grocery
25424,0,Older Long-Tenure Grocery
25425,2,Young Grocery
25426,3,Tech Enthusiasts
25427,1,Vegetables-Hygiene Oriented
25428,4,Promotion Seekers
25429,3,Tech Enthusiasts
25430,2,Young Grocery
25431,0,Older Long-Tenure Grocery
25433,0,Older Long-Tenure Grocery
25434,3,Tech Enthusiasts
25436,4,Promotion Seekers
25437,7,Service Sensitive
25438,7,Service Sensitive
25439,7,Service Sensitive
25440,1,Vegetables-Hygiene Oriented
25441,6,Protein Enjoyers
25442,0,Older Long-Tenure Grocery
25443,4,Promotion Seekers
25445,1,Vegetables-Hygiene Oriented
25446,7,Service Sensitive
25447,7,Service Sensitive
25448,0,Older Long-Tenure Grocery
25449,4,Promotion Seekers
25450,4,Promotion Seekers
25451,1,Vegetables-Hygiene Oriented
25452,7,Service Sensitive
25453,1,Vegetables-Hygiene Oriented
25454,3,Tech Enthusiasts
25455,0,Older Long-Tenure Grocery
25456,0,Older Long-Tenure Grocery
25457,5,Large Families
25458,2,Young Grocery
25459,1,Vegetables-Hygiene Oriented
25461,7,Service Sensitive
25463,4,Promotion Seekers
25464,6,Protein Enjoyers
25465,7,Service Sensitive
25466,0,Older Long-Tenure Grocery
25467,7,Service Sensitive
25469,2,Young Grocery
25470,5,Large Families
25471,4,Promotion Seekers
25472,6,Protein Enjoyers
25473,3,Tech Enthusiasts
25474,7,Service Sensitive
25475,2,Young Grocery
25476,1,Vegetables-Hygiene Oriented
25477,5,Large Families
25478,2,Young Grocery
25479,1,Vegetables-Hygiene Oriented
25480,3,Tech Enthusiasts
25482,4,Promotion Seekers
25485,1,Vegetables-Hygiene Oriented
25486,4,Promotion Seekers
25488,4,Promotion Seekers
25489,4,Promotion Seekers
25490,2,Young Grocery
25491,2,Young Grocery
25492,0,Older Long-Tenure Grocery
25493,3,Tech Enthusiasts
25494,3,Tech Enthusiasts
25495,2,Young Grocery
25496,2,Young Grocery
25498,7,Service Sensitive
25499,5,Large Families
25500,7,Service Sensitive
25502,1,Vegetables-Hygiene Oriented
25503,5,Large Families
25504,4,Promotion Seekers
25505,0,Older Long-Tenure Grocery
25506,1,Vegetables-Hygiene Oriented
25507,1,Vegetables-Hygiene Oriented
25508,0,Older Long-Tenure Grocery
25509,1,Vegetables-Hygiene Oriented
25511,6,Protein Enjoyers
25512,7,Service Sensitive
25513,4,Promotion Seekers
25514,3,Tech Enthusiasts
25515,3,Tech Enthusiasts
25516,5,Large Families
25517,1,Vegetables-Hygiene Oriented
25518,0,Older Long-Tenure Grocery
25519,0,Older Long-Tenure Grocery
25520,6,Protein Enjoyers
25521,3,Tech Enthusiasts
25522,1,Vegetables-Hygiene Oriented
25523,4,Promotion Seekers
25524,1,Vegetables-Hygiene Oriented
25525,3,Tech Enthusiasts
25527,1,Vegetables-Hygiene Oriented
25528,7,Service Sensitive
25529,6,Protein Enjoyers
25530,1,Vegetables-Hygiene Oriented
25533,7,Service Sensitive
25534,4,Promotion Seekers
25535,2,Young Grocery
25537,3,Tech Enthusiasts
25538,0,Older Long-Tenure Grocery
25539,7,Service Sensitive
25540,5,Large Families
25541,0,Older Long-Tenure Grocery
25543,4,Promotion Seekers
25544,7,Service Sensitive
25545,5,Large Families
25546,4,Promotion Seekers
25547,6,Protein Enjoyers
25548,4,Promotion Seekers
25549,4,Promotion Seekers
25550,0,Older Long-Tenure Grocery
25551,5,Large Families
25552,3,Tech Enthusiasts
25553,2,Young Grocery
25555,6,Protein Enjoyers
25556,0,Older Long-Tenure Grocery
25557,0,Older Long-Tenure Grocery
25558,6,Protein Enjoyers
25559,7,Service Sensitive
25560,3,Tech Enthusiasts
25561,4,Promotion Seekers
25562,4,Promotion Seekers
25563,7,Service Sensitive
25564,1,Vegetables-Hygiene Oriented
25565,4,Promotion Seekers
25566,7,Service Sensitive
25567,3,Tech Enthusiasts
25568,4,Promotion Seekers
25570,0,Older Long-Tenure Grocery
25571,1,Vegetables-Hygiene Oriented
25573,1,Vegetables-Hygiene Oriented
25574,3,Tech Enthusiasts
25575,0,Older Long-Tenure Grocery
25577,7,Service Sensitive
25578,5,Large Families
25579,0,Older Long-Tenure Grocery
25580,5,Large Families
25582,7,Service Sensitive
25585,7,Service Sensitive
25586,7,Service Sensitive
25587,4,Promotion Seekers
25588,0,Older Long-Tenure Grocery
25589,4,Promotion Seekers
25590,1,Vegetables-Hygiene Oriented
25591,2,Young Grocery
25592,0,Older Long-Tenure Grocery
25593,0,Older Long-Tenure Grocery
25594,6,Protein Enjoyers
25595,1,Vegetables-Hygiene Oriented
25596,7,Service Sensitive
25597,2,Young Grocery
25598,1,Vegetables-Hygiene Oriented
25599,2,Young Grocery
25601,5,Large Families
25602,6,Protein Enjoyers
25603,4,Promotion Seekers
25604,7,Service Sensitive
25605,4,Promotion Seekers
25606,1,Vegetables-Hygiene Oriented
25607,1,Vegetables-Hygiene Oriented
25608,4,Promotion Seekers
25610,7,Service Sensitive
25611,3,Tech Enthusiasts
25613,7,Service Sensitive
25616,2,Young Grocery
25617,2,Young Grocery
25619,1,Vegetables-Hygiene Oriented
25620,4,Promotion Seekers
25622,7,Service Sensitive
25623,3,Tech Enthusiasts
25624,7,Service Sensitive
25625,5,Large Families
25626,0,Older Long-Tenure Grocery
25627,3,Tech Enthusiasts
25629,7,Service Sensitive
25630,4,Promotion Seekers
25631,0,Older Long-Tenure Grocery
25633,5,Large Families
25634,7,Service Sensitive
25635,5,Large Families
25636,3,Tech Enthusiasts
25637,4,Promotion Seekers
25639,4,Promotion Seekers
25640,0,Older Long-Tenure Grocery
25641,4,Promotion Seekers
25642,6,Protein Enjoyers
25643,3,Tech Enthusiasts
25644,1,Vegetables-Hygiene Oriented
25645,0,Older Long-Tenure Grocery
25646,0,Older Long-Tenure Grocery
25647,3,Tech Enthusiasts
25648,6,Protein Enjoyers
25649,4,Promotion Seekers
25650,7,Service Sensitive
25651,7,Service Sensitive
25652,3,Tech Enthusiasts
25653,7,Service Sensitive
25654,5,Large Families
25655,3,Tech Enthusiasts
25656,0,Older Long-Tenure Grocery
25657,2,Young Grocery
25658,5,Large Families
25659,0,Older Long-Tenure Grocery
25660,2,Young Grocery
25661,7,Service Sensitive
25662,0,Older Long-Tenure Grocery
25663,0,Older Long-Tenure Grocery
25664,3,Tech Enthusiasts
25665,3,Tech Enthusiasts
25666,1,Vegetables-Hygiene Oriented
25668,7,Service Sensitive
25669,1,Vegetables-Hygiene Oriented
25670,2,Young Grocery
25671,5,Large Families
25672,1,Vegetables-Hygiene Oriented
25673,1,Vegetables-Hygiene Oriented
25674,5,Large Families
25675,1,Vegetables-Hygiene Oriented
25676,1,Vegetables-Hygiene Oriented
25677,4,Promotion Seekers
25678,0,Older Long-Tenure Grocery
25679,1,Vegetables-Hygiene Oriented
25680,4,Promotion Seekers
25682,7,Service Sensitive
25683,1,Vegetables-Hygiene Oriented
25684,4,Promotion Seekers
25685,2,Young Grocery
25686,5,Large Families
25687,1,Vegetables-Hygiene Oriented
25689,6,Protein Enjoyers
25692,1,Vegetables-Hygiene Oriented
25694,4,Promotion Seekers
25695,0,Older Long-Tenure Grocery
25696,2,Young Grocery
25697,5,Large Families
25698,7,Service Sensitive
25699,0,Older Long-Tenure Grocery
25700,6,Protein Enjoyers
25701,0,Older Long-Tenure Grocery
25702,3,Tech Enthusiasts
25704,6,Protein Enjoyers
25705,3,Tech Enthusiasts
25708,0,Older Long-Tenure Grocery
25709,0,Older Long-Tenure Grocery
25710,1,Vegetables-Hygiene Oriented
25711,0,Older Long-Tenure Grocery
25712,0,Older Long-Tenure Grocery
25713,4,Promotion Seekers
25714,7,Service Sensitive
25715,7,Service Sensitive
25717,2,Young Grocery
25718,3,Tech Enthusiasts
25719,0,Older Long-Tenure Grocery
25720,4,Promotion Seekers
25721,6,Protein Enjoyers
25722,3,Tech Enthusiasts
25723,0,Older Long-Tenure Grocery
25724,1,Vegetables-Hygiene Oriented
25725,0,Older Long-Tenure Grocery
25727,4,Promotion Seekers
25728,4,Promotion Seekers
25730,5,Large Families
25731,1,Vegetables-Hygiene Oriented
25732,7,Service Sensitive
25733,0,Older Long-Tenure Grocery
25734,3,Tech Enthusiasts
25735,2,Young Grocery
25736,1,Vegetables-Hygiene Oriented
25737,7,Service Sensitive
25738,3,Tech Enthusiasts
25739,0,Older Long-Tenure Grocery
25741,6,Protein Enjoyers
25742,1,Vegetables-Hygiene Oriented
25743,4,Promotion Seekers
25744,1,Vegetables-Hygiene Oriented
25745,3,Tech Enthusiasts
25746,3,Tech Enthusiasts
25747,0,Older Long-Tenure Grocery
25748,7,Service Sensitive
25750,0,Older Long-Tenure Grocery
25751,2,Young Grocery
25752,2,Young Grocery
25754,0,Older Long-Tenure Grocery
25755,6,Protein Enjoyers
25756,5,Large Families
25758,1,Vegetables-Hygiene Oriented
25759,5,Large Families
25761,1,Vegetables-Hygiene Oriented
25762,1,Vegetables-Hygiene Oriented
25763,2,Young Grocery
25764,0,Older Long-Tenure Grocery
25766,0,Older Long-Tenure Grocery
25767,3,Tech Enthusiasts
25768,0,Older Long-Tenure Grocery
25769,4,Promotion Seekers
25771,0,Older Long-Tenure Grocery
25772,1,Vegetables-Hygiene Oriented
25773,0,Older Long-Tenure Grocery
25774,0,Older Long-Tenure Grocery
25776,2,Young Grocery
25777,2,Young Grocery
25778,1,Vegetables-Hygiene Oriented
25780,4,Promotion Seekers
25781,4,Promotion Seekers
25783,4,Promotion Seekers
25784,0,Older Long-Tenure Grocery
25785,2,Young Grocery
25786,0,Older Long-Tenure Grocery
25790,0,Older Long-Tenure Grocery
25791,3,Tech Enthusiasts
25792,2,Young Grocery
25793,2,Young Grocery
25794,5,Large Families
25795,1,Vegetables-Hygiene Oriented
25796,7,Service Sensitive
25797,2,Young Grocery
25798,3,Tech Enthusiasts
25799,0,Older Long-Tenure Grocery
25800,0,Older Long-Tenure Grocery
25801,2,Young Grocery
25802,0,Older Long-Tenure Grocery
25803,1,Vegetables-Hygiene Oriented
25804,2,Young Grocery
25805,1,Vegetables-Hygiene Oriented
25806,7,Service Sensitive
25807,4,Promotion Seekers
25808,1,Vegetables-Hygiene Oriented
25810,2,Young Grocery
25811,2,Young Grocery
25813,3,Tech Enthusiasts
25814,4,Promotion Seekers
25815,2,Young Grocery
25816,1,Vegetables-Hygiene Oriented
25817,4,Promotion Seekers
25818,2,Young Grocery
25819,1,Vegetables-Hygiene Oriented
25820,4,Promotion Seekers
25821,7,Service Sensitive
25822,0,Older Long-Tenure Grocery
25824,4,Promotion Seekers
25826,1,Vegetables-Hygiene Oriented
25827,1,Vegetables-Hygiene Oriented
25828,5,Large Families
25829,7,Service Sensitive
25830,5,Large Families
25831,5,Large Families
25832,4,Promotion Seekers
25834,1,Vegetables-Hygiene Oriented
25835,4,Promotion Seekers
25836,0,Older Long-Tenure Grocery
25837,1,Vegetables-Hygiene Oriented
25838,4,Promotion Seekers
25839,0,Older Long-Tenure Grocery
25840,3,Tech Enthusiasts
25841,1,Vegetables-Hygiene Oriented
25842,0,Older Long-Tenure Grocery
25843,0,Older Long-Tenure Grocery
25844,4,Promotion Seekers
25845,4,Promotion Seekers
25846,4,Promotion Seekers
25847,7,Service Sensitive
25848,2,Young Grocery
25849,0,Older Long-Tenure Grocery
25850,4,Promotion Seekers
25853,1,Vegetables-Hygiene Oriented
25854,3,Tech Enthusiasts
25855,2,Young Grocery
25857,4,Promotion Seekers
25858,5,Large Families
25859,1,Vegetables-Hygiene Oriented
25860,0,Older Long-Tenure Grocery
25861,0,Older Long-Tenure Grocery
25862,7,Service Sensitive
25863,0,Older Long-Tenure Grocery
25864,3,Tech Enthusiasts
25865,3,Tech Enthusiasts
25867,5,Large Families
25869,0,Older Long-Tenure Grocery
25871,2,Young Grocery
25872,2,Young Grocery
25874,7,Service Sensitive
25875,0,Older Long-Tenure Grocery
25876,5,Large Families
25877,5,Large Families
25878,4,Promotion Seekers
25879,7,Service Sensitive
25880,1,Vegetables-Hygiene Oriented
25881,4,Promotion Seekers
25882,1,Vegetables-Hygiene Oriented
25883,0,Older Long-Tenure Grocery
25884,1,Vegetables-Hygiene Oriented
25886,5,Large Families
25887,1,Vegetables-Hygiene Oriented
25888,3,Tech Enthusiasts
25889,4,Promotion Seekers
25890,1,Vegetables-Hygiene Oriented
25891,5,Large Families
25892,5,Large Families
25893,4,Promotion Seekers
25894,6,Protein Enjoyers
25895,2,Young Grocery
25896,1,Vegetables-Hygiene Oriented
25897,3,Tech Enthusiasts
25898,0,Older Long-Tenure Grocery
25900,4,Promotion Seekers
25902,0,Older Long-Tenure Grocery
25903,4,Promotion Seekers
25904,1,Vegetables-Hygiene Oriented
25905,0,Older Long-Tenure Grocery
25907,5,Large Families
25908,3,Tech Enthusiasts
25909,1,Vegetables-Hygiene Oriented
25910,3,Tech Enthusiasts
25911,7,Service Sensitive
25912,0,Older Long-Tenure Grocery
25913,4,Promotion Seekers
25914,1,Vegetables-Hygiene Oriented
25915,0,Older Long-Tenure Grocery
25916,1,Vegetables-Hygiene Oriented
25917,1,Vegetables-Hygiene Oriented
25921,2,Young Grocery
25922,6,Protein Enjoyers
25924,3,Tech Enthusiasts
25925,4,Promotion Seekers
25926,0,Older Long-Tenure Grocery
25927,1,Vegetables-Hygiene Oriented
25928,4,Promotion Seekers
25930,0,Older Long-Tenure Grocery
25931,3,Tech Enthusiasts
25932,7,Service Sensitive
25933,7,Service Sensitive
25934,3,Tech Enthusiasts
25935,0,Older Long-Tenure Grocery
25936,0,Older Long-Tenure Grocery
25937,6,Protein Enjoyers
25938,1,Vegetables-Hygiene Oriented
25939,0,Older Long-Tenure Grocery
25940,5,Large Families
25941,0,Older Long-Tenure Grocery
25942,3,Tech Enthusiasts
25943,4,Promotion Seekers
25944,2,Young Grocery
25946,0,Older Long-Tenure Grocery
25947,0,Older Long-Tenure Grocery
25949,7,Service Sensitive
25950,2,Young Grocery
25951,1,Vegetables-Hygiene Oriented
25952,0,Older Long-Tenure Grocery
25953,0,Older Long-Tenure Grocery
25954,0,Older Long-Tenure Grocery
25955,0,Older Long-Tenure Grocery
25957,6,Protein Enjoyers
25958,3,Tech Enthusiasts
25959,7,Service Sensitive
25960,5,Large Families
25961,2,Young Grocery
25962,7,Service Sensitive
25963,7,Service Sensitive
25964,1,Vegetables-Hygiene Oriented
25965,0,Older Long-Tenure Grocery
25967,4,Promotion Seekers
25968,0,Older Long-Tenure Grocery
25969,1,Vegetables-Hygiene Oriented
25970,6,Protein Enjoyers
25971,2,Young Grocery
25972,1,Vegetables-Hygiene Oriented
25973,0,Older Long-Tenure Grocery
25974,0,Older Long-Tenure Grocery
25975,7,Service Sensitive
25976,3,Tech Enthusiasts
25977,2,Young Grocery
25978,7,Service Sensitive
25979,6,Protein Enjoyers
25980,4,Promotion Seekers
25981,5,Large Families
25983,1,Vegetables-Hygiene Oriented
25984,5,Large Families
25985,4,Promotion Seekers
25987,4,Promotion Seekers
25988,0,Older Long-Tenure Grocery
25989,6,Protein Enjoyers
25990,2,Young Grocery
25991,1,Vegetables-Hygiene Oriented
25993,5,Large Families
25994,0,Older Long-Tenure Grocery
25996,0,Older Long-Tenure Grocery
25997,7,Service Sensitive
25998,2,Young Grocery
25999,0,Older Long-Tenure Grocery
26000,0,Older Long-Tenure Grocery
26001,2,Young Grocery
26002,0,Older Long-Tenure Grocery
26003,0,Older Long-Tenure Grocery
26004,0,Older Long-Tenure Grocery
26005,4,Promotion Seekers
26006,0,Older Long-Tenure Grocery
26007,5,Large Families
26008,4,Promotion Seekers
26009,1,Vegetables-Hygiene Oriented
26011,2,Young Grocery
26012,2,Young Grocery
26013,6,Protein Enjoyers
26014,1,Vegetables-Hygiene Oriented
26015,5,Large Families
26016,2,Young Grocery
26017,6,Protein Enjoyers
26018,4,Promotion Seekers
26019,7,Service Sensitive
26020,4,Promotion Seekers
26023,0,Older Long-Tenure Grocery
26024,1,Vegetables-Hygiene Oriented
26026,1,Vegetables-Hygiene Oriented
26027,4,Promotion Seekers
26028,2,Young Grocery
26029,0,Older Long-Tenure Grocery
26030,4,Promotion Seekers
26031,0,Older Long-Tenure Grocery
26032,7,Service Sensitive
26033,6,Protein Enjoyers
26035,5,Large Families
26036,1,Vegetables-Hygiene Oriented
26037,1,Vegetables-Hygiene Oriented
26038,7,Service Sensitive
26039,1,Vegetables-Hygiene Oriented
26041,7,Service Sensitive
26043,0,Older Long-Tenure Grocery
26044,4,Promotion Seekers
26045,4,Promotion Seekers
26046,1,Vegetables-Hygiene Oriented
26047,0,Older Long-Tenure Grocery
26048,0,Older Long-Tenure Grocery
26049,1,Vegetables-Hygiene Oriented
26050,4,Promotion Seekers
26051,3,Tech Enthusiasts
26052,1,Vegetables-Hygiene Oriented
26053,0,Older Long-Tenure Grocery
26054,6,Protein Enjoyers
26055,2,Young Grocery
26057,6,Protein Enjoyers
26058,7,Service Sensitive
26059,1,Vegetables-Hygiene Oriented
26060,7,Service Sensitive
26061,2,Young Grocery
26062,0,Older Long-Tenure Grocery
26065,1,Vegetables-Hygiene Oriented
26066,4,Promotion Seekers
26067,0,Older Long-Tenure Grocery
26068,2,Young Grocery
26069,7,Service Sensitive
26070,1,Vegetables-Hygiene Oriented
26071,4,Promotion Seekers
26072,4,Promotion Seekers
26073,4,Promotion Seekers
26074,4,Promotion Seekers
26075,4,Promotion Seekers
26076,7,Service Sensitive
26077,7,Service Sensitive
26078,6,Protein Enjoyers
26079,0,Older Long-Tenure Grocery
26080,0,Older Long-Tenure Grocery
26081,2,Young Grocery
26082,6,Protein Enjoyers
26083,1,Vegetables-Hygiene Oriented
26084,7,Service Sensitive
26085,2,Young Grocery
26086,0,Older Long-Tenure Grocery
26087,0,Older Long-Tenure Grocery
26089,4,Promotion Seekers
26090,4,Promotion Seekers
26092,4,Promotion Seekers
26093,5,Large Families
26095,7,Service Sensitive
26097,0,Older Long-Tenure Grocery
26098,4,Promotion Seekers
26099,5,Large Families
26100,7,Service Sensitive
26101,2,Young Grocery
26102,4,Promotion Seekers
26103,5,Large Families
26104,0,Older Long-Tenure Grocery
26105,7,Service Sensitive
26106,0,Older Long-Tenure Grocery
26107,7,Service Sensitive
26108,4,Promotion Seekers
26109,5,Large Families
26110,6,Protein Enjoyers
26111,6,Protein Enjoyers
26112,0,Older Long-Tenure Grocery
26113,4,Promotion Seekers
26115,5,Large Families
26116,6,Protein Enjoyers
26118,5,Large Families
26119,2,Young Grocery
26120,4,Promotion Seekers
26121,0,Older Long-Tenure Grocery
26122,5,Large Families
26123,0,Older Long-Tenure Grocery
26124,2,Young Grocery
26125,7,Service Sensitive
26126,5,Large Families
26127,4,Promotion Seekers
26129,5,Large Families
26130,0,Older Long-Tenure Grocery
26131,2,Young Grocery
26132,7,Service Sensitive
26133,2,Young Grocery
26135,0,Older Long-Tenure Grocery
26136,3,Tech Enthusiasts
26137,3,Tech Enthusiasts
26139,0,Older Long-Tenure Grocery
26140,0,Older Long-Tenure Grocery
26141,2,Young Grocery
26142,4,Promotion Seekers
26143,0,Older Long-Tenure Grocery
26144,7,Service Sensitive
26145,7,Service Sensitive
26147,0,Older Long-Tenure Grocery
26148,7,Service Sensitive
26149,3,Tech Enthusiasts
26150,4,Promotion Seekers
26151,4,Promotion Seekers
26152,2,Young Grocery
26153,0,Older Long-Tenure Grocery
26154,1,Vegetables-Hygiene Oriented
26155,1,Vegetables-Hygiene Oriented
26156,5,Large Families
26157,4,Promotion Seekers
26158,2,Young Grocery
26159,7,Service Sensitive
26160,4,Promotion Seekers
26162,6,Protein Enjoyers
26163,7,Service Sensitive
26164,3,Tech Enthusiasts
26165,1,Vegetables-Hygiene Oriented
26166,1,Vegetables-Hygiene Oriented
26167,4,Promotion Seekers
26169,0,Older Long-Tenure Grocery
26170,4,Promotion Seekers
26171,0,Older Long-Tenure Grocery
26172,7,Service Sensitive
26173,7,Service Sensitive
26174,1,Vegetables-Hygiene Oriented
26175,2,Young Grocery
26176,3,Tech Enthusiasts
26177,0,Older Long-Tenure Grocery
26178,6,Protein Enjoyers
26179,1,Vegetables-Hygiene Oriented
26180,0,Older Long-Tenure Grocery
26181,1,Vegetables-Hygiene Oriented
26182,7,Service Sensitive
26183,1,Vegetables-Hygiene Oriented
26185,4,Promotion Seekers
26187,4,Promotion Seekers
26188,5,Large Families
26189,3,Tech Enthusiasts
26190,1,Vegetables-Hygiene Oriented
26191,1,Vegetables-Hygiene Oriented
26192,4,Promotion Seekers
26193,4,Promotion Seekers
26194,7,Service Sensitive
26195,1,Vegetables-Hygiene Oriented
26198,4,Promotion Seekers
26200,5,Large Families
26201,5,Large Families
26202,2,Young Grocery
26203,2,Young Grocery
26204,1,Vegetables-Hygiene Oriented
26205,4,Promotion Seekers
26206,4,Promotion Seekers
26208,7,Service Sensitive
26209,0,Older Long-Tenure Grocery
26210,6,Protein Enjoyers
26211,1,Vegetables-Hygiene Oriented
26212,1,Vegetables-Hygiene Oriented
26213,5,Large Families
26214,5,Large Families
26215,1,Vegetables-Hygiene Oriented
26216,0,Older Long-Tenure Grocery
26217,4,Promotion Seekers
26219,3,Tech Enthusiasts
26220,6,Protein Enjoyers
26222,5,Large Families
26223,0,Older Long-Tenure Grocery
26224,2,Young Grocery
26226,7,Service Sensitive
26227,5,Large Families
26228,5,Large Families
26229,3,Tech Enthusiasts
26230,1,Vegetables-Hygiene Oriented
26231,5,Large Families
26234,6,Protein Enjoyers
26235,4,Promotion Seekers
26236,4,Promotion Seekers
26237,7,Service Sensitive
26239,2,Young Grocery
26240,4,Promotion Seekers
26242,0,Older Long-Tenure Grocery
26243,5,Large Families
26244,3,Tech Enthusiasts
26245,1,Vegetables-Hygiene Oriented
26246,6,Protein Enjoyers
26247,4,Promotion Seekers
26248,3,Tech Enthusiasts
26249,3,Tech Enthusiasts
26250,0,Older Long-Tenure Grocery
26251,2,Young Grocery
26252,1,Vegetables-Hygiene Oriented
26253,4,Promotion Seekers
26254,1,Vegetables-Hygiene Oriented
26255,4,Promotion Seekers
26256,0,Older Long-Tenure Grocery
26257,1,Vegetables-Hygiene Oriented
26258,1,Vegetables-Hygiene Oriented
26259,3,Tech Enthusiasts
26260,3,Tech Enthusiasts
26262,1,Vegetables-Hygiene Oriented
26264,0,Older Long-Tenure Grocery
26265,0,Older Long-Tenure Grocery
26266,1,Vegetables-Hygiene Oriented
26268,7,Service Sensitive
26269,4,Promotion Seekers
26272,5,Large Families
26273,2,Young Grocery
26274,4,Promotion Seekers
26275,3,Tech Enthusiasts
26276,4,Promotion Seekers
26277,4,Promotion Seekers
26280,0,Older Long-Tenure Grocery
26281,0,Older Long-Tenure Grocery
26282,4,Promotion Seekers
26283,0,Older Long-Tenure Grocery
26284,1,Vegetables-Hygiene Oriented
26285,6,Protein Enjoyers
26286,1,Vegetables-Hygiene Oriented
26287,6,Protein Enjoyers
26288,5,Large Families
26290,1,Vegetables-Hygiene Oriented
26291,0,Older Long-Tenure Grocery
26292,6,Protein Enjoyers
26293,0,Older Long-Tenure Grocery
26294,1,Vegetables-Hygiene Oriented
26295,1,Vegetables-Hygiene Oriented
26296,6,Protein Enjoyers
26297,4,Promotion Seekers
26298,1,Vegetables-Hygiene Oriented
26299,7,Service Sensitive
26300,5,Large Families
26301,7,Service Sensitive
26302,1,Vegetables-Hygiene Oriented
26303,2,Young Grocery
26304,0,Older Long-Tenure Grocery
26305,3,Tech Enthusiasts
26306,4,Promotion Seekers
26307,3,Tech Enthusiasts
26308,1,Vegetables-Hygiene Oriented
26309,5,Large Families
26310,0,Older Long-Tenure Grocery
26311,4,Promotion Seekers
26312,4,Promotion Seekers
26314,4,Promotion Seekers
26315,2,Young Grocery
26316,7,Service Sensitive
26318,0,Older Long-Tenure Grocery
26319,2,Young Grocery
26320,0,Older Long-Tenure Grocery
26321,4,Promotion Seekers
26322,1,Vegetables-Hygiene Oriented
26323,0,Older Long-Tenure Grocery
26324,7,Service Sensitive
26326,5,Large Families
26327,2,Young Grocery
26328,1,Vegetables-Hygiene Oriented
26329,3,Tech Enthusiasts
26330,0,Older Long-Tenure Grocery
26331,4,Promotion Seekers
26332,6,Protein Enjoyers
26333,7,Service Sensitive
26334,3,Tech Enthusiasts
26335,1,Vegetables-Hygiene Oriented
26336,0,Older Long-Tenure Grocery
26337,7,Service Sensitive
26340,4,Promotion Seekers
26343,3,Tech Enthusiasts
26344,0,Older Long-Tenure Grocery
26345,0,Older Long-Tenure Grocery
26346,4,Promotion Seekers
26347,4,Promotion Seekers
26348,5,Large Families
26350,2,Young Grocery
26351,7,Service Sensitive
26352,1,Vegetables-Hygiene Oriented
26353,2,Young Grocery
26354,7,Service Sensitive
26355,4,Promotion Seekers
26356,7,Service Sensitive
26357,6,Protein Enjoyers
26359,5,Large Families
26360,4,Promotion Seekers
26362,4,Promotion Seekers
26363,5,Large Families
26365,4,Promotion Seekers
26366,0,Older Long-Tenure Grocery
26367,4,Promotion Seekers
26368,2,Young Grocery
26369,5,Large Families
26370,2,Young Grocery
26371,2,Young Grocery
26372,1,Vegetables-Hygiene Oriented
26373,4,Promotion Seekers
26375,4,Promotion Seekers
26376,1,Vegetables-Hygiene Oriented
26377,1,Vegetables-Hygiene Oriented
26378,1,Vegetables-Hygiene Oriented
26379,0,Older Long-Tenure Grocery
26380,4,Promotion Seekers
26381,4,Promotion Seekers
26382,2,Young Grocery
26383,1,Vegetables-Hygiene Oriented
26384,0,Older Long-Tenure Grocery
26385,4,Promotion Seekers
26386,3,Tech Enthusiasts
26387,3,Tech Enthusiasts
26388,1,Vegetables-Hygiene Oriented
26389,2,Young Grocery
26390,7,Service Sensitive
26392,3,Tech Enthusiasts
26393,2,Young Grocery
26396,2,Young Grocery
26397,1,Vegetables-Hygiene Oriented
26398,7,Service Sensitive
26399,6,Protein Enjoyers
26400,6,Protein Enjoyers
26401,3,Tech Enthusiasts
26403,3,Tech Enthusiasts
26404,7,Service Sensitive
26405,5,Large Families
26407,5,Large Families
26408,4,Promotion Seekers
26409,1,Vegetables-Hygiene Oriented
26411,3,Tech Enthusiasts
26412,0,Older Long-Tenure Grocery
26413,5,Large Families
26414,7,Service Sensitive
26417,5,Large Families
26418,4,Promotion Seekers
26419,2,Young Grocery
26420,5,Large Families
26421,0,Older Long-Tenure Grocery
26422,1,Vegetables-Hygiene Oriented
26423,3,Tech Enthusiasts
26424,0,Older Long-Tenure Grocery
26425,0,Older Long-Tenure Grocery
26426,2,Young Grocery
26427,1,Vegetables-Hygiene Oriented
26428,5,Large Families
26429,0,Older Long-Tenure Grocery
26430,6,Protein Enjoyers
26431,7,Service Sensitive
26433,4,Promotion Seekers
26434,0,Older Long-Tenure Grocery
26435,3,Tech Enthusiasts
26436,0,Older Long-Tenure Grocery
26437,7,Service Sensitive
26438,5,Large Families
26439,7,Service Sensitive
26440,2,Young Grocery
26441,1,Vegetables-Hygiene Oriented
26442,4,Promotion Seekers
26443,1,Vegetables-Hygiene Oriented
26444,7,Service Sensitive
26446,0,Older Long-Tenure Grocery
26447,2,Young Grocery
26448,4,Promotion Seekers
26449,4,Promotion Seekers
26450,4,Promotion Seekers
26451,1,Vegetables-Hygiene Oriented
26452,0,Older Long-Tenure Grocery
26453,0,Older Long-Tenure Grocery
26454,2,Young Grocery
26455,1,Vegetables-Hygiene Oriented
26456,0,Older Long-Tenure Grocery
26459,0,Older Long-Tenure Grocery
26463,2,Young Grocery
26465,4,Promotion Seekers
26467,2,Young Grocery
26468,3,Tech Enthusiasts
26469,7,Service Sensitive
26470,1,Vegetables-Hygiene Oriented
26471,6,Protein Enjoyers
26474,2,Young Grocery
26475,1,Vegetables-Hygiene Oriented
26476,7,Service Sensitive
26477,0,Older Long-Tenure Grocery
26478,1,Vegetables-Hygiene Oriented
26479,1,Vegetables-Hygiene Oriented
26481,1,Vegetables-Hygiene Oriented
26482,0,Older Long-Tenure Grocery
26483,0,Older Long-Tenure Grocery
26484,0,Older Long-Tenure Grocery
26485,0,Older Long-Tenure Grocery
26488,3,Tech Enthusiasts
26489,4,Promotion Seekers
26490,7,Service Sensitive
26491,3,Tech Enthusiasts
26492,4,Promotion Seekers
26493,1,Vegetables-Hygiene Oriented
26494,1,Vegetables-Hygiene Oriented
26495,1,Vegetables-Hygiene Oriented
26496,0,Older Long-Tenure Grocery
26497,1,Vegetables-Hygiene Oriented
26498,1,Vegetables-Hygiene Oriented
26500,3,Tech Enthusiasts
26501,3,Tech Enthusiasts
26502,4,Promotion Seekers
26504,2,Young Grocery
26505,4,Promotion Seekers
26506,7,Service Sensitive
26507,0,Older Long-Tenure Grocery
26508,2,Young Grocery
26509,7,Service Sensitive
26510,2,Young Grocery
26511,7,Service Sensitive
26512,0,Older Long-Tenure Grocery
26513,0,Older Long-Tenure Grocery
26514,4,Promotion Seekers
26515,1,Vegetables-Hygiene Oriented
26516,1,Vegetables-Hygiene Oriented
26517,3,Tech Enthusiasts
26519,2,Young Grocery
26520,6,Protein Enjoyers
26521,2,Young Grocery
26523,4,Promotion Seekers
26524,5,Large Families
26525,7,Service Sensitive
26526,4,Promotion Seekers
26527,4,Promotion Seekers
26528,1,Vegetables-Hygiene Oriented
26529,0,Older Long-Tenure Grocery
26530,3,Tech Enthusiasts
26532,7,Service Sensitive
26533,4,Promotion Seekers
26534,0,Older Long-Tenure Grocery
26535,6,Protein Enjoyers
26536,0,Older Long-Tenure Grocery
26537,3,Tech Enthusiasts
26538,0,Older Long-Tenure Grocery
26539,3,Tech Enthusiasts
26540,7,Service Sensitive
26541,2,Young Grocery
26542,0,Older Long-Tenure Grocery
26543,5,Large Families
26544,7,Service Sensitive
26546,4,Promotion Seekers
26547,3,Tech Enthusiasts
26549,0,Older Long-Tenure Grocery
26550,1,Vegetables-Hygiene Oriented
26551,7,Service Sensitive
26552,5,Large Families
26553,4,Promotion Seekers
26554,0,Older Long-Tenure Grocery
26555,2,Young Grocery
26556,4,Promotion Seekers
26557,1,Vegetables-Hygiene Oriented
26558,2,Young Grocery
26559,2,Young Grocery
26560,2,Young Grocery
26561,7,Service Sensitive
26562,4,Promotion Seekers
26563,3,Tech Enthusiasts
26564,0,Older Long-Tenure Grocery
26565,1,Vegetables-Hygiene Oriented
26566,4,Promotion Seekers
26567,5,Large Families
26569,3,Tech Enthusiasts
26570,7,Service Sensitive
26571,0,Older Long-Tenure Grocery
26572,1,Vegetables-Hygiene Oriented
26573,4,Promotion Seekers
26576,4,Promotion Seekers
26577,5,Large Families
26578,0,Older Long-Tenure Grocery
26579,1,Vegetables-Hygiene Oriented
26580,4,Promotion Seekers
26581,5,Large Families
26582,6,Protein Enjoyers
26583,1,Vegetables-Hygiene Oriented
26584,2,Young Grocery
26585,0,Older Long-Tenure Grocery
26586,1,Vegetables-Hygiene Oriented
26588,1,Vegetables-Hygiene Oriented
26589,1,Vegetables-Hygiene Oriented
26590,3,Tech Enthusiasts
26591,0,Older Long-Tenure Grocery
26592,7,Service Sensitive
26593,7,Service Sensitive
26594,0,Older Long-Tenure Grocery
26595,2,Young Grocery
26596,1,Vegetables-Hygiene Oriented
26597,7,Service Sensitive
26598,0,Older Long-Tenure Grocery
26599,0,Older Long-Tenure Grocery
26600,7,Service Sensitive
26602,1,Vegetables-Hygiene Oriented
26603,0,Older Long-Tenure Grocery
26604,1,Vegetables-Hygiene Oriented
26605,3,Tech Enthusiasts
26606,6,Protein Enjoyers
26608,4,Promotion Seekers
26609,7,Service Sensitive
26610,1,Vegetables-Hygiene Oriented
26612,7,Service Sensitive
26613,4,Promotion Seekers
26614,2,Young Grocery
26615,2,Young Grocery
26616,7,Service Sensitive
26618,1,Vegetables-Hygiene Oriented
26619,7,Service Sensitive
26620,2,Young Grocery
26622,3,Tech Enthusiasts
26623,7,Service Sensitive
26624,5,Large Families
26626,3,Tech Enthusiasts
26627,2,Young Grocery
26628,0,Older Long-Tenure Grocery
26630,2,Young Grocery
26631,2,Young Grocery
26632,0,Older Long-Tenure Grocery
26633,3,Tech Enthusiasts
26634,7,Service Sensitive
26637,6,Protein Enjoyers
26638,4,Promotion Seekers
26639,5,Large Families
26640,0,Older Long-Tenure Grocery
26641,7,Service Sensitive
26643,7,Service Sensitive
26645,0,Older Long-Tenure Grocery
26646,7,Service Sensitive
26647,1,Vegetables-Hygiene Oriented
26648,2,Young Grocery
26649,2,Young Grocery
26650,2,Young Grocery
26651,6,Protein Enjoyers
26655,2,Young Grocery
26656,3,Tech Enthusiasts
26657,1,Vegetables-Hygiene Oriented
26658,1,Vegetables-Hygiene Oriented
26659,0,Older Long-Tenure Grocery
26660,7,Service Sensitive
26661,2,Young Grocery
26662,0,Older Long-Tenure Grocery
26663,0,Older Long-Tenure Grocery
26664,4,Promotion Seekers
26666,5,Large Families
26668,1,Vegetables-Hygiene Oriented
26669,7,Service Sensitive
26670,0,Older Long-Tenure Grocery
26672,0,Older Long-Tenure Grocery
26673,1,Vegetables-Hygiene Oriented
26675,3,Tech Enthusiasts
26676,0,Older Long-Tenure Grocery
26677,6,Protein Enjoyers
26678,0,Older Long-Tenure Grocery
26679,7,Service Sensitive
26680,1,Vegetables-Hygiene Oriented
26681,2,Young Grocery
26682,1,Vegetables-Hygiene Oriented
26683,0,Older Long-Tenure Grocery
26684,2,Young Grocery
26685,4,Promotion Seekers
26686,1,Vegetables-Hygiene Oriented
26687,1,Vegetables-Hygiene Oriented
26689,5,Large Families
26690,4,Promotion Seekers
26691,1,Vegetables-Hygiene Oriented
26692,7,Service Sensitive
26693,3,Tech Enthusiasts
26694,1,Vegetables-Hygiene Oriented
26695,0,Older Long-Tenure Grocery
26696,0,Older Long-Tenure Grocery
26697,2,Young Grocery
26698,5,Large Families
26699,3,Tech Enthusiasts
26700,0,Older Long-Tenure Grocery
26701,2,Young Grocery
26703,1,Vegetables-Hygiene Oriented
26704,7,Service Sensitive
26706,1,Vegetables-Hygiene Oriented
26707,7,Service Sensitive
26709,4,Promotion Seekers
26710,0,Older Long-Tenure Grocery
26711,4,Promotion Seekers
26712,4,Promotion Seekers
26713,0,Older Long-Tenure Grocery
26714,2,Young Grocery
26716,3,Tech Enthusiasts
26717,4,Promotion Seekers
26718,2,Young Grocery
26720,1,Vegetables-Hygiene Oriented
26721,1,Vegetables-Hygiene Oriented
26722,6,Protein Enjoyers
26723,0,Older Long-Tenure Grocery
26724,7,Service Sensitive
26725,1,Vegetables-Hygiene Oriented
26726,6,Protein Enjoyers
26727,4,Promotion Seekers
26729,3,Tech Enthusiasts
26730,2,Young Grocery
26731,7,Service Sensitive
26732,0,Older Long-Tenure Grocery
26733,7,Service Sensitive
26735,5,Large Families
26736,1,Vegetables-Hygiene Oriented
26737,1,Vegetables-Hygiene Oriented
26738,0,Older Long-Tenure Grocery
26739,4,Promotion Seekers
26740,4,Promotion Seekers
26741,2,Young Grocery
26742,3,Tech Enthusiasts
26743,5,Large Families
26744,1,Vegetables-Hygiene Oriented
26745,0,Older Long-Tenure Grocery
26746,7,Service Sensitive
26747,3,Tech Enthusiasts
26748,2,Young Grocery
26749,5,Large Families
26751,5,Large Families
26753,2,Young Grocery
26754,1,Vegetables-Hygiene Oriented
26755,0,Older Long-Tenure Grocery
26756,7,Service Sensitive
26760,5,Large Families
26761,5,Large Families
26762,5,Large Families
26763,7,Service Sensitive
26764,4,Promotion Seekers
26765,4,Promotion Seekers
26766,5,Large Families
26767,0,Older Long-Tenure Grocery
26768,1,Vegetables-Hygiene Oriented
26769,7,Service Sensitive
26771,6,Protein Enjoyers
26772,6,Protein Enjoyers
26773,0,Older Long-Tenure Grocery
26774,7,Service Sensitive
26775,2,Young Grocery
26776,6,Protein Enjoyers
26778,4,Promotion Seekers
26779,2,Young Grocery
26780,0,Older Long-Tenure Grocery
26781,3,Tech Enthusiasts
26782,4,Promotion Seekers
26783,7,Service Sensitive
26785,0,Older Long-Tenure Grocery
26786,1,Vegetables-Hygiene Oriented
26789,4,Promotion Seekers
26791,1,Vegetables-Hygiene Oriented
26792,0,Older Long-Tenure Grocery
26793,7,Service Sensitive
26794,3,Tech Enthusiasts
26795,2,Young Grocery
26796,2,Young Grocery
26798,3,Tech Enthusiasts
26799,7,Service Sensitive
26800,1,Vegetables-Hygiene Oriented
26803,2,Young Grocery
26804,1,Vegetables-Hygiene Oriented
26806,6,Protein Enjoyers
26808,4,Promotion Seekers
26809,4,Promotion Seekers
26810,4,Promotion Seekers
26811,3,Tech Enthusiasts
26812,6,Protein Enjoyers
26813,0,Older Long-Tenure Grocery
26815,3,Tech Enthusiasts
26816,1,Vegetables-Hygiene Oriented
26817,4,Promotion Seekers
26818,5,Large Families
26819,2,Young Grocery
26820,1,Vegetables-Hygiene Oriented
26822,3,Tech Enthusiasts
26823,0,Older Long-Tenure Grocery
26824,2,Young Grocery
26825,0,Older Long-Tenure Grocery
26826,1,Vegetables-Hygiene Oriented
26827,3,Tech Enthusiasts
26828,4,Promotion Seekers
26829,1,Vegetables-Hygiene Oriented
26830,1,Vegetables-Hygiene Oriented
26832,0,Older Long-Tenure Grocery
26834,5,Large Families
26835,4,Promotion Seekers
26837,6,Protein Enjoyers
26839,3,Tech Enthusiasts
26840,3,Tech Enthusiasts
26841,1,Vegetables-Hygiene Oriented
26843,4,Promotion Seekers
26845,6,Protein Enjoyers
26846,7,Service Sensitive
26847,3,Tech Enthusiasts
26849,3,Tech Enthusiasts
26850,4,Promotion Seekers
26852,0,Older Long-Tenure Grocery
26853,7,Service Sensitive
26855,2,Young Grocery
26857,2,Young Grocery
26858,5,Large Families
26861,4,Promotion Seekers
26862,4,Promotion Seekers
26864,0,Older Long-Tenure Grocery
26866,0,Older Long-Tenure Grocery
26867,7,Service Sensitive
26868,2,Young Grocery
26869,6,Protein Enjoyers
26870,2,Young Grocery
26871,0,Older Long-Tenure Grocery
26872,5,Large Families
26874,1,Vegetables-Hygiene Oriented
26875,4,Promotion Seekers
26876,3,Tech Enthusiasts
26878,0,Older Long-Tenure Grocery
26879,1,Vegetables-Hygiene Oriented
26880,1,Vegetables-Hygiene Oriented
26881,5,Large Families
26882,5,Large Families
26883,4,Promotion Seekers
26884,3,Tech Enthusiasts
26885,1,Vegetables-Hygiene Oriented
26886,7,Service Sensitive
26889,0,Older Long-Tenure Grocery
26890,1,Vegetables-Hygiene Oriented
26891,1,Vegetables-Hygiene Oriented
26893,1,Vegetables-Hygiene Oriented
26894,7,Service Sensitive
26896,2,Young Grocery
26897,7,Service Sensitive
26898,0,Older Long-Tenure Grocery
26899,4,Promotion Seekers
26900,5,Large Families
26901,4,Promotion Seekers
26902,6,Protein Enjoyers
26903,1,Vegetables-Hygiene Oriented
26904,2,Young Grocery
26906,0,Older Long-Tenure Grocery
26907,4,Promotion Seekers
26908,0,Older Long-Tenure Grocery
26909,5,Large Families
26910,2,Young Grocery
26911,4,Promotion Seekers
26913,4,Promotion Seekers
26914,2,Young Grocery
26915,4,Promotion Seekers
26916,0,Older Long-Tenure Grocery
26918,0,Older Long-Tenure Grocery
26919,2,Young Grocery
26921,1,Vegetables-Hygiene Oriented
26922,7,Service Sensitive
26923,4,Promotion Seekers
26924,3,Tech Enthusiasts
26926,5,Large Families
26928,4,Promotion Seekers
26930,4,Promotion Seekers
26931,7,Service Sensitive
26932,3,Tech Enthusiasts
26933,5,Large Families
26934,2,Young Grocery
26935,7,Service Sensitive
26936,6,Protein Enjoyers
26937,0,Older Long-Tenure Grocery
26938,2,Young Grocery
26939,4,Promotion Seekers
26940,1,Vegetables-Hygiene Oriented
26941,4,Promotion Seekers
26942,5,Large Families
26945,0,Older Long-Tenure Grocery
26946,4,Promotion Seekers
26948,4,Promotion Seekers
26949,1,Vegetables-Hygiene Oriented
26950,5,Large Families
26952,4,Promotion Seekers
26953,1,Vegetables-Hygiene Oriented
26954,1,Vegetables-Hygiene Oriented
26955,0,Older Long-Tenure Grocery
26956,7,Service Sensitive
26957,7,Service Sensitive
26958,0,Older Long-Tenure Grocery
26960,3,Tech Enthusiasts
26961,1,Vegetables-Hygiene Oriented
26964,2,Young Grocery
26965,0,Older Long-Tenure Grocery
26968,0,Older Long-Tenure Grocery
26969,5,Large Families
26970,0,Older Long-Tenure Grocery
26972,1,Vegetables-Hygiene Oriented
26973,3,Tech Enthusiasts
26974,7,Service Sensitive
26976,5,Large Families
26977,2,Young Grocery
26979,0,Older Long-Tenure Grocery
26980,7,Service Sensitive
26982,0,Older Long-Tenure Grocery
26983,0,Older Long-Tenure Grocery
26984,3,Tech Enthusiasts
26986,4,Promotion Seekers
26987,1,Vegetables-Hygiene Oriented
26988,0,Older Long-Tenure Grocery
26990,3,Tech Enthusiasts
26991,7,Service Sensitive
26992,2,Young Grocery
26993,0,Older Long-Tenure Grocery
26994,5,Large Families
26995,4,Promotion Seekers
26996,2,Young Grocery
26997,1,Vegetables-Hygiene Oriented
26998,1,Vegetables-Hygiene Oriented
26999,3,Tech Enthusiasts
27000,0,Older Long-Tenure Grocery
27001,0,Older Long-Tenure Grocery
27003,3,Tech Enthusiasts
27004,5,Large Families
27005,3,Tech Enthusiasts
27006,4,Promotion Seekers
27007,0,Older Long-Tenure Grocery
27008,4,Promotion Seekers
27009,3,Tech Enthusiasts
27010,1,Vegetables-Hygiene Oriented
27011,0,Older Long-Tenure Grocery
27012,0,Older Long-Tenure Grocery
27013,3,Tech Enthusiasts
27014,0,Older Long-Tenure Grocery
27015,7,Service Sensitive
27016,4,Promotion Seekers
27017,0,Older Long-Tenure Grocery
27018,7,Service Sensitive
27019,4,Promotion Seekers
27020,3,Tech Enthusiasts
27021,1,Vegetables-Hygiene Oriented
27022,3,Tech Enthusiasts
27023,3,Tech Enthusiasts
27024,3,Tech Enthusiasts
27026,4,Promotion Seekers
27027,0,Older Long-Tenure Grocery
27028,1,Vegetables-Hygiene Oriented
27029,0,Older Long-Tenure Grocery
27030,1,Vegetables-Hygiene Oriented
27031,5,Large Families
27032,4,Promotion Seekers
27033,4,Promotion Seekers
27034,6,Protein Enjoyers
27035,7,Service Sensitive
27036,4,Promotion Seekers
27037,0,Older Long-Tenure Grocery
27038,7,Service Sensitive
27039,2,Young Grocery
27040,7,Service Sensitive
27041,2,Young Grocery
27042,1,Vegetables-Hygiene Oriented
27044,4,Promotion Seekers
27045,2,Young Grocery
27046,3,Tech Enthusiasts
27047,1,Vegetables-Hygiene Oriented
27048,5,Large Families
27049,6,Protein Enjoyers
27050,7,Service Sensitive
27051,1,Vegetables-Hygiene Oriented
27052,2,Young Grocery
27053,0,Older Long-Tenure Grocery
27054,4,Promotion Seekers
27055,0,Older Long-Tenure Grocery
27056,3,Tech Enthusiasts
27057,0,Older Long-Tenure Grocery
27058,0,Older Long-Tenure Grocery
27059,4,Promotion Seekers
27060,4,Promotion Seekers
27062,6,Protein Enjoyers
27063,3,Tech Enthusiasts
27064,4,Promotion Seekers
27065,0,Older Long-Tenure Grocery
27066,0,Older Long-Tenure Grocery
27067,7,Service Sensitive
27068,1,Vegetables-Hygiene Oriented
27069,0,Older Long-Tenure Grocery
27070,1,Vegetables-Hygiene Oriented
27071,3,Tech Enthusiasts
27072,1,Vegetables-Hygiene Oriented
27073,1,Vegetables-Hygiene Oriented
27076,0,Older Long-Tenure Grocery
27077,2,Young Grocery
27078,4,Promotion Seekers
27079,0,Older Long-Tenure Grocery
27080,4,Promotion Seekers
27081,0,Older Long-Tenure Grocery
27082,4,Promotion Seekers
27083,6,Protein Enjoyers
27084,1,Vegetables-Hygiene Oriented
27086,0,Older Long-Tenure Grocery
27087,1,Vegetables-Hygiene Oriented
27088,0,Older Long-Tenure Grocery
27089,7,Service Sensitive
27091,7,Service Sensitive
27092,1,Vegetables-Hygiene Oriented
27093,1,Vegetables-Hygiene Oriented
27094,6,Protein Enjoyers
27095,0,Older Long-Tenure Grocery
27096,7,Service Sensitive
27097,4,Promotion Seekers
27098,2,Young Grocery
27099,1,Vegetables-Hygiene Oriented
27100,0,Older Long-Tenure Grocery
27101,0,Older Long-Tenure Grocery
27102,1,Vegetables-Hygiene Oriented
27103,2,Young Grocery
27104,0,Older Long-Tenure Grocery
27106,4,Promotion Seekers
27107,0,Older Long-Tenure Grocery
27108,1,Vegetables-Hygiene Oriented
27110,0,Older Long-Tenure Grocery
27111,3,Tech Enthusiasts
27112,7,Service Sensitive
27113,2,Young Grocery
27114,1,Vegetables-Hygiene Oriented
27115,1,Vegetables-Hygiene Oriented
27116,1,Vegetables-Hygiene Oriented
27117,7,Service Sensitive
27119,3,Tech Enthusiasts
27120,0,Older Long-Tenure Grocery
27121,3,Tech Enthusiasts
27122,6,Protein Enjoyers
27123,1,Vegetables-Hygiene Oriented
27124,2,Young Grocery
27125,1,Vegetables-Hygiene Oriented
27126,7,Service Sensitive
27128,0,Older Long-Tenure Grocery
27129,3,Tech Enthusiasts
27130,3,Tech Enthusiasts
27133,0,Older Long-Tenure Grocery
27134,1,Vegetables-Hygiene Oriented
27135,6,Protein Enjoyers
27136,1,Vegetables-Hygiene Oriented
27137,1,Vegetables-Hygiene Oriented
27138,1,Vegetables-Hygiene Oriented
27140,5,Large Families
27141,0,Older Long-Tenure Grocery
27142,4,Promotion Seekers
27143,1,Vegetables-Hygiene Oriented
27144,0,Older Long-Tenure Grocery
27145,4,Promotion Seekers
27146,5,Large Families
27147,2,Young Grocery
27148,7,Service Sensitive
27149,3,Tech Enthusiasts
27150,5,Large Families
27151,4,Promotion Seekers
27152,1,Vegetables-Hygiene Oriented
27153,7,Service Sensitive
27154,0,Older Long-Tenure Grocery
27155,1,Vegetables-Hygiene Oriented
27157,1,Vegetables-Hygiene Oriented
27158,5,Large Families
27159,6,Protein Enjoyers
27161,0,Older Long-Tenure Grocery
27163,5,Large Families
27164,5,Large Families
27165,0,Older Long-Tenure Grocery
27167,5,Large Families
27169,3,Tech Enthusiasts
27170,2,Young Grocery
27171,1,Vegetables-Hygiene Oriented
27172,0,Older Long-Tenure Grocery
27173,4,Promotion Seekers
27174,6,Protein Enjoyers
27175,2,Young Grocery
27176,4,Promotion Seekers
27177,4,Promotion Seekers
27178,5,Large Families
27179,4,Promotion Seekers
27180,1,Vegetables-Hygiene Oriented
27181,2,Young Grocery
27182,1,Vegetables-Hygiene Oriented
27184,1,Vegetables-Hygiene Oriented
27186,5,Large Families
27187,0,Older Long-Tenure Grocery
27188,3,Tech Enthusiasts
27189,4,Promotion Seekers
27190,0,Older Long-Tenure Grocery
27191,0,Older Long-Tenure Grocery
27192,0,Older Long-Tenure Grocery
27193,6,Protein Enjoyers
27194,0,Older Long-Tenure Grocery
27195,1,Vegetables-Hygiene Oriented
27196,2,Young Grocery
27199,6,Protein Enjoyers
27200,4,Promotion Seekers
27202,0,Older Long-Tenure Grocery
27203,0,Older Long-Tenure Grocery
27206,3,Tech Enthusiasts
27207,7,Service Sensitive
27209,4,Promotion Seekers
27210,3,Tech Enthusiasts
27211,5,Large Families
27212,4,Promotion Seekers
27213,4,Promotion Seekers
27214,0,Older Long-Tenure Grocery
27215,1,Vegetables-Hygiene Oriented
27216,4,Promotion Seekers
27217,1,Vegetables-Hygiene Oriented
27218,1,Vegetables-Hygiene Oriented
27219,5,Large Families
27221,1,Vegetables-Hygiene Oriented
27222,3,Tech Enthusiasts
27223,4,Promotion Seekers
27224,0,Older Long-Tenure Grocery
27226,4,Promotion Seekers
27228,6,Protein Enjoyers
27230,4,Promotion Seekers
27231,3,Tech Enthusiasts
27232,1,Vegetables-Hygiene Oriented
27234,3,Tech Enthusiasts
27236,7,Service Sensitive
27237,7,Service Sensitive
27239,0,Older Long-Tenure Grocery
27240,2,Young Grocery
27241,3,Tech Enthusiasts
27243,4,Promotion Seekers
27247,3,Tech Enthusiasts
27248,4,Promotion Seekers
27249,2,Young Grocery
27251,4,Promotion Seekers
27252,1,Vegetables-Hygiene Oriented
27253,2,Young Grocery
27254,4,Promotion Seekers
27255,1,Vegetables-Hygiene Oriented
27257,1,Vegetables-Hygiene Oriented
27258,0,Older Long-Tenure Grocery
27259,4,Promotion Seekers
27260,4,Promotion Seekers
27261,1,Vegetables-Hygiene Oriented
27262,2,Young Grocery
27263,5,Large Families
27264,7,Service Sensitive
27265,3,Tech Enthusiasts
27266,6,Protein Enjoyers
27267,3,Tech Enthusiasts
27268,1,Vegetables-Hygiene Oriented
27269,3,Tech Enthusiasts
27270,4,Promotion Seekers
27271,4,Promotion Seekers
27272,7,Service Sensitive
27273,7,Service Sensitive
27274,7,Service Sensitive
27275,1,Vegetables-Hygiene Oriented
27276,3,Tech Enthusiasts
27277,0,Older Long-Tenure Grocery
27279,0,Older Long-Tenure Grocery
27281,7,Service Sensitive
27282,2,Young Grocery
27283,2,Young Grocery
27285,0,Older Long-Tenure Grocery
27287,7,Service Sensitive
27289,0,Older Long-Tenure Grocery
27290,1,Vegetables-Hygiene Oriented
27291,1,Vegetables-Hygiene Oriented
27292,2,Young Grocery
27293,2,Young Grocery
27294,0,Older Long-Tenure Grocery
27295,4,Promotion Seekers
27296,2,Young Grocery
27297,4,Promotion Seekers
27299,1,Vegetables-Hygiene Oriented
27301,7,Service Sensitive
27302,2,Young Grocery
27303,1,Vegetables-Hygiene Oriented
27305,2,Young Grocery
27306,1,Vegetables-Hygiene Oriented
27307,0,Older Long-Tenure Grocery
27308,4,Promotion Seekers
27309,4,Promotion Seekers
27310,0,Older Long-Tenure Grocery
27311,4,Promotion Seekers
27312,1,Vegetables-Hygiene Oriented
27313,4,Promotion Seekers
27315,0,Older Long-Tenure Grocery
27316,7,Service Sensitive
27317,5,Large Families
27320,4,Promotion Seekers
27322,1,Vegetables-Hygiene Oriented
27323,6,Protein Enjoyers
27326,4,Promotion Seekers
27327,1,Vegetables-Hygiene Oriented
27328,2,Young Grocery
27329,0,Older Long-Tenure Grocery
27330,3,Tech Enthusiasts
27331,2,Young Grocery
27332,2,Young Grocery
27333,4,Promotion Seekers
27334,0,Older Long-Tenure Grocery
27335,2,Young Grocery
27336,3,Tech Enthusiasts
27337,4,Promotion Seekers
27338,7,Service Sensitive
27339,2,Young Grocery
27340,1,Vegetables-Hygiene Oriented
27341,7,Service Sensitive
27342,7,Service Sensitive
27343,3,Tech Enthusiasts
27344,3,Tech Enthusiasts
27345,5,Large Families
27347,5,Large Families
27348,0,Older Long-Tenure Grocery
27349,0,Older Long-Tenure Grocery
27351,4,Promotion Seekers
27353,2,Young Grocery
27354,2,Young Grocery
27355,1,Vegetables-Hygiene Oriented
27356,3,Tech Enthusiasts
27357,4,Promotion Seekers
27358,0,Older Long-Tenure Grocery
27359,6,Protein Enjoyers
27363,2,Young Grocery
27364,4,Promotion Seekers
27365,4,Promotion Seekers
27366,0,Older Long-Tenure Grocery
27367,6,Protein Enjoyers
27369,6,Protein Enjoyers
27370,6,Protein Enjoyers
27371,0,Older Long-Tenure Grocery
27372,0,Older Long-Tenure Grocery
27373,7,Service Sensitive
27374,0,Older Long-Tenure Grocery
27375,0,Older Long-Tenure Grocery
27376,5,Large Families
27377,4,Promotion Seekers
27379,2,Young Grocery
27380,7,Service Sensitive
27381,0,Older Long-Tenure Grocery
27382,3,Tech Enthusiasts
27383,1,Vegetables-Hygiene Oriented
27384,1,Vegetables-Hygiene Oriented
27385,4,Promotion Seekers
27386,0,Older Long-Tenure Grocery
27387,7,Service Sensitive
27388,1,Vegetables-Hygiene Oriented
27389,0,Older Long-Tenure Grocery
27390,7,Service Sensitive
27391,1,Vegetables-Hygiene Oriented
27392,1,Vegetables-Hygiene Oriented
27394,3,Tech Enthusiasts
27395,3,Tech Enthusiasts
27396,3,Tech Enthusiasts
27397,0,Older Long-Tenure Grocery
27401,5,Large Families
27402,1,Vegetables-Hygiene Oriented
27403,4,Promotion Seekers
27404,4,Promotion Seekers
27405,3,Tech Enthusiasts
27406,7,Service Sensitive
27407,7,Service Sensitive
27408,6,Protein Enjoyers
27410,5,Large Families
27411,0,Older Long-Tenure Grocery
27412,2,Young Grocery
27413,0,Older Long-Tenure Grocery
27415,7,Service Sensitive
27416,2,Young Grocery
27417,0,Older Long-Tenure Grocery
27418,0,Older Long-Tenure Grocery
27419,6,Protein Enjoyers
27420,2,Young Grocery
27421,6,Protein Enjoyers
27422,0,Older Long-Tenure Grocery
27424,0,Older Long-Tenure Grocery
27425,7,Service Sensitive
27426,1,Vegetables-Hygiene Oriented
27427,0,Older Long-Tenure Grocery
27428,0,Older Long-Tenure Grocery
27429,4,Promotion Seekers
27431,3,Tech Enthusiasts
27432,1,Vegetables-Hygiene Oriented
27434,7,Service Sensitive
27435,2,Young Grocery
27436,1,Vegetables-Hygiene Oriented
27438,3,Tech Enthusiasts
27439,0,Older Long-Tenure Grocery
27440,0,Older Long-Tenure Grocery
27441,1,Vegetables-Hygiene Oriented
27442,1,Vegetables-Hygiene Oriented
27444,0,Older Long-Tenure Grocery
27445,4,Promotion Seekers
27446,5,Large Families
27448,0,Older Long-Tenure Grocery
27449,3,Tech Enthusiasts
27450,4,Promotion Seekers
27451,1,Vegetables-Hygiene Oriented
27452,2,Young Grocery
27453,5,Large Families
27454,1,Vegetables-Hygiene Oriented
27455,5,Large Families
27456,0,Older Long-Tenure Grocery
27458,1,Vegetables-Hygiene Oriented
27459,0,Older Long-Tenure Grocery
27461,7,Service Sensitive
27462,1,Vegetables-Hygiene Oriented
27463,0,Older Long-Tenure Grocery
27465,4,Promotion Seekers
27466,7,Service Sensitive
27467,1,Vegetables-Hygiene Oriented
27468,0,Older Long-Tenure Grocery
27469,1,Vegetables-Hygiene Oriented
27470,0,Older Long-Tenure Grocery
27471,0,Older Long-Tenure Grocery
27472,1,Vegetables-Hygiene Oriented
27473,1,Vegetables-Hygiene Oriented
27474,0,Older Long-Tenure Grocery
27475,0,Older Long-Tenure Grocery
27476,2,Young Grocery
27477,5,Large Families
27478,0,Older Long-Tenure Grocery
27479,1,Vegetables-Hygiene Oriented
27481,1,Vegetables-Hygiene Oriented
27482,7,Service Sensitive
27483,2,Young Grocery
27484,3,Tech Enthusiasts
27485,1,Vegetables-Hygiene Oriented
27486,7,Service Sensitive
27487,1,Vegetables-Hygiene Oriented
27488,2,Young Grocery
27489,2,Young Grocery
27490,0,Older Long-Tenure Grocery
27491,1,Vegetables-Hygiene Oriented
27493,6,Protein Enjoyers
27494,0,Older Long-Tenure Grocery
27495,3,Tech Enthusiasts
27496,7,Service Sensitive
27497,4,Promotion Seekers
27498,0,Older Long-Tenure Grocery
27499,7,Service Sensitive
27500,7,Service Sensitive
27501,3,Tech Enthusiasts
27502,6,Protein Enjoyers
27505,1,Vegetables-Hygiene Oriented
27506,7,Service Sensitive
27507,1,Vegetables-Hygiene Oriented
27508,0,Older Long-Tenure Grocery
27513,5,Large Families
27514,0,Older Long-Tenure Grocery
27515,6,Protein Enjoyers
27516,4,Promotion Seekers
27517,1,Vegetables-Hygiene Oriented
27518,4,Promotion Seekers
27519,4,Promotion Seekers
27520,1,Vegetables-Hygiene Oriented
27521,7,Service Sensitive
27522,3,Tech Enthusiasts
27523,1,Vegetables-Hygiene Oriented
27525,3,Tech Enthusiasts
27526,4,Promotion Seekers
27527,7,Service Sensitive
27528,4,Promotion Seekers
27529,4,Promotion Seekers
27530,6,Protein Enjoyers
27531,2,Young Grocery
27532,7,Service Sensitive
27533,0,Older Long-Tenure Grocery
27535,0,Older Long-Tenure Grocery
27536,0,Older Long-Tenure Grocery
27537,3,Tech Enthusiasts
27538,2,Young Grocery
27539,4,Promotion Seekers
27541,7,Service Sensitive
27542,0,Older Long-Tenure Grocery
27543,7,Service Sensitive
27544,0,Older Long-Tenure Grocery
27545,2,Young Grocery
27546,1,Vegetables-Hygiene Oriented
27548,1,Vegetables-Hygiene Oriented
27549,4,Promotion Seekers
27550,7,Service Sensitive
27551,0,Older Long-Tenure Grocery
27552,0,Older Long-Tenure Grocery
27553,0,Older Long-Tenure Grocery
27554,0,Older Long-Tenure Grocery
27555,0,Older Long-Tenure Grocery
27557,7,Service Sensitive
27558,0,Older Long-Tenure Grocery
27559,3,Tech Enthusiasts
27560,3,Tech Enthusiasts
27561,5,Large Families
27562,1,Vegetables-Hygiene Oriented
27563,0,Older Long-Tenure Grocery
27564,1,Vegetables-Hygiene Oriented
27565,2,Young Grocery
27566,0,Older Long-Tenure Grocery
27567,4,Promotion Seekers
27568,7,Service Sensitive
27569,7,Service Sensitive
27570,6,Protein Enjoyers
27571,2,Young Grocery
27573,0,Older Long-Tenure Grocery
27574,7,Service Sensitive
27575,4,Promotion Seekers
27576,4,Promotion Seekers
27577,4,Promotion Seekers
27578,0,Older Long-Tenure Grocery
27579,0,Older Long-Tenure Grocery
27580,7,Service Sensitive
27582,0,Older Long-Tenure Grocery
27584,2,Young Grocery
27585,4,Promotion Seekers
27587,2,Young Grocery
27588,4,Promotion Seekers
27589,3,Tech Enthusiasts
27590,2,Young Grocery
27591,2,Young Grocery
27592,3,Tech Enthusiasts
27593,0,Older Long-Tenure Grocery
27594,6,Protein Enjoyers
27595,7,Service Sensitive
27596,4,Promotion Seekers
27598,0,Older Long-Tenure Grocery
27599,0,Older Long-Tenure Grocery
27600,0,Older Long-Tenure Grocery
27601,7,Service Sensitive
27602,2,Young Grocery
27603,4,Promotion Seekers
27604,1,Vegetables-Hygiene Oriented
27605,0,Older Long-Tenure Grocery
27606,4,Promotion Seekers
27607,6,Protein Enjoyers
27608,4,Promotion Seekers
27609,1,Vegetables-Hygiene Oriented
27610,3,Tech Enthusiasts
27613,4,Promotion Seekers
27614,2,Young Grocery
27616,0,Older Long-Tenure Grocery
27617,0,Older Long-Tenure Grocery
27618,5,Large Families
27619,4,Promotion Seekers
27620,0,Older Long-Tenure Grocery
27621,4,Promotion Seekers
27622,2,Young Grocery
27623,3,Tech Enthusiasts
27624,4,Promotion Seekers
27626,1,Vegetables-Hygiene Oriented
27628,3,Tech Enthusiasts
27629,4,Promotion Seekers
27631,5,Large Families
27633,2,Young Grocery
27636,4,Promotion Seekers
27637,5,Large Families
27638,7,Service Sensitive
27639,1,Vegetables-Hygiene Oriented
27640,5,Large Families
27641,1,Vegetables-Hygiene Oriented
27642,0,Older Long-Tenure Grocery
27643,2,Young Grocery
27644,3,Tech Enthusiasts
27646,3,Tech Enthusiasts
27647,4,Promotion Seekers
27648,6,Protein Enjoyers
27649,2,Young Grocery
27650,3,Tech Enthusiasts
27651,1,Vegetables-Hygiene Oriented
27652,5,Large Families
27654,2,Young Grocery
27655,3,Tech Enthusiasts
27656,4,Promotion Seekers
27657,4,Promotion Seekers
27658,7,Service Sensitive
27659,5,Large Families
27661,0,Older Long-Tenure Grocery
27662,2,Young Grocery
27663,3,Tech Enthusiasts
27664,0,Older Long-Tenure Grocery
27666,1,Vegetables-Hygiene Oriented
27667,6,Protein Enjoyers
27668,4,Promotion Seekers
27670,4,Promotion Seekers
27672,0,Older Long-Tenure Grocery
27674,1,Vegetables-Hygiene Oriented
27675,2,Young Grocery
27676,2,Young Grocery
27678,1,Vegetables-Hygiene Oriented
27679,0,Older Long-Tenure Grocery
27680,0,Older Long-Tenure Grocery
27681,7,Service Sensitive
27682,1,Vegetables-Hygiene Oriented
27684,3,Tech Enthusiasts
27685,2,Young Grocery
27686,0,Older Long-Tenure Grocery
27687,4,Promotion Seekers
27688,7,Service Sensitive
27689,5,Large Families
27690,3,Tech Enthusiasts
27691,0,Older Long-Tenure Grocery
27692,0,Older Long-Tenure Grocery
27693,2,Young Grocery
27694,7,Service Sensitive
27695,4,Promotion Seekers
27697,3,Tech Enthusiasts
27698,4,Promotion Seekers
27699,0,Older Long-Tenure Grocery
27700,0,Older Long-Tenure Grocery
27701,4,Promotion Seekers
27702,1,Vegetables-Hygiene Oriented
27703,2,Young Grocery
27704,0,Older Long-Tenure Grocery
27706,7,Service Sensitive
27707,0,Older Long-Tenure Grocery
27708,5,Large Families
27709,2,Young Grocery
27710,4,Promotion Seekers
27711,5,Large Families
27712,4,Promotion Seekers
27713,0,Older Long-Tenure Grocery
27714,3,Tech Enthusiasts
27715,1,Vegetables-Hygiene Oriented
27716,0,Older Long-Tenure Grocery
27717,0,Older Long-Tenure Grocery
27718,0,Older Long-Tenure Grocery
27719,0,Older Long-Tenure Grocery
27720,2,Young Grocery
27722,1,Vegetables-Hygiene Oriented
27724,3,Tech Enthusiasts
27725,3,Tech Enthusiasts
27726,2,Young Grocery
27727,4,Promotion Seekers
27728,6,Protein Enjoyers
27729,1,Vegetables-Hygiene Oriented
27730,0,Older Long-Tenure Grocery
27731,5,Large Families
27732,0,Older Long-Tenure Grocery
27733,1,Vegetables-Hygiene Oriented
27734,7,Service Sensitive
27736,4,Promotion Seekers
27737,1,Vegetables-Hygiene Oriented
27738,7,Service Sensitive
27739,6,Protein Enjoyers
27740,0,Older Long-Tenure Grocery
27741,7,Service Sensitive
27742,4,Promotion Seekers
27743,7,Service Sensitive
27744,6,Protein Enjoyers
27745,0,Older Long-Tenure Grocery
27746,2,Young Grocery
27747,0,Older Long-Tenure Grocery
27748,0,Older Long-Tenure Grocery
27749,7,Service Sensitive
27750,3,Tech Enthusiasts
27752,3,Tech Enthusiasts
27755,4,Promotion Seekers
27756,6,Protein Enjoyers
27757,4,Promotion Seekers
27758,0,Older Long-Tenure Grocery
27759,4,Promotion Seekers
27761,7,Service Sensitive
27763,1,Vegetables-Hygiene Oriented
27764,2,Young Grocery
27765,6,Protein Enjoyers
27766,3,Tech Enthusiasts
27767,7,Service Sensitive
27769,1,Vegetables-Hygiene Oriented
27771,5,Large Families
27772,2,Young Grocery
27774,4,Promotion Seekers
27776,4,Promotion Seekers
27777,2,Young Grocery
27779,7,Service Sensitive
27780,4,Promotion Seekers
27781,1,Vegetables-Hygiene Oriented
27782,7,Service Sensitive
27783,1,Vegetables-Hygiene Oriented
27784,0,Older Long-Tenure Grocery
27785,1,Vegetables-Hygiene Oriented
27788,7,Service Sensitive
27789,4,Promotion Seekers
27790,3,Tech Enthusiasts
27792,6,Protein Enjoyers
27793,1,Vegetables-Hygiene Oriented
27794,2,Young Grocery
27796,4,Promotion Seekers
27797,7,Service Sensitive
27798,1,Vegetables-Hygiene Oriented
27799,2,Young Grocery
27800,3,Tech Enthusiasts
27801,2,Young Grocery
27802,4,Promotion Seekers
27803,1,Vegetables-Hygiene Oriented
27804,4,Promotion Seekers
27805,4,Promotion Seekers
27807,5,Large Families
27808,7,Service Sensitive
27809,7,Service Sensitive
27811,2,Young Grocery
27814,6,Protein Enjoyers
27815,3,Tech Enthusiasts
27816,2,Young Grocery
27817,4,Promotion Seekers
27818,1,Vegetables-Hygiene Oriented
27819,0,Older Long-Tenure Grocery
27821,5,Large Families
27822,0,Older Long-Tenure Grocery
27823,3,Tech Enthusiasts
27824,4,Promotion Seekers
27825,4,Promotion Seekers
27826,5,Large Families
27828,0,Older Long-Tenure Grocery
27830,0,Older Long-Tenure Grocery
27831,6,Protein Enjoyers
27832,0,Older Long-Tenure Grocery
27833,1,Vegetables-Hygiene Oriented
27834,0,Older Long-Tenure Grocery
27835,3,Tech Enthusiasts
27837,5,Large Families
27839,4,Promotion Seekers
27840,4,Promotion Seekers
27841,4,Promotion Seekers
27842,0,Older Long-Tenure Grocery
27844,6,Protein Enjoyers
27846,3,Tech Enthusiasts
27848,1,Vegetables-Hygiene Oriented
27849,1,Vegetables-Hygiene Oriented
27850,4,Promotion Seekers
27851,6,Protein Enjoyers
27852,7,Service Sensitive
27853,5,Large Families
27855,7,Service Sensitive
27856,4,Promotion Seekers
27857,1,Vegetables-Hygiene Oriented
27858,4,Promotion Seekers
27859,6,Protein Enjoyers
27860,1,Vegetables-Hygiene Oriented
27861,5,Large Families
27863,0,Older Long-Tenure Grocery
27864,2,Young Grocery
27867,6,Protein Enjoyers
27868,7,Service Sensitive
27869,0,Older Long-Tenure Grocery
27871,0,Older Long-Tenure Grocery
27872,1,Vegetables-Hygiene Oriented
27873,2,Young Grocery
27875,4,Promotion Seekers
27877,0,Older Long-Tenure Grocery
27878,0,Older Long-Tenure Grocery
27879,1,Vegetables-Hygiene Oriented
27880,3,Tech Enthusiasts
27881,1,Vegetables-Hygiene Oriented
27882,2,Young Grocery
27883,0,Older Long-Tenure Grocery
27884,4,Promotion Seekers
27885,2,Young Grocery
27887,1,Vegetables-Hygiene Oriented
27889,2,Young Grocery
27890,5,Large Families
27891,0,Older Long-Tenure Grocery
27892,4,Promotion Seekers
27893,4,Promotion Seekers
27894,0,Older Long-Tenure Grocery
27895,0,Older Long-Tenure Grocery
27898,3,Tech Enthusiasts
27899,7,Service Sensitive
27900,6,Protein Enjoyers
27901,4,Promotion Seekers
27904,4,Promotion Seekers
27905,4,Promotion Seekers
27906,0,Older Long-Tenure Grocery
27907,0,Older Long-Tenure Grocery
27908,4,Promotion Seekers
27910,1,Vegetables-Hygiene Oriented
27911,7,Service Sensitive
27912,6,Protein Enjoyers
27913,1,Vegetables-Hygiene Oriented
27914,4,Promotion Seekers
27916,5,Large Families
27917,6,Protein Enjoyers
27918,2,Young Grocery
27919,0,Older Long-Tenure Grocery
27921,1,Vegetables-Hygiene Oriented
27922,4,Promotion Seekers
27923,4,Promotion Seekers
27924,2,Young Grocery
27925,4,Promotion Seekers
27926,4,Promotion Seekers
27927,5,Large Families
27928,4,Promotion Seekers
27931,3,Tech Enthusiasts
27932,1,Vegetables-Hygiene Oriented
27933,0,Older Long-Tenure Grocery
27934,2,Young Grocery
27935,1,Vegetables-Hygiene Oriented
27937,4,Promotion Seekers
27938,2,Young Grocery
27939,7,Service Sensitive
27940,2,Young Grocery
27942,4,Promotion Seekers
27943,1,Vegetables-Hygiene Oriented
27945,7,Service Sensitive
27946,4,Promotion Seekers
27947,7,Service Sensitive
27948,7,Service Sensitive
27949,5,Large Families
27950,2,Young Grocery
27951,3,Tech Enthusiasts
27952,0,Older Long-Tenure Grocery
27953,7,Service Sensitive
27954,1,Vegetables-Hygiene Oriented
27955,0,Older Long-Tenure Grocery
27956,4,Promotion Seekers
27959,4,Promotion Seekers
27961,4,Promotion Seekers
27965,4,Promotion Seekers
27966,2,Young Grocery
27967,7,Service Sensitive
27969,6,Protein Enjoyers
27970,1,Vegetables-Hygiene Oriented
27971,7,Service Sensitive
27974,2,Young Grocery
27975,0,Older Long-Tenure Grocery
27976,3,Tech Enthusiasts
27977,7,Service Sensitive
27979,2,Young Grocery
27980,1,Vegetables-Hygiene Oriented
27982,6,Protein Enjoyers
27983,2,Young Grocery
27984,0,Older Long-Tenure Grocery
27985,0,Older Long-Tenure Grocery
27986,0,Older Long-Tenure Grocery
27987,1,Vegetables-Hygiene Oriented
27988,1,Vegetables-Hygiene Oriented
27989,7,Service Sensitive
27990,7,Service Sensitive
27992,0,Older Long-Tenure Grocery
27993,0,Older Long-Tenure Grocery
27994,4,Promotion Seekers
27996,0,Older Long-Tenure Grocery
27997,5,Large Families
27998,0,Older Long-Tenure Grocery
28000,2,Young Grocery
28001,0,Older Long-Tenure Grocery
28002,1,Vegetables-Hygiene Oriented
28005,1,Vegetables-Hygiene Oriented
28006,0,Older Long-Tenure Grocery
28007,7,Service Sensitive
28008,1,Vegetables-Hygiene Oriented
28009,5,Large Families
28010,3,Tech Enthusiasts
28011,2,Young Grocery
28012,4,Promotion Seekers
28013,4,Promotion Seekers
28014,3,Tech Enthusiasts
28018,2,Young Grocery
28020,1,Vegetables-Hygiene Oriented
28021,1,Vegetables-Hygiene Oriented
28022,1,Vegetables-Hygiene Oriented
28023,0,Older Long-Tenure Grocery
28024,2,Young Grocery
28026,2,Young Grocery
28028,4,Promotion Seekers
28029,7,Service Sensitive
28030,2,Young Grocery
28031,4,Promotion Seekers
28032,0,Older Long-Tenure Grocery
28033,0,Older Long-Tenure Grocery
28034,0,Older Long-Tenure Grocery
28036,1,Vegetables-Hygiene Oriented
28037,4,Promotion Seekers
28038,3,Tech Enthusiasts
28039,4,Promotion Seekers
28040,4,Promotion Seekers
28041,4,Promotion Seekers
28042,0,Older Long-Tenure Grocery
28044,4,Promotion Seekers
28045,2,Young Grocery
28046,6,Protein Enjoyers
28047,4,Promotion Seekers
28049,3,Tech Enthusiasts
28050,7,Service Sensitive
28052,0,Older Long-Tenure Grocery
28053,7,Service Sensitive
28054,2,Young Grocery
28055,1,Vegetables-Hygiene Oriented
28056,4,Promotion Seekers
28057,1,Vegetables-Hygiene Oriented
28058,4,Promotion Seekers
28059,1,Vegetables-Hygiene Oriented
28060,0,Older Long-Tenure Grocery
28061,0,Older Long-Tenure Grocery
28063,1,Vegetables-Hygiene Oriented
28065,4,Promotion Seekers
28066,4,Promotion Seekers
28067,5,Large Families
28068,2,Young Grocery
28069,3,Tech Enthusiasts
28072,4,Promotion Seekers
28073,4,Promotion Seekers
28074,1,Vegetables-Hygiene Oriented
28075,0,Older Long-Tenure Grocery
28076,5,Large Families
28078,7,Service Sensitive
28079,4,Promotion Seekers
28080,0,Older Long-Tenure Grocery
28081,3,Tech Enthusiasts
28082,0,Older Long-Tenure Grocery
28083,2,Young Grocery
28085,1,Vegetables-Hygiene Oriented
28087,1,Vegetables-Hygiene Oriented
28089,0,Older Long-Tenure Grocery
28091,2,Young Grocery
28092,1,Vegetables-Hygiene Oriented
28093,0,Older Long-Tenure Grocery
28094,0,Older Long-Tenure Grocery
28095,2,Young Grocery
28097,1,Vegetables-Hygiene Oriented
28098,0,Older Long-Tenure Grocery
28100,2,Young Grocery
28101,0,Older Long-Tenure Grocery
28102,6,Protein Enjoyers
28103,0,Older Long-Tenure Grocery
28104,1,Vegetables-Hygiene Oriented
28105,2,Young Grocery
28106,3,Tech Enthusiasts
28107,1,Vegetables-Hygiene Oriented
28108,1,Vegetables-Hygiene Oriented
28110,7,Service Sensitive
28111,0,Older Long-Tenure Grocery
28112,3,Tech Enthusiasts
28113,4,Promotion Seekers
28114,0,Older Long-Tenure Grocery
28116,0,Older Long-Tenure Grocery
28117,2,Young Grocery
28118,4,Promotion Seekers
28120,0,Older Long-Tenure Grocery
28121,7,Service Sensitive
28122,3,Tech Enthusiasts
28123,4,Promotion Seekers
28124,6,Protein Enjoyers
28125,2,Young Grocery
28126,4,Promotion Seekers
28130,5,Large Families
28131,1,Vegetables-Hygiene Oriented
28132,1,Vegetables-Hygiene Oriented
28133,2,Young Grocery
28134,0,Older Long-Tenure Grocery
28135,1,Vegetables-Hygiene Oriented
28137,1,Vegetables-Hygiene Oriented
28138,0,Older Long-Tenure Grocery
28140,0,Older Long-Tenure Grocery
28141,3,Tech Enthusiasts
28142,0,Older Long-Tenure Grocery
28143,4,Promotion Seekers
28144,7,Service Sensitive
28146,5,Large Families
28147,5,Large Families
28148,0,Older Long-Tenure Grocery
28149,4,Promotion Seekers
28150,0,Older Long-Tenure Grocery
28151,7,Service Sensitive
28152,5,Large Families
28153,7,Service Sensitive
28154,0,Older Long-Tenure Grocery
28155,0,Older Long-Tenure Grocery
28157,1,Vegetables-Hygiene Oriented
28158,0,Older Long-Tenure Grocery
28161,1,Vegetables-Hygiene Oriented
28162,2,Young Grocery
28164,2,Young Grocery
28165,4,Promotion Seekers
28166,7,Service Sensitive
28167,0,Older Long-Tenure Grocery
28168,0,Older Long-Tenure Grocery
28169,5,Large Families
28170,1,Vegetables-Hygiene Oriented
28171,4,Promotion Seekers
28172,3,Tech Enthusiasts
28173,1,Vegetables-Hygiene Oriented
28174,1,Vegetables-Hygiene Oriented
28175,3,Tech Enthusiasts
28176,4,Promotion Seekers
28177,2,Young Grocery
28178,6,Protein Enjoyers
28180,1,Vegetables-Hygiene Oriented
28181,1,Vegetables-Hygiene Oriented
28182,7,Service Sensitive
28183,0,Older Long-Tenure Grocery
28184,4,Promotion Seekers
28185,6,Protein Enjoyers
28186,5,Large Families
28187,3,Tech Enthusiasts
28191,0,Older Long-Tenure Grocery
28192,7,Service Sensitive
28193,0,Older Long-Tenure Grocery
28194,1,Vegetables-Hygiene Oriented
28195,0,Older Long-Tenure Grocery
28196,0,Older Long-Tenure Grocery
28198,4,Promotion Seekers
28199,3,Tech Enthusiasts
28200,4,Promotion Seekers
28201,7,Service Sensitive
28202,5,Large Families
28203,4,Promotion Seekers
28204,6,Protein Enjoyers
28205,2,Young Grocery
28206,0,Older Long-Tenure Grocery
28208,1,Vegetables-Hygiene Oriented
28209,7,Service Sensitive
28210,6,Protein Enjoyers
28211,6,Protein Enjoyers
28212,4,Promotion Seekers
28213,7,Service Sensitive
28214,7,Service Sensitive
28215,7,Service Sensitive
28216,2,Young Grocery
28217,1,Vegetables-Hygiene Oriented
28218,1,Vegetables-Hygiene Oriented
28219,3,Tech Enthusiasts
28220,1,Vegetables-Hygiene Oriented
28221,6,Protein Enjoyers
28223,4,Promotion Seekers
28224,0,Older Long-Tenure Grocery
28225,4,Promotion Seekers
28226,1,Vegetables-Hygiene Oriented
28227,0,Older Long-Tenure Grocery
28228,1,Vegetables-Hygiene Oriented
28229,1,Vegetables-Hygiene Oriented
28230,7,Service Sensitive
28231,7,Service Sensitive
28232,2,Young Grocery
28233,2,Young Grocery
28234,4,Promotion Seekers
28235,1,Vegetables-Hygiene Oriented
28236,4,Promotion Seekers
28238,2,Young Grocery
28239,3,Tech Enthusiasts
28240,1,Vegetables-Hygiene Oriented
28241,7,Service Sensitive
28242,3,Tech Enthusiasts
28243,1,Vegetables-Hygiene Oriented
28244,0,Older Long-Tenure Grocery
28245,2,Young Grocery
28246,7,Service Sensitive
28247,0,Older Long-Tenure Grocery
28248,5,Large Families
28249,1,Vegetables-Hygiene Oriented
28250,4,Promotion Seekers
28252,0,Older Long-Tenure Grocery
28253,1,Vegetables-Hygiene Oriented
28254,4,Promotion Seekers
28255,1,Vegetables-Hygiene Oriented
28256,3,Tech Enthusiasts
28257,7,Service Sensitive
28258,7,Service Sensitive
28259,4,Promotion Seekers
28260,5,Large Families
28261,2,Young Grocery
28262,1,Vegetables-Hygiene Oriented
28263,1,Vegetables-Hygiene Oriented
28264,0,Older Long-Tenure Grocery
28265,7,Service Sensitive
28266,6,Protein Enjoyers
28267,2,Young Grocery
28269,7,Service Sensitive
28270,2,Young Grocery
28271,7,Service Sensitive
28272,4,Promotion Seekers
28273,7,Service Sensitive
28274,1,Vegetables-Hygiene Oriented
28275,2,Young Grocery
28276,2,Young Grocery
28277,1,Vegetables-Hygiene Oriented
28278,2,Young Grocery
28279,0,Older Long-Tenure Grocery
28280,2,Young Grocery
28282,0,Older Long-Tenure Grocery
28283,3,Tech Enthusiasts
28284,2,Young Grocery
28285,0,Older Long-Tenure Grocery
28286,2,Young Grocery
28288,1,Vegetables-Hygiene Oriented
28289,4,Promotion Seekers
28290,1,Vegetables-Hygiene Oriented
28293,0,Older Long-Tenure Grocery
28294,4,Promotion Seekers
28295,2,Young Grocery
28296,0,Older Long-Tenure Grocery
28297,2,Young Grocery
28298,2,Young Grocery
28299,0,Older Long-Tenure Grocery
28300,4,Promotion Seekers
28301,4,Promotion Seekers
28302,4,Promotion Seekers
28303,1,Vegetables-Hygiene Oriented
28304,0,Older Long-Tenure Grocery
28305,7,Service Sensitive
28306,3,Tech Enthusiasts
28307,5,Large Families
28308,7,Service Sensitive
28309,6,Protein Enjoyers
28310,7,Service Sensitive
28311,0,Older Long-Tenure Grocery
28312,2,Young Grocery
28313,3,Tech Enthusiasts
28314,1,Vegetables-Hygiene Oriented
28315,2,Young Grocery
28316,7,Service Sensitive
28317,0,Older Long-Tenure Grocery
28318,1,Vegetables-Hygiene Oriented
28321,0,Older Long-Tenure Grocery
28322,2,Young Grocery
28323,4,Promotion Seekers
28325,4,Promotion Seekers
28326,5,Large Families
28327,6,Protein Enjoyers
28328,7,Service Sensitive
28329,3,Tech Enthusiasts
28330,2,Young Grocery
28331,7,Service Sensitive
28332,7,Service Sensitive
28334,7,Service Sensitive
28335,4,Promotion Seekers
28337,0,Older Long-Tenure Grocery
28339,3,Tech Enthusiasts
28341,1,Vegetables-Hygiene Oriented
28342,1,Vegetables-Hygiene Oriented
28343,2,Young Grocery
28344,7,Service Sensitive
28345,2,Young Grocery
28346,1,Vegetables-Hygiene Oriented
28348,1,Vegetables-Hygiene Oriented
28349,0,Older Long-Tenure Grocery
28350,4,Promotion Seekers
28352,0,Older Long-Tenure Grocery
28353,7,Service Sensitive
28354,0,Older Long-Tenure Grocery
28355,4,Promotion Seekers
28358,0,Older Long-Tenure Grocery
28359,3,Tech Enthusiasts
28360,0,Older Long-Tenure Grocery
28362,3,Tech Enthusiasts
28363,2,Young Grocery
28364,4,Promotion Seekers
28365,3,Tech Enthusiasts
28366,4,Promotion Seekers
28367,1,Vegetables-Hygiene Oriented
28369,1,Vegetables-Hygiene Oriented
28370,4,Promotion Seekers
28371,0,Older Long-Tenure Grocery
28372,0,Older Long-Tenure Grocery
28374,4,Promotion Seekers
28375,3,Tech Enthusiasts
28376,4,Promotion Seekers
28377,0,Older Long-Tenure Grocery
28379,3,Tech Enthusiasts
28380,7,Service Sensitive
28381,2,Young Grocery
28382,1,Vegetables-Hygiene Oriented
28383,0,Older Long-Tenure Grocery
28384,4,Promotion Seekers
28385,0,Older Long-Tenure Grocery
28387,2,Young Grocery
28388,0,Older Long-Tenure Grocery
28389,4,Promotion Seekers
28391,6,Protein Enjoyers
28395,3,Tech Enthusiasts
28397,1,Vegetables-Hygiene Oriented
28398,2,Young Grocery
28399,0,Older Long-Tenure Grocery
28400,0,Older Long-Tenure Grocery
28402,1,Vegetables-Hygiene Oriented
28403,7,Service Sensitive
28404,7,Service Sensitive
28405,0,Older Long-Tenure Grocery
28406,0,Older Long-Tenure Grocery
28407,1,Vegetables-Hygiene Oriented
28409,7,Service Sensitive
28410,7,Service Sensitive
28411,6,Protein Enjoyers
28412,3,Tech Enthusiasts
28413,3,Tech Enthusiasts
28414,0,Older Long-Tenure Grocery
28415,7,Service Sensitive
28417,1,Vegetables-Hygiene Oriented
28418,3,Tech Enthusiasts
28419,4,Promotion Seekers
28420,5,Large Families
28421,5,Large Families
28422,0,Older Long-Tenure Grocery
28423,4,Promotion Seekers
28424,4,Promotion Seekers
28425,5,Large Families
28427,4,Promotion Seekers
28428,1,Vegetables-Hygiene Oriented
28429,0,Older Long-Tenure Grocery
28430,3,Tech Enthusiasts
28431,4,Promotion Seekers
28433,4,Promotion Seekers
28434,0,Older Long-Tenure Grocery
28435,3,Tech Enthusiasts
28436,7,Service Sensitive
28437,0,Older Long-Tenure Grocery
28439,1,Vegetables-Hygiene Oriented
28440,5,Large Families
28441,0,Older Long-Tenure Grocery
28442,3,Tech Enthusiasts
28444,0,Older Long-Tenure Grocery
28445,2,Young Grocery
28446,5,Large Families
28447,7,Service Sensitive
28448,0,Older Long-Tenure Grocery
28450,0,Older Long-Tenure Grocery
28451,3,Tech Enthusiasts
28452,2,Young Grocery
28453,3,Tech Enthusiasts
28454,2,Young Grocery
28455,1,Vegetables-Hygiene Oriented
28456,1,Vegetables-Hygiene Oriented
28459,4,Promotion Seekers
28461,5,Large Families
28462,5,Large Families
28463,2,Young Grocery
28464,1,Vegetables-Hygiene Oriented
28465,3,Tech Enthusiasts
28466,6,Protein Enjoyers
28468,0,Older Long-Tenure Grocery
28469,4,Promotion Seekers
28470,0,Older Long-Tenure Grocery
28471,4,Promotion Seekers
28472,5,Large Families
28473,6,Protein Enjoyers
28474,7,Service Sensitive
28476,2,Young Grocery
28478,5,Large Families
28479,2,Young Grocery
28481,0,Older Long-Tenure Grocery
28482,2,Young Grocery
28483,1,Vegetables-Hygiene Oriented
28485,0,Older Long-Tenure Grocery
28486,3,Tech Enthusiasts
28487,5,Large Families
28489,1,Vegetables-Hygiene Oriented
28491,0,Older Long-Tenure Grocery
28492,4,Promotion Seekers
28493,4,Promotion Seekers
28495,7,Service Sensitive
28496,3,Tech Enthusiasts
28497,0,Older Long-Tenure Grocery
28498,1,Vegetables-Hygiene Oriented
28499,1,Vegetables-Hygiene Oriented
28501,0,Older Long-Tenure Grocery
28502,6,Protein Enjoyers
28504,5,Large Families
28505,7,Service Sensitive
28506,4,Promotion Seekers
28507,6,Protein Enjoyers
28508,3,Tech Enthusiasts
28509,2,Young Grocery
28510,0,Older Long-Tenure Grocery
28511,4,Promotion Seekers
28512,4,Promotion Seekers
28514,4,Promotion Seekers
28515,4,Promotion Seekers
28516,7,Service Sensitive
28517,0,Older Long-Tenure Grocery
28518,1,Vegetables-Hygiene Oriented
28521,2,Young Grocery
28522,5,Large Families
28525,4,Promotion Seekers
28526,2,Young Grocery
28527,7,Service Sensitive
28528,0,Older Long-Tenure Grocery
28529,7,Service Sensitive
28530,2,Young Grocery
28531,7,Service Sensitive
28532,0,Older Long-Tenure Grocery
28533,6,Protein Enjoyers
28535,7,Service Sensitive
28536,0,Older Long-Tenure Grocery
28537,0,Older Long-Tenure Grocery
28539,0,Older Long-Tenure Grocery
28540,4,Promotion Seekers
28541,2,Young Grocery
28542,6,Protein Enjoyers
28543,2,Young Grocery
28544,6,Protein Enjoyers
28545,4,Promotion Seekers
28547,0,Older Long-Tenure Grocery
28548,2,Young Grocery
28549,4,Promotion Seekers
28550,2,Young Grocery
28551,5,Large Families
28552,1,Vegetables-Hygiene Oriented
28553,4,Promotion Seekers
28555,5,Large Families
28556,1,Vegetables-Hygiene Oriented
28557,0,Older Long-Tenure Grocery
28558,4,Promotion Seekers
28559,3,Tech Enthusiasts
28560,4,Promotion Seekers
28561,3,Tech Enthusiasts
28562,7,Service Sensitive
28563,4,Promotion Seekers
28564,0,Older Long-Tenure Grocery
28565,1,Vegetables-Hygiene Oriented
28566,2,Young Grocery
28567,2,Young Grocery
28569,4,Promotion Seekers
28570,5,Large Families
28572,0,Older Long-Tenure Grocery
28573,0,Older Long-Tenure Grocery
28574,0,Older Long-Tenure Grocery
28575,1,Vegetables-Hygiene Oriented
28576,1,Vegetables-Hygiene Oriented
28577,3,Tech Enthusiasts
28578,7,Service Sensitive
28579,3,Tech Enthusiasts
28582,5,Large Families
28583,3,Tech Enthusiasts
28584,5,Large Families
28585,1,Vegetables-Hygiene Oriented
28586,2,Young Grocery
28587,4,Promotion Seekers
28588,6,Protein Enjoyers
28590,4,Promotion Seekers
28591,0,Older Long-Tenure Grocery
28592,0,Older Long-Tenure Grocery
28593,3,Tech Enthusiasts
28594,3,Tech Enthusiasts
28595,4,Promotion Seekers
28596,7,Service Sensitive
28597,1,Vegetables-Hygiene Oriented
28599,0,Older Long-Tenure Grocery
28600,5,Large Families
28601,0,Older Long-Tenure Grocery
28602,1,Vegetables-Hygiene Oriented
28603,3,Tech Enthusiasts
28604,1,Vegetables-Hygiene Oriented
28605,0,Older Long-Tenure Grocery
28607,2,Young Grocery
28608,2,Young Grocery
28609,0,Older Long-Tenure Grocery
28612,4,Promotion Seekers
28613,1,Vegetables-Hygiene Oriented
28614,7,Service Sensitive
28615,5,Large Families
28617,1,Vegetables-Hygiene Oriented
28618,2,Young Grocery
28619,4,Promotion Seekers
28620,0,Older Long-Tenure Grocery
28621,6,Protein Enjoyers
28622,5,Large Families
28623,1,Vegetables-Hygiene Oriented
28624,1,Vegetables-Hygiene Oriented
28625,2,Young Grocery
28626,4,Promotion Seekers
28628,0,Older Long-Tenure Grocery
28629,1,Vegetables-Hygiene Oriented
28630,0,Older Long-Tenure Grocery
28631,2,Young Grocery
28632,0,Older Long-Tenure Grocery
28633,0,Older Long-Tenure Grocery
28634,4,Promotion Seekers
28635,0,Older Long-Tenure Grocery
28636,7,Service Sensitive
28637,4,Promotion Seekers
28639,3,Tech Enthusiasts
28640,3,Tech Enthusiasts
28642,3,Tech Enthusiasts
28643,2,Young Grocery
28644,4,Promotion Seekers
28645,0,Older Long-Tenure Grocery
28646,1,Vegetables-Hygiene Oriented
28647,7,Service Sensitive
28648,1,Vegetables-Hygiene Oriented
28649,2,Young Grocery
28650,0,Older Long-Tenure Grocery
28652,7,Service Sensitive
28653,5,Large Families
28655,0,Older Long-Tenure Grocery
28656,5,Large Families
28658,0,Older Long-Tenure Grocery
28659,5,Large Families
28660,2,Young Grocery
28661,2,Young Grocery
28662,2,Young Grocery
28663,7,Service Sensitive
28664,0,Older Long-Tenure Grocery
28666,2,Young Grocery
28667,4,Promotion Seekers
28668,1,Vegetables-Hygiene Oriented
28669,1,Vegetables-Hygiene Oriented
28670,2,Young Grocery
28671,3,Tech Enthusiasts
28672,0,Older Long-Tenure Grocery
28673,3,Tech Enthusiasts
28674,3,Tech Enthusiasts
28675,3,Tech Enthusiasts
28676,2,Young Grocery
28678,4,Promotion Seekers
28679,4,Promotion Seekers
28680,4,Promotion Seekers
28681,4,Promotion Seekers
28682,3,Tech Enthusiasts
28684,3,Tech Enthusiasts
28685,6,Protein Enjoyers
28686,5,Large Families
28688,0,Older Long-Tenure Grocery
28689,3,Tech Enthusiasts
28690,3,Tech Enthusiasts
28691,1,Vegetables-Hygiene Oriented
28693,0,Older Long-Tenure Grocery
28694,1,Vegetables-Hygiene Oriented
28695,4,Promotion Seekers
28696,5,Large Families
28697,1,Vegetables-Hygiene Oriented
28698,2,Young Grocery
28699,5,Large Families
28700,1,Vegetables-Hygiene Oriented
28701,4,Promotion Seekers
28702,5,Large Families
28703,2,Young Grocery
28706,0,Older Long-Tenure Grocery
28707,1,Vegetables-Hygiene Oriented
28708,4,Promotion Seekers
28709,0,Older Long-Tenure Grocery
28710,2,Young Grocery
28711,4,Promotion Seekers
28712,1,Vegetables-Hygiene Oriented
28713,1,Vegetables-Hygiene Oriented
28714,1,Vegetables-Hygiene Oriented
28717,6,Protein Enjoyers
28718,7,Service Sensitive
28720,3,Tech Enthusiasts
28721,2,Young Grocery
28722,1,Vegetables-Hygiene Oriented
28723,6,Protein Enjoyers
28724,5,Large Families
28725,4,Promotion Seekers
28727,6,Protein Enjoyers
28728,1,Vegetables-Hygiene Oriented
28729,1,Vegetables-Hygiene Oriented
28730,0,Older Long-Tenure Grocery
28731,0,Older Long-Tenure Grocery
28732,4,Promotion Seekers
28733,1,Vegetables-Hygiene Oriented
28734,7,Service Sensitive
28735,1,Vegetables-Hygiene Oriented
28736,7,Service Sensitive
28737,2,Young Grocery
28738,4,Promotion Seekers
28739,4,Promotion Seekers
28740,0,Older Long-Tenure Grocery
28742,2,Young Grocery
28743,7,Service Sensitive
28744,1,Vegetables-Hygiene Oriented
28746,4,Promotion Seekers
28747,1,Vegetables-Hygiene Oriented
28748,7,Service Sensitive
28749,4,Promotion Seekers
28750,6,Protein Enjoyers
28751,4,Promotion Seekers
28752,2,Young Grocery
28753,5,Large Families
28754,0,Older Long-Tenure Grocery
28755,1,Vegetables-Hygiene Oriented
28757,7,Service Sensitive
28758,1,Vegetables-Hygiene Oriented
28759,6,Protein Enjoyers
28760,0,Older Long-Tenure Grocery
28761,2,Young Grocery
28762,0,Older Long-Tenure Grocery
28763,1,Vegetables-Hygiene Oriented
28764,0,Older Long-Tenure Grocery
28765,0,Older Long-Tenure Grocery
28766,5,Large Families
28767,5,Large Families
28768,1,Vegetables-Hygiene Oriented
28769,4,Promotion Seekers
28771,2,Young Grocery
28772,4,Promotion Seekers
28773,0,Older Long-Tenure Grocery
28775,0,Older Long-Tenure Grocery
28776,3,Tech Enthusiasts
28777,4,Promotion Seekers
28778,3,Tech Enthusiasts
28779,0,Older Long-Tenure Grocery
28780,0,Older Long-Tenure Grocery
28781,1,Vegetables-Hygiene Oriented
28782,4,Promotion Seekers
28783,5,Large Families
28785,5,Large Families
28786,0,Older Long-Tenure Grocery
28787,3,Tech Enthusiasts
28788,1,Vegetables-Hygiene Oriented
28789,0,Older Long-Tenure Grocery
28790,4,Promotion Seekers
28791,3,Tech Enthusiasts
28793,7,Service Sensitive
28795,4,Promotion Seekers
28796,0,Older Long-Tenure Grocery
28798,7,Service Sensitive
28799,0,Older Long-Tenure Grocery
28802,5,Large Families
28804,4,Promotion Seekers
28806,7,Service Sensitive
28807,5,Large Families
28809,7,Service Sensitive
28810,7,Service Sensitive
28811,2,Young Grocery
28814,7,Service Sensitive
28815,2,Young Grocery
28816,0,Older Long-Tenure Grocery
28817,0,Older Long-Tenure Grocery
28818,5,Large Families
28819,6,Protein Enjoyers
28820,1,Vegetables-Hygiene Oriented
28822,3,Tech Enthusiasts
28823,3,Tech Enthusiasts
28824,1,Vegetables-Hygiene Oriented
28825,4,Promotion Seekers
28826,1,Vegetables-Hygiene Oriented
28827,7,Service Sensitive
28828,7,Service Sensitive
28829,7,Service Sensitive
28831,3,Tech Enthusiasts
28832,6,Protein Enjoyers
28833,1,Vegetables-Hygiene Oriented
28834,0,Older Long-Tenure Grocery
28836,1,Vegetables-Hygiene Oriented
28837,5,Large Families
28839,0,Older Long-Tenure Grocery
28840,7,Service Sensitive
28841,0,Older Long-Tenure Grocery
28843,4,Promotion Seekers
28844,1,Vegetables-Hygiene Oriented
28845,1,Vegetables-Hygiene Oriented
28846,1,Vegetables-Hygiene Oriented
28847,7,Service Sensitive
28848,7,Service Sensitive
28850,2,Young Grocery
28851,7,Service Sensitive
28853,4,Promotion Seekers
28854,0,Older Long-Tenure Grocery
28856,4,Promotion Seekers
28857,2,Young Grocery
28859,1,Vegetables-Hygiene Oriented
28860,4,Promotion Seekers
28863,7,Service Sensitive
28864,7,Service Sensitive
28866,0,Older Long-Tenure Grocery
28867,5,Large Families
28869,4,Promotion Seekers
28871,2,Young Grocery
28872,0,Older Long-Tenure Grocery
28873,6,Protein Enjoyers
28874,3,Tech Enthusiasts
28875,4,Promotion Seekers
28876,5,Large Families
28877,3,Tech Enthusiasts
28878,3,Tech Enthusiasts
28879,2,Young Grocery
28880,0,Older Long-Tenure Grocery
28881,3,Tech Enthusiasts
28882,0,Older Long-Tenure Grocery
28883,2,Young Grocery
28884,1,Vegetables-Hygiene Oriented
28885,7,Service Sensitive
28886,5,Large Families
28887,5,Large Families
28888,5,Large Families
28889,4,Promotion Seekers
28890,1,Vegetables-Hygiene Oriented
28891,4,Promotion Seekers
28893,1,Vegetables-Hygiene Oriented
28894,2,Young Grocery
28895,4,Promotion Seekers
28897,4,Promotion Seekers
28899,7,Service Sensitive
28900,4,Promotion Seekers
28901,3,Tech Enthusiasts
28903,4,Promotion Seekers
28904,5,Large Families
28906,6,Protein Enjoyers
28908,2,Young Grocery
28909,2,Young Grocery
28910,1,Vegetables-Hygiene Oriented
28911,0,Older Long-Tenure Grocery
28913,0,Older Long-Tenure Grocery
28915,4,Promotion Seekers
28916,1,Vegetables-Hygiene Oriented
28917,2,Young Grocery
28918,6,Protein Enjoyers
28919,0,Older Long-Tenure Grocery
28921,4,Promotion Seekers
28922,1,Vegetables-Hygiene Oriented
28923,0,Older Long-Tenure Grocery
28924,1,Vegetables-Hygiene Oriented
28926,2,Young Grocery
28927,0,Older Long-Tenure Grocery
28928,6,Protein Enjoyers
28929,2,Young Grocery
28931,0,Older Long-Tenure Grocery
28932,1,Vegetables-Hygiene Oriented
28933,7,Service Sensitive
28934,4,Promotion Seekers
28935,3,Tech Enthusiasts
28936,6,Protein Enjoyers
28938,4,Promotion Seekers
28939,6,Protein Enjoyers
28941,0,Older Long-Tenure Grocery
28942,4,Promotion Seekers
28943,4,Promotion Seekers
28944,0,Older Long-Tenure Grocery
28947,2,Young Grocery
28948,6,Protein Enjoyers
28949,2,Young Grocery
28950,1,Vegetables-Hygiene Oriented
28953,2,Young Grocery
28954,3,Tech Enthusiasts
28955,5,Large Families
28956,0,Older Long-Tenure Grocery
28958,2,Young Grocery
28959,4,Promotion Seekers
28960,2,Young Grocery
28962,2,Young Grocery
28963,6,Protein Enjoyers
28965,0,Older Long-Tenure Grocery
28966,0,Older Long-Tenure Grocery
28967,0,Older Long-Tenure Grocery
28968,0,Older Long-Tenure Grocery
28969,4,Promotion Seekers
28970,0,Older Long-Tenure Grocery
28971,4,Promotion Seekers
28973,1,Vegetables-Hygiene Oriented
28974,1,Vegetables-Hygiene Oriented
28976,3,Tech Enthusiasts
28977,3,Tech Enthusiasts
28978,2,Young Grocery
28979,2,Young Grocery
28980,1,Vegetables-Hygiene Oriented
28981,7,Service Sensitive
28982,7,Service Sensitive
28984,1,Vegetables-Hygiene Oriented
28985,1,Vegetables-Hygiene Oriented
28986,7,Service Sensitive
28987,1,Vegetables-Hygiene Oriented
28989,4,Promotion Seekers
28993,7,Service Sensitive
28995,4,Promotion Seekers
28996,1,Vegetables-Hygiene Oriented
28997,2,Young Grocery
28998,2,Young Grocery
28999,3,Tech Enthusiasts
29000,6,Protein Enjoyers
29001,1,Vegetables-Hygiene Oriented
29002,6,Protein Enjoyers
29003,2,Young Grocery
29004,4,Promotion Seekers
29005,4,Promotion Seekers
29006,4,Promotion Seekers
29007,3,Tech Enthusiasts
29009,0,Older Long-Tenure Grocery
29010,6,Protein Enjoyers
29011,4,Promotion Seekers
29012,3,Tech Enthusiasts
29013,1,Vegetables-Hygiene Oriented
29014,0,Older Long-Tenure Grocery
29016,4,Promotion Seekers
29018,6,Protein Enjoyers
29019,0,Older Long-Tenure Grocery
29020,0,Older Long-Tenure Grocery
29021,0,Older Long-Tenure Grocery
29022,1,Vegetables-Hygiene Oriented
29023,0,Older Long-Tenure Grocery
29024,7,Service Sensitive
29025,0,Older Long-Tenure Grocery
29026,2,Young Grocery
29027,2,Young Grocery
29030,3,Tech Enthusiasts
29032,4,Promotion Seekers
29033,3,Tech Enthusiasts
29034,2,Young Grocery
29035,6,Protein Enjoyers
29036,5,Large Families
29037,6,Protein Enjoyers
29038,2,Young Grocery
29039,3,Tech Enthusiasts
29040,0,Older Long-Tenure Grocery
29041,0,Older Long-Tenure Grocery
29042,4,Promotion Seekers
29043,7,Service Sensitive
29044,2,Young Grocery
29046,7,Service Sensitive
29047,4,Promotion Seekers
29048,5,Large Families
29050,1,Vegetables-Hygiene Oriented
29051,5,Large Families
29053,6,Protein Enjoyers
29054,1,Vegetables-Hygiene Oriented
29055,0,Older Long-Tenure Grocery
29057,0,Older Long-Tenure Grocery
29058,3,Tech Enthusiasts
29059,1,Vegetables-Hygiene Oriented
29060,0,Older Long-Tenure Grocery
29061,0,Older Long-Tenure Grocery
29062,6,Protein Enjoyers
29063,1,Vegetables-Hygiene Oriented
29064,0,Older Long-Tenure Grocery
29065,4,Promotion Seekers
29066,1,Vegetables-Hygiene Oriented
29068,0,Older Long-Tenure Grocery
29069,4,Promotion Seekers
29070,4,Promotion Seekers
29071,3,Tech Enthusiasts
29072,4,Promotion Seekers
29073,4,Promotion Seekers
29074,4,Promotion Seekers
29075,1,Vegetables-Hygiene Oriented
29076,4,Promotion Seekers
29077,1,Vegetables-Hygiene Oriented
29078,7,Service Sensitive
29079,4,Promotion Seekers
29080,2,Young Grocery
29081,3,Tech Enthusiasts
29082,2,Young Grocery
29083,0,Older Long-Tenure Grocery
29084,2,Young Grocery
29085,5,Large Families
29086,7,Service Sensitive
29087,3,Tech Enthusiasts
29089,6,Protein Enjoyers
29090,3,Tech Enthusiasts
29092,0,Older Long-Tenure Grocery
29094,6,Protein Enjoyers
29095,2,Young Grocery
29096,3,Tech Enthusiasts
29097,2,Young Grocery
29099,3,Tech Enthusiasts
29100,3,Tech Enthusiasts
29102,7,Service Sensitive
29103,0,Older Long-Tenure Grocery
29104,2,Young Grocery
29105,1,Vegetables-Hygiene Oriented
29107,5,Large Families
29111,4,Promotion Seekers
29112,0,Older Long-Tenure Grocery
29113,1,Vegetables-Hygiene Oriented
29114,2,Young Grocery
29116,4,Promotion Seekers
29117,4,Promotion Seekers
29118,4,Promotion Seekers
29119,6,Protein Enjoyers
29120,0,Older Long-Tenure Grocery
29121,1,Vegetables-Hygiene Oriented
29122,0,Older Long-Tenure Grocery
29123,4,Promotion Seekers
29125,0,Older Long-Tenure Grocery
29126,0,Older Long-Tenure Grocery
29127,6,Protein Enjoyers
29128,1,Vegetables-Hygiene Oriented
29129,1,Vegetables-Hygiene Oriented
29130,1,Vegetables-Hygiene Oriented
29131,0,Older Long-Tenure Grocery
29132,4,Promotion Seekers
29133,0,Older Long-Tenure Grocery
29134,1,Vegetables-Hygiene Oriented
29135,5,Large Families
29136,2,Young Grocery
29137,0,Older Long-Tenure Grocery
29138,0,Older Long-Tenure Grocery
29139,0,Older Long-Tenure Grocery
29141,5,Large Families
29142,7,Service Sensitive
29143,0,Older Long-Tenure Grocery
29144,4,Promotion Seekers
29145,4,Promotion Seekers
29147,2,Young Grocery
29148,3,Tech Enthusiasts
29149,1,Vegetables-Hygiene Oriented
29150,1,Vegetables-Hygiene Oriented
29151,1,Vegetables-Hygiene Oriented
29152,2,Young Grocery
29153,0,Older Long-Tenure Grocery
29154,1,Vegetables-Hygiene Oriented
29157,2,Young Grocery
29159,0,Older Long-Tenure Grocery
29160,1,Vegetables-Hygiene Oriented
29161,6,Protein Enjoyers
29162,0,Older Long-Tenure Grocery
29164,4,Promotion Seekers
29165,7,Service Sensitive
29166,1,Vegetables-Hygiene Oriented
29167,2,Young Grocery
29168,1,Vegetables-Hygiene Oriented
29170,7,Service Sensitive
29171,1,Vegetables-Hygiene Oriented
29173,0,Older Long-Tenure Grocery
29174,5,Large Families
29175,2,Young Grocery
29176,2,Young Grocery
29177,2,Young Grocery
29178,4,Promotion Seekers
29179,1,Vegetables-Hygiene Oriented
29180,7,Service Sensitive
29181,2,Young Grocery
29184,7,Service Sensitive
29185,1,Vegetables-Hygiene Oriented
29186,1,Vegetables-Hygiene Oriented
29187,0,Older Long-Tenure Grocery
29189,4,Promotion Seekers
29190,0,Older Long-Tenure Grocery
29191,2,Young Grocery
29193,0,Older Long-Tenure Grocery
29194,7,Service Sensitive
29195,3,Tech Enthusiasts
29196,6,Protein Enjoyers
29197,1,Vegetables-Hygiene Oriented
29198,6,Protein Enjoyers
29200,1,Vegetables-Hygiene Oriented
29201,1,Vegetables-Hygiene Oriented
29203,2,Young Grocery
29204,2,Young Grocery
29206,7,Service Sensitive
29207,0,Older Long-Tenure Grocery
29208,4,Promotion Seekers
29209,1,Vegetables-Hygiene Oriented
29210,1,Vegetables-Hygiene Oriented
29211,0,Older Long-Tenure Grocery
29212,0,Older Long-Tenure Grocery
29213,2,Young Grocery
29214,7,Service Sensitive
29215,0,Older Long-Tenure Grocery
29216,4,Promotion Seekers
29219,7,Service Sensitive
29220,0,Older Long-Tenure Grocery
29221,0,Older Long-Tenure Grocery
29223,4,Promotion Seekers
29224,1,Vegetables-Hygiene Oriented
29225,7,Service Sensitive
29226,2,Young Grocery
29228,4,Promotion Seekers
29230,4,Promotion Seekers
29231,4,Promotion Seekers
29232,7,Service Sensitive
29234,7,Service Sensitive
29236,4,Promotion Seekers
29238,2,Young Grocery
29239,4,Promotion Seekers
29240,4,Promotion Seekers
29241,5,Large Families
29242,0,Older Long-Tenure Grocery
29243,6,Protein Enjoyers
29244,1,Vegetables-Hygiene Oriented
29245,4,Promotion Seekers
29246,5,Large Families
29247,4,Promotion Seekers
29248,6,Protein Enjoyers
29249,0,Older Long-Tenure Grocery
29250,1,Vegetables-Hygiene Oriented
29251,3,Tech Enthusiasts
29252,1,Vegetables-Hygiene Oriented
29253,2,Young Grocery
29254,3,Tech Enthusiasts
29255,6,Protein Enjoyers
29257,1,Vegetables-Hygiene Oriented
29258,0,Older Long-Tenure Grocery
29261,5,Large Families
29262,7,Service Sensitive
29263,7,Service Sensitive
29264,7,Service Sensitive
29265,1,Vegetables-Hygiene Oriented
29266,6,Protein Enjoyers
29267,3,Tech Enthusiasts
29268,6,Protein Enjoyers
29269,3,Tech Enthusiasts
29270,5,Large Families
29271,1,Vegetables-Hygiene Oriented
29272,7,Service Sensitive
29273,7,Service Sensitive
29274,0,Older Long-Tenure Grocery
29275,0,Older Long-Tenure Grocery
29276,4,Promotion Seekers
29277,1,Vegetables-Hygiene Oriented
29278,2,Young Grocery
29279,2,Young Grocery
29281,5,Large Families
29282,3,Tech Enthusiasts
29283,4,Promotion Seekers
29284,2,Young Grocery
29285,7,Service Sensitive
29286,2,Young Grocery
29287,5,Large Families
29289,6,Protein Enjoyers
29290,5,Large Families
29291,0,Older Long-Tenure Grocery
29292,4,Promotion Seekers
29294,7,Service Sensitive
29296,4,Promotion Seekers
29297,7,Service Sensitive
29298,2,Young Grocery
29299,1,Vegetables-Hygiene Oriented
29300,5,Large Families
29301,0,Older Long-Tenure Grocery
29302,4,Promotion Seekers
29303,0,Older Long-Tenure Grocery
29304,0,Older Long-Tenure Grocery
29305,0,Older Long-Tenure Grocery
29307,2,Young Grocery
29308,1,Vegetables-Hygiene Oriented
29310,6,Protein Enjoyers
29311,5,Large Families
29312,6,Protein Enjoyers
29313,4,Promotion Seekers
29314,1,Vegetables-Hygiene Oriented
29315,4,Promotion Seekers
29316,4,Promotion Seekers
29317,4,Promotion Seekers
29318,2,Young Grocery
29319,4,Promotion Seekers
29320,4,Promotion Seekers
29321,3,Tech Enthusiasts
29323,3,Tech Enthusiasts
29324,7,Service Sensitive
29325,1,Vegetables-Hygiene Oriented
29326,7,Service Sensitive
29327,4,Promotion Seekers
29328,5,Large Families
29329,0,Older Long-Tenure Grocery
29330,7,Service Sensitive
29331,0,Older Long-Tenure Grocery
29332,1,Vegetables-Hygiene Oriented
29333,4,Promotion Seekers
29335,0,Older Long-Tenure Grocery
29338,7,Service Sensitive
29339,1,Vegetables-Hygiene Oriented
29340,1,Vegetables-Hygiene Oriented
29341,7,Service Sensitive
29342,4,Promotion Seekers
29343,4,Promotion Seekers
29344,0,Older Long-Tenure Grocery
29345,4,Promotion Seekers
29346,1,Vegetables-Hygiene Oriented
29347,2,Young Grocery
29348,5,Large Families
29349,7,Service Sensitive
29350,1,Vegetables-Hygiene Oriented
29351,7,Service Sensitive
29352,4,Promotion Seekers
29353,7,Service Sensitive
29354,4,Promotion Seekers
29355,7,Service Sensitive
29356,0,Older Long-Tenure Grocery
29359,2,Young Grocery
29360,4,Promotion Seekers
29362,4,Promotion Seekers
29363,0,Older Long-Tenure Grocery
29364,4,Promotion Seekers
29365,6,Protein Enjoyers
29366,3,Tech Enthusiasts
29367,6,Protein Enjoyers
29368,4,Promotion Seekers
29369,5,Large Families
29370,3,Tech Enthusiasts
29371,4,Promotion Seekers
29372,4,Promotion Seekers
29373,0,Older Long-Tenure Grocery
29374,7,Service Sensitive
29375,2,Young Grocery
29376,0,Older Long-Tenure Grocery
29377,5,Large Families
29378,6,Protein Enjoyers
29379,5,Large Families
29380,1,Vegetables-Hygiene Oriented
29381,5,Large Families
29382,7,Service Sensitive
29383,0,Older Long-Tenure Grocery
29384,0,Older Long-Tenure Grocery
29385,4,Promotion Seekers
29386,2,Young Grocery
29387,1,Vegetables-Hygiene Oriented
29388,5,Large Families
29389,1,Vegetables-Hygiene Oriented
29390,0,Older Long-Tenure Grocery
29391,1,Vegetables-Hygiene Oriented
29393,1,Vegetables-Hygiene Oriented
29394,4,Promotion Seekers
29395,0,Older Long-Tenure Grocery
29396,4,Promotion Seekers
29397,1,Vegetables-Hygiene Oriented
29398,4,Promotion Seekers
29399,5,Large Families
29400,6,Protein Enjoyers
29401,7,Service Sensitive
29402,6,Protein Enjoyers
29403,4,Promotion Seekers
29404,5,Large Families
29405,1,Vegetables-Hygiene Oriented
29406,7,Service Sensitive
29407,0,Older Long-Tenure Grocery
29409,0,Older Long-Tenure Grocery
29410,1,Vegetables-Hygiene Oriented
29411,2,Young Grocery
29412,6,Protein Enjoyers
29413,7,Service Sensitive
29415,1,Vegetables-Hygiene Oriented
29416,1,Vegetables-Hygiene Oriented
29418,7,Service Sensitive
29419,7,Service Sensitive
29420,4,Promotion Seekers
29421,0,Older Long-Tenure Grocery
29422,7,Service Sensitive
29423,0,Older Long-Tenure Grocery
29425,4,Promotion Seekers
29427,0,Older Long-Tenure Grocery
29428,7,Service Sensitive
29429,7,Service Sensitive
29430,6,Protein Enjoyers
29431,3,Tech Enthusiasts
29432,0,Older Long-Tenure Grocery
29434,2,Young Grocery
29435,2,Young Grocery
29436,3,Tech Enthusiasts
29437,1,Vegetables-Hygiene Oriented
29438,1,Vegetables-Hygiene Oriented
29441,5,Large Families
29442,3,Tech Enthusiasts
29443,7,Service Sensitive
29444,6,Protein Enjoyers
29445,2,Young Grocery
29446,1,Vegetables-Hygiene Oriented
29448,3,Tech Enthusiasts
29449,0,Older Long-Tenure Grocery
29450,1,Vegetables-Hygiene Oriented
29451,6,Protein Enjoyers
29452,4,Promotion Seekers
29453,0,Older Long-Tenure Grocery
29454,4,Promotion Seekers
29455,4,Promotion Seekers
29456,0,Older Long-Tenure Grocery
29457,6,Protein Enjoyers
29459,4,Promotion Seekers
29461,2,Young Grocery
29462,7,Service Sensitive
29463,1,Vegetables-Hygiene Oriented
29464,7,Service Sensitive
29465,3,Tech Enthusiasts
29466,1,Vegetables-Hygiene Oriented
29467,2,Young Grocery
29468,3,Tech Enthusiasts
29469,3,Tech Enthusiasts
29471,4,Promotion Seekers
29472,4,Promotion Seekers
29473,4,Promotion Seekers
29474,2,Young Grocery
29476,0,Older Long-Tenure Grocery
29477,1,Vegetables-Hygiene Oriented
29478,7,Service Sensitive
29479,1,Vegetables-Hygiene Oriented
29480,0,Older Long-Tenure Grocery
29481,2,Young Grocery
29482,4,Promotion Seekers
29483,0,Older Long-Tenure Grocery
29485,0,Older Long-Tenure Grocery
29486,0,Older Long-Tenure Grocery
29487,3,Tech Enthusiasts
29488,6,Protein Enjoyers
29489,7,Service Sensitive
29491,1,Vegetables-Hygiene Oriented
29492,7,Service Sensitive
29493,4,Promotion Seekers
29494,3,Tech Enthusiasts
29495,1,Vegetables-Hygiene Oriented
29496,7,Service Sensitive
29497,7,Service Sensitive
29498,0,Older Long-Tenure Grocery
29502,1,Vegetables-Hygiene Oriented
29503,4,Promotion Seekers
29504,3,Tech Enthusiasts
29505,5,Large Families
29506,0,Older Long-Tenure Grocery
29507,0,Older Long-Tenure Grocery
29508,1,Vegetables-Hygiene Oriented
29510,3,Tech Enthusiasts
29511,1,Vegetables-Hygiene Oriented
29512,1,Vegetables-Hygiene Oriented
29513,7,Service Sensitive
29514,1,Vegetables-Hygiene Oriented
29515,2,Young Grocery
29516,7,Service Sensitive
29517,4,Promotion Seekers
29520,0,Older Long-Tenure Grocery
29521,1,Vegetables-Hygiene Oriented
29522,2,Young Grocery
29523,0,Older Long-Tenure Grocery
29524,0,Older Long-Tenure Grocery
29525,0,Older Long-Tenure Grocery
29526,1,Vegetables-Hygiene Oriented
29527,2,Young Grocery
29529,1,Vegetables-Hygiene Oriented
29532,5,Large Families
29533,1,Vegetables-Hygiene Oriented
29534,3,Tech Enthusiasts
29535,7,Service Sensitive
29536,1,Vegetables-Hygiene Oriented
29539,1,Vegetables-Hygiene Oriented
29540,3,Tech Enthusiasts
29541,5,Large Families
29542,1,Vegetables-Hygiene Oriented
29543,4,Promotion Seekers
29544,6,Protein Enjoyers
29545,2,Young Grocery
29546,1,Vegetables-Hygiene Oriented
29547,5,Large Families
29548,7,Service Sensitive
29550,3,Tech Enthusiasts
29551,4,Promotion Seekers
29552,3,Tech Enthusiasts
29553,1,Vegetables-Hygiene Oriented
29554,0,Older Long-Tenure Grocery
29555,0,Older Long-Tenure Grocery
29557,4,Promotion Seekers
29560,7,Service Sensitive
29561,0,Older Long-Tenure Grocery
29562,2,Young Grocery
29564,3,Tech Enthusiasts
29565,6,Protein Enjoyers
29566,4,Promotion Seekers
29567,7,Service Sensitive
29568,3,Tech Enthusiasts
29570,1,Vegetables-Hygiene Oriented
29571,7,Service Sensitive
29572,3,Tech Enthusiasts
29573,5,Large Families
29574,2,Young Grocery
29576,0,Older Long-Tenure Grocery
29577,5,Large Families
29578,7,Service Sensitive
29579,0,Older Long-Tenure Grocery
29580,0,Older Long-Tenure Grocery
29582,0,Older Long-Tenure Grocery
29584,5,Large Families
29585,0,Older Long-Tenure Grocery
29586,1,Vegetables-Hygiene Oriented
29587,0,Older Long-Tenure Grocery
29588,2,Young Grocery
29589,1,Vegetables-Hygiene Oriented
29590,0,Older Long-Tenure Grocery
29591,2,Young Grocery
29592,4,Promotion Seekers
29593,5,Large Families
29594,0,Older Long-Tenure Grocery
29595,3,Tech Enthusiasts
29596,2,Young Grocery
29597,2,Young Grocery
29598,0,Older Long-Tenure Grocery
29599,5,Large Families
29601,7,Service Sensitive
29602,1,Vegetables-Hygiene Oriented
29603,4,Promotion Seekers
29605,2,Young Grocery
29606,4,Promotion Seekers
29607,2,Young Grocery
29608,2,Young Grocery
29609,0,Older Long-Tenure Grocery
29610,0,Older Long-Tenure Grocery
29611,1,Vegetables-Hygiene Oriented
29612,4,Promotion Seekers
29613,7,Service Sensitive
29614,1,Vegetables-Hygiene Oriented
29615,7,Service Sensitive
29617,1,Vegetables-Hygiene Oriented
29618,4,Promotion Seekers
29619,2,Young Grocery
29620,0,Older Long-Tenure Grocery
29621,6,Protein Enjoyers
29622,2,Young Grocery
29623,5,Large Families
29624,0,Older Long-Tenure Grocery
29626,2,Young Grocery
29627,6,Protein Enjoyers
29629,6,Protein Enjoyers
29630,0,Older Long-Tenure Grocery
29631,2,Young Grocery
29632,4,Promotion Seekers
29633,0,Older Long-Tenure Grocery
29635,0,Older Long-Tenure Grocery
29637,4,Promotion Seekers
29639,2,Young Grocery
29640,6,Protein Enjoyers
29641,4,Promotion Seekers
29642,4,Promotion Seekers
29643,1,Vegetables-Hygiene Oriented
29644,7,Service Sensitive
29646,1,Vegetables-Hygiene Oriented
29648,0,Older Long-Tenure Grocery
29649,0,Older Long-Tenure Grocery
29652,3,Tech Enthusiasts
29653,3,Tech Enthusiasts
29655,0,Older Long-Tenure Grocery
29656,2,Young Grocery
29657,1,Vegetables-Hygiene Oriented
29658,1,Vegetables-Hygiene Oriented
29660,1,Vegetables-Hygiene Oriented
29661,5,Large Families
29662,1,Vegetables-Hygiene Oriented
29663,4,Promotion Seekers
29664,0,Older Long-Tenure Grocery
29665,7,Service Sensitive
29666,4,Promotion Seekers
29667,5,Large Families
29668,5,Large Families
29672,7,Service Sensitive
29673,4,Promotion Seekers
29674,3,Tech Enthusiasts
29675,0,Older Long-Tenure Grocery
29676,4,Promotion Seekers
29677,0,Older Long-Tenure Grocery
29678,3,Tech Enthusiasts
29680,0,Older Long-Tenure Grocery
29681,1,Vegetables-Hygiene Oriented
29683,4,Promotion Seekers
29684,2,Young Grocery
29686,0,Older Long-Tenure Grocery
29687,7,Service Sensitive
29688,2,Young Grocery
29689,4,Promotion Seekers
29690,4,Promotion Seekers
29691,1,Vegetables-Hygiene Oriented
29693,6,Protein Enjoyers
29694,4,Promotion Seekers
29695,0,Older Long-Tenure Grocery
29696,7,Service Sensitive
29698,7,Service Sensitive
29699,4,Promotion Seekers
29700,4,Promotion Seekers
29701,0,Older Long-Tenure Grocery
29702,4,Promotion Seekers
29703,0,Older Long-Tenure Grocery
29704,4,Promotion Seekers
29706,0,Older Long-Tenure Grocery
29707,1,Vegetables-Hygiene Oriented
29709,0,Older Long-Tenure Grocery
29710,1,Vegetables-Hygiene Oriented
29711,5,Large Families
29712,5,Large Families
29713,4,Promotion Seekers
29715,0,Older Long-Tenure Grocery
29716,2,Young Grocery
29717,3,Tech Enthusiasts
29719,7,Service Sensitive
29720,4,Promotion Seekers
29723,3,Tech Enthusiasts
29724,3,Tech Enthusiasts
29725,1,Vegetables-Hygiene Oriented
29726,7,Service Sensitive
29728,6,Protein Enjoyers
29729,0,Older Long-Tenure Grocery
29730,1,Vegetables-Hygiene Oriented
29731,1,Vegetables-Hygiene Oriented
29732,7,Service Sensitive
29733,0,Older Long-Tenure Grocery
29734,5,Large Families
29735,5,Large Families
29737,2,Young Grocery
29738,7,Service Sensitive
29740,2,Young Grocery
29741,1,Vegetables-Hygiene Oriented
29742,2,Young Grocery
29744,0,Older Long-Tenure Grocery
29746,4,Promotion Seekers
29747,1,Vegetables-Hygiene Oriented
29748,4,Promotion Seekers
29749,4,Promotion Seekers
29751,4,Promotion Seekers
29752,0,Older Long-Tenure Grocery
29753,1,Vegetables-Hygiene Oriented
29754,7,Service Sensitive
29755,4,Promotion Seekers
29756,4,Promotion Seekers
29757,4,Promotion Seekers
29760,4,Promotion Seekers
29761,0,Older Long-Tenure Grocery
29762,2,Young Grocery
29763,4,Promotion Seekers
29764,0,Older Long-Tenure Grocery
29766,4,Promotion Seekers
29767,3,Tech Enthusiasts
29768,1,Vegetables-Hygiene Oriented
29770,1,Vegetables-Hygiene Oriented
29771,7,Service Sensitive
29772,7,Service Sensitive
29773,1,Vegetables-Hygiene Oriented
29774,4,Promotion Seekers
29775,4,Promotion Seekers
29776,0,Older Long-Tenure Grocery
29777,0,Older Long-Tenure Grocery
29779,4,Promotion Seekers
29780,5,Large Families
29782,4,Promotion Seekers
29783,0,Older Long-Tenure Grocery
29784,1,Vegetables-Hygiene Oriented
29785,2,Young Grocery
29786,1,Vegetables-Hygiene Oriented
29787,3,Tech Enthusiasts
29789,3,Tech Enthusiasts
29790,0,Older Long-Tenure Grocery
29791,4,Promotion Seekers
29792,0,Older Long-Tenure Grocery
29794,0,Older Long-Tenure Grocery
29795,4,Promotion Seekers
29796,1,Vegetables-Hygiene Oriented
29797,2,Young Grocery
29799,5,Large Families
29801,4,Promotion Seekers
29802,4,Promotion Seekers
29805,1,Vegetables-Hygiene Oriented
29806,4,Promotion Seekers
29807,4,Promotion Seekers
29808,4,Promotion Seekers
29809,0,Older Long-Tenure Grocery
29810,2,Young Grocery
29811,2,Young Grocery
29812,4,Promotion Seekers
29814,1,Vegetables-Hygiene Oriented
29817,7,Service Sensitive
29818,0,Older Long-Tenure Grocery
29819,0,Older Long-Tenure Grocery
29820,4,Promotion Seekers
29822,0,Older Long-Tenure Grocery
29823,0,Older Long-Tenure Grocery
29824,3,Tech Enthusiasts
29825,0,Older Long-Tenure Grocery
29826,6,Protein Enjoyers
29827,4,Promotion Seekers
29828,2,Young Grocery
29829,7,Service Sensitive
29830,3,Tech Enthusiasts
29831,0,Older Long-Tenure Grocery
29833,2,Young Grocery
29834,2,Young Grocery
29835,1,Vegetables-Hygiene Oriented
29836,0,Older Long-Tenure Grocery
29837,5,Large Families
29838,2,Young Grocery
29839,7,Service Sensitive
29840,0,Older Long-Tenure Grocery
29841,4,Promotion Seekers
29842,1,Vegetables-Hygiene Oriented
29843,1,Vegetables-Hygiene Oriented
29845,1,Vegetables-Hygiene Oriented
29847,0,Older Long-Tenure Grocery
29848,4,Promotion Seekers
29849,4,Promotion Seekers
29850,1,Vegetables-Hygiene Oriented
29851,4,Promotion Seekers
29852,1,Vegetables-Hygiene Oriented
29854,4,Promotion Seekers
29855,4,Promotion Seekers
29856,1,Vegetables-Hygiene Oriented
29857,5,Large Families
29858,0,Older Long-Tenure Grocery
29859,7,Service Sensitive
29860,5,Large Families
29865,0,Older Long-Tenure Grocery
29866,2,Young Grocery
29869,7,Service Sensitive
29872,7,Service Sensitive
29874,0,Older Long-Tenure Grocery
29875,1,Vegetables-Hygiene Oriented
29876,3,Tech Enthusiasts
29877,7,Service Sensitive
29878,4,Promotion Seekers
29879,1,Vegetables-Hygiene Oriented
29880,2,Young Grocery
29881,1,Vegetables-Hygiene Oriented
29882,0,Older Long-Tenure Grocery
29884,2,Young Grocery
29886,0,Older Long-Tenure Grocery
29887,2,Young Grocery
29889,4,Promotion Seekers
29890,4,Promotion Seekers
29891,4,Promotion Seekers
29892,1,Vegetables-Hygiene Oriented
29893,0,Older Long-Tenure Grocery
29894,3,Tech Enthusiasts
29895,5,Large Families
29896,2,Young Grocery
29897,2,Young Grocery
29899,1,Vegetables-Hygiene Oriented
29900,4,Promotion Seekers
29901,7,Service Sensitive
29903,0,Older Long-Tenure Grocery
29904,7,Service Sensitive
29905,4,Promotion Seekers
29908,5,Large Families
29909,3,Tech Enthusiasts
29910,1,Vegetables-Hygiene Oriented
29911,4,Promotion Seekers
29912,1,Vegetables-Hygiene Oriented
29913,0,Older Long-Tenure Grocery
29914,2,Young Grocery
29915,2,Young Grocery
29916,5,Large Families
29917,0,Older Long-Tenure Grocery
29918,3,Tech Enthusiasts
29919,1,Vegetables-Hygiene Oriented
29920,0,Older Long-Tenure Grocery
29921,4,Promotion Seekers
29922,2,Young Grocery
29923,2,Young Grocery
29924,2,Young Grocery
29925,6,Protein Enjoyers
29928,0,Older Long-Tenure Grocery
29929,0,Older Long-Tenure Grocery
29930,1,Vegetables-Hygiene Oriented
29932,4,Promotion Seekers
29933,1,Vegetables-Hygiene Oriented
29935,7,Service Sensitive
29936,2,Young Grocery
29937,7,Service Sensitive
29938,0,Older Long-Tenure Grocery
29940,4,Promotion Seekers
29942,0,Older Long-Tenure Grocery
29943,0,Older Long-Tenure Grocery
29944,1,Vegetables-Hygiene Oriented
29945,7,Service Sensitive
29946,3,Tech Enthusiasts
29947,0,Older Long-Tenure Grocery
29948,0,Older Long-Tenure Grocery
29949,4,Promotion Seekers
29950,3,Tech Enthusiasts
29951,2,Young Grocery
29952,0,Older Long-Tenure Grocery
29955,1,Vegetables-Hygiene Oriented
29956,4,Promotion Seekers
29957,1,Vegetables-Hygiene Oriented
29958,5,Large Families
29959,0,Older Long-Tenure Grocery
29960,2,Young Grocery
29961,0,Older Long-Tenure Grocery
29962,0,Older Long-Tenure Grocery
29963,4,Promotion Seekers
29964,7,Service Sensitive
29965,7,Service Sensitive
29967,4,Promotion Seekers
29969,0,Older Long-Tenure Grocery
29970,6,Protein Enjoyers
29971,0,Older Long-Tenure Grocery
29972,2,Young Grocery
29974,7,Service Sensitive
29975,3,Tech Enthusiasts
29977,6,Protein Enjoyers
29978,7,Service Sensitive
29979,7,Service Sensitive
29981,4,Promotion Seekers
29983,4,Promotion Seekers
29984,7,Service Sensitive
29985,0,Older Long-Tenure Grocery
29986,2,Young Grocery
29987,4,Promotion Seekers
29988,1,Vegetables-Hygiene Oriented
29990,2,Young Grocery
29991,7,Service Sensitive
29992,7,Service Sensitive
29994,1,Vegetables-Hygiene Oriented
29995,3,Tech Enthusiasts
29996,1,Vegetables-Hygiene Oriented
29997,7,Service Sensitive
29999,0,Older Long-Tenure Grocery
30001,7,Service Sensitive
30004,4,Promotion Seekers
30005,4,Promotion Seekers
30006,0,Older Long-Tenure Grocery
30007,0,Older Long-Tenure Grocery
30008,1,Vegetables-Hygiene Oriented
30009,1,Vegetables-Hygiene Oriented
30010,0,Older Long-Tenure Grocery
30011,1,Vegetables-Hygiene Oriented
30012,1,Vegetables-Hygiene Oriented
30014,5,Large Families
30015,3,Tech Enthusiasts
30016,7,Service Sensitive
30017,2,Young Grocery
30018,7,Service Sensitive
30020,3,Tech Enthusiasts
30021,4,Promotion Seekers
30022,1,Vegetables-Hygiene Oriented
30023,1,Vegetables-Hygiene Oriented
30024,0,Older Long-Tenure Grocery
30025,7,Service Sensitive
30027,4,Promotion Seekers
30028,0,Older Long-Tenure Grocery
30029,0,Older Long-Tenure Grocery
30031,1,Vegetables-Hygiene Oriented
30032,4,Promotion Seekers
30033,2,Young Grocery
30034,4,Promotion Seekers
30035,1,Vegetables-Hygiene Oriented
30036,3,Tech Enthusiasts
30037,0,Older Long-Tenure Grocery
30038,4,Promotion Seekers
30039,7,Service Sensitive
30040,4,Promotion Seekers
30041,1,Vegetables-Hygiene Oriented
30042,1,Vegetables-Hygiene Oriented
30043,5,Large Families
30044,5,Large Families
30045,0,Older Long-Tenure Grocery
30047,0,Older Long-Tenure Grocery
30048,1,Vegetables-Hygiene Oriented
30050,2,Young Grocery
30053,4,Promotion Seekers
30054,4,Promotion Seekers
30055,3,Tech Enthusiasts
30056,0,Older Long-Tenure Grocery
30057,5,Large Families
30058,1,Vegetables-Hygiene Oriented
30059,5,Large Families
30060,0,Older Long-Tenure Grocery
30062,7,Service Sensitive
30063,0,Older Long-Tenure Grocery
30064,2,Young Grocery
30065,2,Young Grocery
30066,1,Vegetables-Hygiene Oriented
30067,6,Protein Enjoyers
30068,0,Older Long-Tenure Grocery
30071,4,Promotion Seekers
30072,3,Tech Enthusiasts
30073,0,Older Long-Tenure Grocery
30074,0,Older Long-Tenure Grocery
30075,0,Older Long-Tenure Grocery
30076,3,Tech Enthusiasts
30077,4,Promotion Seekers
30079,1,Vegetables-Hygiene Oriented
30080,1,Vegetables-Hygiene Oriented
30081,4,Promotion Seekers
30082,0,Older Long-Tenure Grocery
30083,2,Young Grocery
30084,7,Service Sensitive
30085,7,Service Sensitive
30086,3,Tech Enthusiasts
30087,7,Service Sensitive
30088,1,Vegetables-Hygiene Oriented
30089,2,Young Grocery
30090,3,Tech Enthusiasts
30092,3,Tech Enthusiasts
30093,0,Older Long-Tenure Grocery
30095,2,Young Grocery
30096,1,Vegetables-Hygiene Oriented
30097,4,Promotion Seekers
30098,4,Promotion Seekers
30099,0,Older Long-Tenure Grocery
30101,2,Young Grocery
30102,5,Large Families
30103,0,Older Long-Tenure Grocery
30104,1,Vegetables-Hygiene Oriented
30107,0,Older Long-Tenure Grocery
30108,4,Promotion Seekers
30110,7,Service Sensitive
30112,3,Tech Enthusiasts
30113,7,Service Sensitive
30114,2,Young Grocery
30115,4,Promotion Seekers
30116,0,Older Long-Tenure Grocery
30117,6,Protein Enjoyers
30118,3,Tech Enthusiasts
30119,7,Service Sensitive
30120,2,Young Grocery
30122,4,Promotion Seekers
30123,6,Protein Enjoyers
30124,2,Young Grocery
30125,0,Older Long-Tenure Grocery
30126,2,Young Grocery
30127,3,Tech Enthusiasts
30128,6,Protein Enjoyers
30129,4,Promotion Seekers
30130,7,Service Sensitive
30131,4,Promotion Seekers
30133,4,Promotion Seekers
30135,0,Older Long-Tenure Grocery
30136,2,Young Grocery
30137,4,Promotion Seekers
30138,6,Protein Enjoyers
30139,4,Promotion Seekers
30141,1,Vegetables-Hygiene Oriented
30142,3,Tech Enthusiasts
30143,6,Protein Enjoyers
30145,3,Tech Enthusiasts
30146,5,Large Families
30147,4,Promotion Seekers
30148,4,Promotion Seekers
30149,0,Older Long-Tenure Grocery
30150,2,Young Grocery
30151,6,Protein Enjoyers
30152,0,Older Long-Tenure Grocery
30153,1,Vegetables-Hygiene Oriented
30154,4,Promotion Seekers
30155,4,Promotion Seekers
30156,4,Promotion Seekers
30157,6,Protein Enjoyers
30158,1,Vegetables-Hygiene Oriented
30159,7,Service Sensitive
30161,2,Young Grocery
30164,7,Service Sensitive
30165,1,Vegetables-Hygiene Oriented
30167,6,Protein Enjoyers
30168,1,Vegetables-Hygiene Oriented
30169,4,Promotion Seekers
30170,1,Vegetables-Hygiene Oriented
30171,2,Young Grocery
30172,7,Service Sensitive
30173,4,Promotion Seekers
30174,5,Large Families
30175,7,Service Sensitive
30176,0,Older Long-Tenure Grocery
30177,0,Older Long-Tenure Grocery
30178,0,Older Long-Tenure Grocery
30179,2,Young Grocery
30180,2,Young Grocery
30181,4,Promotion Seekers
30183,5,Large Families
30184,7,Service Sensitive
30185,4,Promotion Seekers
30186,2,Young Grocery
30187,2,Young Grocery
30188,3,Tech Enthusiasts
30189,0,Older Long-Tenure Grocery
30190,4,Promotion Seekers
30191,2,Young Grocery
30192,1,Vegetables-Hygiene Oriented
30193,2,Young Grocery
30194,0,Older Long-Tenure Grocery
30195,1,Vegetables-Hygiene Oriented
30196,4,Promotion Seekers
30197,7,Service Sensitive
30198,1,Vegetables-Hygiene Oriented
30199,0,Older Long-Tenure Grocery
30203,0,Older Long-Tenure Grocery
30204,1,Vegetables-Hygiene Oriented
30205,0,Older Long-Tenure Grocery
30206,6,Protein Enjoyers
30207,0,Older Long-Tenure Grocery
30208,2,Young Grocery
30209,1,Vegetables-Hygiene Oriented
30210,4,Promotion Seekers
30211,5,Large Families
30213,2,Young Grocery
30214,3,Tech Enthusiasts
30215,0,Older Long-Tenure Grocery
30216,0,Older Long-Tenure Grocery
30217,0,Older Long-Tenure Grocery
30220,5,Large Families
30221,4,Promotion Seekers
30222,0,Older Long-Tenure Grocery
30223,1,Vegetables-Hygiene Oriented
30224,5,Large Families
30225,5,Large Families
30226,5,Large Families
30227,4,Promotion Seekers
30228,2,Young Grocery
30229,1,Vegetables-Hygiene Oriented
30230,5,Large Families
30231,4,Promotion Seekers
30232,4,Promotion Seekers
30233,4,Promotion Seekers
30234,6,Protein Enjoyers
30235,2,Young Grocery
30236,7,Service Sensitive
30237,0,Older Long-Tenure Grocery
30239,7,Service Sensitive
30240,0,Older Long-Tenure Grocery
30241,0,Older Long-Tenure Grocery
30242,3,Tech Enthusiasts
30243,0,Older Long-Tenure Grocery
30244,3,Tech Enthusiasts
30245,6,Protein Enjoyers
30246,5,Large Families
30247,1,Vegetables-Hygiene Oriented
30249,5,Large Families
30250,3,Tech Enthusiasts
30251,3,Tech Enthusiasts
30252,6,Protein Enjoyers
30254,2,Young Grocery
30256,0,Older Long-Tenure Grocery
30259,0,Older Long-Tenure Grocery
30260,0,Older Long-Tenure Grocery
30261,4,Promotion Seekers
30262,4,Promotion Seekers
30263,0,Older Long-Tenure Grocery
30264,1,Vegetables-Hygiene Oriented
30266,2,Young Grocery
30267,7,Service Sensitive
30268,5,Large Families
30269,7,Service Sensitive
30270,3,Tech Enthusiasts
30272,3,Tech Enthusiasts
30273,1,Vegetables-Hygiene Oriented
30275,4,Promotion Seekers
30276,1,Vegetables-Hygiene Oriented
30277,1,Vegetables-Hygiene Oriented
30278,6,Protein Enjoyers
30279,4,Promotion Seekers
30280,0,Older Long-Tenure Grocery
30281,2,Young Grocery
30282,2,Young Grocery
30283,1,Vegetables-Hygiene Oriented
30284,3,Tech Enthusiasts
30285,0,Older Long-Tenure Grocery
30286,1,Vegetables-Hygiene Oriented
30287,3,Tech Enthusiasts
30288,4,Promotion Seekers
30289,0,Older Long-Tenure Grocery
30290,5,Large Families
30291,0,Older Long-Tenure Grocery
30293,4,Promotion Seekers
30294,5,Large Families
30296,4,Promotion Seekers
30297,0,Older Long-Tenure Grocery
30298,4,Promotion Seekers
30300,0,Older Long-Tenure Grocery
30301,1,Vegetables-Hygiene Oriented
30302,1,Vegetables-Hygiene Oriented
30304,2,Young Grocery
30305,6,Protein Enjoyers
30306,0,Older Long-Tenure Grocery
30307,1,Vegetables-Hygiene Oriented
30308,5,Large Families
30310,4,Promotion Seekers
30311,7,Service Sensitive
30312,3,Tech Enthusiasts
30313,1,Vegetables-Hygiene Oriented
30315,2,Young Grocery
30317,6,Protein Enjoyers
30319,2,Young Grocery
30320,3,Tech Enthusiasts
30321,4,Promotion Seekers
30322,4,Promotion Seekers
30323,7,Service Sensitive
30324,2,Young Grocery
30325,7,Service Sensitive
30326,1,Vegetables-Hygiene Oriented
30327,0,Older Long-Tenure Grocery
30328,0,Older Long-Tenure Grocery
30329,0,Older Long-Tenure Grocery
30330,4,Promotion Seekers
30331,2,Young Grocery
30332,0,Older Long-Tenure Grocery
30334,3,Tech Enthusiasts
30335,5,Large Families
30336,2,Young Grocery
30337,0,Older Long-Tenure Grocery
30338,4,Promotion Seekers
30339,4,Promotion Seekers
30340,4,Promotion Seekers
30341,5,Large Families
30342,4,Promotion Seekers
30343,3,Tech Enthusiasts
30344,3,Tech Enthusiasts
30346,0,Older Long-Tenure Grocery
30347,6,Protein Enjoyers
30348,5,Large Families
30349,4,Promotion Seekers
30350,4,Promotion Seekers
30351,7,Service Sensitive
30354,7,Service Sensitive
30355,1,Vegetables-Hygiene Oriented
30356,0,Older Long-Tenure Grocery
30357,3,Tech Enthusiasts
30358,0,Older Long-Tenure Grocery
30359,3,Tech Enthusiasts
30360,1,Vegetables-Hygiene Oriented
30361,1,Vegetables-Hygiene Oriented
30362,2,Young Grocery
30363,3,Tech Enthusiasts
30365,0,Older Long-Tenure Grocery
30366,0,Older Long-Tenure Grocery
30368,4,Promotion Seekers
30369,2,Young Grocery
30370,1,Vegetables-Hygiene Oriented
30371,4,Promotion Seekers
30372,2,Young Grocery
30373,0,Older Long-Tenure Grocery
30374,2,Young Grocery
30375,5,Large Families
30376,5,Large Families
30377,0,Older Long-Tenure Grocery
30378,1,Vegetables-Hygiene Oriented
30379,0,Older Long-Tenure Grocery
30382,0,Older Long-Tenure Grocery
30384,3,Tech Enthusiasts
30385,1,Vegetables-Hygiene Oriented
30387,4,Promotion Seekers
30388,7,Service Sensitive
30389,4,Promotion Seekers
30391,7,Service Sensitive
30392,0,Older Long-Tenure Grocery
30393,2,Young Grocery
30394,4,Promotion Seekers
30395,3,Tech Enthusiasts
30396,4,Promotion Seekers
30397,5,Large Families
30399,0,Older Long-Tenure Grocery
30400,0,Older Long-Tenure Grocery
30401,2,Young Grocery
30403,0,Older Long-Tenure Grocery
30404,4,Promotion Seekers
30405,4,Promotion Seekers
30406,1,Vegetables-Hygiene Oriented
30408,1,Vegetables-Hygiene Oriented
30409,3,Tech Enthusiasts
30410,2,Young Grocery
30412,1,Vegetables-Hygiene Oriented
30413,1,Vegetables-Hygiene Oriented
30414,6,Protein Enjoyers
30415,0,Older Long-Tenure Grocery
30416,4,Promotion Seekers
30417,2,Young Grocery
30418,0,Older Long-Tenure Grocery
30419,0,Older Long-Tenure Grocery
30421,7,Service Sensitive
30422,7,Service Sensitive
30423,4,Promotion Seekers
30424,0,Older Long-Tenure Grocery
30425,7,Service Sensitive
30426,1,Vegetables-Hygiene Oriented
30427,3,Tech Enthusiasts
30428,1,Vegetables-Hygiene Oriented
30429,4,Promotion Seekers
30430,2,Young Grocery
30431,4,Promotion Seekers
30432,7,Service Sensitive
30434,7,Service Sensitive
30435,5,Large Families
30436,4,Promotion Seekers
30437,3,Tech Enthusiasts
30439,4,Promotion Seekers
30440,7,Service Sensitive
30442,4,Promotion Seekers
30443,0,Older Long-Tenure Grocery
30444,7,Service Sensitive
30446,4,Promotion Seekers
30447,7,Service Sensitive
30448,1,Vegetables-Hygiene Oriented
30449,0,Older Long-Tenure Grocery
30450,0,Older Long-Tenure Grocery
30451,1,Vegetables-Hygiene Oriented
30452,1,Vegetables-Hygiene Oriented
30453,6,Protein Enjoyers
30454,7,Service Sensitive
30455,1,Vegetables-Hygiene Oriented
30456,5,Large Families
30458,4,Promotion Seekers
30459,4,Promotion Seekers
30462,5,Large Families
30463,3,Tech Enthusiasts
30464,0,Older Long-Tenure Grocery
30465,0,Older Long-Tenure Grocery
30467,7,Service Sensitive
30469,4,Promotion Seekers
30470,1,Vegetables-Hygiene Oriented
30472,5,Large Families
30474,6,Protein Enjoyers
30475,2,Young Grocery
30476,4,Promotion Seekers
30477,7,Service Sensitive
30478,2,Young Grocery
30480,1,Vegetables-Hygiene Oriented
30481,5,Large Families
30482,0,Older Long-Tenure Grocery
30483,1,Vegetables-Hygiene Oriented
30484,7,Service Sensitive
30486,3,Tech Enthusiasts
30488,1,Vegetables-Hygiene Oriented
30489,0,Older Long-Tenure Grocery
30490,5,Large Families
30491,2,Young Grocery
30492,5,Large Families
30493,0,Older Long-Tenure Grocery
30494,4,Promotion Seekers
30495,0,Older Long-Tenure Grocery
30496,3,Tech Enthusiasts
30497,0,Older Long-Tenure Grocery
30498,0,Older Long-Tenure Grocery
30499,4,Promotion Seekers
30500,3,Tech Enthusiasts
30501,7,Service Sensitive
30503,2,Young Grocery
30504,5,Large Families
30505,4,Promotion Seekers
30506,2,Young Grocery
30507,1,Vegetables-Hygiene Oriented
30508,2,Young Grocery
30509,0,Older Long-Tenure Grocery
30511,4,Promotion Seekers
30512,3,Tech Enthusiasts
30513,6,Protein Enjoyers
30514,2,Young Grocery
30515,4,Promotion Seekers
30516,7,Service Sensitive
30517,2,Young Grocery
30518,4,Promotion Seekers
30519,0,Older Long-Tenure Grocery
30522,4,Promotion Seekers
30523,5,Large Families
30524,3,Tech Enthusiasts
30525,1,Vegetables-Hygiene Oriented
30527,1,Vegetables-Hygiene Oriented
30528,4,Promotion Seekers
30529,7,Service Sensitive
30530,0,Older Long-Tenure Grocery
30531,7,Service Sensitive
30532,0,Older Long-Tenure Grocery
30533,1,Vegetables-Hygiene Oriented
30534,1,Vegetables-Hygiene Oriented
30535,7,Service Sensitive
30536,1,Vegetables-Hygiene Oriented
30537,0,Older Long-Tenure Grocery
30538,2,Young Grocery
30539,5,Large Families
30540,0,Older Long-Tenure Grocery
30541,2,Young Grocery
30542,1,Vegetables-Hygiene Oriented
30544,2,Young Grocery
30545,6,Protein Enjoyers
30546,5,Large Families
30547,3,Tech Enthusiasts
30548,4,Promotion Seekers
30552,1,Vegetables-Hygiene Oriented
30553,0,Older Long-Tenure Grocery
30554,0,Older Long-Tenure Grocery
30555,5,Large Families
30556,3,Tech Enthusiasts
30557,1,Vegetables-Hygiene Oriented
30558,5,Large Families
30560,7,Service Sensitive
30561,0,Older Long-Tenure Grocery
30562,7,Service Sensitive
30565,1,Vegetables-Hygiene Oriented
30567,2,Young Grocery
30569,2,Young Grocery
30570,4,Promotion Seekers
30572,1,Vegetables-Hygiene Oriented
30573,2,Young Grocery
30574,1,Vegetables-Hygiene Oriented
30577,7,Service Sensitive
30578,1,Vegetables-Hygiene Oriented
30579,3,Tech Enthusiasts
30580,4,Promotion Seekers
30581,2,Young Grocery
30582,0,Older Long-Tenure Grocery
30583,1,Vegetables-Hygiene Oriented
30584,6,Protein Enjoyers
30585,4,Promotion Seekers
30586,0,Older Long-Tenure Grocery
30587,0,Older Long-Tenure Grocery
30588,2,Young Grocery
30589,3,Tech Enthusiasts
30590,2,Young Grocery
30592,1,Vegetables-Hygiene Oriented
30593,4,Promotion Seekers
30594,4,Promotion Seekers
30596,4,Promotion Seekers
30597,7,Service Sensitive
30599,0,Older Long-Tenure Grocery
30600,2,Young Grocery
30601,5,Large Families
30602,0,Older Long-Tenure Grocery
30603,1,Vegetables-Hygiene Oriented
30604,3,Tech Enthusiasts
30605,1,Vegetables-Hygiene Oriented
30606,1,Vegetables-Hygiene Oriented
30607,7,Service Sensitive
30608,7,Service Sensitive
30609,0,Older Long-Tenure Grocery
30610,0,Older Long-Tenure Grocery
30611,0,Older Long-Tenure Grocery
30612,3,Tech Enthusiasts
30613,0,Older Long-Tenure Grocery
30614,5,Large Families
30615,7,Service Sensitive
30617,7,Service Sensitive
30618,3,Tech Enthusiasts
30619,1,Vegetables-Hygiene Oriented
30620,7,Service Sensitive
30621,1,Vegetables-Hygiene Oriented
30623,2,Young Grocery
30624,7,Service Sensitive
30625,1,Vegetables-Hygiene Oriented
30626,1,Vegetables-Hygiene Oriented
30627,2,Young Grocery
30628,0,Older Long-Tenure Grocery
30629,1,Vegetables-Hygiene Oriented
30630,5,Large Families
30633,7,Service Sensitive
30634,5,Large Families
30635,5,Large Families
30637,0,Older Long-Tenure Grocery
30638,0,Older Long-Tenure Grocery
30639,3,Tech Enthusiasts
30640,3,Tech Enthusiasts
30641,1,Vegetables-Hygiene Oriented
30642,0,Older Long-Tenure Grocery
30643,1,Vegetables-Hygiene Oriented
30644,4,Promotion Seekers
30645,4,Promotion Seekers
30646,2,Young Grocery
30647,2,Young Grocery
30648,0,Older Long-Tenure Grocery
30651,1,Vegetables-Hygiene Oriented
30652,3,Tech Enthusiasts
30653,0,Older Long-Tenure Grocery
30654,0,Older Long-Tenure Grocery
30655,1,Vegetables-Hygiene Oriented
30656,7,Service Sensitive
30658,4,Promotion Seekers
30660,5,Large Families
30661,7,Service Sensitive
30662,3,Tech Enthusiasts
30663,4,Promotion Seekers
30664,1,Vegetables-Hygiene Oriented
30665,2,Young Grocery
30666,4,Promotion Seekers
30667,5,Large Families
30669,0,Older Long-Tenure Grocery
30670,1,Vegetables-Hygiene Oriented
30671,7,Service Sensitive
30672,6,Protein Enjoyers
30673,2,Young Grocery
30674,2,Young Grocery
30675,3,Tech Enthusiasts
30676,5,Large Families
30677,1,Vegetables-Hygiene Oriented
30678,1,Vegetables-Hygiene Oriented
30679,2,Young Grocery
30680,7,Service Sensitive
30681,7,Service Sensitive
30682,0,Older Long-Tenure Grocery
30685,3,Tech Enthusiasts
30687,7,Service Sensitive
30688,3,Tech Enthusiasts
30689,5,Large Families
30690,4,Promotion Seekers
30692,4,Promotion Seekers
30693,1,Vegetables-Hygiene Oriented
30694,5,Large Families
30695,4,Promotion Seekers
30696,4,Promotion Seekers
30697,7,Service Sensitive
30698,4,Promotion Seekers
30699,4,Promotion Seekers
30700,2,Young Grocery
30701,4,Promotion Seekers
30702,1,Vegetables-Hygiene Oriented
30703,6,Protein Enjoyers
30705,4,Promotion Seekers
30706,3,Tech Enthusiasts
30707,3,Tech Enthusiasts
30708,4,Promotion Seekers
30709,4,Promotion Seekers
30710,7,Service Sensitive
30711,1,Vegetables-Hygiene Oriented
30712,2,Young Grocery
30713,3,Tech Enthusiasts
30714,2,Young Grocery
30715,3,Tech Enthusiasts
30716,2,Young Grocery
30717,0,Older Long-Tenure Grocery
30718,4,Promotion Seekers
30719,7,Service Sensitive
30720,7,Service Sensitive
30722,0,Older Long-Tenure Grocery
30723,2,Young Grocery
30724,4,Promotion Seekers
30725,6,Protein Enjoyers
30726,0,Older Long-Tenure Grocery
30727,1,Vegetables-Hygiene Oriented
30728,4,Promotion Seekers
30730,7,Service Sensitive
30731,0,Older Long-Tenure Grocery
30732,1,Vegetables-Hygiene Oriented
30733,4,Promotion Seekers
30734,2,Young Grocery
30736,4,Promotion Seekers
30737,6,Protein Enjoyers
30739,4,Promotion Seekers
30740,2,Young Grocery
30741,7,Service Sensitive
30742,4,Promotion Seekers
30743,4,Promotion Seekers
30744,2,Young Grocery
30745,4,Promotion Seekers
30747,4,Promotion Seekers
30748,2,Young Grocery
30749,7,Service Sensitive
30751,1,Vegetables-Hygiene Oriented
30753,7,Service Sensitive
30754,0,Older Long-Tenure Grocery
30755,3,Tech Enthusiasts
30756,0,Older Long-Tenure Grocery
30757,4,Promotion Seekers
30758,0,Older Long-Tenure Grocery
30760,4,Promotion Seekers
30762,3,Tech Enthusiasts
30763,4,Promotion Seekers
30764,1,Vegetables-Hygiene Oriented
30767,0,Older Long-Tenure Grocery
30770,1,Vegetables-Hygiene Oriented
30771,1,Vegetables-Hygiene Oriented
30772,7,Service Sensitive
30773,3,Tech Enthusiasts
30774,7,Service Sensitive
30775,4,Promotion Seekers
30776,5,Large Families
30777,7,Service Sensitive
30778,1,Vegetables-Hygiene Oriented
30780,4,Promotion Seekers
30781,4,Promotion Seekers
30782,5,Large Families
30783,1,Vegetables-Hygiene Oriented
30784,1,Vegetables-Hygiene Oriented
30786,4,Promotion Seekers
30787,2,Young Grocery
30789,1,Vegetables-Hygiene Oriented
30790,7,Service Sensitive
30791,3,Tech Enthusiasts
30792,7,Service Sensitive
30793,1,Vegetables-Hygiene Oriented
30794,4,Promotion Seekers
30795,2,Young Grocery
30796,5,Large Families
30797,1,Vegetables-Hygiene Oriented
30798,4,Promotion Seekers
30799,0,Older Long-Tenure Grocery
30800,5,Large Families
30801,4,Promotion Seekers
30802,7,Service Sensitive
30803,4,Promotion Seekers
30804,7,Service Sensitive
30805,4,Promotion Seekers
30809,6,Protein Enjoyers
30810,2,Young Grocery
30813,4,Promotion Seekers
30814,6,Protein Enjoyers
30815,5,Large Families
30816,1,Vegetables-Hygiene Oriented
30817,4,Promotion Seekers
30818,2,Young Grocery
30820,1,Vegetables-Hygiene Oriented
30821,2,Young Grocery
30822,2,Young Grocery
30823,2,Young Grocery
30825,0,Older Long-Tenure Grocery
30827,7,Service Sensitive
30829,4,Promotion Seekers
30830,1,Vegetables-Hygiene Oriented
30831,2,Young Grocery
30832,1,Vegetables-Hygiene Oriented
30833,0,Older Long-Tenure Grocery
30834,1,Vegetables-Hygiene Oriented
30835,0,Older Long-Tenure Grocery
30836,2,Young Grocery
30837,1,Vegetables-Hygiene Oriented
30838,2,Young Grocery
30839,1,Vegetables-Hygiene Oriented
30840,0,Older Long-Tenure Grocery
30841,5,Large Families
30842,3,Tech Enthusiasts
30843,5,Large Families
30844,1,Vegetables-Hygiene Oriented
30845,6,Protein Enjoyers
30846,3,Tech Enthusiasts
30847,2,Young Grocery
30848,2,Young Grocery
30849,5,Large Families
30850,5,Large Families
30852,7,Service Sensitive
30853,2,Young Grocery
30854,7,Service Sensitive
30855,1,Vegetables-Hygiene Oriented
30856,0,Older Long-Tenure Grocery
30858,4,Promotion Seekers
30859,7,Service Sensitive
30860,4,Promotion Seekers
30861,0,Older Long-Tenure Grocery
30862,0,Older Long-Tenure Grocery
30864,3,Tech Enthusiasts
30865,4,Promotion Seekers
30869,0,Older Long-Tenure Grocery
30870,7,Service Sensitive
30872,1,Vegetables-Hygiene Oriented
30873,3,Tech Enthusiasts
30874,6,Protein Enjoyers
30875,3,Tech Enthusiasts
30877,0,Older Long-Tenure Grocery
30878,2,Young Grocery
30880,1,Vegetables-Hygiene Oriented
30881,2,Young Grocery
30882,4,Promotion Seekers
30884,4,Promotion Seekers
30885,4,Promotion Seekers
30886,0,Older Long-Tenure Grocery
30887,1,Vegetables-Hygiene Oriented
30888,3,Tech Enthusiasts
30889,0,Older Long-Tenure Grocery
30890,2,Young Grocery
30891,2,Young Grocery
30892,0,Older Long-Tenure Grocery
30893,4,Promotion Seekers
30895,3,Tech Enthusiasts
30896,1,Vegetables-Hygiene Oriented
30897,4,Promotion Seekers
30898,4,Promotion Seekers
30899,6,Protein Enjoyers
30900,2,Young Grocery
30901,3,Tech Enthusiasts
30904,7,Service Sensitive
30905,3,Tech Enthusiasts
30906,2,Young Grocery
30907,1,Vegetables-Hygiene Oriented
30908,2,Young Grocery
30909,4,Promotion Seekers
30910,6,Protein Enjoyers
30911,5,Large Families
30912,4,Promotion Seekers
30913,2,Young Grocery
30914,0,Older Long-Tenure Grocery
30915,7,Service Sensitive
30916,1,Vegetables-Hygiene Oriented
30917,3,Tech Enthusiasts
30918,1,Vegetables-Hygiene Oriented
30919,4,Promotion Seekers
30920,3,Tech Enthusiasts
30921,6,Protein Enjoyers
30922,0,Older Long-Tenure Grocery
30925,5,Large Families
30926,0,Older Long-Tenure Grocery
30927,3,Tech Enthusiasts
30928,3,Tech Enthusiasts
30929,5,Large Families
30930,7,Service Sensitive
30931,3,Tech Enthusiasts
30932,2,Young Grocery
30933,7,Service Sensitive
30935,4,Promotion Seekers
30937,4,Promotion Seekers
30939,7,Service Sensitive
30940,0,Older Long-Tenure Grocery
30941,2,Young Grocery
30942,3,Tech Enthusiasts
30943,2,Young Grocery
30944,7,Service Sensitive
30945,0,Older Long-Tenure Grocery
30947,1,Vegetables-Hygiene Oriented
30949,4,Promotion Seekers
30950,4,Promotion Seekers
30951,0,Older Long-Tenure Grocery
30952,7,Service Sensitive
30953,0,Older Long-Tenure Grocery
30954,5,Large Families
30955,4,Promotion Seekers
30956,0,Older Long-Tenure Grocery
30957,3,Tech Enthusiasts
30960,6,Protein Enjoyers
30961,4,Promotion Seekers
30962,1,Vegetables-Hygiene Oriented
30963,5,Large Families
30964,5,Large Families
30966,4,Promotion Seekers
30967,5,Large Families
30968,4,Promotion Seekers
30969,1,Vegetables-Hygiene Oriented
30971,5,Large Families
30972,5,Large Families
30973,0,Older Long-Tenure Grocery
30974,6,Protein Enjoyers
30975,2,Young Grocery
30977,7,Service Sensitive
30979,3,Tech Enthusiasts
30980,0,Older Long-Tenure Grocery
30981,0,Older Long-Tenure Grocery
30982,4,Promotion Seekers
30983,2,Young Grocery
30984,4,Promotion Seekers
30985,3,Tech Enthusiasts
30986,5,Large Families
30987,5,Large Families
30988,2,Young Grocery
30989,0,Older Long-Tenure Grocery
30990,4,Promotion Seekers
30991,1,Vegetables-Hygiene Oriented
30992,5,Large Families
30993,4,Promotion Seekers
30994,4,Promotion Seekers
30996,0,Older Long-Tenure Grocery
30997,0,Older Long-Tenure Grocery
31000,4,Promotion Seekers
31001,1,Vegetables-Hygiene Oriented
31002,2,Young Grocery
31003,4,Promotion Seekers
31004,1,Vegetables-Hygiene Oriented
31006,1,Vegetables-Hygiene Oriented
31007,1,Vegetables-Hygiene Oriented
31008,4,Promotion Seekers
31009,4,Promotion Seekers
31010,4,Promotion Seekers
31012,4,Promotion Seekers
31014,2,Young Grocery
31015,5,Large Families
31016,0,Older Long-Tenure Grocery
31017,7,Service Sensitive
31018,4,Promotion Seekers
31019,7,Service Sensitive
31020,6,Protein Enjoyers
31021,1,Vegetables-Hygiene Oriented
31022,4,Promotion Seekers
31023,3,Tech Enthusiasts
31026,5,Large Families
31027,7,Service Sensitive
31028,3,Tech Enthusiasts
31029,3,Tech Enthusiasts
31030,0,Older Long-Tenure Grocery
31031,0,Older Long-Tenure Grocery
31032,7,Service Sensitive
31033,4,Promotion Seekers
31034,7,Service Sensitive
31035,6,Protein Enjoyers
31036,4,Promotion Seekers
31037,7,Service Sensitive
31038,4,Promotion Seekers
31039,1,Vegetables-Hygiene Oriented
31040,7,Service Sensitive
31042,4,Promotion Seekers
31044,4,Promotion Seekers
31047,2,Young Grocery
31048,4,Promotion Seekers
31049,2,Young Grocery
31054,2,Young Grocery
31056,0,Older Long-Tenure Grocery
31057,6,Protein Enjoyers
31058,3,Tech Enthusiasts
31059,0,Older Long-Tenure Grocery
31060,4,Promotion Seekers
31061,1,Vegetables-Hygiene Oriented
31062,4,Promotion Seekers
31063,7,Service Sensitive
31064,1,Vegetables-Hygiene Oriented
31065,0,Older Long-Tenure Grocery
31066,4,Promotion Seekers
31067,2,Young Grocery
31068,4,Promotion Seekers
31069,7,Service Sensitive
31070,2,Young Grocery
31071,2,Young Grocery
31072,0,Older Long-Tenure Grocery
31073,0,Older Long-Tenure Grocery
31074,5,Large Families
31075,1,Vegetables-Hygiene Oriented
31077,7,Service Sensitive
31078,2,Young Grocery
31079,3,Tech Enthusiasts
31080,2,Young Grocery
31081,0,Older Long-Tenure Grocery
31082,0,Older Long-Tenure Grocery
31083,1,Vegetables-Hygiene Oriented
31084,2,Young Grocery
31085,2,Young Grocery
31086,2,Young Grocery
31087,7,Service Sensitive
31088,2,Young Grocery
31089,2,Young Grocery
31090,3,Tech Enthusiasts
31091,6,Protein Enjoyers
31092,4,Promotion Seekers
31093,0,Older Long-Tenure Grocery
31096,1,Vegetables-Hygiene Oriented
31097,3,Tech Enthusiasts
31098,0,Older Long-Tenure Grocery
31099,1,Vegetables-Hygiene Oriented
31100,1,Vegetables-Hygiene Oriented
31101,0,Older Long-Tenure Grocery
31102,1,Vegetables-Hygiene Oriented
31103,3,Tech Enthusiasts
31104,1,Vegetables-Hygiene Oriented
31105,0,Older Long-Tenure Grocery
31107,0,Older Long-Tenure Grocery
31108,0,Older Long-Tenure Grocery
31109,1,Vegetables-Hygiene Oriented
31110,6,Protein Enjoyers
31111,0,Older Long-Tenure Grocery
31112,4,Promotion Seekers
31113,0,Older Long-Tenure Grocery
31114,7,Service Sensitive
31115,2,Young Grocery
31116,1,Vegetables-Hygiene Oriented
31117,2,Young Grocery
31118,7,Service Sensitive
31119,4,Promotion Seekers
31121,0,Older Long-Tenure Grocery
31122,4,Promotion Seekers
31123,4,Promotion Seekers
31125,0,Older Long-Tenure Grocery
31126,0,Older Long-Tenure Grocery
31127,7,Service Sensitive
31128,3,Tech Enthusiasts
31129,5,Large Families
31131,5,Large Families
31132,6,Protein Enjoyers
31133,4,Promotion Seekers
31136,1,Vegetables-Hygiene Oriented
31137,0,Older Long-Tenure Grocery
31138,0,Older Long-Tenure Grocery
31139,1,Vegetables-Hygiene Oriented
31140,0,Older Long-Tenure Grocery
31141,0,Older Long-Tenure Grocery
31142,0,Older Long-Tenure Grocery
31144,7,Service Sensitive
31145,0,Older Long-Tenure Grocery
31146,1,Vegetables-Hygiene Oriented
31147,1,Vegetables-Hygiene Oriented
31148,0,Older Long-Tenure Grocery
31150,4,Promotion Seekers
31151,0,Older Long-Tenure Grocery
31152,4,Promotion Seekers
31153,4,Promotion Seekers
31154,1,Vegetables-Hygiene Oriented
31155,0,Older Long-Tenure Grocery
31157,0,Older Long-Tenure Grocery
31158,0,Older Long-Tenure Grocery
31159,2,Young Grocery
31160,1,Vegetables-Hygiene Oriented
31161,2,Young Grocery
31162,7,Service Sensitive
31163,0,Older Long-Tenure Grocery
31164,4,Promotion Seekers
31165,3,Tech Enthusiasts
31166,2,Young Grocery
31167,2,Young Grocery
31168,4,Promotion Seekers
31169,7,Service Sensitive
31170,2,Young Grocery
31172,4,Promotion Seekers
31173,1,Vegetables-Hygiene Oriented
31174,3,Tech Enthusiasts
31175,0,Older Long-Tenure Grocery
31176,7,Service Sensitive
31177,1,Vegetables-Hygiene Oriented
31178,0,Older Long-Tenure Grocery
31179,4,Promotion Seekers
31180,4,Promotion Seekers
31181,1,Vegetables-Hygiene Oriented
31183,1,Vegetables-Hygiene Oriented
31184,4,Promotion Seekers
31185,1,Vegetables-Hygiene Oriented
31186,3,Tech Enthusiasts
31188,4,Promotion Seekers
31189,0,Older Long-Tenure Grocery
31190,3,Tech Enthusiasts
31191,4,Promotion Seekers
31193,5,Large Families
31195,4,Promotion Seekers
31196,5,Large Families
31197,4,Promotion Seekers
31198,2,Young Grocery
31199,7,Service Sensitive
31200,7,Service Sensitive
31201,3,Tech Enthusiasts
31202,0,Older Long-Tenure Grocery
31203,5,Large Families
31204,0,Older Long-Tenure Grocery
31205,1,Vegetables-Hygiene Oriented
31206,4,Promotion Seekers
31207,7,Service Sensitive
31208,6,Protein Enjoyers
31209,2,Young Grocery
31210,1,Vegetables-Hygiene Oriented
31211,5,Large Families
31212,2,Young Grocery
31213,1,Vegetables-Hygiene Oriented
31214,2,Young Grocery
31215,3,Tech Enthusiasts
31216,1,Vegetables-Hygiene Oriented
31217,2,Young Grocery
31218,7,Service Sensitive
31219,7,Service Sensitive
31220,1,Vegetables-Hygiene Oriented
31222,1,Vegetables-Hygiene Oriented
31223,7,Service Sensitive
31224,0,Older Long-Tenure Grocery
31225,1,Vegetables-Hygiene Oriented
31226,0,Older Long-Tenure Grocery
31227,5,Large Families
31228,3,Tech Enthusiasts
31229,4,Promotion Seekers
31230,1,Vegetables-Hygiene Oriented
31231,6,Protein Enjoyers
31233,0,Older Long-Tenure Grocery
31235,4,Promotion Seekers
31237,4,Promotion Seekers
31239,6,Protein Enjoyers
31240,7,Service Sensitive
31241,4,Promotion Seekers
31242,2,Young Grocery
31243,2,Young Grocery
31244,0,Older Long-Tenure Grocery
31245,2,Young Grocery
31246,0,Older Long-Tenure Grocery
31247,1,Vegetables-Hygiene Oriented
31248,3,Tech Enthusiasts
31249,6,Protein Enjoyers
31251,6,Protein Enjoyers
31253,0,Older Long-Tenure Grocery
31254,6,Protein Enjoyers
31255,4,Promotion Seekers
31256,1,Vegetables-Hygiene Oriented
31257,3,Tech Enthusiasts
31258,4,Promotion Seekers
31260,4,Promotion Seekers
31261,3,Tech Enthusiasts
31262,1,Vegetables-Hygiene Oriented
31264,6,Protein Enjoyers
31265,0,Older Long-Tenure Grocery
31266,3,Tech Enthusiasts
31267,1,Vegetables-Hygiene Oriented
31268,7,Service Sensitive
31269,1,Vegetables-Hygiene Oriented
31270,1,Vegetables-Hygiene Oriented
31271,2,Young Grocery
31272,0,Older Long-Tenure Grocery
31273,1,Vegetables-Hygiene Oriented
31274,1,Vegetables-Hygiene Oriented
31275,4,Promotion Seekers
31276,1,Vegetables-Hygiene Oriented
31277,0,Older Long-Tenure Grocery
31278,1,Vegetables-Hygiene Oriented
31279,7,Service Sensitive
31280,0,Older Long-Tenure Grocery
31281,0,Older Long-Tenure Grocery
31283,4,Promotion Seekers
31284,7,Service Sensitive
31285,3,Tech Enthusiasts
31286,0,Older Long-Tenure Grocery
31287,0,Older Long-Tenure Grocery
31288,2,Young Grocery
31290,0,Older Long-Tenure Grocery
31291,0,Older Long-Tenure Grocery
31292,3,Tech Enthusiasts
31294,0,Older Long-Tenure Grocery
31295,0,Older Long-Tenure Grocery
31296,1,Vegetables-Hygiene Oriented
31297,7,Service Sensitive
31298,5,Large Families
31299,6,Protein Enjoyers
31300,0,Older Long-Tenure Grocery
31301,7,Service Sensitive
31303,1,Vegetables-Hygiene Oriented
31304,7,Service Sensitive
31305,4,Promotion Seekers
31307,2,Young Grocery
31309,2,Young Grocery
31310,0,Older Long-Tenure Grocery
31312,4,Promotion Seekers
31313,2,Young Grocery
31314,7,Service Sensitive
31317,0,Older Long-Tenure Grocery
31318,7,Service Sensitive
31320,4,Promotion Seekers
31321,5,Large Families
31322,4,Promotion Seekers
31323,5,Large Families
31324,1,Vegetables-Hygiene Oriented
31325,4,Promotion Seekers
31326,2,Young Grocery
31327,1,Vegetables-Hygiene Oriented
31328,6,Protein Enjoyers
31329,7,Service Sensitive
31330,7,Service Sensitive
31332,4,Promotion Seekers
31333,4,Promotion Seekers
31334,2,Young Grocery
31335,7,Service Sensitive
31336,7,Service Sensitive
31339,1,Vegetables-Hygiene Oriented
31341,5,Large Families
31342,1,Vegetables-Hygiene Oriented
31344,2,Young Grocery
31345,1,Vegetables-Hygiene Oriented
31346,7,Service Sensitive
31347,3,Tech Enthusiasts
31348,1,Vegetables-Hygiene Oriented
31349,4,Promotion Seekers
31350,0,Older Long-Tenure Grocery
31352,4,Promotion Seekers
31353,2,Young Grocery
31355,6,Protein Enjoyers
31356,6,Protein Enjoyers
31357,0,Older Long-Tenure Grocery
31359,6,Protein Enjoyers
31360,7,Service Sensitive
31362,1,Vegetables-Hygiene Oriented
31363,0,Older Long-Tenure Grocery
31364,4,Promotion Seekers
31365,0,Older Long-Tenure Grocery
31367,2,Young Grocery
31368,1,Vegetables-Hygiene Oriented
31369,0,Older Long-Tenure Grocery
31371,5,Large Families
31372,6,Protein Enjoyers
31374,0,Older Long-Tenure Grocery
31375,3,Tech Enthusiasts
31377,2,Young Grocery
31378,4,Promotion Seekers
31379,1,Vegetables-Hygiene Oriented
31380,4,Promotion Seekers
31381,4,Promotion Seekers
31383,0,Older Long-Tenure Grocery
31384,0,Older Long-Tenure Grocery
31385,1,Vegetables-Hygiene Oriented
31387,2,Young Grocery
31388,3,Tech Enthusiasts
31390,0,Older Long-Tenure Grocery
31391,4,Promotion Seekers
31393,0,Older Long-Tenure Grocery
31394,2,Young Grocery
31395,3,Tech Enthusiasts
31396,7,Service Sensitive
31397,4,Promotion Seekers
31398,1,Vegetables-Hygiene Oriented
31399,4,Promotion Seekers
31400,4,Promotion Seekers
31401,3,Tech Enthusiasts
31402,0,Older Long-Tenure Grocery
31403,4,Promotion Seekers
31404,2,Young Grocery
31405,2,Young Grocery
31406,1,Vegetables-Hygiene Oriented
31407,0,Older Long-Tenure Grocery
31408,0,Older Long-Tenure Grocery
31409,2,Young Grocery
31410,0,Older Long-Tenure Grocery
31411,0,Older Long-Tenure Grocery
31412,4,Promotion Seekers
31413,7,Service Sensitive
31415,0,Older Long-Tenure Grocery
31416,7,Service Sensitive
31417,2,Young Grocery
31418,7,Service Sensitive
31419,7,Service Sensitive
31420,3,Tech Enthusiasts
31421,3,Tech Enthusiasts
31422,5,Large Families
31423,0,Older Long-Tenure Grocery
31424,0,Older Long-Tenure Grocery
31425,7,Service Sensitive
31426,0,Older Long-Tenure Grocery
31429,2,Young Grocery
31431,0,Older Long-Tenure Grocery
31432,2,Young Grocery
31433,2,Young Grocery
31435,7,Service Sensitive
31436,2,Young Grocery
31438,3,Tech Enthusiasts
31439,0,Older Long-Tenure Grocery
31441,5,Large Families
31442,1,Vegetables-Hygiene Oriented
31443,3,Tech Enthusiasts
31444,5,Large Families
31445,1,Vegetables-Hygiene Oriented
31446,2,Young Grocery
31448,2,Young Grocery
31449,7,Service Sensitive
31450,0,Older Long-Tenure Grocery
31451,4,Promotion Seekers
31452,3,Tech Enthusiasts
31453,5,Large Families
31454,5,Large Families
31455,0,Older Long-Tenure Grocery
31457,1,Vegetables-Hygiene Oriented
31458,7,Service Sensitive
31459,2,Young Grocery
31460,5,Large Families
31461,0,Older Long-Tenure Grocery
31463,1,Vegetables-Hygiene Oriented
31464,1,Vegetables-Hygiene Oriented
31465,0,Older Long-Tenure Grocery
31466,1,Vegetables-Hygiene Oriented
31467,0,Older Long-Tenure Grocery
31468,0,Older Long-Tenure Grocery
31469,0,Older Long-Tenure Grocery
31470,4,Promotion Seekers
31471,7,Service Sensitive
31472,0,Older Long-Tenure Grocery
31473,2,Young Grocery
31474,6,Protein Enjoyers
31475,1,Vegetables-Hygiene Oriented
31476,3,Tech Enthusiasts
31478,0,Older Long-Tenure Grocery
31479,4,Promotion Seekers
31480,2,Young Grocery
31481,0,Older Long-Tenure Grocery
31482,1,Vegetables-Hygiene Oriented
31483,4,Promotion Seekers
31485,4,Promotion Seekers
31486,1,Vegetables-Hygiene Oriented
31487,4,Promotion Seekers
31488,1,Vegetables-Hygiene Oriented
31489,0,Older Long-Tenure Grocery
31490,1,Vegetables-Hygiene Oriented
31491,5,Large Families
31492,3,Tech Enthusiasts
31493,4,Promotion Seekers
31494,5,Large Families
31495,5,Large Families
31496,4,Promotion Seekers
31497,1,Vegetables-Hygiene Oriented
31498,0,Older Long-Tenure Grocery
31499,0,Older Long-Tenure Grocery
31502,0,Older Long-Tenure Grocery
31503,3,Tech Enthusiasts
31504,1,Vegetables-Hygiene Oriented
31506,1,Vegetables-Hygiene Oriented
31507,2,Young Grocery
31508,3,Tech Enthusiasts
31509,0,Older Long-Tenure Grocery
31510,2,Young Grocery
31511,6,Protein Enjoyers
31512,4,Promotion Seekers
31513,2,Young Grocery
31515,4,Promotion Seekers
31516,0,Older Long-Tenure Grocery
31517,4,Promotion Seekers
31519,0,Older Long-Tenure Grocery
31520,1,Vegetables-Hygiene Oriented
31521,3,Tech Enthusiasts
31522,0,Older Long-Tenure Grocery
31523,5,Large Families
31524,4,Promotion Seekers
31525,0,Older Long-Tenure Grocery
31526,1,Vegetables-Hygiene Oriented
31527,3,Tech Enthusiasts
31528,0,Older Long-Tenure Grocery
31530,2,Young Grocery
31531,3,Tech Enthusiasts
31532,7,Service Sensitive
31533,0,Older Long-Tenure Grocery
31535,6,Protein Enjoyers
31536,3,Tech Enthusiasts
31537,5,Large Families
31538,6,Protein Enjoyers
31539,1,Vegetables-Hygiene Oriented
31540,1,Vegetables-Hygiene Oriented
31541,4,Promotion Seekers
31542,0,Older Long-Tenure Grocery
31543,4,Promotion Seekers
31544,3,Tech Enthusiasts
31545,7,Service Sensitive
31547,4,Promotion Seekers
31548,0,Older Long-Tenure Grocery
31549,0,Older Long-Tenure Grocery
31552,1,Vegetables-Hygiene Oriented
31553,1,Vegetables-Hygiene Oriented
31554,0,Older Long-Tenure Grocery
31555,1,Vegetables-Hygiene Oriented
31556,1,Vegetables-Hygiene Oriented
31557,5,Large Families
31558,7,Service Sensitive
31559,0,Older Long-Tenure Grocery
31560,1,Vegetables-Hygiene Oriented
31561,7,Service Sensitive
31562,7,Service Sensitive
31563,4,Promotion Seekers
31564,0,Older Long-Tenure Grocery
31565,2,Young Grocery
31566,7,Service Sensitive
31567,4,Promotion Seekers
31568,1,Vegetables-Hygiene Oriented
31569,0,Older Long-Tenure Grocery
31570,1,Vegetables-Hygiene Oriented
31571,4,Promotion Seekers
31572,4,Promotion Seekers
31573,2,Young Grocery
31574,7,Service Sensitive
31576,5,Large Families
31577,4,Promotion Seekers
31579,2,Young Grocery
31580,1,Vegetables-Hygiene Oriented
31581,2,Young Grocery
31582,0,Older Long-Tenure Grocery
31584,4,Promotion Seekers
31587,0,Older Long-Tenure Grocery
31588,3,Tech Enthusiasts
31589,2,Young Grocery
31590,0,Older Long-Tenure Grocery
31592,7,Service Sensitive
31593,6,Protein Enjoyers
31594,1,Vegetables-Hygiene Oriented
31595,0,Older Long-Tenure Grocery
31596,7,Service Sensitive
31597,5,Large Families
31598,4,Promotion Seekers
31600,1,Vegetables-Hygiene Oriented
31601,1,Vegetables-Hygiene Oriented
31603,0,Older Long-Tenure Grocery
31605,7,Service Sensitive
31606,4,Promotion Seekers
31607,6,Protein Enjoyers
31608,4,Promotion Seekers
31610,4,Promotion Seekers
31611,5,Large Families
31612,1,Vegetables-Hygiene Oriented
31613,6,Protein Enjoyers
31614,7,Service Sensitive
31615,7,Service Sensitive
31616,3,Tech Enthusiasts
31617,4,Promotion Seekers
31618,0,Older Long-Tenure Grocery
31619,1,Vegetables-Hygiene Oriented
31620,0,Older Long-Tenure Grocery
31621,7,Service Sensitive
31622,0,Older Long-Tenure Grocery
31623,0,Older Long-Tenure Grocery
31624,1,Vegetables-Hygiene Oriented
31625,7,Service Sensitive
31626,1,Vegetables-Hygiene Oriented
31627,3,Tech Enthusiasts
31628,5,Large Families
31629,3,Tech Enthusiasts
31630,4,Promotion Seekers
31631,2,Young Grocery
31632,6,Protein Enjoyers
31634,1,Vegetables-Hygiene Oriented
31635,7,Service Sensitive
31637,2,Young Grocery
31638,7,Service Sensitive
31639,2,Young Grocery
31641,4,Promotion Seekers
31642,0,Older Long-Tenure Grocery
31643,4,Promotion Seekers
31644,1,Vegetables-Hygiene Oriented
31645,1,Vegetables-Hygiene Oriented
31646,7,Service Sensitive
31647,1,Vegetables-Hygiene Oriented
31648,4,Promotion Seekers
31649,4,Promotion Seekers
31650,5,Large Families
31651,6,Protein Enjoyers
31652,1,Vegetables-Hygiene Oriented
31653,0,Older Long-Tenure Grocery
31654,0,Older Long-Tenure Grocery
31656,7,Service Sensitive
31657,3,Tech Enthusiasts
31658,0,Older Long-Tenure Grocery
31659,4,Promotion Seekers
31660,1,Vegetables-Hygiene Oriented
31661,4,Promotion Seekers
31662,1,Vegetables-Hygiene Oriented
31663,1,Vegetables-Hygiene Oriented
31664,7,Service Sensitive
31665,1,Vegetables-Hygiene Oriented
31666,1,Vegetables-Hygiene Oriented
31667,0,Older Long-Tenure Grocery
31668,2,Young Grocery
31670,5,Large Families
31671,5,Large Families
31672,3,Tech Enthusiasts
31673,3,Tech Enthusiasts
31674,4,Promotion Seekers
31675,7,Service Sensitive
31676,0,Older Long-Tenure Grocery
31677,0,Older Long-Tenure Grocery
31678,7,Service Sensitive
31679,4,Promotion Seekers
31680,7,Service Sensitive
31681,4,Promotion Seekers
31682,1,Vegetables-Hygiene Oriented
31683,2,Young Grocery
31684,1,Vegetables-Hygiene Oriented
31685,2,Young Grocery
31686,4,Promotion Seekers
31687,1,Vegetables-Hygiene Oriented
31688,4,Promotion Seekers
31690,7,Service Sensitive
31691,2,Young Grocery
31692,0,Older Long-Tenure Grocery
31693,5,Large Families
31694,7,Service Sensitive
31695,0,Older Long-Tenure Grocery
31696,7,Service Sensitive
31697,4,Promotion Seekers
31699,0,Older Long-Tenure Grocery
31700,1,Vegetables-Hygiene Oriented
31701,1,Vegetables-Hygiene Oriented
31702,7,Service Sensitive
31703,3,Tech Enthusiasts
31704,3,Tech Enthusiasts
31705,7,Service Sensitive
31706,1,Vegetables-Hygiene Oriented
31707,5,Large Families
31708,4,Promotion Seekers
31709,2,Young Grocery
31710,1,Vegetables-Hygiene Oriented
31712,3,Tech Enthusiasts
31713,2,Young Grocery
31714,2,Young Grocery
31715,4,Promotion Seekers
31716,7,Service Sensitive
31717,0,Older Long-Tenure Grocery
31718,4,Promotion Seekers
31719,5,Large Families
31720,0,Older Long-Tenure Grocery
31721,4,Promotion Seekers
31722,3,Tech Enthusiasts
31723,3,Tech Enthusiasts
31724,0,Older Long-Tenure Grocery
31726,2,Young Grocery
31727,1,Vegetables-Hygiene Oriented
31729,1,Vegetables-Hygiene Oriented
31730,0,Older Long-Tenure Grocery
31731,4,Promotion Seekers
31732,2,Young Grocery
31733,5,Large Families
31734,2,Young Grocery
31736,0,Older Long-Tenure Grocery
31737,1,Vegetables-Hygiene Oriented
31738,5,Large Families
31739,3,Tech Enthusiasts
31741,4,Promotion Seekers
31742,1,Vegetables-Hygiene Oriented
31743,7,Service Sensitive
31744,4,Promotion Seekers
31746,2,Young Grocery
31747,2,Young Grocery
31748,2,Young Grocery
31750,0,Older Long-Tenure Grocery
31751,2,Young Grocery
31752,1,Vegetables-Hygiene Oriented
31754,1,Vegetables-Hygiene Oriented
31755,0,Older Long-Tenure Grocery
31756,3,Tech Enthusiasts
31757,4,Promotion Seekers
31758,3,Tech Enthusiasts
31759,1,Vegetables-Hygiene Oriented
31760,4,Promotion Seekers
31761,1,Vegetables-Hygiene Oriented
31762,7,Service Sensitive
31763,5,Large Families
31765,3,Tech Enthusiasts
31766,0,Older Long-Tenure Grocery
31767,1,Vegetables-Hygiene Oriented
31768,4,Promotion Seekers
31769,5,Large Families
31770,7,Service Sensitive
31771,4,Promotion Seekers
31772,4,Promotion Seekers
31773,6,Protein Enjoyers
31774,0,Older Long-Tenure Grocery
31775,0,Older Long-Tenure Grocery
31776,7,Service Sensitive
31778,2,Young Grocery
31779,2,Young Grocery
31780,2,Young Grocery
31781,1,Vegetables-Hygiene Oriented
31782,7,Service Sensitive
31783,2,Young Grocery
31784,3,Tech Enthusiasts
31785,5,Large Families
31786,5,Large Families
31787,3,Tech Enthusiasts
31788,4,Promotion Seekers
31789,5,Large Families
31790,3,Tech Enthusiasts
31793,4,Promotion Seekers
31794,3,Tech Enthusiasts
31797,4,Promotion Seekers
31800,0,Older Long-Tenure Grocery
31801,6,Protein Enjoyers
31802,3,Tech Enthusiasts
31803,0,Older Long-Tenure Grocery
31804,2,Young Grocery
31807,0,Older Long-Tenure Grocery
31808,0,Older Long-Tenure Grocery
31809,7,Service Sensitive
31810,0,Older Long-Tenure Grocery
31811,7,Service Sensitive
31812,0,Older Long-Tenure Grocery
31813,2,Young Grocery
31814,1,Vegetables-Hygiene Oriented
31815,4,Promotion Seekers
31817,1,Vegetables-Hygiene Oriented
31818,2,Young Grocery
31819,4,Promotion Seekers
31821,7,Service Sensitive
31822,5,Large Families
31823,0,Older Long-Tenure Grocery
31824,0,Older Long-Tenure Grocery
31826,0,Older Long-Tenure Grocery
31827,1,Vegetables-Hygiene Oriented
31828,1,Vegetables-Hygiene Oriented
31829,1,Vegetables-Hygiene Oriented
31830,5,Large Families
31831,1,Vegetables-Hygiene Oriented
31832,0,Older Long-Tenure Grocery
31833,1,Vegetables-Hygiene Oriented
31834,4,Promotion Seekers
31835,2,Young Grocery
31836,1,Vegetables-Hygiene Oriented
31838,2,Young Grocery
31839,7,Service Sensitive
31840,4,Promotion Seekers
31841,7,Service Sensitive
31842,1,Vegetables-Hygiene Oriented
31843,0,Older Long-Tenure Grocery
31844,1,Vegetables-Hygiene Oriented
31845,2,Young Grocery
31846,4,Promotion Seekers
31847,1,Vegetables-Hygiene Oriented
31848,6,Protein Enjoyers
31849,1,Vegetables-Hygiene Oriented
31850,7,Service Sensitive
31851,3,Tech Enthusiasts
31854,1,Vegetables-Hygiene Oriented
31855,3,Tech Enthusiasts
31856,1,Vegetables-Hygiene Oriented
31859,6,Protein Enjoyers
31860,0,Older Long-Tenure Grocery
31861,1,Vegetables-Hygiene Oriented
31862,5,Large Families
31863,2,Young Grocery
31864,4,Promotion Seekers
31865,1,Vegetables-Hygiene Oriented
31866,1,Vegetables-Hygiene Oriented
31867,1,Vegetables-Hygiene Oriented
31868,0,Older Long-Tenure Grocery
31870,2,Young Grocery
31872,3,Tech Enthusiasts
31873,4,Promotion Seekers
31874,7,Service Sensitive
31875,1,Vegetables-Hygiene Oriented
31876,2,Young Grocery
31877,3,Tech Enthusiasts
31878,0,Older Long-Tenure Grocery
31879,0,Older Long-Tenure Grocery
31880,1,Vegetables-Hygiene Oriented
31881,7,Service Sensitive
31882,0,Older Long-Tenure Grocery
31883,1,Vegetables-Hygiene Oriented
31884,0,Older Long-Tenure Grocery
31886,7,Service Sensitive
31887,6,Protein Enjoyers
31888,2,Young Grocery
31889,7,Service Sensitive
31890,3,Tech Enthusiasts
31892,4,Promotion Seekers
31893,4,Promotion Seekers
31894,5,Large Families
31896,5,Large Families
31897,7,Service Sensitive
31898,2,Young Grocery
31899,1,Vegetables-Hygiene Oriented
31900,3,Tech Enthusiasts
31901,1,Vegetables-Hygiene Oriented
31902,4,Promotion Seekers
31903,1,Vegetables-Hygiene Oriented
31904,2,Young Grocery
31905,4,Promotion Seekers
31907,7,Service Sensitive
31908,3,Tech Enthusiasts
31909,1,Vegetables-Hygiene Oriented
31910,1,Vegetables-Hygiene Oriented
31912,0,Older Long-Tenure Grocery
31913,4,Promotion Seekers
31915,1,Vegetables-Hygiene Oriented
31916,0,Older Long-Tenure Grocery
31917,1,Vegetables-Hygiene Oriented
31918,1,Vegetables-Hygiene Oriented
31919,3,Tech Enthusiasts
31920,1,Vegetables-Hygiene Oriented
31921,2,Young Grocery
31923,4,Promotion Seekers
31924,6,Protein Enjoyers
31925,2,Young Grocery
31928,1,Vegetables-Hygiene Oriented
31929,2,Young Grocery
31930,2,Young Grocery
31933,0,Older Long-Tenure Grocery
31934,7,Service Sensitive
31936,6,Protein Enjoyers
31937,2,Young Grocery
31938,5,Large Families
31939,0,Older Long-Tenure Grocery
31940,2,Young Grocery
31941,1,Vegetables-Hygiene Oriented
31942,4,Promotion Seekers
31943,5,Large Families
31944,4,Promotion Seekers
31945,4,Promotion Seekers
31946,7,Service Sensitive
31947,3,Tech Enthusiasts
31948,1,Vegetables-Hygiene Oriented
31949,7,Service Sensitive
31951,0,Older Long-Tenure Grocery
31952,3,Tech Enthusiasts
31953,2,Young Grocery
31954,7,Service Sensitive
31956,5,Large Families
31957,5,Large Families
31958,6,Protein Enjoyers
31959,0,Older Long-Tenure Grocery
31960,6,Protein Enjoyers
31961,5,Large Families
31962,2,Young Grocery
31963,2,Young Grocery
31964,0,Older Long-Tenure Grocery
31965,7,Service Sensitive
31966,0,Older Long-Tenure Grocery
31969,4,Promotion Seekers
31970,3,Tech Enthusiasts
31971,2,Young Grocery
31972,7,Service Sensitive
31974,5,Large Families
31975,2,Young Grocery
31979,3,Tech Enthusiasts
31980,5,Large Families
31981,2,Young Grocery
31985,1,Vegetables-Hygiene Oriented
31986,6,Protein Enjoyers
31988,3,Tech Enthusiasts
31990,1,Vegetables-Hygiene Oriented
31991,4,Promotion Seekers
31992,7,Service Sensitive
31993,1,Vegetables-Hygiene Oriented
31994,4,Promotion Seekers
31995,7,Service Sensitive
31996,1,Vegetables-Hygiene Oriented
31997,1,Vegetables-Hygiene Oriented
31999,1,Vegetables-Hygiene Oriented
32001,2,Young Grocery
32002,1,Vegetables-Hygiene Oriented
32004,0,Older Long-Tenure Grocery
32005,3,Tech Enthusiasts
32007,5,Large Families
32009,2,Young Grocery
32011,0,Older Long-Tenure Grocery
32012,0,Older Long-Tenure Grocery
32013,7,Service Sensitive
32014,4,Promotion Seekers
32017,6,Protein Enjoyers
32018,0,Older Long-Tenure Grocery
32021,1,Vegetables-Hygiene Oriented
32022,3,Tech Enthusiasts
32023,4,Promotion Seekers
32025,3,Tech Enthusiasts
32026,1,Vegetables-Hygiene Oriented
32027,0,Older Long-Tenure Grocery
32030,0,Older Long-Tenure Grocery
32031,1,Vegetables-Hygiene Oriented
32032,0,Older Long-Tenure Grocery
32033,2,Young Grocery
32034,2,Young Grocery
32035,5,Large Families
32036,1,Vegetables-Hygiene Oriented
32037,0,Older Long-Tenure Grocery
32038,7,Service Sensitive
32039,1,Vegetables-Hygiene Oriented
32040,0,Older Long-Tenure Grocery
32041,0,Older Long-Tenure Grocery
32042,7,Service Sensitive
32043,1,Vegetables-Hygiene Oriented
32044,1,Vegetables-Hygiene Oriented
32045,5,Large Families
32047,0,Older Long-Tenure Grocery
32049,5,Large Families
32051,7,Service Sensitive
32052,2,Young Grocery
32053,0,Older Long-Tenure Grocery
32054,7,Service Sensitive
32056,5,Large Families
32058,4,Promotion Seekers
32060,7,Service Sensitive
32062,2,Young Grocery
32063,5,Large Families
32064,1,Vegetables-Hygiene Oriented
32065,0,Older Long-Tenure Grocery
32066,5,Large Families
32067,1,Vegetables-Hygiene Oriented
32069,2,Young Grocery
32071,1,Vegetables-Hygiene Oriented
32072,4,Promotion Seekers
32073,5,Large Families
32075,0,Older Long-Tenure Grocery
32077,1,Vegetables-Hygiene Oriented
32078,3,Tech Enthusiasts
32079,7,Service Sensitive
32080,5,Large Families
32081,4,Promotion Seekers
32082,2,Young Grocery
32083,2,Young Grocery
32085,1,Vegetables-Hygiene Oriented
32086,3,Tech Enthusiasts
32088,0,Older Long-Tenure Grocery
32089,4,Promotion Seekers
32090,5,Large Families
32091,0,Older Long-Tenure Grocery
32092,7,Service Sensitive
32093,4,Promotion Seekers
32094,7,Service Sensitive
32095,2,Young Grocery
32096,1,Vegetables-Hygiene Oriented
32097,2,Young Grocery
32098,1,Vegetables-Hygiene Oriented
32099,2,Young Grocery
32100,4,Promotion Seekers
32101,1,Vegetables-Hygiene Oriented
32102,5,Large Families
32103,4,Promotion Seekers
32104,5,Large Families
32106,5,Large Families
32107,4,Promotion Seekers
32108,0,Older Long-Tenure Grocery
32110,5,Large Families
32111,3,Tech Enthusiasts
32112,5,Large Families
32113,2,Young Grocery
32114,2,Young Grocery
32115,5,Large Families
32116,5,Large Families
32117,1,Vegetables-Hygiene Oriented
32118,6,Protein Enjoyers
32119,0,Older Long-Tenure Grocery
32121,4,Promotion Seekers
32124,2,Young Grocery
32125,6,Protein Enjoyers
32126,2,Young Grocery
32128,2,Young Grocery
32129,5,Large Families
32130,1,Vegetables-Hygiene Oriented
32131,7,Service Sensitive
32132,5,Large Families
32133,5,Large Families
32136,6,Protein Enjoyers
32137,4,Promotion Seekers
32138,3,Tech Enthusiasts
32139,7,Service Sensitive
32140,0,Older Long-Tenure Grocery
32141,1,Vegetables-Hygiene Oriented
32142,5,Large Families
32144,2,Young Grocery
32145,4,Promotion Seekers
32146,7,Service Sensitive
32147,0,Older Long-Tenure Grocery
32148,3,Tech Enthusiasts
32149,4,Promotion Seekers
32150,4,Promotion Seekers
32151,3,Tech Enthusiasts
32152,7,Service Sensitive
32153,4,Promotion Seekers
32154,0,Older Long-Tenure Grocery
32155,0,Older Long-Tenure Grocery
32157,0,Older Long-Tenure Grocery
32160,2,Young Grocery
32161,0,Older Long-Tenure Grocery
32162,0,Older Long-Tenure Grocery
32163,4,Promotion Seekers
32164,2,Young Grocery
32165,1,Vegetables-Hygiene Oriented
32166,1,Vegetables-Hygiene Oriented
32168,0,Older Long-Tenure Grocery
32169,7,Service Sensitive
32170,1,Vegetables-Hygiene Oriented
32171,0,Older Long-Tenure Grocery
32172,0,Older Long-Tenure Grocery
32173,3,Tech Enthusiasts
32174,0,Older Long-Tenure Grocery
32175,7,Service Sensitive
32176,0,Older Long-Tenure Grocery
32177,1,Vegetables-Hygiene Oriented
32178,7,Service Sensitive
32179,0,Older Long-Tenure Grocery
32180,0,Older Long-Tenure Grocery
32181,7,Service Sensitive
32182,3,Tech Enthusiasts
32183,2,Young Grocery
32185,3,Tech Enthusiasts
32187,2,Young Grocery
32188,4,Promotion Seekers
32189,7,Service Sensitive
32190,6,Protein Enjoyers
32192,0,Older Long-Tenure Grocery
32193,7,Service Sensitive
32194,3,Tech Enthusiasts
32195,4,Promotion Seekers
32196,0,Older Long-Tenure Grocery
32199,0,Older Long-Tenure Grocery
32200,3,Tech Enthusiasts
32201,4,Promotion Seekers
32202,1,Vegetables-Hygiene Oriented
32203,2,Young Grocery
32204,3,Tech Enthusiasts
32205,0,Older Long-Tenure Grocery
32206,4,Promotion Seekers
32207,1,Vegetables-Hygiene Oriented
32208,5,Large Families
32209,1,Vegetables-Hygiene Oriented
32210,1,Vegetables-Hygiene Oriented
32211,0,Older Long-Tenure Grocery
32212,4,Promotion Seekers
32213,7,Service Sensitive
32214,0,Older Long-Tenure Grocery
32215,2,Young Grocery
32216,7,Service Sensitive
32217,1,Vegetables-Hygiene Oriented
32218,3,Tech Enthusiasts
32219,7,Service Sensitive
32221,1,Vegetables-Hygiene Oriented
32222,5,Large Families
32223,2,Young Grocery
32224,1,Vegetables-Hygiene Oriented
32226,1,Vegetables-Hygiene Oriented
32229,0,Older Long-Tenure Grocery
32230,0,Older Long-Tenure Grocery
32231,4,Promotion Seekers
32232,5,Large Families
32233,1,Vegetables-Hygiene Oriented
32234,0,Older Long-Tenure Grocery
32235,0,Older Long-Tenure Grocery
32237,0,Older Long-Tenure Grocery
32238,5,Large Families
32239,0,Older Long-Tenure Grocery
32240,0,Older Long-Tenure Grocery
32241,0,Older Long-Tenure Grocery
32243,6,Protein Enjoyers
32244,1,Vegetables-Hygiene Oriented
32245,2,Young Grocery
32246,0,Older Long-Tenure Grocery
32247,4,Promotion Seekers
32248,0,Older Long-Tenure Grocery
32250,2,Young Grocery
32251,0,Older Long-Tenure Grocery
32252,1,Vegetables-Hygiene Oriented
32255,4,Promotion Seekers
32256,3,Tech Enthusiasts
32257,0,Older Long-Tenure Grocery
32258,4,Promotion Seekers
32259,3,Tech Enthusiasts
32260,2,Young Grocery
32261,6,Protein Enjoyers
32262,0,Older Long-Tenure Grocery
32263,3,Tech Enthusiasts
32264,4,Promotion Seekers
32265,5,Large Families
32266,0,Older Long-Tenure Grocery
32267,2,Young Grocery
32268,6,Protein Enjoyers
32269,4,Promotion Seekers
32270,7,Service Sensitive
32271,3,Tech Enthusiasts
32272,5,Large Families
32273,2,Young Grocery
32274,4,Promotion Seekers
32275,4,Promotion Seekers
32276,0,Older Long-Tenure Grocery
32277,0,Older Long-Tenure Grocery
32278,7,Service Sensitive
32279,4,Promotion Seekers
32280,6,Protein Enjoyers
32281,4,Promotion Seekers
32282,4,Promotion Seekers
32283,3,Tech Enthusiasts
32284,7,Service Sensitive
32285,7,Service Sensitive
32286,2,Young Grocery
32287,0,Older Long-Tenure Grocery
32288,1,Vegetables-Hygiene Oriented
32289,4,Promotion Seekers
32291,1,Vegetables-Hygiene Oriented
32292,0,Older Long-Tenure Grocery
32293,2,Young Grocery
32294,4,Promotion Seekers
32295,0,Older Long-Tenure Grocery
32297,1,Vegetables-Hygiene Oriented
32298,2,Young Grocery
32299,0,Older Long-Tenure Grocery
32300,5,Large Families
32301,4,Promotion Seekers
32302,1,Vegetables-Hygiene Oriented
32303,0,Older Long-Tenure Grocery
32306,4,Promotion Seekers
32308,4,Promotion Seekers
32309,0,Older Long-Tenure Grocery
32310,2,Young Grocery
32311,2,Young Grocery
32312,5,Large Families
32316,1,Vegetables-Hygiene Oriented
32317,5,Large Families
32318,1,Vegetables-Hygiene Oriented
32320,4,Promotion Seekers
32321,7,Service Sensitive
32322,0,Older Long-Tenure Grocery
32323,1,Vegetables-Hygiene Oriented
32324,4,Promotion Seekers
32325,4,Promotion Seekers
32326,0,Older Long-Tenure Grocery
32327,5,Large Families
32328,4,Promotion Seekers
32329,2,Young Grocery
32332,7,Service Sensitive
32333,5,Large Families
32334,0,Older Long-Tenure Grocery
32335,4,Promotion Seekers
32337,3,Tech Enthusiasts
32338,4,Promotion Seekers
32339,3,Tech Enthusiasts
32341,1,Vegetables-Hygiene Oriented
32342,1,Vegetables-Hygiene Oriented
32343,5,Large Families
32344,7,Service Sensitive
32345,3,Tech Enthusiasts
32346,0,Older Long-Tenure Grocery
32348,1,Vegetables-Hygiene Oriented
32349,0,Older Long-Tenure Grocery
32350,0,Older Long-Tenure Grocery
32351,0,Older Long-Tenure Grocery
32352,0,Older Long-Tenure Grocery
32353,0,Older Long-Tenure Grocery
32354,4,Promotion Seekers
32355,4,Promotion Seekers
32356,1,Vegetables-Hygiene Oriented
32357,0,Older Long-Tenure Grocery
32358,5,Large Families
32359,3,Tech Enthusiasts
32360,0,Older Long-Tenure Grocery
32361,5,Large Families
32362,0,Older Long-Tenure Grocery
32363,0,Older Long-Tenure Grocery
32365,1,Vegetables-Hygiene Oriented
32366,4,Promotion Seekers
32367,2,Young Grocery
32369,2,Young Grocery
32370,0,Older Long-Tenure Grocery
32371,1,Vegetables-Hygiene Oriented
32372,2,Young Grocery
32374,0,Older Long-Tenure Grocery
32375,1,Vegetables-Hygiene Oriented
32376,0,Older Long-Tenure Grocery
32377,7,Service Sensitive
32378,1,Vegetables-Hygiene Oriented
32379,0,Older Long-Tenure Grocery
32380,0,Older Long-Tenure Grocery
32381,0,Older Long-Tenure Grocery
32382,1,Vegetables-Hygiene Oriented
32383,7,Service Sensitive
32384,3,Tech Enthusiasts
32387,2,Young Grocery
32388,7,Service Sensitive
32390,6,Protein Enjoyers
32391,3,Tech Enthusiasts
32392,1,Vegetables-Hygiene Oriented
32393,0,Older Long-Tenure Grocery
32394,4,Promotion Seekers
32396,0,Older Long-Tenure Grocery
32398,2,Young Grocery
32399,6,Protein Enjoyers
32400,1,Vegetables-Hygiene Oriented
32401,2,Young Grocery
32402,1,Vegetables-Hygiene Oriented
32405,0,Older Long-Tenure Grocery
32407,1,Vegetables-Hygiene Oriented
32408,7,Service Sensitive
32409,5,Large Families
32411,7,Service Sensitive
32412,3,Tech Enthusiasts
32415,4,Promotion Seekers
32416,1,Vegetables-Hygiene Oriented
32417,6,Protein Enjoyers
32419,0,Older Long-Tenure Grocery
32420,3,Tech Enthusiasts
32421,2,Young Grocery
32422,2,Young Grocery
32423,6,Protein Enjoyers
32424,1,Vegetables-Hygiene Oriented
32425,7,Service Sensitive
32426,7,Service Sensitive
32427,3,Tech Enthusiasts
32428,5,Large Families
32429,7,Service Sensitive
32430,2,Young Grocery
32431,7,Service Sensitive
32432,0,Older Long-Tenure Grocery
32433,1,Vegetables-Hygiene Oriented
32434,6,Protein Enjoyers
32435,0,Older Long-Tenure Grocery
32436,4,Promotion Seekers
32437,0,Older Long-Tenure Grocery
32438,7,Service Sensitive
32439,6,Protein Enjoyers
32440,4,Promotion Seekers
32442,4,Promotion Seekers
32443,0,Older Long-Tenure Grocery
32446,3,Tech Enthusiasts
32447,4,Promotion Seekers
32448,4,Promotion Seekers
32451,2,Young Grocery
32452,0,Older Long-Tenure Grocery
32453,4,Promotion Seekers
32455,2,Young Grocery
32456,5,Large Families
32458,3,Tech Enthusiasts
32460,1,Vegetables-Hygiene Oriented
32462,4,Promotion Seekers
32463,3,Tech Enthusiasts
32464,4,Promotion Seekers
32465,3,Tech Enthusiasts
32466,4,Promotion Seekers
32467,0,Older Long-Tenure Grocery
32468,0,Older Long-Tenure Grocery
32469,4,Promotion Seekers
32470,0,Older Long-Tenure Grocery
32471,7,Service Sensitive
32472,5,Large Families
32473,1,Vegetables-Hygiene Oriented
32474,3,Tech Enthusiasts
32475,1,Vegetables-Hygiene Oriented
32476,7,Service Sensitive
32479,4,Promotion Seekers
32480,5,Large Families
32481,5,Large Families
32482,4,Promotion Seekers
32483,1,Vegetables-Hygiene Oriented
32484,0,Older Long-Tenure Grocery
32485,7,Service Sensitive
32486,3,Tech Enthusiasts
32487,7,Service Sensitive
32488,2,Young Grocery
32489,4,Promotion Seekers
32490,0,Older Long-Tenure Grocery
32491,4,Promotion Seekers
32492,1,Vegetables-Hygiene Oriented
32493,0,Older Long-Tenure Grocery
32494,5,Large Families
32495,1,Vegetables-Hygiene Oriented
32497,4,Promotion Seekers
32498,0,Older Long-Tenure Grocery
32499,2,Young Grocery
32500,7,Service Sensitive
32501,2,Young Grocery
32502,0,Older Long-Tenure Grocery
32503,1,Vegetables-Hygiene Oriented
32504,2,Young Grocery
32506,7,Service Sensitive
32507,0,Older Long-Tenure Grocery
32508,4,Promotion Seekers
32511,3,Tech Enthusiasts
32512,6,Protein Enjoyers
32514,2,Young Grocery
32515,4,Promotion Seekers
32516,0,Older Long-Tenure Grocery
32517,5,Large Families
32518,4,Promotion Seekers
32521,0,Older Long-Tenure Grocery
32522,0,Older Long-Tenure Grocery
32524,4,Promotion Seekers
32525,2,Young Grocery
32526,4,Promotion Seekers
32527,4,Promotion Seekers
32529,1,Vegetables-Hygiene Oriented
32530,6,Protein Enjoyers
32531,4,Promotion Seekers
32532,4,Promotion Seekers
32533,4,Promotion Seekers
32534,0,Older Long-Tenure Grocery
32535,4,Promotion Seekers
32536,1,Vegetables-Hygiene Oriented
32537,2,Young Grocery
32538,2,Young Grocery
32539,1,Vegetables-Hygiene Oriented
32540,2,Young Grocery
32542,0,Older Long-Tenure Grocery
32543,2,Young Grocery
32544,6,Protein Enjoyers
32545,4,Promotion Seekers
32546,3,Tech Enthusiasts
32548,2,Young Grocery
32549,0,Older Long-Tenure Grocery
32550,0,Older Long-Tenure Grocery
32551,1,Vegetables-Hygiene Oriented
32552,2,Young Grocery
32553,4,Promotion Seekers
32555,4,Promotion Seekers
32556,3,Tech Enthusiasts
32558,4,Promotion Seekers
32559,0,Older Long-Tenure Grocery
32560,0,Older Long-Tenure Grocery
32561,4,Promotion Seekers
32562,3,Tech Enthusiasts
32563,4,Promotion Seekers
32565,7,Service Sensitive
32566,4,Promotion Seekers
32567,2,Young Grocery
32568,0,Older Long-Tenure Grocery
32569,1,Vegetables-Hygiene Oriented
32570,7,Service Sensitive
32571,7,Service Sensitive
32572,3,Tech Enthusiasts
32573,5,Large Families
32574,0,Older Long-Tenure Grocery
32575,7,Service Sensitive
32576,6,Protein Enjoyers
32577,5,Large Families
32578,0,Older Long-Tenure Grocery
32579,1,Vegetables-Hygiene Oriented
32580,7,Service Sensitive
32581,7,Service Sensitive
32582,1,Vegetables-Hygiene Oriented
32583,5,Large Families
32584,2,Young Grocery
32586,1,Vegetables-Hygiene Oriented
32587,0,Older Long-Tenure Grocery
32588,0,Older Long-Tenure Grocery
32589,4,Promotion Seekers
32590,4,Promotion Seekers
32591,4,Promotion Seekers
32592,4,Promotion Seekers
32594,1,Vegetables-Hygiene Oriented
32595,5,Large Families
32597,0,Older Long-Tenure Grocery
32598,4,Promotion Seekers
32599,0,Older Long-Tenure Grocery
32600,0,Older Long-Tenure Grocery
32601,2,Young Grocery
32602,7,Service Sensitive
32603,0,Older Long-Tenure Grocery
32604,3,Tech Enthusiasts
32606,7,Service Sensitive
32607,2,Young Grocery
32609,7,Service Sensitive
32610,0,Older Long-Tenure Grocery
32611,5,Large Families
32612,6,Protein Enjoyers
32613,6,Protein Enjoyers
32614,4,Promotion Seekers
32615,1,Vegetables-Hygiene Oriented
32616,2,Young Grocery
32617,7,Service Sensitive
32618,6,Protein Enjoyers
32619,4,Promotion Seekers
32621,3,Tech Enthusiasts
32622,4,Promotion Seekers
32623,4,Promotion Seekers
32624,1,Vegetables-Hygiene Oriented
32625,2,Young Grocery
32626,4,Promotion Seekers
32628,0,Older Long-Tenure Grocery
32629,4,Promotion Seekers
32630,3,Tech Enthusiasts
32631,1,Vegetables-Hygiene Oriented
32632,3,Tech Enthusiasts
32633,5,Large Families
32634,3,Tech Enthusiasts
32635,4,Promotion Seekers
32636,4,Promotion Seekers
32637,5,Large Families
32638,2,Young Grocery
32639,1,Vegetables-Hygiene Oriented
32641,2,Young Grocery
32642,7,Service Sensitive
32643,1,Vegetables-Hygiene Oriented
32644,3,Tech Enthusiasts
32645,0,Older Long-Tenure Grocery
32646,3,Tech Enthusiasts
32647,2,Young Grocery
32650,7,Service Sensitive
32651,0,Older Long-Tenure Grocery
32652,0,Older Long-Tenure Grocery
32653,2,Young Grocery
32656,2,Young Grocery
32657,7,Service Sensitive
32658,7,Service Sensitive
32661,4,Promotion Seekers
32662,0,Older Long-Tenure Grocery
32663,2,Young Grocery
32665,3,Tech Enthusiasts
32667,3,Tech Enthusiasts
32668,4,Promotion Seekers
32669,1,Vegetables-Hygiene Oriented
32671,1,Vegetables-Hygiene Oriented
32672,3,Tech Enthusiasts
32674,5,Large Families
32675,4,Promotion Seekers
32676,7,Service Sensitive
32677,0,Older Long-Tenure Grocery
32679,7,Service Sensitive
32680,2,Young Grocery
32682,2,Young Grocery
32683,3,Tech Enthusiasts
32684,2,Young Grocery
32685,4,Promotion Seekers
32686,1,Vegetables-Hygiene Oriented
32687,0,Older Long-Tenure Grocery
32688,1,Vegetables-Hygiene Oriented
32692,1,Vegetables-Hygiene Oriented
32693,7,Service Sensitive
32694,0,Older Long-Tenure Grocery
32695,0,Older Long-Tenure Grocery
32696,5,Large Families
32697,4,Promotion Seekers
32698,0,Older Long-Tenure Grocery
32699,4,Promotion Seekers
32700,0,Older Long-Tenure Grocery
32702,7,Service Sensitive
32703,5,Large Families
32704,1,Vegetables-Hygiene Oriented
32705,4,Promotion Seekers
32706,2,Young Grocery
32707,2,Young Grocery
32708,2,Young Grocery
32709,4,Promotion Seekers
32710,4,Promotion Seekers
32711,1,Vegetables-Hygiene Oriented
32712,2,Young Grocery
32713,4,Promotion Seekers
32714,5,Large Families
32716,2,Young Grocery
32717,0,Older Long-Tenure Grocery
32718,0,Older Long-Tenure Grocery
32720,0,Older Long-Tenure Grocery
32721,4,Promotion Seekers
32722,0,Older Long-Tenure Grocery
32723,6,Protein Enjoyers
32724,5,Large Families
32726,6,Protein Enjoyers
32727,1,Vegetables-Hygiene Oriented
32728,7,Service Sensitive
32729,0,Older Long-Tenure Grocery
32730,4,Promotion Seekers
32731,4,Promotion Seekers
32732,0,Older Long-Tenure Grocery
32733,1,Vegetables-Hygiene Oriented
32734,5,Large Families
32735,1,Vegetables-Hygiene Oriented
32736,3,Tech Enthusiasts
32737,5,Large Families
32738,0,Older Long-Tenure Grocery
32739,1,Vegetables-Hygiene Oriented
32740,7,Service Sensitive
32741,4,Promotion Seekers
32742,4,Promotion Seekers
32743,0,Older Long-Tenure Grocery
32744,0,Older Long-Tenure Grocery
32745,4,Promotion Seekers
32746,2,Young Grocery
32748,4,Promotion Seekers
32749,0,Older Long-Tenure Grocery
32750,1,Vegetables-Hygiene Oriented
32751,4,Promotion Seekers
32752,1,Vegetables-Hygiene Oriented
32754,7,Service Sensitive
32755,7,Service Sensitive
32758,2,Young Grocery
32760,5,Large Families
32761,5,Large Families
32763,3,Tech Enthusiasts
32764,0,Older Long-Tenure Grocery
32765,3,Tech Enthusiasts
32766,7,Service Sensitive
32768,1,Vegetables-Hygiene Oriented
32769,0,Older Long-Tenure Grocery
32770,0,Older Long-Tenure Grocery
32771,4,Promotion Seekers
32772,2,Young Grocery
32773,1,Vegetables-Hygiene Oriented
32775,1,Vegetables-Hygiene Oriented
32776,4,Promotion Seekers
32777,4,Promotion Seekers
32779,7,Service Sensitive
32780,3,Tech Enthusiasts
32783,0,Older Long-Tenure Grocery
32784,0,Older Long-Tenure Grocery
32785,5,Large Families
32786,7,Service Sensitive
32787,1,Vegetables-Hygiene Oriented
32788,2,Young Grocery
32789,5,Large Families
32790,0,Older Long-Tenure Grocery
32791,1,Vegetables-Hygiene Oriented
32794,5,Large Families
32795,1,Vegetables-Hygiene Oriented
32796,1,Vegetables-Hygiene Oriented
32797,6,Protein Enjoyers
32799,1,Vegetables-Hygiene Oriented
32800,7,Service Sensitive
32802,4,Promotion Seekers
32804,6,Protein Enjoyers
32805,5,Large Families
32806,1,Vegetables-Hygiene Oriented
32807,0,Older Long-Tenure Grocery
32810,0,Older Long-Tenure Grocery
32811,2,Young Grocery
32812,3,Tech Enthusiasts
32814,3,Tech Enthusiasts
32815,5,Large Families
32816,5,Large Families
32817,1,Vegetables-Hygiene Oriented
32818,7,Service Sensitive
32819,3,Tech Enthusiasts
32820,4,Promotion Seekers
32821,3,Tech Enthusiasts
32822,2,Young Grocery
32823,2,Young Grocery
32825,4,Promotion Seekers
32826,7,Service Sensitive
32828,2,Young Grocery
32829,0,Older Long-Tenure Grocery
32830,0,Older Long-Tenure Grocery
32831,0,Older Long-Tenure Grocery
32832,4,Promotion Seekers
32833,7,Service Sensitive
32834,6,Protein Enjoyers
32835,0,Older Long-Tenure Grocery
32836,0,Older Long-Tenure Grocery
32837,7,Service Sensitive
32838,1,Vegetables-Hygiene Oriented
32839,1,Vegetables-Hygiene Oriented
32840,7,Service Sensitive
32841,4,Promotion Seekers
32842,4,Promotion Seekers
32843,0,Older Long-Tenure Grocery
32844,6,Protein Enjoyers
32845,4,Promotion Seekers
32846,1,Vegetables-Hygiene Oriented
32847,4,Promotion Seekers
32848,4,Promotion Seekers
32849,4,Promotion Seekers
32850,7,Service Sensitive
32851,1,Vegetables-Hygiene Oriented
32852,2,Young Grocery
32853,3,Tech Enthusiasts
32854,4,Promotion Seekers
32855,3,Tech Enthusiasts
32856,7,Service Sensitive
32858,4,Promotion Seekers
32859,2,Young Grocery
32860,4,Promotion Seekers
32861,1,Vegetables-Hygiene Oriented
32862,2,Young Grocery
32863,7,Service Sensitive
32865,0,Older Long-Tenure Grocery
32867,2,Young Grocery
32868,0,Older Long-Tenure Grocery
32869,3,Tech Enthusiasts
32870,0,Older Long-Tenure Grocery
32871,5,Large Families
32872,3,Tech Enthusiasts
32873,1,Vegetables-Hygiene Oriented
32874,1,Vegetables-Hygiene Oriented
32875,0,Older Long-Tenure Grocery
32876,1,Vegetables-Hygiene Oriented
32877,0,Older Long-Tenure Grocery
32878,7,Service Sensitive
32879,0,Older Long-Tenure Grocery
32881,4,Promotion Seekers
32882,4,Promotion Seekers
32883,5,Large Families
32884,5,Large Families
32885,5,Large Families
32886,4,Promotion Seekers
32887,2,Young Grocery
32889,4,Promotion Seekers
32890,6,Protein Enjoyers
32891,0,Older Long-Tenure Grocery
32892,2,Young Grocery
32893,3,Tech Enthusiasts
32894,1,Vegetables-Hygiene Oriented
32895,0,Older Long-Tenure Grocery
32896,1,Vegetables-Hygiene Oriented
32897,1,Vegetables-Hygiene Oriented
32898,7,Service Sensitive
32899,0,Older Long-Tenure Grocery
32900,3,Tech Enthusiasts
32901,2,Young Grocery
32902,7,Service Sensitive
32904,3,Tech Enthusiasts
32905,0,Older Long-Tenure Grocery
32906,4,Promotion Seekers
32908,7,Service Sensitive
32909,2,Young Grocery
32910,3,Tech Enthusiasts
32911,7,Service Sensitive
32912,0,Older Long-Tenure Grocery
32913,7,Service Sensitive
32914,3,Tech Enthusiasts
32915,6,Protein Enjoyers
32916,2,Young Grocery
32917,0,Older Long-Tenure Grocery
32919,4,Promotion Seekers
32921,0,Older Long-Tenure Grocery
32922,0,Older Long-Tenure Grocery
32923,1,Vegetables-Hygiene Oriented
32924,0,Older Long-Tenure Grocery
32925,0,Older Long-Tenure Grocery
32926,3,Tech Enthusiasts
32927,3,Tech Enthusiasts
32928,6,Protein Enjoyers
32931,0,Older Long-Tenure Grocery
32932,1,Vegetables-Hygiene Oriented
32933,0,Older Long-Tenure Grocery
32935,0,Older Long-Tenure Grocery
32940,2,Young Grocery
32941,1,Vegetables-Hygiene Oriented
32942,4,Promotion Seekers
32943,7,Service Sensitive
32944,4,Promotion Seekers
32945,7,Service Sensitive
32946,4,Promotion Seekers
32948,4,Promotion Seekers
32949,0,Older Long-Tenure Grocery
32950,1,Vegetables-Hygiene Oriented
32951,7,Service Sensitive
32952,2,Young Grocery
32953,0,Older Long-Tenure Grocery
32954,3,Tech Enthusiasts
32955,0,Older Long-Tenure Grocery
32956,1,Vegetables-Hygiene Oriented
32957,2,Young Grocery
32958,4,Promotion Seekers
32959,3,Tech Enthusiasts
32962,0,Older Long-Tenure Grocery
32963,1,Vegetables-Hygiene Oriented
32964,1,Vegetables-Hygiene Oriented
32965,1,Vegetables-Hygiene Oriented
32966,5,Large Families
32967,0,Older Long-Tenure Grocery
32968,4,Promotion Seekers
32970,5,Large Families
32972,1,Vegetables-Hygiene Oriented
32973,4,Promotion Seekers
32974,5,Large Families
32975,5,Large Families
32976,2,Young Grocery
32978,0,Older Long-Tenure Grocery
32979,1,Vegetables-Hygiene Oriented
32981,1,Vegetables-Hygiene Oriented
32982,0,Older Long-Tenure Grocery
32983,4,Promotion Seekers
32984,0,Older Long-Tenure Grocery
32985,7,Service Sensitive
32986,2,Young Grocery
32989,4,Promotion Seekers
32990,0,Older Long-Tenure Grocery
32991,5,Large Families
32992,2,Young Grocery
32993,4,Promotion Seekers
32994,4,Promotion Seekers
32996,2,Young Grocery
32999,4,Promotion Seekers
33000,3,Tech Enthusiasts
33001,0,Older Long-Tenure Grocery
33002,4,Promotion Seekers
33003,5,Large Families
33006,4,Promotion Seekers
33008,7,Service Sensitive
33009,4,Promotion Seekers
33010,7,Service Sensitive
33011,5,Large Families
33012,2,Young Grocery
33013,4,Promotion Seekers
33015,6,Protein Enjoyers
33016,7,Service Sensitive
33017,5,Large Families
33018,7,Service Sensitive
33020,3,Tech Enthusiasts
33022,0,Older Long-Tenure Grocery
33023,0,Older Long-Tenure Grocery
33025,3,Tech Enthusiasts
33028,4,Promotion Seekers
33029,4,Promotion Seekers
33030,1,Vegetables-Hygiene Oriented
33033,7,Service Sensitive
33035,7,Service Sensitive
33036,5,Large Families
33037,0,Older Long-Tenure Grocery
33038,0,Older Long-Tenure Grocery
33039,2,Young Grocery
33041,6,Protein Enjoyers
33043,1,Vegetables-Hygiene Oriented
33044,3,Tech Enthusiasts
33045,0,Older Long-Tenure Grocery
33046,4,Promotion Seekers
33047,4,Promotion Seekers
33048,2,Young Grocery
33049,1,Vegetables-Hygiene Oriented
33050,1,Vegetables-Hygiene Oriented
33052,3,Tech Enthusiasts
33054,6,Protein Enjoyers
33055,4,Promotion Seekers
33056,7,Service Sensitive
33057,6,Protein Enjoyers
33058,0,Older Long-Tenure Grocery
33059,2,Young Grocery
33060,4,Promotion Seekers
33061,3,Tech Enthusiasts
33062,7,Service Sensitive
33063,4,Promotion Seekers
33064,1,Vegetables-Hygiene Oriented
33065,1,Vegetables-Hygiene Oriented
33067,3,Tech Enthusiasts
33068,0,Older Long-Tenure Grocery
33069,4,Promotion Seekers
33071,0,Older Long-Tenure Grocery
33073,2,Young Grocery
33074,2,Young Grocery
33075,0,Older Long-Tenure Grocery
33076,7,Service Sensitive
33080,5,Large Families
33081,0,Older Long-Tenure Grocery
33082,4,Promotion Seekers
33085,1,Vegetables-Hygiene Oriented
33086,4,Promotion Seekers
33087,4,Promotion Seekers
33088,7,Service Sensitive
33089,4,Promotion Seekers
33090,1,Vegetables-Hygiene Oriented
33092,4,Promotion Seekers
33095,7,Service Sensitive
33097,0,Older Long-Tenure Grocery
33098,1,Vegetables-Hygiene Oriented
33099,4,Promotion Seekers
33100,4,Promotion Seekers
33101,4,Promotion Seekers
33102,1,Vegetables-Hygiene Oriented
33103,2,Young Grocery
33104,4,Promotion Seekers
33105,4,Promotion Seekers
33106,1,Vegetables-Hygiene Oriented
33108,0,Older Long-Tenure Grocery
33109,0,Older Long-Tenure Grocery
33110,2,Young Grocery
33111,4,Promotion Seekers
33112,4,Promotion Seekers
33113,4,Promotion Seekers
33115,4,Promotion Seekers
33116,2,Young Grocery
33117,0,Older Long-Tenure Grocery
33119,0,Older Long-Tenure Grocery
33122,3,Tech Enthusiasts
33123,0,Older Long-Tenure Grocery
33124,3,Tech Enthusiasts
33125,4,Promotion Seekers
33127,1,Vegetables-Hygiene Oriented
33128,3,Tech Enthusiasts
33129,5,Large Families
33131,1,Vegetables-Hygiene Oriented
33132,0,Older Long-Tenure Grocery
33133,7,Service Sensitive
33134,4,Promotion Seekers
33136,7,Service Sensitive
33137,0,Older Long-Tenure Grocery
33139,3,Tech Enthusiasts
33140,0,Older Long-Tenure Grocery
33141,0,Older Long-Tenure Grocery
33142,7,Service Sensitive
33143,1,Vegetables-Hygiene Oriented
33144,3,Tech Enthusiasts
33145,1,Vegetables-Hygiene Oriented
33146,4,Promotion Seekers
33148,0,Older Long-Tenure Grocery
33149,1,Vegetables-Hygiene Oriented
33150,6,Protein Enjoyers
33152,0,Older Long-Tenure Grocery
33153,0,Older Long-Tenure Grocery
33154,0,Older Long-Tenure Grocery
33155,4,Promotion Seekers
33156,2,Young Grocery
33158,7,Service Sensitive
33159,4,Promotion Seekers
33160,3,Tech Enthusiasts
33162,7,Service Sensitive
33163,2,Young Grocery
33164,5,Large Families
33165,1,Vegetables-Hygiene Oriented
33167,0,Older Long-Tenure Grocery
33168,4,Promotion Seekers
33169,1,Vegetables-Hygiene Oriented
33170,3,Tech Enthusiasts
33171,4,Promotion Seekers
33172,0,Older Long-Tenure Grocery
33174,7,Service Sensitive
33175,7,Service Sensitive
33176,0,Older Long-Tenure Grocery
33177,2,Young Grocery
33179,3,Tech Enthusiasts
33181,2,Young Grocery
33182,4,Promotion Seekers
33184,4,Promotion Seekers
33185,5,Large Families
33186,4,Promotion Seekers
33187,0,Older Long-Tenure Grocery
33188,4,Promotion Seekers
33189,7,Service Sensitive
33192,4,Promotion Seekers
33195,3,Tech Enthusiasts
33196,1,Vegetables-Hygiene Oriented
33198,0,Older Long-Tenure Grocery
33199,5,Large Families
33200,6,Protein Enjoyers
33201,7,Service Sensitive
33203,4,Promotion Seekers
33204,7,Service Sensitive
33205,7,Service Sensitive
33206,5,Large Families
33207,0,Older Long-Tenure Grocery
33209,7,Service Sensitive
33210,3,Tech Enthusiasts
33211,4,Promotion Seekers
33212,4,Promotion Seekers
33213,2,Young Grocery
33214,0,Older Long-Tenure Grocery
33215,1,Vegetables-Hygiene Oriented
33216,1,Vegetables-Hygiene Oriented
33217,7,Service Sensitive
33218,3,Tech Enthusiasts
33219,1,Vegetables-Hygiene Oriented
33220,1,Vegetables-Hygiene Oriented
33221,1,Vegetables-Hygiene Oriented
33222,3,Tech Enthusiasts
33223,6,Protein Enjoyers
33224,5,Large Families
33225,0,Older Long-Tenure Grocery
33226,0,Older Long-Tenure Grocery
33227,2,Young Grocery
33228,0,Older Long-Tenure Grocery
33229,1,Vegetables-Hygiene Oriented
33230,0,Older Long-Tenure Grocery
33231,0,Older Long-Tenure Grocery
33232,2,Young Grocery
33233,2,Young Grocery
33234,7,Service Sensitive
33235,0,Older Long-Tenure Grocery
33238,7,Service Sensitive
33239,1,Vegetables-Hygiene Oriented
33240,1,Vegetables-Hygiene Oriented
33241,4,Promotion Seekers
33242,2,Young Grocery
33243,2,Young Grocery
33245,7,Service Sensitive
33246,6,Protein Enjoyers
33247,1,Vegetables-Hygiene Oriented
33248,0,Older Long-Tenure Grocery
33249,5,Large Families
33251,0,Older Long-Tenure Grocery
33252,3,Tech Enthusiasts
33253,1,Vegetables-Hygiene Oriented
33254,0,Older Long-Tenure Grocery
33255,4,Promotion Seekers
33256,1,Vegetables-Hygiene Oriented
33257,6,Protein Enjoyers
33258,0,Older Long-Tenure Grocery
33260,0,Older Long-Tenure Grocery
33261,0,Older Long-Tenure Grocery
33263,5,Large Families
33264,0,Older Long-Tenure Grocery
33265,2,Young Grocery
33266,1,Vegetables-Hygiene Oriented
33267,1,Vegetables-Hygiene Oriented
33270,7,Service Sensitive
33271,5,Large Families
33272,7,Service Sensitive
33273,7,Service Sensitive
33274,0,Older Long-Tenure Grocery
33275,2,Young Grocery
33276,0,Older Long-Tenure Grocery
33277,0,Older Long-Tenure Grocery
33279,0,Older Long-Tenure Grocery
33280,2,Young Grocery
33281,4,Promotion Seekers
33282,1,Vegetables-Hygiene Oriented
33283,4,Promotion Seekers
33284,0,Older Long-Tenure Grocery
33285,4,Promotion Seekers
33286,4,Promotion Seekers
33287,4,Promotion Seekers
33288,2,Young Grocery
33289,7,Service Sensitive
33291,2,Young Grocery
33292,2,Young Grocery
33294,7,Service Sensitive
33296,0,Older Long-Tenure Grocery
33297,2,Young Grocery
33301,2,Young Grocery
33302,4,Promotion Seekers
33303,3,Tech Enthusiasts
33304,0,Older Long-Tenure Grocery
33305,5,Large Families
33306,2,Young Grocery
33308,1,Vegetables-Hygiene Oriented
33309,2,Young Grocery
33311,0,Older Long-Tenure Grocery
33312,0,Older Long-Tenure Grocery
33313,2,Young Grocery
33314,6,Protein Enjoyers
33315,4,Promotion Seekers
33316,4,Promotion Seekers
33317,4,Promotion Seekers
33318,3,Tech Enthusiasts
33319,1,Vegetables-Hygiene Oriented
33320,0,Older Long-Tenure Grocery
33321,0,Older Long-Tenure Grocery
33323,6,Protein Enjoyers
33324,7,Service Sensitive
33325,4,Promotion Seekers
33327,0,Older Long-Tenure Grocery
33329,2,Young Grocery
33330,0,Older Long-Tenure Grocery
33331,5,Large Families
33332,0,Older Long-Tenure Grocery
33333,0,Older Long-Tenure Grocery
33334,6,Protein Enjoyers
33335,5,Large Families
33336,1,Vegetables-Hygiene Oriented
33338,5,Large Families
33339,0,Older Long-Tenure Grocery
33340,2,Young Grocery
33342,1,Vegetables-Hygiene Oriented
33343,7,Service Sensitive
33344,0,Older Long-Tenure Grocery
33345,1,Vegetables-Hygiene Oriented
33346,6,Protein Enjoyers
33348,3,Tech Enthusiasts
33349,4,Promotion Seekers
33350,4,Promotion Seekers
33352,4,Promotion Seekers
33353,4,Promotion Seekers
33355,4,Promotion Seekers
33357,0,Older Long-Tenure Grocery
33358,3,Tech Enthusiasts
33359,0,Older Long-Tenure Grocery
33360,3,Tech Enthusiasts
33361,2,Young Grocery
33362,4,Promotion Seekers
33363,7,Service Sensitive
33364,7,Service Sensitive
33365,5,Large Families
33366,2,Young Grocery
33367,4,Promotion Seekers
33369,5,Large Families
33370,1,Vegetables-Hygiene Oriented
33371,2,Young Grocery
33372,3,Tech Enthusiasts
33373,2,Young Grocery
33375,1,Vegetables-Hygiene Oriented
33376,1,Vegetables-Hygiene Oriented
33377,0,Older Long-Tenure Grocery
33378,6,Protein Enjoyers
33379,1,Vegetables-Hygiene Oriented
33380,0,Older Long-Tenure Grocery
33382,4,Promotion Seekers
33383,1,Vegetables-Hygiene Oriented
33384,0,Older Long-Tenure Grocery
33386,5,Large Families
33387,4,Promotion Seekers
33388,3,Tech Enthusiasts
33391,0,Older Long-Tenure Grocery
33393,0,Older Long-Tenure Grocery
33394,2,Young Grocery
33397,7,Service Sensitive
33398,4,Promotion Seekers
33400,4,Promotion Seekers
33401,3,Tech Enthusiasts
33403,7,Service Sensitive
33404,0,Older Long-Tenure Grocery
33406,6,Protein Enjoyers
33407,6,Protein Enjoyers
33408,7,Service Sensitive
33410,7,Service Sensitive
33411,5,Large Families
33412,1,Vegetables-Hygiene Oriented
33413,2,Young Grocery
33414,3,Tech Enthusiasts
33415,5,Large Families
33416,5,Large Families
33417,0,Older Long-Tenure Grocery
33418,1,Vegetables-Hygiene Oriented
33419,1,Vegetables-Hygiene Oriented
33420,2,Young Grocery
33421,0,Older Long-Tenure Grocery
33422,3,Tech Enthusiasts
33423,4,Promotion Seekers
33424,0,Older Long-Tenure Grocery
33425,0,Older Long-Tenure Grocery
33426,4,Promotion Seekers
33427,2,Young Grocery
33428,4,Promotion Seekers
33429,6,Protein Enjoyers
33430,1,Vegetables-Hygiene Oriented
33431,0,Older Long-Tenure Grocery
33432,2,Young Grocery
33433,7,Service Sensitive
33435,7,Service Sensitive
33436,5,Large Families
33437,0,Older Long-Tenure Grocery
33438,3,Tech Enthusiasts
33439,4,Promotion Seekers
33440,0,Older Long-Tenure Grocery
33441,0,Older Long-Tenure Grocery
33443,1,Vegetables-Hygiene Oriented
33445,5,Large Families
33446,4,Promotion Seekers
33447,4,Promotion Seekers
33448,0,Older Long-Tenure Grocery
33449,7,Service Sensitive
33451,0,Older Long-Tenure Grocery
33452,2,Young Grocery
33453,1,Vegetables-Hygiene Oriented
33454,4,Promotion Seekers
33455,7,Service Sensitive
33456,2,Young Grocery
33457,4,Promotion Seekers
33458,1,Vegetables-Hygiene Oriented
33459,4,Promotion Seekers
33460,6,Protein Enjoyers
33461,0,Older Long-Tenure Grocery
33463,1,Vegetables-Hygiene Oriented
33464,0,Older Long-Tenure Grocery
33465,4,Promotion Seekers
33466,7,Service Sensitive
33467,2,Young Grocery
33468,2,Young Grocery
33469,2,Young Grocery
33470,0,Older Long-Tenure Grocery
33471,0,Older Long-Tenure Grocery
33472,2,Young Grocery
33474,0,Older Long-Tenure Grocery
33475,0,Older Long-Tenure Grocery
33476,1,Vegetables-Hygiene Oriented
33477,1,Vegetables-Hygiene Oriented
33478,6,Protein Enjoyers
33479,0,Older Long-Tenure Grocery
33480,7,Service Sensitive
33481,0,Older Long-Tenure Grocery
33483,1,Vegetables-Hygiene Oriented
33484,0,Older Long-Tenure Grocery
33486,1,Vegetables-Hygiene Oriented
33487,1,Vegetables-Hygiene Oriented
33489,3,Tech Enthusiasts
33490,0,Older Long-Tenure Grocery
33494,0,Older Long-Tenure Grocery
33495,3,Tech Enthusiasts
33496,0,Older Long-Tenure Grocery
33497,6,Protein Enjoyers
33498,1,Vegetables-Hygiene Oriented
33499,4,Promotion Seekers
33502,7,Service Sensitive
33503,0,Older Long-Tenure Grocery
33505,1,Vegetables-Hygiene Oriented
33506,2,Young Grocery
33507,0,Older Long-Tenure Grocery
33510,1,Vegetables-Hygiene Oriented
33511,5,Large Families
33512,4,Promotion Seekers
33513,2,Young Grocery
33514,1,Vegetables-Hygiene Oriented
33515,1,Vegetables-Hygiene Oriented
33516,1,Vegetables-Hygiene Oriented
33517,4,Promotion Seekers
33519,1,Vegetables-Hygiene Oriented
33520,7,Service Sensitive
33521,4,Promotion Seekers
33522,6,Protein Enjoyers
33523,3,Tech Enthusiasts
33524,1,Vegetables-Hygiene Oriented
33525,3,Tech Enthusiasts
33526,0,Older Long-Tenure Grocery
33527,0,Older Long-Tenure Grocery
33528,2,Young Grocery
33529,7,Service Sensitive
33530,7,Service Sensitive
33531,4,Promotion Seekers
33532,0,Older Long-Tenure Grocery
33533,7,Service Sensitive
33535,3,Tech Enthusiasts
33536,4,Promotion Seekers
33538,5,Large Families
33539,1,Vegetables-Hygiene Oriented
33540,4,Promotion Seekers
33541,0,Older Long-Tenure Grocery
33542,3,Tech Enthusiasts
33543,3,Tech Enthusiasts
33544,0,Older Long-Tenure Grocery
33546,0,Older Long-Tenure Grocery
33547,1,Vegetables-Hygiene Oriented
33548,0,Older Long-Tenure Grocery
33549,6,Protein Enjoyers
33550,2,Young Grocery
33551,4,Promotion Seekers
33552,7,Service Sensitive
33554,1,Vegetables-Hygiene Oriented
33555,1,Vegetables-Hygiene Oriented
33556,4,Promotion Seekers
33559,5,Large Families
33560,2,Young Grocery
33561,1,Vegetables-Hygiene Oriented
33562,1,Vegetables-Hygiene Oriented
33563,3,Tech Enthusiasts
33564,5,Large Families
33565,6,Protein Enjoyers
33566,3,Tech Enthusiasts
33567,4,Promotion Seekers
33570,4,Promotion Seekers
33571,4,Promotion Seekers
33572,0,Older Long-Tenure Grocery
33573,1,Vegetables-Hygiene Oriented
33574,4,Promotion Seekers
33575,1,Vegetables-Hygiene Oriented
33577,2,Young Grocery
33578,0,Older Long-Tenure Grocery
33579,7,Service Sensitive
33580,7,Service Sensitive
33581,7,Service Sensitive
33582,0,Older Long-Tenure Grocery
33583,1,Vegetables-Hygiene Oriented
33584,2,Young Grocery
33585,2,Young Grocery
33586,0,Older Long-Tenure Grocery
33587,3,Tech Enthusiasts
33588,4,Promotion Seekers
33589,0,Older Long-Tenure Grocery
33590,0,Older Long-Tenure Grocery
33591,2,Young Grocery
33592,4,Promotion Seekers
33593,2,Young Grocery
33594,4,Promotion Seekers
33595,5,Large Families
33596,0,Older Long-Tenure Grocery
33597,2,Young Grocery
33598,4,Promotion Seekers
33599,4,Promotion Seekers
33600,4,Promotion Seekers
33601,1,Vegetables-Hygiene Oriented
33602,2,Young Grocery
33603,2,Young Grocery
33604,6,Protein Enjoyers
33605,7,Service Sensitive
33606,0,Older Long-Tenure Grocery
33607,2,Young Grocery
33608,5,Large Families
33609,7,Service Sensitive
33610,7,Service Sensitive
33611,4,Promotion Seekers
33612,0,Older Long-Tenure Grocery
33613,2,Young Grocery
33614,3,Tech Enthusiasts
33615,5,Large Families
33616,0,Older Long-Tenure Grocery
33618,3,Tech Enthusiasts
33619,2,Young Grocery
33620,0,Older Long-Tenure Grocery
33624,0,Older Long-Tenure Grocery
33626,4,Promotion Seekers
33627,0,Older Long-Tenure Grocery
33628,2,Young Grocery
33629,1,Vegetables-Hygiene Oriented
33630,3,Tech Enthusiasts
33631,0,Older Long-Tenure Grocery
33632,2,Young Grocery
33633,3,Tech Enthusiasts
33635,4,Promotion Seekers
33636,7,Service Sensitive
33637,7,Service Sensitive
33638,1,Vegetables-Hygiene Oriented
33639,4,Promotion Seekers
33640,0,Older Long-Tenure Grocery
33641,0,Older Long-Tenure Grocery
33642,0,Older Long-Tenure Grocery
33643,1,Vegetables-Hygiene Oriented
33644,1,Vegetables-Hygiene Oriented
33645,7,Service Sensitive
33646,0,Older Long-Tenure Grocery
33647,1,Vegetables-Hygiene Oriented
33648,1,Vegetables-Hygiene Oriented
33649,0,Older Long-Tenure Grocery
33650,7,Service Sensitive
33651,0,Older Long-Tenure Grocery
33652,7,Service Sensitive
33654,3,Tech Enthusiasts
33655,5,Large Families
33656,2,Young Grocery
33657,2,Young Grocery
33658,1,Vegetables-Hygiene Oriented
33659,0,Older Long-Tenure Grocery
33660,1,Vegetables-Hygiene Oriented
33661,1,Vegetables-Hygiene Oriented
33662,4,Promotion Seekers
33663,6,Protein Enjoyers
33664,5,Large Families
33665,1,Vegetables-Hygiene Oriented
33666,0,Older Long-Tenure Grocery
33667,0,Older Long-Tenure Grocery
33668,4,Promotion Seekers
33669,3,Tech Enthusiasts
33671,2,Young Grocery
33672,1,Vegetables-Hygiene Oriented
33673,0,Older Long-Tenure Grocery
33674,0,Older Long-Tenure Grocery
33676,2,Young Grocery
33677,7,Service Sensitive
33678,2,Young Grocery
33679,7,Service Sensitive
33680,0,Older Long-Tenure Grocery
33681,3,Tech Enthusiasts
33683,4,Promotion Seekers
33684,4,Promotion Seekers
33685,2,Young Grocery
33686,7,Service Sensitive
33688,1,Vegetables-Hygiene Oriented
33689,0,Older Long-Tenure Grocery
33690,5,Large Families
33691,0,Older Long-Tenure Grocery
33692,5,Large Families
33693,3,Tech Enthusiasts
33694,4,Promotion Seekers
33695,1,Vegetables-Hygiene Oriented
33696,5,Large Families
33697,2,Young Grocery
33698,7,Service Sensitive
33699,6,Protein Enjoyers
33700,0,Older Long-Tenure Grocery
33701,2,Young Grocery
33702,0,Older Long-Tenure Grocery
33703,0,Older Long-Tenure Grocery
33704,1,Vegetables-Hygiene Oriented
33705,1,Vegetables-Hygiene Oriented
33706,7,Service Sensitive
33707,3,Tech Enthusiasts
33709,4,Promotion Seekers
33710,0,Older Long-Tenure Grocery
33711,0,Older Long-Tenure Grocery
33713,0,Older Long-Tenure Grocery
33714,7,Service Sensitive
33715,2,Young Grocery
33716,2,Young Grocery
33717,2,Young Grocery
33718,3,Tech Enthusiasts
33719,7,Service Sensitive
33720,2,Young Grocery
33721,1,Vegetables-Hygiene Oriented
33722,7,Service Sensitive
33723,0,Older Long-Tenure Grocery
33724,4,Promotion Seekers
33725,0,Older Long-Tenure Grocery
33726,1,Vegetables-Hygiene Oriented
33727,4,Promotion Seekers
33729,1,Vegetables-Hygiene Oriented
33730,7,Service Sensitive
33731,7,Service Sensitive
33732,0,Older Long-Tenure Grocery
33733,5,Large Families
33734,0,Older Long-Tenure Grocery
33735,4,Promotion Seekers
33736,7,Service Sensitive
33737,0,Older Long-Tenure Grocery
33739,0,Older Long-Tenure Grocery
33740,0,Older Long-Tenure Grocery
33744,0,Older Long-Tenure Grocery
33745,0,Older Long-Tenure Grocery
33746,4,Promotion Seekers
33747,2,Young Grocery
33749,2,Young Grocery
33750,6,Protein Enjoyers
33751,2,Young Grocery
33752,5,Large Families
33753,4,Promotion Seekers
33754,4,Promotion Seekers
33756,0,Older Long-Tenure Grocery
33757,2,Young Grocery
33758,1,Vegetables-Hygiene Oriented
33759,1,Vegetables-Hygiene Oriented
33760,3,Tech Enthusiasts
33761,6,Protein Enjoyers
33762,0,Older Long-Tenure Grocery
33763,2,Young Grocery
33764,2,Young Grocery
33765,1,Vegetables-Hygiene Oriented
33766,0,Older Long-Tenure Grocery
33767,1,Vegetables-Hygiene Oriented
33768,4,Promotion Seekers
33769,1,Vegetables-Hygiene Oriented
33770,1,Vegetables-Hygiene Oriented
33772,7,Service Sensitive
33773,2,Young Grocery
33774,7,Service Sensitive
33775,0,Older Long-Tenure Grocery
33776,2,Young Grocery
33777,1,Vegetables-Hygiene Oriented
33778,1,Vegetables-Hygiene Oriented
33779,0,Older Long-Tenure Grocery
33780,2,Young Grocery
33781,4,Promotion Seekers
33782,7,Service Sensitive
33783,2,Young Grocery
33785,4,Promotion Seekers
33786,3,Tech Enthusiasts
33787,0,Older Long-Tenure Grocery
33788,0,Older Long-Tenure Grocery
33790,2,Young Grocery
33791,0,Older Long-Tenure Grocery
33792,1,Vegetables-Hygiene Oriented
33793,4,Promotion Seekers
33794,5,Large Families
33795,4,Promotion Seekers
33796,0,Older Long-Tenure Grocery
33797,1,Vegetables-Hygiene Oriented
33798,6,Protein Enjoyers
33800,1,Vegetables-Hygiene Oriented
33802,0,Older Long-Tenure Grocery
33804,6,Protein Enjoyers
33805,3,Tech Enthusiasts
33807,7,Service Sensitive
33808,7,Service Sensitive
33809,2,Young Grocery
33810,1,Vegetables-Hygiene Oriented
33811,2,Young Grocery
33812,0,Older Long-Tenure Grocery
33813,0,Older Long-Tenure Grocery
33814,1,Vegetables-Hygiene Oriented
33815,3,Tech Enthusiasts
33816,0,Older Long-Tenure Grocery
33817,3,Tech Enthusiasts
33818,0,Older Long-Tenure Grocery
33819,4,Promotion Seekers
33820,7,Service Sensitive
33821,7,Service Sensitive
33822,1,Vegetables-Hygiene Oriented
33823,7,Service Sensitive
33826,4,Promotion Seekers
33827,2,Young Grocery
33828,4,Promotion Seekers
33829,1,Vegetables-Hygiene Oriented
33830,4,Promotion Seekers
33831,7,Service Sensitive
33832,4,Promotion Seekers
33833,2,Young Grocery
33834,0,Older Long-Tenure Grocery
33835,1,Vegetables-Hygiene Oriented
33836,2,Young Grocery
33837,3,Tech Enthusiasts
33838,0,Older Long-Tenure Grocery
33839,0,Older Long-Tenure Grocery
33840,7,Service Sensitive
33841,0,Older Long-Tenure Grocery
33843,7,Service Sensitive
33844,6,Protein Enjoyers
33845,1,Vegetables-Hygiene Oriented
33847,0,Older Long-Tenure Grocery
33848,4,Promotion Seekers
33849,1,Vegetables-Hygiene Oriented
33850,2,Young Grocery
33852,6,Protein Enjoyers
33853,0,Older Long-Tenure Grocery
33854,4,Promotion Seekers
33855,4,Promotion Seekers
33856,6,Protein Enjoyers
33858,1,Vegetables-Hygiene Oriented
33859,7,Service Sensitive
33860,4,Promotion Seekers
33861,0,Older Long-Tenure Grocery
33862,0,Older Long-Tenure Grocery
33863,4,Promotion Seekers
33865,4,Promotion Seekers
33866,0,Older Long-Tenure Grocery
33867,4,Promotion Seekers
33868,2,Young Grocery
33869,6,Protein Enjoyers
33870,0,Older Long-Tenure Grocery
33871,4,Promotion Seekers
33872,7,Service Sensitive
33873,2,Young Grocery
33874,0,Older Long-Tenure Grocery
33875,7,Service Sensitive
33876,7,Service Sensitive
33877,1,Vegetables-Hygiene Oriented
33879,2,Young Grocery
33880,4,Promotion Seekers
33881,1,Vegetables-Hygiene Oriented
33882,1,Vegetables-Hygiene Oriented
33883,4,Promotion Seekers
33884,3,Tech Enthusiasts
33886,5,Large Families
33887,7,Service Sensitive
33888,6,Protein Enjoyers
33889,7,Service Sensitive
33890,1,Vegetables-Hygiene Oriented
33891,0,Older Long-Tenure Grocery
33892,1,Vegetables-Hygiene Oriented
33893,4,Promotion Seekers
33894,0,Older Long-Tenure Grocery
33896,6,Protein Enjoyers
33897,3,Tech Enthusiasts
33899,7,Service Sensitive
33900,4,Promotion Seekers
33901,7,Service Sensitive
33903,1,Vegetables-Hygiene Oriented
33905,3,Tech Enthusiasts
33907,4,Promotion Seekers
33908,4,Promotion Seekers
33910,1,Vegetables-Hygiene Oriented
33911,7,Service Sensitive
33912,1,Vegetables-Hygiene Oriented
33913,0,Older Long-Tenure Grocery
33915,3,Tech Enthusiasts
33916,7,Service Sensitive
33918,0,Older Long-Tenure Grocery
33921,0,Older Long-Tenure Grocery
33922,4,Promotion Seekers
33923,4,Promotion Seekers
33924,4,Promotion Seekers
33926,0,Older Long-Tenure Grocery
33927,0,Older Long-Tenure Grocery
33928,0,Older Long-Tenure Grocery
33930,2,Young Grocery
33931,2,Young Grocery
33932,1,Vegetables-Hygiene Oriented
33933,2,Young Grocery
33935,0,Older Long-Tenure Grocery
33936,7,Service Sensitive
33937,4,Promotion Seekers
33938,1,Vegetables-Hygiene Oriented
33939,4,Promotion Seekers
33940,4,Promotion Seekers
33941,5,Large Families
33942,0,Older Long-Tenure Grocery
33943,4,Promotion Seekers
33944,4,Promotion Seekers
33945,5,Large Families
33947,1,Vegetables-Hygiene Oriented
33948,0,Older Long-Tenure Grocery
33951,0,Older Long-Tenure Grocery
33952,2,Young Grocery
33953,0,Older Long-Tenure Grocery
33954,3,Tech Enthusiasts
33957,0,Older Long-Tenure Grocery
33958,4,Promotion Seekers
33959,4,Promotion Seekers
33960,4,Promotion Seekers
33962,1,Vegetables-Hygiene Oriented
33964,3,Tech Enthusiasts
33965,1,Vegetables-Hygiene Oriented
33966,5,Large Families
33967,3,Tech Enthusiasts
33968,4,Promotion Seekers
33969,1,Vegetables-Hygiene Oriented
33970,7,Service Sensitive
33971,3,Tech Enthusiasts
33972,1,Vegetables-Hygiene Oriented
33974,0,Older Long-Tenure Grocery
33975,1,Vegetables-Hygiene Oriented
33976,0,Older Long-Tenure Grocery
33977,1,Vegetables-Hygiene Oriented
33978,0,Older Long-Tenure Grocery
33979,6,Protein Enjoyers
33980,0,Older Long-Tenure Grocery
33981,4,Promotion Seekers
33985,7,Service Sensitive
33986,0,Older Long-Tenure Grocery
33987,3,Tech Enthusiasts
33988,0,Older Long-Tenure Grocery
33989,7,Service Sensitive
33990,0,Older Long-Tenure Grocery
33992,0,Older Long-Tenure Grocery
33993,6,Protein Enjoyers
33994,0,Older Long-Tenure Grocery
33997,4,Promotion Seekers
33998,1,Vegetables-Hygiene Oriented
33999,4,Promotion Seekers
34000,5,Large Families
34002,0,Older Long-Tenure Grocery
34003,0,Older Long-Tenure Grocery
34004,0,Older Long-Tenure Grocery
34005,3,Tech Enthusiasts
34006,7,Service Sensitive
34008,6,Protein Enjoyers
34009,2,Young Grocery
34012,7,Service Sensitive
34013,4,Promotion Seekers
34014,0,Older Long-Tenure Grocery
34015,1,Vegetables-Hygiene Oriented
34016,2,Young Grocery
34017,1,Vegetables-Hygiene Oriented
34018,0,Older Long-Tenure Grocery
34019,3,Tech Enthusiasts
34020,4,Promotion Seekers
34022,0,Older Long-Tenure Grocery
34023,6,Protein Enjoyers
34025,0,Older Long-Tenure Grocery
34027,0,Older Long-Tenure Grocery
34028,7,Service Sensitive
34029,7,Service Sensitive
34030,7,Service Sensitive
34031,0,Older Long-Tenure Grocery
34033,1,Vegetables-Hygiene Oriented
34035,7,Service Sensitive
34037,1,Vegetables-Hygiene Oriented
34038,2,Young Grocery
34039,5,Large Families
34040,1,Vegetables-Hygiene Oriented
34041,1,Vegetables-Hygiene Oriented
34042,0,Older Long-Tenure Grocery
34043,4,Promotion Seekers
34044,0,Older Long-Tenure Grocery
34045,2,Young Grocery
34046,2,Young Grocery
34047,3,Tech Enthusiasts
34050,4,Promotion Seekers
34052,2,Young Grocery
34054,3,Tech Enthusiasts
34056,3,Tech Enthusiasts
34057,5,Large Families
34059,5,Large Families
34060,3,Tech Enthusiasts
34061,2,Young Grocery
34063,3,Tech Enthusiasts
34064,7,Service Sensitive
34065,0,Older Long-Tenure Grocery
34066,1,Vegetables-Hygiene Oriented
34067,4,Promotion Seekers
34068,5,Large Families
34069,2,Young Grocery
34071,3,Tech Enthusiasts
34072,4,Promotion Seekers
34073,7,Service Sensitive
34074,2,Young Grocery
34075,4,Promotion Seekers
34076,3,Tech Enthusiasts
34077,0,Older Long-Tenure Grocery
34078,1,Vegetables-Hygiene Oriented
34079,1,Vegetables-Hygiene Oriented
34080,4,Promotion Seekers
34082,7,Service Sensitive
34083,3,Tech Enthusiasts
34084,5,Large Families
34085,4,Promotion Seekers
34086,7,Service Sensitive
34087,1,Vegetables-Hygiene Oriented
34089,7,Service Sensitive
34091,4,Promotion Seekers
34092,1,Vegetables-Hygiene Oriented
34093,1,Vegetables-Hygiene Oriented
34094,7,Service Sensitive
34096,5,Large Families
34098,3,Tech Enthusiasts
34099,0,Older Long-Tenure Grocery
34100,7,Service Sensitive
34101,0,Older Long-Tenure Grocery
34103,4,Promotion Seekers
34107,2,Young Grocery
34108,0,Older Long-Tenure Grocery
34109,5,Large Families
34112,0,Older Long-Tenure Grocery
34113,7,Service Sensitive
34115,0,Older Long-Tenure Grocery
34116,4,Promotion Seekers
34119,0,Older Long-Tenure Grocery
34120,2,Young Grocery
34122,4,Promotion Seekers
34124,4,Promotion Seekers
34125,0,Older Long-Tenure Grocery
34126,1,Vegetables-Hygiene Oriented
34128,2,Young Grocery
34129,3,Tech Enthusiasts
34130,7,Service Sensitive
34131,1,Vegetables-Hygiene Oriented
34132,3,Tech Enthusiasts
34133,1,Vegetables-Hygiene Oriented
34134,0,Older Long-Tenure Grocery
34135,6,Protein Enjoyers
34136,4,Promotion Seekers
34137,5,Large Families
34138,0,Older Long-Tenure Grocery
34141,5,Large Families
34142,6,Protein Enjoyers
34145,0,Older Long-Tenure Grocery
34146,4,Promotion Seekers
34147,0,Older Long-Tenure Grocery
34148,3,Tech Enthusiasts
34150,2,Young Grocery
34151,0,Older Long-Tenure Grocery
34152,3,Tech Enthusiasts
34153,7,Service Sensitive
34154,4,Promotion Seekers
34155,4,Promotion Seekers
34156,1,Vegetables-Hygiene Oriented
34158,7,Service Sensitive
34159,6,Protein Enjoyers
34160,0,Older Long-Tenure Grocery
34162,1,Vegetables-Hygiene Oriented
34163,2,Young Grocery
34164,2,Young Grocery
34165,0,Older Long-Tenure Grocery
34166,1,Vegetables-Hygiene Oriented
34167,6,Protein Enjoyers
34169,5,Large Families
34170,2,Young Grocery
34171,4,Promotion Seekers
34172,1,Vegetables-Hygiene Oriented
34174,6,Protein Enjoyers
34176,4,Promotion Seekers
34177,1,Vegetables-Hygiene Oriented
34178,5,Large Families
34179,0,Older Long-Tenure Grocery
34180,2,Young Grocery
34182,0,Older Long-Tenure Grocery
34183,0,Older Long-Tenure Grocery
34184,4,Promotion Seekers
34185,2,Young Grocery
34186,0,Older Long-Tenure Grocery
34187,4,Promotion Seekers
34188,0,Older Long-Tenure Grocery
34189,7,Service Sensitive
34190,7,Service Sensitive
34192,0,Older Long-Tenure Grocery
34195,2,Young Grocery
34196,0,Older Long-Tenure Grocery
34197,0,Older Long-Tenure Grocery
34199,7,Service Sensitive
34201,0,Older Long-Tenure Grocery
34202,4,Promotion Seekers
34203,4,Promotion Seekers
34204,4,Promotion Seekers
34205,4,Promotion Seekers
34206,2,Young Grocery
34208,2,Young Grocery
34209,3,Tech Enthusiasts
34210,1,Vegetables-Hygiene Oriented
34211,5,Large Families
34212,0,Older Long-Tenure Grocery
34213,4,Promotion Seekers
34214,1,Vegetables-Hygiene Oriented
34215,1,Vegetables-Hygiene Oriented
34216,0,Older Long-Tenure Grocery
34217,1,Vegetables-Hygiene Oriented
34218,1,Vegetables-Hygiene Oriented
34219,4,Promotion Seekers
34220,3,Tech Enthusiasts
34221,1,Vegetables-Hygiene Oriented
34222,1,Vegetables-Hygiene Oriented
34223,7,Service Sensitive
34224,0,Older Long-Tenure Grocery
34225,0,Older Long-Tenure Grocery
34226,6,Protein Enjoyers
34227,6,Protein Enjoyers
34228,4,Promotion Seekers
34230,5,Large Families
34231,2,Young Grocery
34233,3,Tech Enthusiasts
34234,0,Older Long-Tenure Grocery
34235,4,Promotion Seekers
34236,3,Tech Enthusiasts
34237,5,Large Families
34238,7,Service Sensitive
34239,2,Young Grocery
34240,7,Service Sensitive
34241,4,Promotion Seekers
34243,4,Promotion Seekers
34246,0,Older Long-Tenure Grocery
34247,2,Young Grocery
34248,3,Tech Enthusiasts
34249,0,Older Long-Tenure Grocery
34250,1,Vegetables-Hygiene Oriented
34251,2,Young Grocery
34252,2,Young Grocery
34253,5,Large Families
34254,1,Vegetables-Hygiene Oriented
34256,2,Young Grocery
34257,5,Large Families
34258,6,Protein Enjoyers
34259,7,Service Sensitive
34260,1,Vegetables-Hygiene Oriented
34262,7,Service Sensitive
34265,4,Promotion Seekers
34266,0,Older Long-Tenure Grocery
34267,3,Tech Enthusiasts
34268,5,Large Families
34269,0,Older Long-Tenure Grocery
34270,5,Large Families
34271,4,Promotion Seekers
34272,3,Tech Enthusiasts
34273,6,Protein Enjoyers
34274,7,Service Sensitive
34277,7,Service Sensitive
34278,0,Older Long-Tenure Grocery
34279,4,Promotion Seekers
34280,7,Service Sensitive
34281,2,Young Grocery
34283,4,Promotion Seekers
34286,0,Older Long-Tenure Grocery
34287,0,Older Long-Tenure Grocery
34290,3,Tech Enthusiasts
34291,1,Vegetables-Hygiene Oriented
34293,4,Promotion Seekers
34295,7,Service Sensitive
34296,1,Vegetables-Hygiene Oriented
34297,4,Promotion Seekers
34298,0,Older Long-Tenure Grocery
34300,3,Tech Enthusiasts
34301,0,Older Long-Tenure Grocery
34303,1,Vegetables-Hygiene Oriented
34304,1,Vegetables-Hygiene Oriented
34305,0,Older Long-Tenure Grocery
34306,0,Older Long-Tenure Grocery
34308,0,Older Long-Tenure Grocery
34309,3,Tech Enthusiasts
34310,3,Tech Enthusiasts
34312,0,Older Long-Tenure Grocery
34313,0,Older Long-Tenure Grocery
34314,0,Older Long-Tenure Grocery
34315,1,Vegetables-Hygiene Oriented
34317,1,Vegetables-Hygiene Oriented
34318,5,Large Families
34319,0,Older Long-Tenure Grocery
34320,0,Older Long-Tenure Grocery
34322,7,Service Sensitive
34323,4,Promotion Seekers
34324,0,Older Long-Tenure Grocery
34325,0,Older Long-Tenure Grocery
34326,3,Tech Enthusiasts
34327,0,Older Long-Tenure Grocery
34328,1,Vegetables-Hygiene Oriented
34329,3,Tech Enthusiasts
34330,3,Tech Enthusiasts
34331,4,Promotion Seekers
34332,2,Young Grocery
34334,0,Older Long-Tenure Grocery
34335,1,Vegetables-Hygiene Oriented
34336,4,Promotion Seekers
34337,7,Service Sensitive
34338,0,Older Long-Tenure Grocery
34339,5,Large Families
34341,4,Promotion Seekers
34342,0,Older Long-Tenure Grocery
34343,7,Service Sensitive
34344,1,Vegetables-Hygiene Oriented
34345,4,Promotion Seekers
34346,4,Promotion Seekers
34347,6,Protein Enjoyers
34348,5,Large Families
34349,2,Young Grocery
34350,0,Older Long-Tenure Grocery
34351,7,Service Sensitive
34352,2,Young Grocery
34353,5,Large Families
34354,0,Older Long-Tenure Grocery
34356,4,Promotion Seekers
34357,4,Promotion Seekers
34358,5,Large Families
34359,1,Vegetables-Hygiene Oriented
34360,3,Tech Enthusiasts
34361,5,Large Families
34363,7,Service Sensitive
34364,4,Promotion Seekers
34365,3,Tech Enthusiasts
34366,2,Young Grocery
34367,0,Older Long-Tenure Grocery
34368,1,Vegetables-Hygiene Oriented
34369,0,Older Long-Tenure Grocery
34370,1,Vegetables-Hygiene Oriented
34371,7,Service Sensitive
34372,3,Tech Enthusiasts
34374,0,Older Long-Tenure Grocery
34375,4,Promotion Seekers
34376,4,Promotion Seekers
34377,1,Vegetables-Hygiene Oriented
34378,4,Promotion Seekers
34379,7,Service Sensitive
34381,0,Older Long-Tenure Grocery
34383,0,Older Long-Tenure Grocery
34384,4,Promotion Seekers
34385,7,Service Sensitive
34386,3,Tech Enthusiasts
34389,0,Older Long-Tenure Grocery
34391,1,Vegetables-Hygiene Oriented
34392,7,Service Sensitive
34393,1,Vegetables-Hygiene Oriented
34394,6,Protein Enjoyers
34395,1,Vegetables-Hygiene Oriented
34396,2,Young Grocery
34397,7,Service Sensitive
34398,7,Service Sensitive
34399,4,Promotion Seekers
34400,2,Young Grocery
34401,7,Service Sensitive
34405,1,Vegetables-Hygiene Oriented
34406,0,Older Long-Tenure Grocery
34408,3,Tech Enthusiasts
34409,3,Tech Enthusiasts
34410,3,Tech Enthusiasts
34411,6,Protein Enjoyers
34413,5,Large Families
34414,6,Protein Enjoyers
34415,7,Service Sensitive
34416,2,Young Grocery
34419,0,Older Long-Tenure Grocery
34420,4,Promotion Seekers
34422,2,Young Grocery
34423,0,Older Long-Tenure Grocery
34425,1,Vegetables-Hygiene Oriented
34426,4,Promotion Seekers
34427,0,Older Long-Tenure Grocery
34428,6,Protein Enjoyers
34429,2,Young Grocery
34431,7,Service Sensitive
34432,4,Promotion Seekers
34433,6,Protein Enjoyers
34434,2,Young Grocery
34435,0,Older Long-Tenure Grocery
34436,4,Promotion Seekers
34437,7,Service Sensitive
34438,4,Promotion Seekers
34439,4,Promotion Seekers
34441,1,Vegetables-Hygiene Oriented
34442,4,Promotion Seekers
34443,1,Vegetables-Hygiene Oriented
34444,4,Promotion Seekers
34445,4,Promotion Seekers
34446,0,Older Long-Tenure Grocery
34447,0,Older Long-Tenure Grocery
34448,0,Older Long-Tenure Grocery
34450,0,Older Long-Tenure Grocery
34451,3,Tech Enthusiasts
34452,6,Protein Enjoyers
34453,4,Promotion Seekers
34454,5,Large Families
34455,0,Older Long-Tenure Grocery
34456,4,Promotion Seekers
34457,7,Service Sensitive
34458,1,Vegetables-Hygiene Oriented
34459,6,Protein Enjoyers
34461,1,Vegetables-Hygiene Oriented
34462,0,Older Long-Tenure Grocery
34463,7,Service Sensitive
34464,2,Young Grocery
34465,3,Tech Enthusiasts
34466,4,Promotion Seekers
34467,2,Young Grocery
34469,5,Large Families
34470,4,Promotion Seekers
34471,2,Young Grocery
34472,7,Service Sensitive
34473,4,Promotion Seekers
34474,1,Vegetables-Hygiene Oriented
34475,3,Tech Enthusiasts
34477,4,Promotion Seekers
34479,4,Promotion Seekers
34480,7,Service Sensitive
34481,1,Vegetables-Hygiene Oriented
34482,4,Promotion Seekers
34483,0,Older Long-Tenure Grocery
34485,1,Vegetables-Hygiene Oriented
34486,4,Promotion Seekers
34487,2,Young Grocery
34488,4,Promotion Seekers
34490,4,Promotion Seekers
34492,1,Vegetables-Hygiene Oriented
34493,1,Vegetables-Hygiene Oriented
34494,3,Tech Enthusiasts
34495,3,Tech Enthusiasts
34496,2,Young Grocery
34497,2,Young Grocery
34498,3,Tech Enthusiasts
34499,4,Promotion Seekers
34500,1,Vegetables-Hygiene Oriented
34501,6,Protein Enjoyers
34502,7,Service Sensitive
34503,0,Older Long-Tenure Grocery
34504,4,Promotion Seekers
34505,4,Promotion Seekers
34506,4,Promotion Seekers
34508,7,Service Sensitive
34509,1,Vegetables-Hygiene Oriented
34511,4,Promotion Seekers
34513,5,Large Families
34514,5,Large Families
34515,1,Vegetables-Hygiene Oriented
34516,7,Service Sensitive
34517,2,Young Grocery
34518,1,Vegetables-Hygiene Oriented
34519,5,Large Families
34520,6,Protein Enjoyers
34521,4,Promotion Seekers
34522,0,Older Long-Tenure Grocery
34524,0,Older Long-Tenure Grocery
34525,0,Older Long-Tenure Grocery
34526,4,Promotion Seekers
34527,1,Vegetables-Hygiene Oriented
34528,4,Promotion Seekers
34529,4,Promotion Seekers
34531,4,Promotion Seekers
34532,0,Older Long-Tenure Grocery
34534,1,Vegetables-Hygiene Oriented
34535,1,Vegetables-Hygiene Oriented
34537,4,Promotion Seekers
34539,3,Tech Enthusiasts
34540,1,Vegetables-Hygiene Oriented
34541,4,Promotion Seekers
34542,7,Service Sensitive
34543,2,Young Grocery
34544,4,Promotion Seekers
34546,4,Promotion Seekers
34547,4,Promotion Seekers
34549,4,Promotion Seekers
34550,4,Promotion Seekers
34551,7,Service Sensitive
34552,0,Older Long-Tenure Grocery
34554,2,Young Grocery
34556,0,Older Long-Tenure Grocery
34557,5,Large Families
34558,4,Promotion Seekers
34560,6,Protein Enjoyers
34561,1,Vegetables-Hygiene Oriented
34562,6,Protein Enjoyers
34563,1,Vegetables-Hygiene Oriented
34564,1,Vegetables-Hygiene Oriented
34565,4,Promotion Seekers
34566,6,Protein Enjoyers
34567,1,Vegetables-Hygiene Oriented
34568,4,Promotion Seekers
34569,2,Young Grocery
34570,0,Older Long-Tenure Grocery
34571,7,Service Sensitive
34573,0,Older Long-Tenure Grocery
34575,1,Vegetables-Hygiene Oriented
34576,0,Older Long-Tenure Grocery
34578,3,Tech Enthusiasts
34579,4,Promotion Seekers
34580,0,Older Long-Tenure Grocery
34581,5,Large Families
34582,0,Older Long-Tenure Grocery
34583,2,Young Grocery
34584,4,Promotion Seekers
34585,4,Promotion Seekers
34586,4,Promotion Seekers
34587,1,Vegetables-Hygiene Oriented
34588,4,Promotion Seekers
34589,1,Vegetables-Hygiene Oriented
34590,5,Large Families
34592,0,Older Long-Tenure Grocery
34594,5,Large Families
34595,3,Tech Enthusiasts
34597,2,Young Grocery
34598,2,Young Grocery
34600,0,Older Long-Tenure Grocery
34601,2,Young Grocery
34602,6,Protein Enjoyers
34603,1,Vegetables-Hygiene Oriented
34604,5,Large Families
34605,3,Tech Enthusiasts
34606,5,Large Families
34607,0,Older Long-Tenure Grocery
34608,1,Vegetables-Hygiene Oriented
34609,7,Service Sensitive
34610,7,Service Sensitive
34612,4,Promotion Seekers
34613,3,Tech Enthusiasts
34614,3,Tech Enthusiasts
34615,0,Older Long-Tenure Grocery
34616,0,Older Long-Tenure Grocery
34617,4,Promotion Seekers
34618,2,Young Grocery
34619,2,Young Grocery
34620,0,Older Long-Tenure Grocery
34621,2,Young Grocery
34622,0,Older Long-Tenure Grocery
34624,2,Young Grocery
34625,3,Tech Enthusiasts
34626,1,Vegetables-Hygiene Oriented
34627,1,Vegetables-Hygiene Oriented
34628,0,Older Long-Tenure Grocery
34629,3,Tech Enthusiasts
34630,1,Vegetables-Hygiene Oriented
34631,1,Vegetables-Hygiene Oriented
34632,7,Service Sensitive
34634,0,Older Long-Tenure Grocery
34635,0,Older Long-Tenure Grocery
34636,0,Older Long-Tenure Grocery
34638,3,Tech Enthusiasts
34639,4,Promotion Seekers
34640,0,Older Long-Tenure Grocery
34641,4,Promotion Seekers
34642,4,Promotion Seekers
34643,1,Vegetables-Hygiene Oriented
34644,1,Vegetables-Hygiene Oriented
34645,7,Service Sensitive
34646,0,Older Long-Tenure Grocery
34647,7,Service Sensitive
34649,2,Young Grocery
34650,2,Young Grocery
34652,1,Vegetables-Hygiene Oriented
34653,7,Service Sensitive
34654,7,Service Sensitive
34655,4,Promotion Seekers
34656,0,Older Long-Tenure Grocery
34657,7,Service Sensitive
34659,7,Service Sensitive
34661,4,Promotion Seekers
34662,4,Promotion Seekers
34666,1,Vegetables-Hygiene Oriented
34667,4,Promotion Seekers
34668,2,Young Grocery
34669,0,Older Long-Tenure Grocery
34670,4,Promotion Seekers
34671,1,Vegetables-Hygiene Oriented
34672,7,Service Sensitive
34674,1,Vegetables-Hygiene Oriented
34676,4,Promotion Seekers
34677,3,Tech Enthusiasts
34679,3,Tech Enthusiasts
34680,1,Vegetables-Hygiene Oriented
34682,1,Vegetables-Hygiene Oriented
34683,0,Older Long-Tenure Grocery
34684,0,Older Long-Tenure Grocery
34685,1,Vegetables-Hygiene Oriented
34686,6,Protein Enjoyers
34687,4,Promotion Seekers
34688,4,Promotion Seekers
34689,3,Tech Enthusiasts
34690,7,Service Sensitive
34691,4,Promotion Seekers
34692,0,Older Long-Tenure Grocery
34693,6,Protein Enjoyers
34694,6,Protein Enjoyers
34696,5,Large Families
34697,7,Service Sensitive
34698,0,Older Long-Tenure Grocery
34699,5,Large Families
34700,4,Promotion Seekers
34701,1,Vegetables-Hygiene Oriented
34702,0,Older Long-Tenure Grocery
34703,7,Service Sensitive
34704,6,Protein Enjoyers
34705,4,Promotion Seekers
34706,4,Promotion Seekers
34707,0,Older Long-Tenure Grocery
34708,3,Tech Enthusiasts
34709,0,Older Long-Tenure Grocery
34711,1,Vegetables-Hygiene Oriented
34712,7,Service Sensitive
34713,1,Vegetables-Hygiene Oriented
34714,4,Promotion Seekers
34715,2,Young Grocery
34716,6,Protein Enjoyers
34718,1,Vegetables-Hygiene Oriented
34719,2,Young Grocery
34720,4,Promotion Seekers
34721,2,Young Grocery
34722,4,Promotion Seekers
34723,5,Large Families
34724,3,Tech Enthusiasts
34725,4,Promotion Seekers
34728,0,Older Long-Tenure Grocery
34730,0,Older Long-Tenure Grocery
34731,7,Service Sensitive
34733,0,Older Long-Tenure Grocery
34734,0,Older Long-Tenure Grocery
34735,3,Tech Enthusiasts
34736,4,Promotion Seekers
34737,6,Protein Enjoyers
34738,4,Promotion Seekers
34739,5,Large Families
34740,1,Vegetables-Hygiene Oriented
34741,1,Vegetables-Hygiene Oriented
34743,7,Service Sensitive
34744,0,Older Long-Tenure Grocery
34745,0,Older Long-Tenure Grocery
34747,7,Service Sensitive
34748,0,Older Long-Tenure Grocery
34749,0,Older Long-Tenure Grocery
34750,3,Tech Enthusiasts
34751,4,Promotion Seekers
34753,5,Large Families
34754,7,Service Sensitive
34755,7,Service Sensitive
34756,4,Promotion Seekers
34757,4,Promotion Seekers
34758,5,Large Families
34759,2,Young Grocery
34761,5,Large Families
34762,0,Older Long-Tenure Grocery
34763,6,Protein Enjoyers
34764,2,Young Grocery
34765,7,Service Sensitive
34766,5,Large Families
34767,1,Vegetables-Hygiene Oriented
34768,5,Large Families
34770,4,Promotion Seekers
34772,1,Vegetables-Hygiene Oriented
34773,0,Older Long-Tenure Grocery
34774,7,Service Sensitive
34776,2,Young Grocery
34777,5,Large Families
34778,0,Older Long-Tenure Grocery
34779,6,Protein Enjoyers
34780,4,Promotion Seekers
34781,0,Older Long-Tenure Grocery
34782,0,Older Long-Tenure Grocery
34783,2,Young Grocery
34784,7,Service Sensitive
34785,4,Promotion Seekers
34787,0,Older Long-Tenure Grocery
34788,4,Promotion Seekers
34789,3,Tech Enthusiasts
34790,6,Protein Enjoyers
34791,4,Promotion Seekers
34793,4,Promotion Seekers
34794,1,Vegetables-Hygiene Oriented
34795,4,Promotion Seekers
34796,3,Tech Enthusiasts
34797,1,Vegetables-Hygiene Oriented
34798,3,Tech Enthusiasts
34799,0,Older Long-Tenure Grocery
34800,2,Young Grocery
34801,2,Young Grocery
34802,1,Vegetables-Hygiene Oriented
34803,3,Tech Enthusiasts
34804,3,Tech Enthusiasts
34805,0,Older Long-Tenure Grocery
34806,5,Large Families
34807,0,Older Long-Tenure Grocery
34808,4,Promotion Seekers
34809,4,Promotion Seekers
34810,7,Service Sensitive
34811,0,Older Long-Tenure Grocery
34812,5,Large Families
34814,5,Large Families
34815,5,Large Families
34816,4,Promotion Seekers
34817,5,Large Families
34818,1,Vegetables-Hygiene Oriented
34819,3,Tech Enthusiasts
34820,3,Tech Enthusiasts
34821,1,Vegetables-Hygiene Oriented
34822,6,Protein Enjoyers
34823,0,Older Long-Tenure Grocery
34824,0,Older Long-Tenure Grocery
34825,4,Promotion Seekers
34826,0,Older Long-Tenure Grocery
34827,7,Service Sensitive
34830,1,Vegetables-Hygiene Oriented
34831,0,Older Long-Tenure Grocery
34833,0,Older Long-Tenure Grocery
34834,4,Promotion Seekers
34835,0,Older Long-Tenure Grocery
34836,1,Vegetables-Hygiene Oriented
34837,6,Protein Enjoyers
34838,1,Vegetables-Hygiene Oriented
34839,0,Older Long-Tenure Grocery
34840,7,Service Sensitive
34841,0,Older Long-Tenure Grocery
34843,4,Promotion Seekers
34844,4,Promotion Seekers
34845,0,Older Long-Tenure Grocery
34846,0,Older Long-Tenure Grocery
34847,5,Large Families
34848,0,Older Long-Tenure Grocery
34849,2,Young Grocery
34850,4,Promotion Seekers
34851,1,Vegetables-Hygiene Oriented
34852,0,Older Long-Tenure Grocery
34853,4,Promotion Seekers
34854,6,Protein Enjoyers
34855,6,Protein Enjoyers
34857,6,Protein Enjoyers
34858,1,Vegetables-Hygiene Oriented
34859,0,Older Long-Tenure Grocery
34860,5,Large Families
34861,7,Service Sensitive
34862,4,Promotion Seekers
34863,4,Promotion Seekers
34864,1,Vegetables-Hygiene Oriented
34866,4,Promotion Seekers
34867,3,Tech Enthusiasts
34869,2,Young Grocery
34870,1,Vegetables-Hygiene Oriented
34871,2,Young Grocery
34872,6,Protein Enjoyers
34873,1,Vegetables-Hygiene Oriented
34874,0,Older Long-Tenure Grocery
34875,5,Large Families
34876,4,Promotion Seekers
34877,6,Protein Enjoyers
34878,5,Large Families
34879,7,Service Sensitive
34880,4,Promotion Seekers
34881,1,Vegetables-Hygiene Oriented
34882,7,Service Sensitive
34883,7,Service Sensitive
34884,7,Service Sensitive
34885,1,Vegetables-Hygiene Oriented
34886,4,Promotion Seekers
34887,4,Promotion Seekers
34888,4,Promotion Seekers
34889,1,Vegetables-Hygiene Oriented
34890,4,Promotion Seekers
34891,1,Vegetables-Hygiene Oriented
34892,7,Service Sensitive
34893,0,Older Long-Tenure Grocery
34894,2,Young Grocery
34895,7,Service Sensitive
34897,1,Vegetables-Hygiene Oriented
34898,3,Tech Enthusiasts
34899,5,Large Families
34900,7,Service Sensitive
34902,3,Tech Enthusiasts
34903,0,Older Long-Tenure Grocery
34904,0,Older Long-Tenure Grocery
34905,0,Older Long-Tenure Grocery
34906,3,Tech Enthusiasts
34908,7,Service Sensitive
34909,0,Older Long-Tenure Grocery
34910,2,Young Grocery
34912,2,Young Grocery
34913,1,Vegetables-Hygiene Oriented
34914,2,Young Grocery
34915,1,Vegetables-Hygiene Oriented
34916,0,Older Long-Tenure Grocery
34917,7,Service Sensitive
34918,7,Service Sensitive
34919,5,Large Families
34920,4,Promotion Seekers
34921,7,Service Sensitive
34923,4,Promotion Seekers
34924,0,Older Long-Tenure Grocery
34925,0,Older Long-Tenure Grocery
34926,0,Older Long-Tenure Grocery
34927,2,Young Grocery
34928,4,Promotion Seekers
34929,7,Service Sensitive
34930,7,Service Sensitive
34931,5,Large Families
34932,1,Vegetables-Hygiene Oriented
34933,7,Service Sensitive
34935,5,Large Families
34936,0,Older Long-Tenure Grocery
34937,0,Older Long-Tenure Grocery
34939,0,Older Long-Tenure Grocery
34941,0,Older Long-Tenure Grocery
34942,3,Tech Enthusiasts
34943,2,Young Grocery
34944,0,Older Long-Tenure Grocery
34945,7,Service Sensitive
34946,0,Older Long-Tenure Grocery
34947,7,Service Sensitive
34949,7,Service Sensitive
34950,2,Young Grocery
34951,0,Older Long-Tenure Grocery
34952,4,Promotion Seekers
34953,3,Tech Enthusiasts
34954,4,Promotion Seekers
34955,7,Service Sensitive
34956,0,Older Long-Tenure Grocery
34957,3,Tech Enthusiasts
34958,1,Vegetables-Hygiene Oriented
34959,4,Promotion Seekers
34960,7,Service Sensitive
34961,2,Young Grocery
34962,2,Young Grocery
34963,5,Large Families
34964,4,Promotion Seekers
34965,0,Older Long-Tenure Grocery
34966,2,Young Grocery
34967,7,Service Sensitive
34968,1,Vegetables-Hygiene Oriented
34969,2,Young Grocery
34970,0,Older Long-Tenure Grocery
34971,5,Large Families
34972,0,Older Long-Tenure Grocery
34973,1,Vegetables-Hygiene Oriented
34974,1,Vegetables-Hygiene Oriented
34975,1,Vegetables-Hygiene Oriented
34977,4,Promotion Seekers
34978,5,Large Families
34979,2,Young Grocery
34980,0,Older Long-Tenure Grocery
34981,7,Service Sensitive
34982,4,Promotion Seekers
34983,0,Older Long-Tenure Grocery
34985,1,Vegetables-Hygiene Oriented
34986,4,Promotion Seekers
34987,2,Young Grocery
34988,0,Older Long-Tenure Grocery
34989,3,Tech Enthusiasts
34990,7,Service Sensitive
34991,2,Young Grocery
34992,7,Service Sensitive
34993,4,Promotion Seekers
34994,4,Promotion Seekers
34995,3,Tech Enthusiasts
34996,0,Older Long-Tenure Grocery
34998,0,Older Long-Tenure Grocery
34999,1,Vegetables-Hygiene Oriented
35000,4,Promotion Seekers
35001,2,Young Grocery
35002,5,Large Families
35003,5,Large Families
35004,5,Large Families
35005,1,Vegetables-Hygiene Oriented
35006,7,Service Sensitive
35007,1,Vegetables-Hygiene Oriented
35008,2,Young Grocery
35009,2,Young Grocery
35010,4,Promotion Seekers
35011,2,Young Grocery
35012,0,Older Long-Tenure Grocery
35013,4,Promotion Seekers
35014,5,Large Families
35015,2,Young Grocery
35016,2,Young Grocery
35017,0,Older Long-Tenure Grocery
35018,6,Protein Enjoyers
35019,0,Older Long-Tenure Grocery
35020,6,Protein Enjoyers
35021,5,Large Families
35022,0,Older Long-Tenure Grocery
35023,7,Service Sensitive
35024,1,Vegetables-Hygiene Oriented
35025,1,Vegetables-Hygiene Oriented
35026,2,Young Grocery
35027,1,Vegetables-Hygiene Oriented
35028,4,Promotion Seekers
35029,0,Older Long-Tenure Grocery
35030,0,Older Long-Tenure Grocery
35033,7,Service Sensitive
35034,7,Service Sensitive
35035,3,Tech Enthusiasts
35037,0,Older Long-Tenure Grocery
35038,0,Older Long-Tenure Grocery
35039,1,Vegetables-Hygiene Oriented
35040,2,Young Grocery
35041,4,Promotion Seekers
35042,1,Vegetables-Hygiene Oriented
35043,3,Tech Enthusiasts
35044,6,Protein Enjoyers
35045,0,Older Long-Tenure Grocery
35046,2,Young Grocery
35047,4,Promotion Seekers
35048,4,Promotion Seekers
35049,2,Young Grocery
35050,0,Older Long-Tenure Grocery
35051,2,Young Grocery
35053,4,Promotion Seekers
35055,4,Promotion Seekers
35057,4,Promotion Seekers
35059,1,Vegetables-Hygiene Oriented
35060,6,Protein Enjoyers
35061,7,Service Sensitive
35062,2,Young Grocery
35063,2,Young Grocery
35064,0,Older Long-Tenure Grocery
35065,0,Older Long-Tenure Grocery
35066,1,Vegetables-Hygiene Oriented
35067,4,Promotion Seekers
35068,3,Tech Enthusiasts
35069,1,Vegetables-Hygiene Oriented
35070,3,Tech Enthusiasts
35072,0,Older Long-Tenure Grocery
35073,3,Tech Enthusiasts
35074,0,Older Long-Tenure Grocery
35075,3,Tech Enthusiasts
35076,3,Tech Enthusiasts
35077,1,Vegetables-Hygiene Oriented
35078,1,Vegetables-Hygiene Oriented
35079,1,Vegetables-Hygiene Oriented
35081,1,Vegetables-Hygiene Oriented
35082,4,Promotion Seekers
35083,4,Promotion Seekers
35084,7,Service Sensitive
35086,7,Service Sensitive
35087,4,Promotion Seekers
35088,4,Promotion Seekers
35089,2,Young Grocery
35090,5,Large Families
35091,2,Young Grocery
35092,5,Large Families
35093,4,Promotion Seekers
35094,5,Large Families
35095,4,Promotion Seekers
35096,2,Young Grocery
35097,0,Older Long-Tenure Grocery
35098,3,Tech Enthusiasts
35099,4,Promotion Seekers
35100,7,Service Sensitive
35101,2,Young Grocery
35103,0,Older Long-Tenure Grocery
35105,2,Young Grocery
35106,5,Large Families
35107,7,Service Sensitive
35108,3,Tech Enthusiasts
35109,5,Large Families
35111,1,Vegetables-Hygiene Oriented
35112,3,Tech Enthusiasts
35113,0,Older Long-Tenure Grocery
35114,5,Large Families
35115,0,Older Long-Tenure Grocery
35116,2,Young Grocery
35117,1,Vegetables-Hygiene Oriented
35118,4,Promotion Seekers
35119,5,Large Families
35121,1,Vegetables-Hygiene Oriented
35122,6,Protein Enjoyers
35123,2,Young Grocery
35124,0,Older Long-Tenure Grocery
35126,4,Promotion Seekers
35127,7,Service Sensitive
35128,0,Older Long-Tenure Grocery
35129,4,Promotion Seekers
35131,2,Young Grocery
35132,1,Vegetables-Hygiene Oriented
35133,5,Large Families
35134,1,Vegetables-Hygiene Oriented
35135,0,Older Long-Tenure Grocery
35137,2,Young Grocery
35138,4,Promotion Seekers
35140,1,Vegetables-Hygiene Oriented
35141,4,Promotion Seekers
35142,4,Promotion Seekers
35143,0,Older Long-Tenure Grocery
35144,0,Older Long-Tenure Grocery
35145,3,Tech Enthusiasts
35146,5,Large Families
35147,7,Service Sensitive
35148,2,Young Grocery
35150,3,Tech Enthusiasts
35151,1,Vegetables-Hygiene Oriented
35152,2,Young Grocery
35153,4,Promotion Seekers
35154,0,Older Long-Tenure Grocery
35155,3,Tech Enthusiasts
35156,1,Vegetables-Hygiene Oriented
35157,1,Vegetables-Hygiene Oriented
35158,0,Older Long-Tenure Grocery
35159,0,Older Long-Tenure Grocery
35162,5,Large Families
35163,7,Service Sensitive
35164,2,Young Grocery
35165,4,Promotion Seekers
35167,3,Tech Enthusiasts
35168,5,Large Families
35170,0,Older Long-Tenure Grocery
35172,0,Older Long-Tenure Grocery
35173,7,Service Sensitive
35174,2,Young Grocery
35175,2,Young Grocery
35177,5,Large Families
35178,3,Tech Enthusiasts
35180,3,Tech Enthusiasts
35181,2,Young Grocery
35182,3,Tech Enthusiasts
35183,2,Young Grocery
35184,4,Promotion Seekers
35186,2,Young Grocery
35189,4,Promotion Seekers
35191,4,Promotion Seekers
35192,0,Older Long-Tenure Grocery
35193,4,Promotion Seekers
35194,1,Vegetables-Hygiene Oriented
35195,0,Older Long-Tenure Grocery
35196,4,Promotion Seekers
35197,3,Tech Enthusiasts
35198,7,Service Sensitive
35199,4,Promotion Seekers
35200,7,Service Sensitive
35202,7,Service Sensitive
35204,5,Large Families
35205,4,Promotion Seekers
35206,4,Promotion Seekers
35208,0,Older Long-Tenure Grocery
35209,7,Service Sensitive
35210,4,Promotion Seekers
35211,7,Service Sensitive
35212,0,Older Long-Tenure Grocery
35213,0,Older Long-Tenure Grocery
35214,4,Promotion Seekers
35216,6,Protein Enjoyers
35217,7,Service Sensitive
35219,0,Older Long-Tenure Grocery
35220,3,Tech Enthusiasts
35222,0,Older Long-Tenure Grocery
35223,2,Young Grocery
35224,0,Older Long-Tenure Grocery
35226,0,Older Long-Tenure Grocery
35227,3,Tech Enthusiasts
35228,7,Service Sensitive
35229,4,Promotion Seekers
35230,1,Vegetables-Hygiene Oriented
35231,3,Tech Enthusiasts
35232,5,Large Families
35234,4,Promotion Seekers
35235,3,Tech Enthusiasts
35236,1,Vegetables-Hygiene Oriented
35237,1,Vegetables-Hygiene Oriented
35239,5,Large Families
35240,2,Young Grocery
35241,3,Tech Enthusiasts
35242,0,Older Long-Tenure Grocery
35243,1,Vegetables-Hygiene Oriented
35244,0,Older Long-Tenure Grocery
35245,4,Promotion Seekers
35246,3,Tech Enthusiasts
35247,1,Vegetables-Hygiene Oriented
35248,2,Young Grocery
35249,4,Promotion Seekers
35250,4,Promotion Seekers
35251,1,Vegetables-Hygiene Oriented
35252,5,Large Families
35253,0,Older Long-Tenure Grocery
35254,3,Tech Enthusiasts
35255,7,Service Sensitive
35256,7,Service Sensitive
35257,3,Tech Enthusiasts
35260,1,Vegetables-Hygiene Oriented
35262,1,Vegetables-Hygiene Oriented
35263,0,Older Long-Tenure Grocery
35264,1,Vegetables-Hygiene Oriented
35265,1,Vegetables-Hygiene Oriented
35266,4,Promotion Seekers
35268,1,Vegetables-Hygiene Oriented
35270,2,Young Grocery
35271,6,Protein Enjoyers
35272,3,Tech Enthusiasts
35275,7,Service Sensitive
35276,3,Tech Enthusiasts
35279,4,Promotion Seekers
35281,7,Service Sensitive
35282,3,Tech Enthusiasts
35283,6,Protein Enjoyers
35285,3,Tech Enthusiasts
35287,1,Vegetables-Hygiene Oriented
35288,0,Older Long-Tenure Grocery
35289,5,Large Families
35290,5,Large Families
35291,0,Older Long-Tenure Grocery
35292,1,Vegetables-Hygiene Oriented
35293,3,Tech Enthusiasts
35294,4,Promotion Seekers
35295,7,Service Sensitive
35296,0,Older Long-Tenure Grocery
35297,2,Young Grocery
35298,3,Tech Enthusiasts
35299,3,Tech Enthusiasts
35300,1,Vegetables-Hygiene Oriented
35302,1,Vegetables-Hygiene Oriented
35303,0,Older Long-Tenure Grocery
35304,1,Vegetables-Hygiene Oriented
35306,7,Service Sensitive
35307,0,Older Long-Tenure Grocery
35308,4,Promotion Seekers
35309,2,Young Grocery
35310,7,Service Sensitive
35311,3,Tech Enthusiasts
35312,4,Promotion Seekers
35313,7,Service Sensitive
35314,5,Large Families
35315,7,Service Sensitive
35316,2,Young Grocery
35317,4,Promotion Seekers
35318,0,Older Long-Tenure Grocery
35319,3,Tech Enthusiasts
35321,1,Vegetables-Hygiene Oriented
35323,1,Vegetables-Hygiene Oriented
35324,2,Young Grocery
35325,3,Tech Enthusiasts
35326,1,Vegetables-Hygiene Oriented
35327,0,Older Long-Tenure Grocery
35328,6,Protein Enjoyers
35329,4,Promotion Seekers
35330,6,Protein Enjoyers
35331,0,Older Long-Tenure Grocery
35333,7,Service Sensitive
35334,4,Promotion Seekers
35335,4,Promotion Seekers
35336,3,Tech Enthusiasts
35337,2,Young Grocery
35338,7,Service Sensitive
35339,0,Older Long-Tenure Grocery
35340,7,Service Sensitive
35341,6,Protein Enjoyers
35342,1,Vegetables-Hygiene Oriented
35343,0,Older Long-Tenure Grocery
35344,1,Vegetables-Hygiene Oriented
35346,0,Older Long-Tenure Grocery
35347,0,Older Long-Tenure Grocery
35350,0,Older Long-Tenure Grocery
35351,7,Service Sensitive
35353,1,Vegetables-Hygiene Oriented
35354,2,Young Grocery
35356,1,Vegetables-Hygiene Oriented
35358,3,Tech Enthusiasts
35361,1,Vegetables-Hygiene Oriented
35363,2,Young Grocery
35364,0,Older Long-Tenure Grocery
35365,1,Vegetables-Hygiene Oriented
35367,0,Older Long-Tenure Grocery
35368,2,Young Grocery
35369,3,Tech Enthusiasts
35370,1,Vegetables-Hygiene Oriented
35371,7,Service Sensitive
35372,0,Older Long-Tenure Grocery
35373,1,Vegetables-Hygiene Oriented
35374,6,Protein Enjoyers
35375,4,Promotion Seekers
35376,1,Vegetables-Hygiene Oriented
35377,5,Large Families
35378,0,Older Long-Tenure Grocery
35379,4,Promotion Seekers
35380,7,Service Sensitive
35381,0,Older Long-Tenure Grocery
35383,4,Promotion Seekers
35384,1,Vegetables-Hygiene Oriented
35385,2,Young Grocery
35386,1,Vegetables-Hygiene Oriented
35387,3,Tech Enthusiasts
35389,1,Vegetables-Hygiene Oriented
35390,2,Young Grocery
35391,2,Young Grocery
35393,6,Protein Enjoyers
35395,0,Older Long-Tenure Grocery
35396,4,Promotion Seekers
35397,0,Older Long-Tenure Grocery
35399,0,Older Long-Tenure Grocery
35400,2,Young Grocery
35401,0,Older Long-Tenure Grocery
35402,4,Promotion Seekers
35404,1,Vegetables-Hygiene Oriented
35405,4,Promotion Seekers
35406,5,Large Families
35407,0,Older Long-Tenure Grocery
35409,0,Older Long-Tenure Grocery
35410,4,Promotion Seekers
35412,0,Older Long-Tenure Grocery
35413,7,Service Sensitive
35414,4,Promotion Seekers
35415,2,Young Grocery
35416,7,Service Sensitive
35417,1,Vegetables-Hygiene Oriented
35418,3,Tech Enthusiasts
35419,0,Older Long-Tenure Grocery
35420,1,Vegetables-Hygiene Oriented
35421,4,Promotion Seekers
35423,1,Vegetables-Hygiene Oriented
35424,0,Older Long-Tenure Grocery
35425,2,Young Grocery
35426,1,Vegetables-Hygiene Oriented
35427,7,Service Sensitive
35428,7,Service Sensitive
35429,1,Vegetables-Hygiene Oriented
35430,0,Older Long-Tenure Grocery
35431,3,Tech Enthusiasts
35432,2,Young Grocery
35433,4,Promotion Seekers
35434,7,Service Sensitive
35436,7,Service Sensitive
35437,4,Promotion Seekers
35438,4,Promotion Seekers
35439,4,Promotion Seekers
35440,5,Large Families
35441,0,Older Long-Tenure Grocery
35442,7,Service Sensitive
35444,0,Older Long-Tenure Grocery
35445,5,Large Families
35446,1,Vegetables-Hygiene Oriented
35447,1,Vegetables-Hygiene Oriented
35448,7,Service Sensitive
35450,1,Vegetables-Hygiene Oriented
35451,5,Large Families
35452,2,Young Grocery
35453,3,Tech Enthusiasts
35454,5,Large Families
35455,0,Older Long-Tenure Grocery
35456,0,Older Long-Tenure Grocery
35457,4,Promotion Seekers
35458,0,Older Long-Tenure Grocery
35459,0,Older Long-Tenure Grocery
35460,4,Promotion Seekers
35461,2,Young Grocery
35462,4,Promotion Seekers
35463,1,Vegetables-Hygiene Oriented
35464,4,Promotion Seekers
35465,0,Older Long-Tenure Grocery
35466,3,Tech Enthusiasts
35467,0,Older Long-Tenure Grocery
35468,5,Large Families
35469,1,Vegetables-Hygiene Oriented
35470,2,Young Grocery
35471,6,Protein Enjoyers
35473,4,Promotion Seekers
35475,1,Vegetables-Hygiene Oriented
35477,1,Vegetables-Hygiene Oriented
35478,3,Tech Enthusiasts
35479,0,Older Long-Tenure Grocery
35480,1,Vegetables-Hygiene Oriented
35481,0,Older Long-Tenure Grocery
35483,0,Older Long-Tenure Grocery
35484,2,Young Grocery
35485,7,Service Sensitive
35486,4,Promotion Seekers
35487,6,Protein Enjoyers
35488,1,Vegetables-Hygiene Oriented
35489,2,Young Grocery
35490,0,Older Long-Tenure Grocery
35491,7,Service Sensitive
35492,4,Promotion Seekers
35493,2,Young Grocery
35495,1,Vegetables-Hygiene Oriented
35497,2,Young Grocery
35499,1,Vegetables-Hygiene Oriented
35500,1,Vegetables-Hygiene Oriented
35501,7,Service Sensitive
35502,6,Protein Enjoyers
35503,4,Promotion Seekers
35505,5,Large Families
35506,7,Service Sensitive
35508,7,Service Sensitive
35509,5,Large Families
35510,0,Older Long-Tenure Grocery
35511,4,Promotion Seekers
35512,2,Young Grocery
35513,4,Promotion Seekers
35515,5,Large Families
35516,1,Vegetables-Hygiene Oriented
35517,1,Vegetables-Hygiene Oriented
35519,5,Large Families
35520,4,Promotion Seekers
35521,0,Older Long-Tenure Grocery
35523,1,Vegetables-Hygiene Oriented
35525,0,Older Long-Tenure Grocery
35526,7,Service Sensitive
35527,4,Promotion Seekers
35528,6,Protein Enjoyers
35529,0,Older Long-Tenure Grocery
35530,0,Older Long-Tenure Grocery
35531,1,Vegetables-Hygiene Oriented
35532,2,Young Grocery
35533,2,Young Grocery
35535,7,Service Sensitive
35536,2,Young Grocery
35537,7,Service Sensitive
35538,7,Service Sensitive
35539,7,Service Sensitive
35540,5,Large Families
35541,4,Promotion Seekers
35542,1,Vegetables-Hygiene Oriented
35543,1,Vegetables-Hygiene Oriented
35544,7,Service Sensitive
35545,1,Vegetables-Hygiene Oriented
35548,6,Protein Enjoyers
35549,2,Young Grocery
35551,0,Older Long-Tenure Grocery
35552,4,Promotion Seekers
35553,6,Protein Enjoyers
35554,1,Vegetables-Hygiene Oriented
35556,7,Service Sensitive
35557,0,Older Long-Tenure Grocery
35558,1,Vegetables-Hygiene Oriented
35559,4,Promotion Seekers
35560,1,Vegetables-Hygiene Oriented
35561,6,Protein Enjoyers
35562,2,Young Grocery
35563,2,Young Grocery
35564,7,Service Sensitive
35566,0,Older Long-Tenure Grocery
35567,0,Older Long-Tenure Grocery
35568,4,Promotion Seekers
35569,0,Older Long-Tenure Grocery
35570,1,Vegetables-Hygiene Oriented
35571,2,Young Grocery
35572,5,Large Families
35574,2,Young Grocery
35575,1,Vegetables-Hygiene Oriented
35576,0,Older Long-Tenure Grocery
35579,2,Young Grocery
35580,0,Older Long-Tenure Grocery
35581,1,Vegetables-Hygiene Oriented
35582,2,Young Grocery
35583,2,Young Grocery
35584,4,Promotion Seekers
35586,1,Vegetables-Hygiene Oriented
35589,1,Vegetables-Hygiene Oriented
35590,2,Young Grocery
35591,0,Older Long-Tenure Grocery
35592,2,Young Grocery
35593,6,Protein Enjoyers
35594,2,Young Grocery
35595,0,Older Long-Tenure Grocery
35596,0,Older Long-Tenure Grocery
35599,3,Tech Enthusiasts
35600,0,Older Long-Tenure Grocery
35602,0,Older Long-Tenure Grocery
35603,2,Young Grocery
35604,4,Promotion Seekers
35605,4,Promotion Seekers
35606,4,Promotion Seekers
35607,0,Older Long-Tenure Grocery
35608,2,Young Grocery
35609,0,Older Long-Tenure Grocery
35610,4,Promotion Seekers
35611,0,Older Long-Tenure Grocery
35612,3,Tech Enthusiasts
35614,3,Tech Enthusiasts
35617,7,Service Sensitive
35618,2,Young Grocery
35619,7,Service Sensitive
35620,0,Older Long-Tenure Grocery
35621,0,Older Long-Tenure Grocery
35623,0,Older Long-Tenure Grocery
35624,3,Tech Enthusiasts
35625,2,Young Grocery
35626,7,Service Sensitive
35627,1,Vegetables-Hygiene Oriented
35629,1,Vegetables-Hygiene Oriented
35632,3,Tech Enthusiasts
35633,5,Large Families
35634,7,Service Sensitive
35635,4,Promotion Seekers
35636,0,Older Long-Tenure Grocery
35637,1,Vegetables-Hygiene Oriented
35638,7,Service Sensitive
35639,2,Young Grocery
35640,2,Young Grocery
35641,3,Tech Enthusiasts
35642,6,Protein Enjoyers
35644,2,Young Grocery
35645,2,Young Grocery
35647,4,Promotion Seekers
35648,2,Young Grocery
35649,2,Young Grocery
35650,0,Older Long-Tenure Grocery
35654,3,Tech Enthusiasts
35656,5,Large Families
35657,0,Older Long-Tenure Grocery
35658,1,Vegetables-Hygiene Oriented
35659,2,Young Grocery
35661,4,Promotion Seekers
35662,0,Older Long-Tenure Grocery
35663,5,Large Families
35666,7,Service Sensitive
35667,4,Promotion Seekers
35668,3,Tech Enthusiasts
35669,7,Service Sensitive
35670,5,Large Families
35671,4,Promotion Seekers
35672,7,Service Sensitive
35673,3,Tech Enthusiasts
35674,2,Young Grocery
35675,7,Service Sensitive
35676,4,Promotion Seekers
35678,5,Large Families
35679,1,Vegetables-Hygiene Oriented
35680,0,Older Long-Tenure Grocery
35682,6,Protein Enjoyers
35684,0,Older Long-Tenure Grocery
35685,1,Vegetables-Hygiene Oriented
35686,0,Older Long-Tenure Grocery
35688,2,Young Grocery
35689,0,Older Long-Tenure Grocery
35690,1,Vegetables-Hygiene Oriented
35691,7,Service Sensitive
35692,1,Vegetables-Hygiene Oriented
35693,4,Promotion Seekers
35694,0,Older Long-Tenure Grocery
35696,7,Service Sensitive
35697,2,Young Grocery
35698,5,Large Families
35699,0,Older Long-Tenure Grocery
35700,1,Vegetables-Hygiene Oriented
35701,4,Promotion Seekers
35702,6,Protein Enjoyers
35703,4,Promotion Seekers
35704,7,Service Sensitive
35705,0,Older Long-Tenure Grocery
35707,2,Young Grocery
35709,7,Service Sensitive
35710,1,Vegetables-Hygiene Oriented
35711,4,Promotion Seekers
35712,4,Promotion Seekers
35713,5,Large Families
35714,4,Promotion Seekers
35715,4,Promotion Seekers
35718,4,Promotion Seekers
35721,0,Older Long-Tenure Grocery
35722,2,Young Grocery
35723,1,Vegetables-Hygiene Oriented
35724,2,Young Grocery
35725,1,Vegetables-Hygiene Oriented
35726,0,Older Long-Tenure Grocery
35727,1,Vegetables-Hygiene Oriented
35728,4,Promotion Seekers
35729,3,Tech Enthusiasts
35730,0,Older Long-Tenure Grocery
35731,0,Older Long-Tenure Grocery
35732,3,Tech Enthusiasts
35734,4,Promotion Seekers
35735,5,Large Families
35736,1,Vegetables-Hygiene Oriented
35737,2,Young Grocery
35738,2,Young Grocery
35740,4,Promotion Seekers
35741,2,Young Grocery
35742,6,Protein Enjoyers
35743,0,Older Long-Tenure Grocery
35745,0,Older Long-Tenure Grocery
35747,4,Promotion Seekers
35748,0,Older Long-Tenure Grocery
35749,0,Older Long-Tenure Grocery
35750,5,Large Families
35751,3,Tech Enthusiasts
35752,7,Service Sensitive
35753,2,Young Grocery
35754,7,Service Sensitive
35755,2,Young Grocery
35756,1,Vegetables-Hygiene Oriented
35757,3,Tech Enthusiasts
35758,7,Service Sensitive
35760,2,Young Grocery
35761,2,Young Grocery
35762,1,Vegetables-Hygiene Oriented
35764,4,Promotion Seekers
35765,0,Older Long-Tenure Grocery
35766,2,Young Grocery
35767,0,Older Long-Tenure Grocery
35768,4,Promotion Seekers
35769,0,Older Long-Tenure Grocery
35770,3,Tech Enthusiasts
35772,4,Promotion Seekers
35773,7,Service Sensitive
35774,4,Promotion Seekers
35775,1,Vegetables-Hygiene Oriented
35776,5,Large Families
35777,0,Older Long-Tenure Grocery
35778,1,Vegetables-Hygiene Oriented
35779,0,Older Long-Tenure Grocery
35780,3,Tech Enthusiasts
35781,7,Service Sensitive
35782,2,Young Grocery
35786,4,Promotion Seekers
35789,0,Older Long-Tenure Grocery
35790,1,Vegetables-Hygiene Oriented
35791,0,Older Long-Tenure Grocery
35793,5,Large Families
35794,0,Older Long-Tenure Grocery
35795,0,Older Long-Tenure Grocery
35796,3,Tech Enthusiasts
35797,1,Vegetables-Hygiene Oriented
35798,2,Young Grocery
35799,5,Large Families
35800,7,Service Sensitive
35801,6,Protein Enjoyers
35802,0,Older Long-Tenure Grocery
35803,3,Tech Enthusiasts
35804,1,Vegetables-Hygiene Oriented
35805,0,Older Long-Tenure Grocery
35806,1,Vegetables-Hygiene Oriented
35807,1,Vegetables-Hygiene Oriented
35808,0,Older Long-Tenure Grocery
35809,3,Tech Enthusiasts
35810,2,Young Grocery
35813,1,Vegetables-Hygiene Oriented
35814,0,Older Long-Tenure Grocery
35815,7,Service Sensitive
35816,4,Promotion Seekers
35817,6,Protein Enjoyers
35818,3,Tech Enthusiasts
35819,7,Service Sensitive
35820,5,Large Families
35821,7,Service Sensitive
35822,4,Promotion Seekers
35823,1,Vegetables-Hygiene Oriented
35824,7,Service Sensitive
35826,2,Young Grocery
35827,5,Large Families
35828,1,Vegetables-Hygiene Oriented
35829,4,Promotion Seekers
35831,6,Protein Enjoyers
35832,4,Promotion Seekers
35833,2,Young Grocery
35835,5,Large Families
35837,1,Vegetables-Hygiene Oriented
35838,4,Promotion Seekers
35839,2,Young Grocery
35840,1,Vegetables-Hygiene Oriented
35841,0,Older Long-Tenure Grocery
35842,4,Promotion Seekers
35843,7,Service Sensitive
35844,5,Large Families
35845,4,Promotion Seekers
35846,0,Older Long-Tenure Grocery
35848,1,Vegetables-Hygiene Oriented
35850,7,Service Sensitive
35851,7,Service Sensitive
35853,0,Older Long-Tenure Grocery
35854,7,Service Sensitive
35855,1,Vegetables-Hygiene Oriented
35857,0,Older Long-Tenure Grocery
35858,1,Vegetables-Hygiene Oriented
35859,0,Older Long-Tenure Grocery
35860,4,Promotion Seekers
35861,2,Young Grocery
35862,4,Promotion Seekers
35863,6,Protein Enjoyers
35864,1,Vegetables-Hygiene Oriented
35865,7,Service Sensitive
35866,7,Service Sensitive
35867,6,Protein Enjoyers
35868,4,Promotion Seekers
35869,3,Tech Enthusiasts
35870,2,Young Grocery
35871,6,Protein Enjoyers
35872,2,Young Grocery
35873,1,Vegetables-Hygiene Oriented
35874,2,Young Grocery
35875,5,Large Families
35876,4,Promotion Seekers
35877,3,Tech Enthusiasts
35880,2,Young Grocery
35881,1,Vegetables-Hygiene Oriented
35882,4,Promotion Seekers
35883,1,Vegetables-Hygiene Oriented
35884,1,Vegetables-Hygiene Oriented
35885,1,Vegetables-Hygiene Oriented
35886,2,Young Grocery
35887,1,Vegetables-Hygiene Oriented
35888,0,Older Long-Tenure Grocery
35889,1,Vegetables-Hygiene Oriented
35891,2,Young Grocery
35893,0,Older Long-Tenure Grocery
35894,3,Tech Enthusiasts
35895,4,Promotion Seekers
35897,4,Promotion Seekers
35898,0,Older Long-Tenure Grocery
35899,0,Older Long-Tenure Grocery
35900,0,Older Long-Tenure Grocery
35901,2,Young Grocery
35902,7,Service Sensitive
35903,4,Promotion Seekers
35904,4,Promotion Seekers
35907,1,Vegetables-Hygiene Oriented
35908,0,Older Long-Tenure Grocery
35909,4,Promotion Seekers
35911,1,Vegetables-Hygiene Oriented
35912,2,Young Grocery
35914,5,Large Families
35915,0,Older Long-Tenure Grocery
35916,4,Promotion Seekers
35917,0,Older Long-Tenure Grocery
35918,1,Vegetables-Hygiene Oriented
35919,5,Large Families
35920,0,Older Long-Tenure Grocery
35921,0,Older Long-Tenure Grocery
35922,1,Vegetables-Hygiene Oriented
35923,0,Older Long-Tenure Grocery
35924,4,Promotion Seekers
35925,2,Young Grocery
35927,5,Large Families
35928,4,Promotion Seekers
35929,2,Young Grocery
35930,4,Promotion Seekers
35931,7,Service Sensitive
35932,3,Tech Enthusiasts
35933,0,Older Long-Tenure Grocery
35934,4,Promotion Seekers
35935,1,Vegetables-Hygiene Oriented
35936,4,Promotion Seekers
35937,4,Promotion Seekers
35938,7,Service Sensitive
35939,0,Older Long-Tenure Grocery
35940,4,Promotion Seekers
35944,0,Older Long-Tenure Grocery
35946,2,Young Grocery
35950,4,Promotion Seekers
35951,1,Vegetables-Hygiene Oriented
35952,0,Older Long-Tenure Grocery
35954,7,Service Sensitive
35955,4,Promotion Seekers
35956,6,Protein Enjoyers
35958,5,Large Families
35959,1,Vegetables-Hygiene Oriented
35960,4,Promotion Seekers
35961,1,Vegetables-Hygiene Oriented
35962,6,Protein Enjoyers
35963,4,Promotion Seekers
35964,7,Service Sensitive
35965,7,Service Sensitive
35966,4,Promotion Seekers
35967,4,Promotion Seekers
35968,0,Older Long-Tenure Grocery
35969,1,Vegetables-Hygiene Oriented
35972,2,Young Grocery
35973,3,Tech Enthusiasts
35975,1,Vegetables-Hygiene Oriented
35976,0,Older Long-Tenure Grocery
35977,7,Service Sensitive
35978,0,Older Long-Tenure Grocery
35979,3,Tech Enthusiasts
35980,3,Tech Enthusiasts
35981,3,Tech Enthusiasts
35983,0,Older Long-Tenure Grocery
35984,4,Promotion Seekers
35987,2,Young Grocery
35988,6,Protein Enjoyers
35989,7,Service Sensitive
35990,2,Young Grocery
35991,0,Older Long-Tenure Grocery
35992,4,Promotion Seekers
35993,2,Young Grocery
35994,3,Tech Enthusiasts
35996,6,Protein Enjoyers
35997,6,Protein Enjoyers
35999,0,Older Long-Tenure Grocery
36000,3,Tech Enthusiasts
36001,0,Older Long-Tenure Grocery
36002,0,Older Long-Tenure Grocery
36004,0,Older Long-Tenure Grocery
36005,7,Service Sensitive
36006,1,Vegetables-Hygiene Oriented
36008,3,Tech Enthusiasts
36009,4,Promotion Seekers
36010,4,Promotion Seekers
36011,1,Vegetables-Hygiene Oriented
36013,5,Large Families
36014,4,Promotion Seekers
36015,4,Promotion Seekers
36016,5,Large Families
36017,7,Service Sensitive
36018,5,Large Families
36019,1,Vegetables-Hygiene Oriented
36020,6,Protein Enjoyers
36021,1,Vegetables-Hygiene Oriented
36022,4,Promotion Seekers
36023,4,Promotion Seekers
36024,3,Tech Enthusiasts
36025,1,Vegetables-Hygiene Oriented
36026,0,Older Long-Tenure Grocery
36028,0,Older Long-Tenure Grocery
36030,4,Promotion Seekers
36031,1,Vegetables-Hygiene Oriented
36032,6,Protein Enjoyers
36034,2,Young Grocery
36035,0,Older Long-Tenure Grocery
36036,7,Service Sensitive
36038,1,Vegetables-Hygiene Oriented
36039,3,Tech Enthusiasts
36040,4,Promotion Seekers
36041,3,Tech Enthusiasts
36042,4,Promotion Seekers
36043,1,Vegetables-Hygiene Oriented
36044,3,Tech Enthusiasts
36046,6,Protein Enjoyers
36047,7,Service Sensitive
36048,4,Promotion Seekers
36049,0,Older Long-Tenure Grocery
36050,4,Promotion Seekers
36051,4,Promotion Seekers
36052,0,Older Long-Tenure Grocery
36053,4,Promotion Seekers
36054,2,Young Grocery
36055,2,Young Grocery
36056,6,Protein Enjoyers
36057,5,Large Families
36058,2,Young Grocery
36060,0,Older Long-Tenure Grocery
36061,0,Older Long-Tenure Grocery
36062,5,Large Families
36064,1,Vegetables-Hygiene Oriented
36065,4,Promotion Seekers
36066,4,Promotion Seekers
36067,5,Large Families
36068,2,Young Grocery
36069,7,Service Sensitive
36070,7,Service Sensitive
36071,4,Promotion Seekers
36072,0,Older Long-Tenure Grocery
36073,2,Young Grocery
36074,5,Large Families
36076,1,Vegetables-Hygiene Oriented
36077,0,Older Long-Tenure Grocery
36079,0,Older Long-Tenure Grocery
36080,1,Vegetables-Hygiene Oriented
36081,0,Older Long-Tenure Grocery
36083,5,Large Families
36084,2,Young Grocery
36085,1,Vegetables-Hygiene Oriented
36086,4,Promotion Seekers
36088,0,Older Long-Tenure Grocery
36090,2,Young Grocery
36091,0,Older Long-Tenure Grocery
36092,7,Service Sensitive
36093,0,Older Long-Tenure Grocery
36094,3,Tech Enthusiasts
36096,4,Promotion Seekers
36097,3,Tech Enthusiasts
36098,7,Service Sensitive
36099,6,Protein Enjoyers
36100,1,Vegetables-Hygiene Oriented
36101,2,Young Grocery
36102,0,Older Long-Tenure Grocery
36103,0,Older Long-Tenure Grocery
36104,4,Promotion Seekers
36105,1,Vegetables-Hygiene Oriented
36106,4,Promotion Seekers
36108,7,Service Sensitive
36110,1,Vegetables-Hygiene Oriented
36111,7,Service Sensitive
36113,5,Large Families
36114,4,Promotion Seekers
36115,4,Promotion Seekers
36116,4,Promotion Seekers
36117,3,Tech Enthusiasts
36118,2,Young Grocery
36119,0,Older Long-Tenure Grocery
36120,1,Vegetables-Hygiene Oriented
36122,5,Large Families
36123,0,Older Long-Tenure Grocery
36125,1,Vegetables-Hygiene Oriented
36126,2,Young Grocery
36127,7,Service Sensitive
36129,1,Vegetables-Hygiene Oriented
36130,0,Older Long-Tenure Grocery
36131,1,Vegetables-Hygiene Oriented
36132,4,Promotion Seekers
36134,0,Older Long-Tenure Grocery
36135,2,Young Grocery
36136,2,Young Grocery
36137,4,Promotion Seekers
36139,7,Service Sensitive
36140,3,Tech Enthusiasts
36141,4,Promotion Seekers
36143,4,Promotion Seekers
36145,7,Service Sensitive
36147,4,Promotion Seekers
36148,1,Vegetables-Hygiene Oriented
36149,4,Promotion Seekers
36150,4,Promotion Seekers
36151,4,Promotion Seekers
36152,4,Promotion Seekers
36153,3,Tech Enthusiasts
36155,1,Vegetables-Hygiene Oriented
36156,4,Promotion Seekers
36157,3,Tech Enthusiasts
36158,7,Service Sensitive
36159,4,Promotion Seekers
36160,4,Promotion Seekers
36161,2,Young Grocery
36162,3,Tech Enthusiasts
36163,6,Protein Enjoyers
36164,5,Large Families
36165,4,Promotion Seekers
36166,0,Older Long-Tenure Grocery
36168,4,Promotion Seekers
36169,0,Older Long-Tenure Grocery
36171,1,Vegetables-Hygiene Oriented
36173,1,Vegetables-Hygiene Oriented
36174,4,Promotion Seekers
36175,2,Young Grocery
36176,4,Promotion Seekers
36178,4,Promotion Seekers
36180,0,Older Long-Tenure Grocery
36182,0,Older Long-Tenure Grocery
36183,4,Promotion Seekers
36184,2,Young Grocery
36185,6,Protein Enjoyers
36186,2,Young Grocery
36190,0,Older Long-Tenure Grocery
36192,7,Service Sensitive
36193,0,Older Long-Tenure Grocery
36194,1,Vegetables-Hygiene Oriented
36195,4,Promotion Seekers
36196,4,Promotion Seekers
36197,4,Promotion Seekers
36199,3,Tech Enthusiasts
36200,0,Older Long-Tenure Grocery
36201,3,Tech Enthusiasts
36202,6,Protein Enjoyers
36204,4,Promotion Seekers
36205,2,Young Grocery
36206,0,Older Long-Tenure Grocery
36207,2,Young Grocery
36208,7,Service Sensitive
36210,2,Young Grocery
36211,4,Promotion Seekers
36212,2,Young Grocery
36213,0,Older Long-Tenure Grocery
36214,7,Service Sensitive
36215,4,Promotion Seekers
36216,0,Older Long-Tenure Grocery
36217,0,Older Long-Tenure Grocery
36218,1,Vegetables-Hygiene Oriented
36219,2,Young Grocery
36221,0,Older Long-Tenure Grocery
36222,6,Protein Enjoyers
36224,3,Tech Enthusiasts
36225,2,Young Grocery
36226,5,Large Families
36227,2,Young Grocery
36229,1,Vegetables-Hygiene Oriented
36231,0,Older Long-Tenure Grocery
36232,0,Older Long-Tenure Grocery
36233,6,Protein Enjoyers
36234,1,Vegetables-Hygiene Oriented
36235,0,Older Long-Tenure Grocery
36236,6,Protein Enjoyers
36237,0,Older Long-Tenure Grocery
36238,0,Older Long-Tenure Grocery
36239,2,Young Grocery
36241,4,Promotion Seekers
36242,0,Older Long-Tenure Grocery
36243,7,Service Sensitive
36244,7,Service Sensitive
36245,5,Large Families
36246,0,Older Long-Tenure Grocery
36247,5,Large Families
36249,3,Tech Enthusiasts
36250,2,Young Grocery
36252,1,Vegetables-Hygiene Oriented
36253,2,Young Grocery
36254,3,Tech Enthusiasts
36255,0,Older Long-Tenure Grocery
36257,4,Promotion Seekers
36258,4,Promotion Seekers
36259,4,Promotion Seekers
36261,4,Promotion Seekers
36263,4,Promotion Seekers
36265,0,Older Long-Tenure Grocery
36266,3,Tech Enthusiasts
36267,0,Older Long-Tenure Grocery
36270,5,Large Families
36271,0,Older Long-Tenure Grocery
36272,1,Vegetables-Hygiene Oriented
36273,6,Protein Enjoyers
36274,2,Young Grocery
36275,7,Service Sensitive
36276,6,Protein Enjoyers
36277,4,Promotion Seekers
36278,6,Protein Enjoyers
36282,7,Service Sensitive
36283,7,Service Sensitive
36284,0,Older Long-Tenure Grocery
36285,4,Promotion Seekers
36287,1,Vegetables-Hygiene Oriented
36288,0,Older Long-Tenure Grocery
36289,4,Promotion Seekers
36290,1,Vegetables-Hygiene Oriented
36291,2,Young Grocery
36292,1,Vegetables-Hygiene Oriented
36296,3,Tech Enthusiasts
36297,3,Tech Enthusiasts
36298,1,Vegetables-Hygiene Oriented
36299,0,Older Long-Tenure Grocery
36302,0,Older Long-Tenure Grocery
36303,4,Promotion Seekers
36304,4,Promotion Seekers
36305,6,Protein Enjoyers
36307,2,Young Grocery
36309,0,Older Long-Tenure Grocery
36310,3,Tech Enthusiasts
36311,0,Older Long-Tenure Grocery
36313,0,Older Long-Tenure Grocery
36314,6,Protein Enjoyers
36315,4,Promotion Seekers
36316,2,Young Grocery
36317,2,Young Grocery
36318,2,Young Grocery
36319,5,Large Families
36320,3,Tech Enthusiasts
36322,4,Promotion Seekers
36323,7,Service Sensitive
36324,4,Promotion Seekers
36325,0,Older Long-Tenure Grocery
36326,6,Protein Enjoyers
36327,4,Promotion Seekers
36328,0,Older Long-Tenure Grocery
36329,2,Young Grocery
36331,3,Tech Enthusiasts
36332,1,Vegetables-Hygiene Oriented
36333,6,Protein Enjoyers
36334,7,Service Sensitive
36335,0,Older Long-Tenure Grocery
36336,1,Vegetables-Hygiene Oriented
36337,3,Tech Enthusiasts
36338,7,Service Sensitive
36339,4,Promotion Seekers
36340,2,Young Grocery
36341,4,Promotion Seekers
36342,5,Large Families
36343,2,Young Grocery
36344,4,Promotion Seekers
36345,4,Promotion Seekers
36346,7,Service Sensitive
36347,2,Young Grocery
36348,0,Older Long-Tenure Grocery
36349,5,Large Families
36350,0,Older Long-Tenure Grocery
36353,3,Tech Enthusiasts
36355,7,Service Sensitive
36356,2,Young Grocery
36357,5,Large Families
36358,1,Vegetables-Hygiene Oriented
36360,0,Older Long-Tenure Grocery
36362,7,Service Sensitive
36363,5,Large Families
36364,4,Promotion Seekers
36365,0,Older Long-Tenure Grocery
36366,4,Promotion Seekers
36367,1,Vegetables-Hygiene Oriented
36368,4,Promotion Seekers
36369,7,Service Sensitive
36370,2,Young Grocery
36371,0,Older Long-Tenure Grocery
36372,1,Vegetables-Hygiene Oriented
36374,7,Service Sensitive
36375,0,Older Long-Tenure Grocery
36377,6,Protein Enjoyers
36378,5,Large Families
36379,0,Older Long-Tenure Grocery
36380,0,Older Long-Tenure Grocery
36381,1,Vegetables-Hygiene Oriented
36382,1,Vegetables-Hygiene Oriented
36383,2,Young Grocery
36384,6,Protein Enjoyers
36385,1,Vegetables-Hygiene Oriented
36386,0,Older Long-Tenure Grocery
36387,6,Protein Enjoyers
36388,1,Vegetables-Hygiene Oriented
36389,4,Promotion Seekers
36390,1,Vegetables-Hygiene Oriented
36391,2,Young Grocery
36392,4,Promotion Seekers
36395,7,Service Sensitive
36396,0,Older Long-Tenure Grocery
36397,4,Promotion Seekers
36398,1,Vegetables-Hygiene Oriented
36399,0,Older Long-Tenure Grocery
36400,0,Older Long-Tenure Grocery
36401,5,Large Families
36402,0,Older Long-Tenure Grocery
36403,1,Vegetables-Hygiene Oriented
36404,3,Tech Enthusiasts
36405,6,Protein Enjoyers
36407,1,Vegetables-Hygiene Oriented
36408,3,Tech Enthusiasts
36409,4,Promotion Seekers
36410,2,Young Grocery
36411,6,Protein Enjoyers
36414,0,Older Long-Tenure Grocery
36415,4,Promotion Seekers
36416,6,Protein Enjoyers
36417,3,Tech Enthusiasts
36419,3,Tech Enthusiasts
36420,5,Large Families
36421,6,Protein Enjoyers
36422,0,Older Long-Tenure Grocery
36423,7,Service Sensitive
36424,0,Older Long-Tenure Grocery
36425,3,Tech Enthusiasts
36427,1,Vegetables-Hygiene Oriented
36428,1,Vegetables-Hygiene Oriented
36431,6,Protein Enjoyers
36432,7,Service Sensitive
36433,3,Tech Enthusiasts
36434,2,Young Grocery
36435,5,Large Families
36437,4,Promotion Seekers
36438,3,Tech Enthusiasts
36439,6,Protein Enjoyers
36441,7,Service Sensitive
36442,0,Older Long-Tenure Grocery
36443,2,Young Grocery
36444,2,Young Grocery
36445,4,Promotion Seekers
36446,4,Promotion Seekers
36447,4,Promotion Seekers
36448,0,Older Long-Tenure Grocery
36449,1,Vegetables-Hygiene Oriented
36450,5,Large Families
36452,0,Older Long-Tenure Grocery
36454,0,Older Long-Tenure Grocery
36455,1,Vegetables-Hygiene Oriented
36456,6,Protein Enjoyers
36457,1,Vegetables-Hygiene Oriented
36458,2,Young Grocery
36459,7,Service Sensitive
36460,4,Promotion Seekers
36461,0,Older Long-Tenure Grocery
36462,0,Older Long-Tenure Grocery
36463,1,Vegetables-Hygiene Oriented
36464,3,Tech Enthusiasts
36465,4,Promotion Seekers
36466,6,Protein Enjoyers
36467,3,Tech Enthusiasts
36468,2,Young Grocery
36469,7,Service Sensitive
36470,5,Large Families
36472,3,Tech Enthusiasts
36473,6,Protein Enjoyers
36474,0,Older Long-Tenure Grocery
36475,1,Vegetables-Hygiene Oriented
36476,0,Older Long-Tenure Grocery
36478,0,Older Long-Tenure Grocery
36480,3,Tech Enthusiasts
36481,3,Tech Enthusiasts
36482,0,Older Long-Tenure Grocery
36483,4,Promotion Seekers
36484,2,Young Grocery
36485,7,Service Sensitive
36486,5,Large Families
36487,1,Vegetables-Hygiene Oriented
36489,4,Promotion Seekers
36491,1,Vegetables-Hygiene Oriented
36492,4,Promotion Seekers
36493,4,Promotion Seekers
36494,4,Promotion Seekers
36495,3,Tech Enthusiasts
36496,1,Vegetables-Hygiene Oriented
36498,2,Young Grocery
36499,4,Promotion Seekers
36500,7,Service Sensitive
36501,1,Vegetables-Hygiene Oriented
36502,0,Older Long-Tenure Grocery
36503,6,Protein Enjoyers
36504,0,Older Long-Tenure Grocery
36505,4,Promotion Seekers
36507,3,Tech Enthusiasts
36508,2,Young Grocery
36511,7,Service Sensitive
36512,0,Older Long-Tenure Grocery
36513,1,Vegetables-Hygiene Oriented
36514,1,Vegetables-Hygiene Oriented
36515,1,Vegetables-Hygiene Oriented
36516,7,Service Sensitive
36517,7,Service Sensitive
36518,4,Promotion Seekers
36519,0,Older Long-Tenure Grocery
36520,0,Older Long-Tenure Grocery
36521,0,Older Long-Tenure Grocery
36522,2,Young Grocery
36524,1,Vegetables-Hygiene Oriented
36525,4,Promotion Seekers
36526,2,Young Grocery
36527,4,Promotion Seekers
36528,4,Promotion Seekers
36529,3,Tech Enthusiasts
36530,3,Tech Enthusiasts
36531,1,Vegetables-Hygiene Oriented
36532,1,Vegetables-Hygiene Oriented
36533,7,Service Sensitive
36535,4,Promotion Seekers
36536,2,Young Grocery
36537,5,Large Families
36538,4,Promotion Seekers
36539,0,Older Long-Tenure Grocery
36540,1,Vegetables-Hygiene Oriented
36542,2,Young Grocery
36543,4,Promotion Seekers
36544,7,Service Sensitive
36545,0,Older Long-Tenure Grocery
36546,1,Vegetables-Hygiene Oriented
36548,4,Promotion Seekers
36550,4,Promotion Seekers
36551,4,Promotion Seekers
36552,4,Promotion Seekers
36553,2,Young Grocery
36555,0,Older Long-Tenure Grocery
36557,6,Protein Enjoyers
36558,0,Older Long-Tenure Grocery
36559,4,Promotion Seekers
36560,1,Vegetables-Hygiene Oriented
36561,5,Large Families
36562,0,Older Long-Tenure Grocery
36563,0,Older Long-Tenure Grocery
36564,4,Promotion Seekers
36565,4,Promotion Seekers
36567,2,Young Grocery
36568,1,Vegetables-Hygiene Oriented
36569,1,Vegetables-Hygiene Oriented
36570,0,Older Long-Tenure Grocery
36572,1,Vegetables-Hygiene Oriented
36574,4,Promotion Seekers
36575,7,Service Sensitive
36576,2,Young Grocery
36580,0,Older Long-Tenure Grocery
36581,4,Promotion Seekers
36582,4,Promotion Seekers
36583,2,Young Grocery
36584,3,Tech Enthusiasts
36585,2,Young Grocery
36586,0,Older Long-Tenure Grocery
36587,0,Older Long-Tenure Grocery
36588,6,Protein Enjoyers
36589,5,Large Families
36590,1,Vegetables-Hygiene Oriented
36591,3,Tech Enthusiasts
36592,5,Large Families
36593,4,Promotion Seekers
36596,7,Service Sensitive
36597,0,Older Long-Tenure Grocery
36598,0,Older Long-Tenure Grocery
36599,6,Protein Enjoyers
36600,0,Older Long-Tenure Grocery
36601,5,Large Families
36603,1,Vegetables-Hygiene Oriented
36604,4,Promotion Seekers
36605,5,Large Families
36608,0,Older Long-Tenure Grocery
36609,1,Vegetables-Hygiene Oriented
36610,7,Service Sensitive
36612,2,Young Grocery
36613,0,Older Long-Tenure Grocery
36614,4,Promotion Seekers
36615,2,Young Grocery
36616,7,Service Sensitive
36617,1,Vegetables-Hygiene Oriented
36618,3,Tech Enthusiasts
36619,4,Promotion Seekers
36621,4,Promotion Seekers
36622,7,Service Sensitive
36623,4,Promotion Seekers
36624,5,Large Families
36625,0,Older Long-Tenure Grocery
36626,6,Protein Enjoyers
36628,4,Promotion Seekers
36629,1,Vegetables-Hygiene Oriented
36630,7,Service Sensitive
36631,6,Protein Enjoyers
36632,2,Young Grocery
36633,4,Promotion Seekers
36635,4,Promotion Seekers
36636,7,Service Sensitive
36637,7,Service Sensitive
36638,4,Promotion Seekers
36640,4,Promotion Seekers
36641,1,Vegetables-Hygiene Oriented
36642,7,Service Sensitive
36644,4,Promotion Seekers
36646,4,Promotion Seekers
36647,1,Vegetables-Hygiene Oriented
36648,1,Vegetables-Hygiene Oriented
36649,3,Tech Enthusiasts
36650,6,Protein Enjoyers
36651,1,Vegetables-Hygiene Oriented
36652,3,Tech Enthusiasts
36653,1,Vegetables-Hygiene Oriented
36654,3,Tech Enthusiasts
36656,2,Young Grocery
36657,4,Promotion Seekers
36658,7,Service Sensitive
36659,0,Older Long-Tenure Grocery
36664,0,Older Long-Tenure Grocery
36665,2,Young Grocery
36667,1,Vegetables-Hygiene Oriented
36668,5,Large Families
36669,2,Young Grocery
36671,4,Promotion Seekers
36672,7,Service Sensitive
36673,4,Promotion Seekers
36675,1,Vegetables-Hygiene Oriented
36676,0,Older Long-Tenure Grocery
36677,7,Service Sensitive
36679,6,Protein Enjoyers
36680,6,Protein Enjoyers
36681,5,Large Families
36682,7,Service Sensitive
36683,0,Older Long-Tenure Grocery
36684,7,Service Sensitive
36685,3,Tech Enthusiasts
36686,4,Promotion Seekers
36688,4,Promotion Seekers
36689,0,Older Long-Tenure Grocery
36690,2,Young Grocery
36691,7,Service Sensitive
36692,1,Vegetables-Hygiene Oriented
36693,3,Tech Enthusiasts
36694,4,Promotion Seekers
36695,5,Large Families
36696,2,Young Grocery
36697,4,Promotion Seekers
36700,4,Promotion Seekers
36703,0,Older Long-Tenure Grocery
36704,4,Promotion Seekers
36705,4,Promotion Seekers
36706,3,Tech Enthusiasts
36707,0,Older Long-Tenure Grocery
36709,2,Young Grocery
36710,0,Older Long-Tenure Grocery
36711,0,Older Long-Tenure Grocery
36712,1,Vegetables-Hygiene Oriented
36713,3,Tech Enthusiasts
36714,3,Tech Enthusiasts
36715,7,Service Sensitive
36716,7,Service Sensitive
36717,1,Vegetables-Hygiene Oriented
36718,1,Vegetables-Hygiene Oriented
36719,1,Vegetables-Hygiene Oriented
36721,1,Vegetables-Hygiene Oriented
36722,3,Tech Enthusiasts
36723,7,Service Sensitive
36724,7,Service Sensitive
36725,6,Protein Enjoyers
36727,0,Older Long-Tenure Grocery
36728,2,Young Grocery
36729,1,Vegetables-Hygiene Oriented
36730,4,Promotion Seekers
36731,1,Vegetables-Hygiene Oriented
36732,4,Promotion Seekers
36734,1,Vegetables-Hygiene Oriented
36735,1,Vegetables-Hygiene Oriented
36736,0,Older Long-Tenure Grocery
36737,1,Vegetables-Hygiene Oriented
36738,0,Older Long-Tenure Grocery
36739,2,Young Grocery
36740,0,Older Long-Tenure Grocery
36742,6,Protein Enjoyers
36744,3,Tech Enthusiasts
36745,0,Older Long-Tenure Grocery
36747,1,Vegetables-Hygiene Oriented
36748,4,Promotion Seekers
36749,0,Older Long-Tenure Grocery
36750,0,Older Long-Tenure Grocery
36752,4,Promotion Seekers
36753,7,Service Sensitive
36754,7,Service Sensitive
36755,1,Vegetables-Hygiene Oriented
36756,1,Vegetables-Hygiene Oriented
36757,1,Vegetables-Hygiene Oriented
36759,4,Promotion Seekers
36760,7,Service Sensitive
36761,4,Promotion Seekers
36762,4,Promotion Seekers
36763,1,Vegetables-Hygiene Oriented
36764,1,Vegetables-Hygiene Oriented
36765,0,Older Long-Tenure Grocery
36766,6,Protein Enjoyers
36767,2,Young Grocery
36768,3,Tech Enthusiasts
36769,1,Vegetables-Hygiene Oriented
36770,7,Service Sensitive
36771,0,Older Long-Tenure Grocery
36772,7,Service Sensitive
36773,3,Tech Enthusiasts
36774,1,Vegetables-Hygiene Oriented
36775,2,Young Grocery
36776,6,Protein Enjoyers
36777,7,Service Sensitive
36778,4,Promotion Seekers
36780,2,Young Grocery
36781,2,Young Grocery
36782,7,Service Sensitive
36783,3,Tech Enthusiasts
36784,5,Large Families
36785,1,Vegetables-Hygiene Oriented
36786,4,Promotion Seekers
36787,0,Older Long-Tenure Grocery
36788,1,Vegetables-Hygiene Oriented
36789,3,Tech Enthusiasts
36790,5,Large Families
36791,7,Service Sensitive
36793,1,Vegetables-Hygiene Oriented
36795,0,Older Long-Tenure Grocery
36797,0,Older Long-Tenure Grocery
36799,3,Tech Enthusiasts
36800,4,Promotion Seekers
36801,7,Service Sensitive
36803,7,Service Sensitive
36804,0,Older Long-Tenure Grocery
36805,5,Large Families
36806,2,Young Grocery
36807,1,Vegetables-Hygiene Oriented
36808,0,Older Long-Tenure Grocery
36810,5,Large Families
36811,7,Service Sensitive
36812,1,Vegetables-Hygiene Oriented
36813,2,Young Grocery
36815,5,Large Families
36816,4,Promotion Seekers
36817,5,Large Families
36818,6,Protein Enjoyers
36819,0,Older Long-Tenure Grocery
36820,4,Promotion Seekers
36821,4,Promotion Seekers
36823,4,Promotion Seekers
36825,5,Large Families
36826,7,Service Sensitive
36827,2,Young Grocery
36828,0,Older Long-Tenure Grocery
36830,1,Vegetables-Hygiene Oriented
36831,4,Promotion Seekers
36833,2,Young Grocery
36834,0,Older Long-Tenure Grocery
36835,1,Vegetables-Hygiene Oriented
36836,2,Young Grocery
36838,7,Service Sensitive
36839,2,Young Grocery
36840,7,Service Sensitive
36844,4,Promotion Seekers
36845,3,Tech Enthusiasts
36846,1,Vegetables-Hygiene Oriented
36848,6,Protein Enjoyers
36849,1,Vegetables-Hygiene Oriented
36850,6,Protein Enjoyers
36851,0,Older Long-Tenure Grocery
36853,4,Promotion Seekers
36856,7,Service Sensitive
36857,6,Protein Enjoyers
36858,2,Young Grocery
36859,1,Vegetables-Hygiene Oriented
36860,6,Protein Enjoyers
36861,0,Older Long-Tenure Grocery
36862,2,Young Grocery
36863,0,Older Long-Tenure Grocery
36864,4,Promotion Seekers
36865,1,Vegetables-Hygiene Oriented
36866,3,Tech Enthusiasts
36867,2,Young Grocery
36868,4,Promotion Seekers
36869,1,Vegetables-Hygiene Oriented
36870,4,Promotion Seekers
36871,0,Older Long-Tenure Grocery
36872,6,Protein Enjoyers
36873,5,Large Families
36874,4,Promotion Seekers
36875,4,Promotion Seekers
36876,4,Promotion Seekers
36877,0,Older Long-Tenure Grocery
36878,0,Older Long-Tenure Grocery
36881,0,Older Long-Tenure Grocery
36882,4,Promotion Seekers
36884,2,Young Grocery
36885,4,Promotion Seekers
36886,2,Young Grocery
36887,7,Service Sensitive
36888,6,Protein Enjoyers
36890,4,Promotion Seekers
36891,7,Service Sensitive
36892,1,Vegetables-Hygiene Oriented
36893,1,Vegetables-Hygiene Oriented
36894,0,Older Long-Tenure Grocery
36895,1,Vegetables-Hygiene Oriented
36897,2,Young Grocery
36899,2,Young Grocery
36900,0,Older Long-Tenure Grocery
36901,4,Promotion Seekers
36902,1,Vegetables-Hygiene Oriented
36903,0,Older Long-Tenure Grocery
36904,7,Service Sensitive
36905,2,Young Grocery
36906,7,Service Sensitive
36907,0,Older Long-Tenure Grocery
36909,3,Tech Enthusiasts
36910,0,Older Long-Tenure Grocery
36912,1,Vegetables-Hygiene Oriented
36914,2,Young Grocery
36915,5,Large Families
36916,0,Older Long-Tenure Grocery
36917,5,Large Families
36921,4,Promotion Seekers
36922,0,Older Long-Tenure Grocery
36923,0,Older Long-Tenure Grocery
36924,1,Vegetables-Hygiene Oriented
36925,5,Large Families
36926,1,Vegetables-Hygiene Oriented
36927,0,Older Long-Tenure Grocery
36928,0,Older Long-Tenure Grocery
36929,1,Vegetables-Hygiene Oriented
36931,7,Service Sensitive
36932,5,Large Families
36933,4,Promotion Seekers
36934,6,Protein Enjoyers
36935,4,Promotion Seekers
36936,2,Young Grocery
36937,4,Promotion Seekers
36938,4,Promotion Seekers
36939,2,Young Grocery
36940,4,Promotion Seekers
36941,1,Vegetables-Hygiene Oriented
36942,7,Service Sensitive
36944,1,Vegetables-Hygiene Oriented
36945,2,Young Grocery
36947,0,Older Long-Tenure Grocery
36948,4,Promotion Seekers
36949,4,Promotion Seekers
36950,1,Vegetables-Hygiene Oriented
36951,5,Large Families
36952,2,Young Grocery
36953,2,Young Grocery
36954,0,Older Long-Tenure Grocery
36957,2,Young Grocery
36959,6,Protein Enjoyers
36960,3,Tech Enthusiasts
36961,5,Large Families
36962,3,Tech Enthusiasts
36965,2,Young Grocery
36966,1,Vegetables-Hygiene Oriented
36967,0,Older Long-Tenure Grocery
36968,1,Vegetables-Hygiene Oriented
36972,0,Older Long-Tenure Grocery
36973,4,Promotion Seekers
36974,4,Promotion Seekers
36975,4,Promotion Seekers
36976,3,Tech Enthusiasts
36977,4,Promotion Seekers
36978,2,Young Grocery
36979,7,Service Sensitive
36980,0,Older Long-Tenure Grocery
36981,2,Young Grocery
36982,0,Older Long-Tenure Grocery
36983,6,Protein Enjoyers
36984,6,Protein Enjoyers
36985,6,Protein Enjoyers
36986,4,Promotion Seekers
36987,1,Vegetables-Hygiene Oriented
36988,0,Older Long-Tenure Grocery
36989,4,Promotion Seekers
36990,6,Protein Enjoyers
36991,2,Young Grocery
36992,1,Vegetables-Hygiene Oriented
36993,3,Tech Enthusiasts
36994,6,Protein Enjoyers
36996,0,Older Long-Tenure Grocery
36997,2,Young Grocery
36998,4,Promotion Seekers
37001,1,Vegetables-Hygiene Oriented
37002,1,Vegetables-Hygiene Oriented
37003,4,Promotion Seekers
37004,0,Older Long-Tenure Grocery
37005,0,Older Long-Tenure Grocery
37006,3,Tech Enthusiasts
37007,0,Older Long-Tenure Grocery
37008,5,Large Families
37009,7,Service Sensitive
37010,0,Older Long-Tenure Grocery
37011,4,Promotion Seekers
37012,1,Vegetables-Hygiene Oriented
37013,4,Promotion Seekers
37014,0,Older Long-Tenure Grocery
37015,4,Promotion Seekers
37017,0,Older Long-Tenure Grocery
37019,0,Older Long-Tenure Grocery
37020,2,Young Grocery
37021,4,Promotion Seekers
37022,0,Older Long-Tenure Grocery
37023,2,Young Grocery
37024,3,Tech Enthusiasts
37025,1,Vegetables-Hygiene Oriented
37026,7,Service Sensitive
37027,3,Tech Enthusiasts
37029,0,Older Long-Tenure Grocery
37032,4,Promotion Seekers
37034,0,Older Long-Tenure Grocery
37035,2,Young Grocery
37036,5,Large Families
37037,5,Large Families
37038,7,Service Sensitive
37039,4,Promotion Seekers
37040,4,Promotion Seekers
37041,4,Promotion Seekers
37042,7,Service Sensitive
37043,4,Promotion Seekers
37045,1,Vegetables-Hygiene Oriented
37046,0,Older Long-Tenure Grocery
37047,3,Tech Enthusiasts
37048,2,Young Grocery
37050,4,Promotion Seekers
37051,4,Promotion Seekers
37052,2,Young Grocery
37053,1,Vegetables-Hygiene Oriented
37054,5,Large Families
37055,3,Tech Enthusiasts
37056,4,Promotion Seekers
37057,7,Service Sensitive
37058,2,Young Grocery
37060,0,Older Long-Tenure Grocery
37061,7,Service Sensitive
37063,4,Promotion Seekers
37064,7,Service Sensitive
37066,3,Tech Enthusiasts
37068,1,Vegetables-Hygiene Oriented
37069,0,Older Long-Tenure Grocery
37070,2,Young Grocery
37071,0,Older Long-Tenure Grocery
37072,6,Protein Enjoyers
37073,5,Large Families
37074,1,Vegetables-Hygiene Oriented
37077,0,Older Long-Tenure Grocery
37079,4,Promotion Seekers
37080,4,Promotion Seekers
37081,0,Older Long-Tenure Grocery
37084,1,Vegetables-Hygiene Oriented
37085,5,Large Families
37086,4,Promotion Seekers
37087,4,Promotion Seekers
37088,4,Promotion Seekers
37089,7,Service Sensitive
37090,5,Large Families
37092,6,Protein Enjoyers
37093,4,Promotion Seekers
37094,5,Large Families
37095,1,Vegetables-Hygiene Oriented
37096,7,Service Sensitive
37097,6,Protein Enjoyers
37098,4,Promotion Seekers
37099,3,Tech Enthusiasts
37100,0,Older Long-Tenure Grocery
37101,5,Large Families
37102,0,Older Long-Tenure Grocery
37103,1,Vegetables-Hygiene Oriented
37104,6,Protein Enjoyers
37105,0,Older Long-Tenure Grocery
37106,2,Young Grocery
37107,4,Promotion Seekers
37108,4,Promotion Seekers
37109,0,Older Long-Tenure Grocery
37110,5,Large Families
37111,1,Vegetables-Hygiene Oriented
37112,0,Older Long-Tenure Grocery
37113,1,Vegetables-Hygiene Oriented
37114,4,Promotion Seekers
37116,0,Older Long-Tenure Grocery
37117,5,Large Families
37118,3,Tech Enthusiasts
37119,0,Older Long-Tenure Grocery
37120,7,Service Sensitive
37121,4,Promotion Seekers
37122,1,Vegetables-Hygiene Oriented
37123,4,Promotion Seekers
37124,2,Young Grocery
37125,4,Promotion Seekers
37127,2,Young Grocery
37128,7,Service Sensitive
37130,7,Service Sensitive
37131,2,Young Grocery
37132,0,Older Long-Tenure Grocery
37133,3,Tech Enthusiasts
37134,4,Promotion Seekers
37136,4,Promotion Seekers
37137,4,Promotion Seekers
37138,7,Service Sensitive
37139,0,Older Long-Tenure Grocery
37140,4,Promotion Seekers
37144,3,Tech Enthusiasts
37145,0,Older Long-Tenure Grocery
37146,1,Vegetables-Hygiene Oriented
37147,0,Older Long-Tenure Grocery
37149,0,Older Long-Tenure Grocery
37150,1,Vegetables-Hygiene Oriented
37151,5,Large Families
37152,2,Young Grocery
37153,4,Promotion Seekers
37154,3,Tech Enthusiasts
37156,0,Older Long-Tenure Grocery
37157,6,Protein Enjoyers
37158,7,Service Sensitive
37159,5,Large Families
37160,0,Older Long-Tenure Grocery
37161,4,Promotion Seekers
37162,3,Tech Enthusiasts
37163,1,Vegetables-Hygiene Oriented
37164,0,Older Long-Tenure Grocery
37165,4,Promotion Seekers
37166,4,Promotion Seekers
37167,3,Tech Enthusiasts
37168,1,Vegetables-Hygiene Oriented
37169,3,Tech Enthusiasts
37170,1,Vegetables-Hygiene Oriented
37171,6,Protein Enjoyers
37172,7,Service Sensitive
37173,0,Older Long-Tenure Grocery
37174,4,Promotion Seekers
37175,3,Tech Enthusiasts
37176,0,Older Long-Tenure Grocery
37177,2,Young Grocery
37178,1,Vegetables-Hygiene Oriented
37179,2,Young Grocery
37180,3,Tech Enthusiasts
37181,1,Vegetables-Hygiene Oriented
37182,4,Promotion Seekers
37183,5,Large Families
37184,0,Older Long-Tenure Grocery
37185,0,Older Long-Tenure Grocery
37186,1,Vegetables-Hygiene Oriented
37188,4,Promotion Seekers
37189,3,Tech Enthusiasts
37191,1,Vegetables-Hygiene Oriented
37192,4,Promotion Seekers
37194,0,Older Long-Tenure Grocery
37195,7,Service Sensitive
37196,3,Tech Enthusiasts
37197,7,Service Sensitive
37198,1,Vegetables-Hygiene Oriented
37199,2,Young Grocery
37200,0,Older Long-Tenure Grocery
37203,7,Service Sensitive
37204,2,Young Grocery
37205,3,Tech Enthusiasts
37206,4,Promotion Seekers
37207,2,Young Grocery
37208,4,Promotion Seekers
37209,0,Older Long-Tenure Grocery
37210,2,Young Grocery
37211,0,Older Long-Tenure Grocery
37212,1,Vegetables-Hygiene Oriented
37214,4,Promotion Seekers
37215,0,Older Long-Tenure Grocery
37216,0,Older Long-Tenure Grocery
37217,2,Young Grocery
37218,0,Older Long-Tenure Grocery
37219,1,Vegetables-Hygiene Oriented
37220,0,Older Long-Tenure Grocery
37221,0,Older Long-Tenure Grocery
37222,1,Vegetables-Hygiene Oriented
37223,1,Vegetables-Hygiene Oriented
37225,0,Older Long-Tenure Grocery
37227,2,Young Grocery
37228,1,Vegetables-Hygiene Oriented
37230,7,Service Sensitive
37231,3,Tech Enthusiasts
37232,0,Older Long-Tenure Grocery
37234,5,Large Families
37236,0,Older Long-Tenure Grocery
37237,7,Service Sensitive
37238,0,Older Long-Tenure Grocery
37240,0,Older Long-Tenure Grocery
37241,1,Vegetables-Hygiene Oriented
37242,5,Large Families
37243,5,Large Families
37244,6,Protein Enjoyers
37246,1,Vegetables-Hygiene Oriented
37248,2,Young Grocery
37249,2,Young Grocery
37251,1,Vegetables-Hygiene Oriented
37252,3,Tech Enthusiasts
37253,2,Young Grocery
37254,4,Promotion Seekers
37256,2,Young Grocery
37258,1,Vegetables-Hygiene Oriented
37259,4,Promotion Seekers
37260,2,Young Grocery
37262,5,Large Families
37265,5,Large Families
37266,2,Young Grocery
37267,7,Service Sensitive
37268,1,Vegetables-Hygiene Oriented
37269,7,Service Sensitive
37270,2,Young Grocery
37271,4,Promotion Seekers
37272,0,Older Long-Tenure Grocery
37273,7,Service Sensitive
37274,1,Vegetables-Hygiene Oriented
37276,0,Older Long-Tenure Grocery
37277,7,Service Sensitive
37278,2,Young Grocery
37282,1,Vegetables-Hygiene Oriented
37283,3,Tech Enthusiasts
37286,7,Service Sensitive
37287,1,Vegetables-Hygiene Oriented
37288,2,Young Grocery
37289,0,Older Long-Tenure Grocery
37290,4,Promotion Seekers
37292,7,Service Sensitive
37294,4,Promotion Seekers
37295,0,Older Long-Tenure Grocery
37296,3,Tech Enthusiasts
37297,0,Older Long-Tenure Grocery
37298,5,Large Families
37299,1,Vegetables-Hygiene Oriented
37300,4,Promotion Seekers
37301,4,Promotion Seekers
37303,1,Vegetables-Hygiene Oriented
37304,0,Older Long-Tenure Grocery
37305,1,Vegetables-Hygiene Oriented
37306,5,Large Families
37307,6,Protein Enjoyers
37308,3,Tech Enthusiasts
37309,3,Tech Enthusiasts
37310,0,Older Long-Tenure Grocery
37311,4,Promotion Seekers
37312,5,Large Families
37313,2,Young Grocery
37314,7,Service Sensitive
37315,1,Vegetables-Hygiene Oriented
37316,3,Tech Enthusiasts
37317,5,Large Families
37318,7,Service Sensitive
37319,2,Young Grocery
37320,1,Vegetables-Hygiene Oriented
37321,7,Service Sensitive
37323,2,Young Grocery
37324,4,Promotion Seekers
37325,0,Older Long-Tenure Grocery
37326,3,Tech Enthusiasts
37328,4,Promotion Seekers
37329,0,Older Long-Tenure Grocery
37330,0,Older Long-Tenure Grocery
37331,7,Service Sensitive
37332,4,Promotion Seekers
37333,7,Service Sensitive
37334,4,Promotion Seekers
37335,5,Large Families
37336,4,Promotion Seekers
37337,0,Older Long-Tenure Grocery
37338,6,Protein Enjoyers
37339,1,Vegetables-Hygiene Oriented
37341,0,Older Long-Tenure Grocery
37343,7,Service Sensitive
37344,3,Tech Enthusiasts
37345,6,Protein Enjoyers
37346,5,Large Families
37347,5,Large Families
37348,2,Young Grocery
37350,4,Promotion Seekers
37351,1,Vegetables-Hygiene Oriented
37352,7,Service Sensitive
37353,7,Service Sensitive
37354,0,Older Long-Tenure Grocery
37355,1,Vegetables-Hygiene Oriented
37356,0,Older Long-Tenure Grocery
37357,4,Promotion Seekers
37358,7,Service Sensitive
37359,7,Service Sensitive
37360,1,Vegetables-Hygiene Oriented
37361,7,Service Sensitive
37362,3,Tech Enthusiasts
37364,2,Young Grocery
37365,7,Service Sensitive
37366,5,Large Families
37367,1,Vegetables-Hygiene Oriented
37368,1,Vegetables-Hygiene Oriented
37369,7,Service Sensitive
37370,7,Service Sensitive
37371,1,Vegetables-Hygiene Oriented
37372,2,Young Grocery
37373,6,Protein Enjoyers
37374,1,Vegetables-Hygiene Oriented
37375,2,Young Grocery
37379,0,Older Long-Tenure Grocery
37380,4,Promotion Seekers
37381,2,Young Grocery
37382,4,Promotion Seekers
37383,0,Older Long-Tenure Grocery
37384,4,Promotion Seekers
37385,2,Young Grocery
37388,1,Vegetables-Hygiene Oriented
37389,6,Protein Enjoyers
37390,1,Vegetables-Hygiene Oriented
37391,2,Young Grocery
37392,7,Service Sensitive
37393,7,Service Sensitive
37394,1,Vegetables-Hygiene Oriented
37395,3,Tech Enthusiasts
37396,7,Service Sensitive
37397,2,Young Grocery
37398,0,Older Long-Tenure Grocery
37400,2,Young Grocery
37401,7,Service Sensitive
37402,2,Young Grocery
37403,1,Vegetables-Hygiene Oriented
37405,4,Promotion Seekers
37407,4,Promotion Seekers
37408,7,Service Sensitive
37409,3,Tech Enthusiasts
37411,1,Vegetables-Hygiene Oriented
37412,4,Promotion Seekers
37414,4,Promotion Seekers
37415,7,Service Sensitive
37416,4,Promotion Seekers
37417,5,Large Families
37419,7,Service Sensitive
37421,7,Service Sensitive
37422,7,Service Sensitive
37423,4,Promotion Seekers
37424,0,Older Long-Tenure Grocery
37425,1,Vegetables-Hygiene Oriented
37426,3,Tech Enthusiasts
37428,4,Promotion Seekers
37429,7,Service Sensitive
37430,5,Large Families
37431,0,Older Long-Tenure Grocery
37432,0,Older Long-Tenure Grocery
37433,4,Promotion Seekers
37434,2,Young Grocery
37435,0,Older Long-Tenure Grocery
37436,7,Service Sensitive
37437,7,Service Sensitive
37438,5,Large Families
37439,2,Young Grocery
37440,4,Promotion Seekers
37441,3,Tech Enthusiasts
37442,7,Service Sensitive
37444,7,Service Sensitive
37445,3,Tech Enthusiasts
37447,2,Young Grocery
37448,1,Vegetables-Hygiene Oriented
37450,1,Vegetables-Hygiene Oriented
37451,0,Older Long-Tenure Grocery
37452,2,Young Grocery
37453,4,Promotion Seekers
37454,1,Vegetables-Hygiene Oriented
37455,4,Promotion Seekers
37457,7,Service Sensitive
37458,5,Large Families
37459,1,Vegetables-Hygiene Oriented
37460,6,Protein Enjoyers
37461,2,Young Grocery
37462,5,Large Families
37463,4,Promotion Seekers
37464,1,Vegetables-Hygiene Oriented
37465,0,Older Long-Tenure Grocery
37466,1,Vegetables-Hygiene Oriented
37467,0,Older Long-Tenure Grocery
37468,6,Protein Enjoyers
37469,3,Tech Enthusiasts
37470,0,Older Long-Tenure Grocery
37471,2,Young Grocery
37473,3,Tech Enthusiasts
37474,3,Tech Enthusiasts
37476,7,Service Sensitive
37477,0,Older Long-Tenure Grocery
37478,0,Older Long-Tenure Grocery
37479,3,Tech Enthusiasts
37480,2,Young Grocery
37481,1,Vegetables-Hygiene Oriented
37483,0,Older Long-Tenure Grocery
37484,0,Older Long-Tenure Grocery
37486,0,Older Long-Tenure Grocery
37487,1,Vegetables-Hygiene Oriented
37488,0,Older Long-Tenure Grocery
37489,0,Older Long-Tenure Grocery
37490,2,Young Grocery
37491,7,Service Sensitive
37493,7,Service Sensitive
37494,7,Service Sensitive
37497,1,Vegetables-Hygiene Oriented
37498,7,Service Sensitive
37500,0,Older Long-Tenure Grocery
37501,2,Young Grocery
37502,7,Service Sensitive
37503,0,Older Long-Tenure Grocery
37504,4,Promotion Seekers
37506,4,Promotion Seekers
37507,4,Promotion Seekers
37508,5,Large Families
37509,4,Promotion Seekers
37510,1,Vegetables-Hygiene Oriented
37511,1,Vegetables-Hygiene Oriented
37514,0,Older Long-Tenure Grocery
37515,0,Older Long-Tenure Grocery
37516,6,Protein Enjoyers
37517,5,Large Families
37518,7,Service Sensitive
37520,4,Promotion Seekers
37521,0,Older Long-Tenure Grocery
37523,1,Vegetables-Hygiene Oriented
37524,2,Young Grocery
37525,2,Young Grocery
37526,1,Vegetables-Hygiene Oriented
37527,0,Older Long-Tenure Grocery
37528,1,Vegetables-Hygiene Oriented
37529,0,Older Long-Tenure Grocery
37531,4,Promotion Seekers
37535,3,Tech Enthusiasts
37536,3,Tech Enthusiasts
37537,4,Promotion Seekers
37540,3,Tech Enthusiasts
37541,4,Promotion Seekers
37542,7,Service Sensitive
37545,3,Tech Enthusiasts
37546,6,Protein Enjoyers
37548,2,Young Grocery
37550,2,Young Grocery
37551,0,Older Long-Tenure Grocery
37553,1,Vegetables-Hygiene Oriented
37554,2,Young Grocery
37555,4,Promotion Seekers
37556,7,Service Sensitive
37557,2,Young Grocery
37558,0,Older Long-Tenure Grocery
37559,3,Tech Enthusiasts
37560,1,Vegetables-Hygiene Oriented
37561,0,Older Long-Tenure Grocery
37562,2,Young Grocery
37563,2,Young Grocery
37564,2,Young Grocery
37565,5,Large Families
37566,0,Older Long-Tenure Grocery
37567,7,Service Sensitive
37569,4,Promotion Seekers
37570,7,Service Sensitive
37571,4,Promotion Seekers
37572,2,Young Grocery
37573,1,Vegetables-Hygiene Oriented
37574,7,Service Sensitive
37575,5,Large Families
37576,3,Tech Enthusiasts
37577,1,Vegetables-Hygiene Oriented
37578,2,Young Grocery
37579,0,Older Long-Tenure Grocery
37580,2,Young Grocery
37581,0,Older Long-Tenure Grocery
37582,6,Protein Enjoyers
37583,1,Vegetables-Hygiene Oriented
37584,3,Tech Enthusiasts
37585,7,Service Sensitive
37586,0,Older Long-Tenure Grocery
37587,6,Protein Enjoyers
37588,0,Older Long-Tenure Grocery
37589,1,Vegetables-Hygiene Oriented
37590,2,Young Grocery
37591,1,Vegetables-Hygiene Oriented
37592,6,Protein Enjoyers
37593,0,Older Long-Tenure Grocery
37595,7,Service Sensitive
37596,5,Large Families
37597,3,Tech Enthusiasts
37598,5,Large Families
37599,7,Service Sensitive
37600,7,Service Sensitive
37601,2,Young Grocery
37602,2,Young Grocery
37603,6,Protein Enjoyers
37605,3,Tech Enthusiasts
37606,7,Service Sensitive
37607,0,Older Long-Tenure Grocery
37608,2,Young Grocery
37610,7,Service Sensitive
37612,2,Young Grocery
37613,0,Older Long-Tenure Grocery
37614,5,Large Families
37615,2,Young Grocery
37617,1,Vegetables-Hygiene Oriented
37621,3,Tech Enthusiasts
37622,0,Older Long-Tenure Grocery
37623,2,Young Grocery
37624,0,Older Long-Tenure Grocery
37625,1,Vegetables-Hygiene Oriented
37626,1,Vegetables-Hygiene Oriented
37629,1,Vegetables-Hygiene Oriented
37630,3,Tech Enthusiasts
37631,4,Promotion Seekers
37633,7,Service Sensitive
37634,1,Vegetables-Hygiene Oriented
37635,1,Vegetables-Hygiene Oriented
37637,5,Large Families
37638,7,Service Sensitive
37639,7,Service Sensitive
37640,3,Tech Enthusiasts
37641,2,Young Grocery
37642,3,Tech Enthusiasts
37643,4,Promotion Seekers
37645,4,Promotion Seekers
37647,1,Vegetables-Hygiene Oriented
37648,3,Tech Enthusiasts
37649,1,Vegetables-Hygiene Oriented
37650,1,Vegetables-Hygiene Oriented
37651,0,Older Long-Tenure Grocery
37652,4,Promotion Seekers
37653,2,Young Grocery
37654,0,Older Long-Tenure Grocery
37656,7,Service Sensitive
37657,7,Service Sensitive
37658,1,Vegetables-Hygiene Oriented
37659,6,Protein Enjoyers
37660,4,Promotion Seekers
37661,0,Older Long-Tenure Grocery
37662,4,Promotion Seekers
37663,0,Older Long-Tenure Grocery
37665,0,Older Long-Tenure Grocery
37666,1,Vegetables-Hygiene Oriented
37667,6,Protein Enjoyers
37669,7,Service Sensitive
37670,7,Service Sensitive
37671,2,Young Grocery
37672,7,Service Sensitive
37673,1,Vegetables-Hygiene Oriented
37675,0,Older Long-Tenure Grocery
37676,2,Young Grocery
37677,7,Service Sensitive
37679,5,Large Families
37682,3,Tech Enthusiasts
37683,4,Promotion Seekers
37684,0,Older Long-Tenure Grocery
37685,2,Young Grocery
37686,2,Young Grocery
37687,2,Young Grocery
37689,0,Older Long-Tenure Grocery
37690,5,Large Families
37691,0,Older Long-Tenure Grocery
37693,0,Older Long-Tenure Grocery
37694,7,Service Sensitive
37695,7,Service Sensitive
37696,1,Vegetables-Hygiene Oriented
37698,4,Promotion Seekers
37699,2,Young Grocery
37700,4,Promotion Seekers
37701,4,Promotion Seekers
37702,7,Service Sensitive
37703,1,Vegetables-Hygiene Oriented
37704,0,Older Long-Tenure Grocery
37706,7,Service Sensitive
37707,0,Older Long-Tenure Grocery
37708,7,Service Sensitive
37710,4,Promotion Seekers
37711,4,Promotion Seekers
37712,0,Older Long-Tenure Grocery
37713,6,Protein Enjoyers
37714,1,Vegetables-Hygiene Oriented
37715,1,Vegetables-Hygiene Oriented
37716,2,Young Grocery
37717,7,Service Sensitive
37718,7,Service Sensitive
37720,4,Promotion Seekers
37721,0,Older Long-Tenure Grocery
37723,7,Service Sensitive
37724,1,Vegetables-Hygiene Oriented
37725,4,Promotion Seekers
37726,0,Older Long-Tenure Grocery
37727,0,Older Long-Tenure Grocery
37729,4,Promotion Seekers
37732,4,Promotion Seekers
37733,4,Promotion Seekers
37735,4,Promotion Seekers
37736,5,Large Families
37738,1,Vegetables-Hygiene Oriented
37739,4,Promotion Seekers
37740,1,Vegetables-Hygiene Oriented
37741,4,Promotion Seekers
37742,4,Promotion Seekers
37743,3,Tech Enthusiasts
37745,0,Older Long-Tenure Grocery
37747,2,Young Grocery
37749,7,Service Sensitive
37750,0,Older Long-Tenure Grocery
37751,3,Tech Enthusiasts
37752,3,Tech Enthusiasts
37754,1,Vegetables-Hygiene Oriented
37756,7,Service Sensitive
37757,1,Vegetables-Hygiene Oriented
37758,0,Older Long-Tenure Grocery
37760,3,Tech Enthusiasts
37761,2,Young Grocery
37762,3,Tech Enthusiasts
37764,1,Vegetables-Hygiene Oriented
37765,4,Promotion Seekers
37768,2,Young Grocery
37769,1,Vegetables-Hygiene Oriented
37770,4,Promotion Seekers
37771,6,Protein Enjoyers
37772,7,Service Sensitive
37773,2,Young Grocery
37774,0,Older Long-Tenure Grocery
37775,5,Large Families
37776,0,Older Long-Tenure Grocery
37777,0,Older Long-Tenure Grocery
37779,4,Promotion Seekers
37780,1,Vegetables-Hygiene Oriented
37781,4,Promotion Seekers
37782,7,Service Sensitive
37783,4,Promotion Seekers
37784,4,Promotion Seekers
37785,4,Promotion Seekers
37786,0,Older Long-Tenure Grocery
37787,2,Young Grocery
37788,7,Service Sensitive
37790,0,Older Long-Tenure Grocery
37791,4,Promotion Seekers
37792,6,Protein Enjoyers
37793,0,Older Long-Tenure Grocery
37795,7,Service Sensitive
37796,7,Service Sensitive
37797,0,Older Long-Tenure Grocery
37798,4,Promotion Seekers
37799,3,Tech Enthusiasts
37802,1,Vegetables-Hygiene Oriented
37803,0,Older Long-Tenure Grocery
37806,4,Promotion Seekers
37807,1,Vegetables-Hygiene Oriented
37808,7,Service Sensitive
37809,0,Older Long-Tenure Grocery
37810,7,Service Sensitive
37811,2,Young Grocery
37812,2,Young Grocery
37813,4,Promotion Seekers
37816,1,Vegetables-Hygiene Oriented
37817,1,Vegetables-Hygiene Oriented
37818,4,Promotion Seekers
37819,1,Vegetables-Hygiene Oriented
37821,0,Older Long-Tenure Grocery
37822,4,Promotion Seekers
37823,6,Protein Enjoyers
37824,7,Service Sensitive
37826,0,Older Long-Tenure Grocery
37827,2,Young Grocery
37828,1,Vegetables-Hygiene Oriented
37830,2,Young Grocery
37831,0,Older Long-Tenure Grocery
37832,1,Vegetables-Hygiene Oriented
37833,2,Young Grocery
37834,7,Service Sensitive
37835,0,Older Long-Tenure Grocery
37836,0,Older Long-Tenure Grocery
37838,5,Large Families
37839,3,Tech Enthusiasts
37840,2,Young Grocery
37841,7,Service Sensitive
37842,4,Promotion Seekers
37843,1,Vegetables-Hygiene Oriented
37844,1,Vegetables-Hygiene Oriented
37845,7,Service Sensitive
37846,4,Promotion Seekers
37848,1,Vegetables-Hygiene Oriented
37849,4,Promotion Seekers
37850,0,Older Long-Tenure Grocery
37851,2,Young Grocery
37852,3,Tech Enthusiasts
37853,2,Young Grocery
37854,7,Service Sensitive
37855,1,Vegetables-Hygiene Oriented
37856,7,Service Sensitive
37857,2,Young Grocery
37858,2,Young Grocery
37859,1,Vegetables-Hygiene Oriented
37860,1,Vegetables-Hygiene Oriented
37861,6,Protein Enjoyers
37862,3,Tech Enthusiasts
37863,7,Service Sensitive
37864,4,Promotion Seekers
37865,3,Tech Enthusiasts
37867,6,Protein Enjoyers
37868,5,Large Families
37869,2,Young Grocery
37870,4,Promotion Seekers
37871,1,Vegetables-Hygiene Oriented
37872,4,Promotion Seekers
37873,5,Large Families
37874,2,Young Grocery
37876,5,Large Families
37877,2,Young Grocery
37878,2,Young Grocery
37879,2,Young Grocery
37880,7,Service Sensitive
37881,1,Vegetables-Hygiene Oriented
37882,0,Older Long-Tenure Grocery
37884,0,Older Long-Tenure Grocery
37885,7,Service Sensitive
37886,2,Young Grocery
37887,0,Older Long-Tenure Grocery
37888,2,Young Grocery
37889,5,Large Families
37890,7,Service Sensitive
37891,0,Older Long-Tenure Grocery
37893,4,Promotion Seekers
37895,0,Older Long-Tenure Grocery
37897,0,Older Long-Tenure Grocery
37898,4,Promotion Seekers
37899,7,Service Sensitive
37900,6,Protein Enjoyers
37901,6,Protein Enjoyers
37902,3,Tech Enthusiasts
37903,2,Young Grocery
37904,0,Older Long-Tenure Grocery
37905,0,Older Long-Tenure Grocery
37906,4,Promotion Seekers
37907,5,Large Families
37908,1,Vegetables-Hygiene Oriented
37909,1,Vegetables-Hygiene Oriented
37911,0,Older Long-Tenure Grocery
37912,1,Vegetables-Hygiene Oriented
37913,2,Young Grocery
37915,0,Older Long-Tenure Grocery
37916,4,Promotion Seekers
37917,4,Promotion Seekers
37918,7,Service Sensitive
37919,1,Vegetables-Hygiene Oriented
37920,7,Service Sensitive
37921,1,Vegetables-Hygiene Oriented
37922,0,Older Long-Tenure Grocery
37923,5,Large Families
37924,7,Service Sensitive
37925,1,Vegetables-Hygiene Oriented
37926,5,Large Families
37928,6,Protein Enjoyers
37929,4,Promotion Seekers
37930,4,Promotion Seekers
37931,7,Service Sensitive
37932,5,Large Families
37934,4,Promotion Seekers
37935,4,Promotion Seekers
37936,4,Promotion Seekers
37937,4,Promotion Seekers
37938,1,Vegetables-Hygiene Oriented
37940,1,Vegetables-Hygiene Oriented
37941,1,Vegetables-Hygiene Oriented
37942,1,Vegetables-Hygiene Oriented
37943,7,Service Sensitive
37944,4,Promotion Seekers
37945,1,Vegetables-Hygiene Oriented
37946,2,Young Grocery
37947,4,Promotion Seekers
37948,1,Vegetables-Hygiene Oriented
37950,4,Promotion Seekers
37952,0,Older Long-Tenure Grocery
37953,5,Large Families
37954,1,Vegetables-Hygiene Oriented
37955,0,Older Long-Tenure Grocery
37956,0,Older Long-Tenure Grocery
37957,2,Young Grocery
37958,7,Service Sensitive
37959,4,Promotion Seekers
37961,4,Promotion Seekers
37962,2,Young Grocery
37963,1,Vegetables-Hygiene Oriented
37964,7,Service Sensitive
37965,1,Vegetables-Hygiene Oriented
37966,3,Tech Enthusiasts
37967,1,Vegetables-Hygiene Oriented
37969,6,Protein Enjoyers
37970,1,Vegetables-Hygiene Oriented
37972,0,Older Long-Tenure Grocery
37973,4,Promotion Seekers
37974,0,Older Long-Tenure Grocery
37975,7,Service Sensitive
37976,4,Promotion Seekers
37977,5,Large Families
37978,4,Promotion Seekers
37979,4,Promotion Seekers
37980,4,Promotion Seekers
37981,1,Vegetables-Hygiene Oriented
37983,0,Older Long-Tenure Grocery
37984,7,Service Sensitive
37985,1,Vegetables-Hygiene Oriented
37986,3,Tech Enthusiasts
37987,5,Large Families
37989,0,Older Long-Tenure Grocery
37990,7,Service Sensitive
37991,1,Vegetables-Hygiene Oriented
37992,2,Young Grocery
37993,6,Protein Enjoyers
37995,4,Promotion Seekers
37996,6,Protein Enjoyers
37997,1,Vegetables-Hygiene Oriented
37998,7,Service Sensitive
37999,0,Older Long-Tenure Grocery
38001,0,Older Long-Tenure Grocery
38002,4,Promotion Seekers
38003,7,Service Sensitive
38004,0,Older Long-Tenure Grocery
38005,4,Promotion Seekers
38006,6,Protein Enjoyers
38007,3,Tech Enthusiasts
38008,7,Service Sensitive
38009,6,Protein Enjoyers
38012,4,Promotion Seekers
38013,1,Vegetables-Hygiene Oriented
38014,0,Older Long-Tenure Grocery
38016,3,Tech Enthusiasts
38017,2,Young Grocery
38018,3,Tech Enthusiasts
38019,4,Promotion Seekers
38020,3,Tech Enthusiasts
38021,1,Vegetables-Hygiene Oriented
38022,4,Promotion Seekers
38023,2,Young Grocery
38024,3,Tech Enthusiasts
38025,5,Large Families
38026,3,Tech Enthusiasts
38027,1,Vegetables-Hygiene Oriented
38028,4,Promotion Seekers
38029,3,Tech Enthusiasts
38031,4,Promotion Seekers
38032,2,Young Grocery
38033,1,Vegetables-Hygiene Oriented
38034,3,Tech Enthusiasts
38035,7,Service Sensitive
38036,4,Promotion Seekers
38037,6,Protein Enjoyers
38038,5,Large Families
38040,0,Older Long-Tenure Grocery
38041,5,Large Families
38042,5,Large Families
38043,0,Older Long-Tenure Grocery
38044,4,Promotion Seekers
38046,0,Older Long-Tenure Grocery
38048,7,Service Sensitive
38049,1,Vegetables-Hygiene Oriented
38050,1,Vegetables-Hygiene Oriented
38051,1,Vegetables-Hygiene Oriented
38052,1,Vegetables-Hygiene Oriented
38053,4,Promotion Seekers
38055,0,Older Long-Tenure Grocery
38056,2,Young Grocery
38057,3,Tech Enthusiasts
38058,5,Large Families
38059,2,Young Grocery
38060,1,Vegetables-Hygiene Oriented
38061,0,Older Long-Tenure Grocery
38062,7,Service Sensitive
38065,3,Tech Enthusiasts
38066,0,Older Long-Tenure Grocery
38067,2,Young Grocery
38068,2,Young Grocery
38070,0,Older Long-Tenure Grocery
38071,4,Promotion Seekers
38073,7,Service Sensitive
38074,1,Vegetables-Hygiene Oriented
38076,4,Promotion Seekers
38077,7,Service Sensitive
38078,4,Promotion Seekers
38079,1,Vegetables-Hygiene Oriented
38080,2,Young Grocery
38081,3,Tech Enthusiasts
38082,5,Large Families
38083,0,Older Long-Tenure Grocery
38085,0,Older Long-Tenure Grocery
38086,2,Young Grocery
38087,2,Young Grocery
38088,0,Older Long-Tenure Grocery
38089,4,Promotion Seekers
38090,1,Vegetables-Hygiene Oriented
38091,2,Young Grocery
38092,1,Vegetables-Hygiene Oriented
38093,6,Protein Enjoyers
38095,4,Promotion Seekers
38096,0,Older Long-Tenure Grocery
38097,3,Tech Enthusiasts
38098,6,Protein Enjoyers
38099,5,Large Families
38100,7,Service Sensitive
38101,3,Tech Enthusiasts
38102,5,Large Families
38104,2,Young Grocery
38105,0,Older Long-Tenure Grocery
38106,2,Young Grocery
38108,3,Tech Enthusiasts
38109,4,Promotion Seekers
38110,7,Service Sensitive
38111,4,Promotion Seekers
38112,3,Tech Enthusiasts
38113,0,Older Long-Tenure Grocery
38114,0,Older Long-Tenure Grocery
38115,4,Promotion Seekers
38116,0,Older Long-Tenure Grocery
38117,2,Young Grocery
38118,7,Service Sensitive
38119,4,Promotion Seekers
38121,0,Older Long-Tenure Grocery
38122,7,Service Sensitive
38124,1,Vegetables-Hygiene Oriented
38125,4,Promotion Seekers
38126,4,Promotion Seekers
38127,4,Promotion Seekers
38128,1,Vegetables-Hygiene Oriented
38129,3,Tech Enthusiasts
38130,1,Vegetables-Hygiene Oriented
38131,0,Older Long-Tenure Grocery
38132,2,Young Grocery
38133,0,Older Long-Tenure Grocery
38134,1,Vegetables-Hygiene Oriented
38135,7,Service Sensitive
38136,1,Vegetables-Hygiene Oriented
38137,2,Young Grocery
38138,5,Large Families
38141,0,Older Long-Tenure Grocery
38142,1,Vegetables-Hygiene Oriented
38143,5,Large Families
38144,7,Service Sensitive
38145,1,Vegetables-Hygiene Oriented
38146,0,Older Long-Tenure Grocery
38148,0,Older Long-Tenure Grocery
38149,3,Tech Enthusiasts
38150,1,Vegetables-Hygiene Oriented
38151,0,Older Long-Tenure Grocery
38152,0,Older Long-Tenure Grocery
38153,4,Promotion Seekers
38154,4,Promotion Seekers
38155,0,Older Long-Tenure Grocery
38156,0,Older Long-Tenure Grocery
38157,7,Service Sensitive
38158,2,Young Grocery
38160,4,Promotion Seekers
38161,2,Young Grocery
38162,1,Vegetables-Hygiene Oriented
38163,2,Young Grocery
38164,1,Vegetables-Hygiene Oriented
38165,0,Older Long-Tenure Grocery
38166,4,Promotion Seekers
38167,6,Protein Enjoyers
38168,6,Protein Enjoyers
38169,4,Promotion Seekers
38170,3,Tech Enthusiasts
38171,7,Service Sensitive
38173,0,Older Long-Tenure Grocery
38174,4,Promotion Seekers
38176,4,Promotion Seekers
38177,1,Vegetables-Hygiene Oriented
38179,0,Older Long-Tenure Grocery
38180,0,Older Long-Tenure Grocery
38181,5,Large Families
38182,1,Vegetables-Hygiene Oriented
38183,1,Vegetables-Hygiene Oriented
38184,7,Service Sensitive
38185,2,Young Grocery
38187,6,Protein Enjoyers
38188,7,Service Sensitive
38189,4,Promotion Seekers
38190,4,Promotion Seekers
38191,4,Promotion Seekers
38192,7,Service Sensitive
38193,0,Older Long-Tenure Grocery
38195,0,Older Long-Tenure Grocery
38196,0,Older Long-Tenure Grocery
38197,4,Promotion Seekers
38198,5,Large Families
38199,1,Vegetables-Hygiene Oriented
38200,7,Service Sensitive
38201,3,Tech Enthusiasts
38203,0,Older Long-Tenure Grocery
38204,1,Vegetables-Hygiene Oriented
38205,3,Tech Enthusiasts
38206,0,Older Long-Tenure Grocery
38207,0,Older Long-Tenure Grocery
38208,1,Vegetables-Hygiene Oriented
38209,3,Tech Enthusiasts
38210,1,Vegetables-Hygiene Oriented
38211,6,Protein Enjoyers
38212,6,Protein Enjoyers
38213,1,Vegetables-Hygiene Oriented
38215,0,Older Long-Tenure Grocery
38216,3,Tech Enthusiasts
38217,3,Tech Enthusiasts
38218,4,Promotion Seekers
38219,1,Vegetables-Hygiene Oriented
38221,5,Large Families
38222,1,Vegetables-Hygiene Oriented
38223,1,Vegetables-Hygiene Oriented
38224,5,Large Families
38225,4,Promotion Seekers
38227,1,Vegetables-Hygiene Oriented
38228,4,Promotion Seekers
38230,0,Older Long-Tenure Grocery
38231,6,Protein Enjoyers
38232,4,Promotion Seekers
38233,0,Older Long-Tenure Grocery
38234,4,Promotion Seekers
38235,2,Young Grocery
38236,0,Older Long-Tenure Grocery
38237,6,Protein Enjoyers
38238,2,Young Grocery
38239,1,Vegetables-Hygiene Oriented
38241,1,Vegetables-Hygiene Oriented
38242,1,Vegetables-Hygiene Oriented
38243,1,Vegetables-Hygiene Oriented
38244,0,Older Long-Tenure Grocery
38245,0,Older Long-Tenure Grocery
38246,1,Vegetables-Hygiene Oriented
38248,7,Service Sensitive
38250,5,Large Families
38251,6,Protein Enjoyers
38252,5,Large Families
38255,3,Tech Enthusiasts
38256,6,Protein Enjoyers
38257,2,Young Grocery
38258,2,Young Grocery
38259,6,Protein Enjoyers
38260,4,Promotion Seekers
38261,6,Protein Enjoyers
38262,4,Promotion Seekers
38263,0,Older Long-Tenure Grocery
38267,7,Service Sensitive
38268,4,Promotion Seekers
38269,5,Large Families
38270,7,Service Sensitive
38271,7,Service Sensitive
38273,4,Promotion Seekers
38274,4,Promotion Seekers
38275,0,Older Long-Tenure Grocery
38276,4,Promotion Seekers
38277,2,Young Grocery
38278,2,Young Grocery
38280,2,Young Grocery
38281,4,Promotion Seekers
38282,0,Older Long-Tenure Grocery
38284,4,Promotion Seekers
38285,3,Tech Enthusiasts
38286,0,Older Long-Tenure Grocery
38288,4,Promotion Seekers
38290,0,Older Long-Tenure Grocery
38294,4,Promotion Seekers
38295,7,Service Sensitive
38297,4,Promotion Seekers
38300,3,Tech Enthusiasts
38301,2,Young Grocery
38302,0,Older Long-Tenure Grocery
38303,5,Large Families
38304,4,Promotion Seekers
38305,1,Vegetables-Hygiene Oriented
38306,5,Large Families
38307,1,Vegetables-Hygiene Oriented
38308,7,Service Sensitive
38309,5,Large Families
38310,4,Promotion Seekers
38311,0,Older Long-Tenure Grocery
38312,1,Vegetables-Hygiene Oriented
38313,1,Vegetables-Hygiene Oriented
38314,3,Tech Enthusiasts
38315,4,Promotion Seekers
38316,0,Older Long-Tenure Grocery
38317,0,Older Long-Tenure Grocery
38318,7,Service Sensitive
38319,5,Large Families
38320,3,Tech Enthusiasts
38321,2,Young Grocery
38322,0,Older Long-Tenure Grocery
38323,3,Tech Enthusiasts
38324,1,Vegetables-Hygiene Oriented
38325,0,Older Long-Tenure Grocery
38328,1,Vegetables-Hygiene Oriented
38329,7,Service Sensitive
38330,1,Vegetables-Hygiene Oriented
38331,2,Young Grocery
38332,6,Protein Enjoyers
38333,6,Protein Enjoyers
38334,0,Older Long-Tenure Grocery
38335,2,Young Grocery
38336,1,Vegetables-Hygiene Oriented
38337,4,Promotion Seekers
38338,1,Vegetables-Hygiene Oriented
38339,7,Service Sensitive
38340,1,Vegetables-Hygiene Oriented
38342,2,Young Grocery
38343,3,Tech Enthusiasts
38344,3,Tech Enthusiasts
38345,0,Older Long-Tenure Grocery
38346,5,Large Families
38348,1,Vegetables-Hygiene Oriented
38349,1,Vegetables-Hygiene Oriented
38350,1,Vegetables-Hygiene Oriented
38351,3,Tech Enthusiasts
38352,6,Protein Enjoyers
38353,4,Promotion Seekers
38354,1,Vegetables-Hygiene Oriented
38355,0,Older Long-Tenure Grocery
38356,4,Promotion Seekers
38357,4,Promotion Seekers
38358,4,Promotion Seekers
38359,1,Vegetables-Hygiene Oriented
38360,7,Service Sensitive
38361,2,Young Grocery
38362,2,Young Grocery
38363,2,Young Grocery
38364,4,Promotion Seekers
38365,4,Promotion Seekers
38366,7,Service Sensitive
38367,0,Older Long-Tenure Grocery
38368,3,Tech Enthusiasts
38369,4,Promotion Seekers
38370,4,Promotion Seekers
38371,0,Older Long-Tenure Grocery
38372,0,Older Long-Tenure Grocery
38373,1,Vegetables-Hygiene Oriented
38374,1,Vegetables-Hygiene Oriented
38376,2,Young Grocery
38377,3,Tech Enthusiasts
38378,2,Young Grocery
38379,3,Tech Enthusiasts
38380,4,Promotion Seekers
38381,4,Promotion Seekers
38382,7,Service Sensitive
38384,6,Protein Enjoyers
38385,3,Tech Enthusiasts
38386,4,Promotion Seekers
38388,2,Young Grocery
38389,7,Service Sensitive
38390,2,Young Grocery
38392,1,Vegetables-Hygiene Oriented
38393,0,Older Long-Tenure Grocery
38394,2,Young Grocery
38395,3,Tech Enthusiasts
38397,0,Older Long-Tenure Grocery
38398,7,Service Sensitive
38399,1,Vegetables-Hygiene Oriented
38400,4,Promotion Seekers
38401,0,Older Long-Tenure Grocery
38402,4,Promotion Seekers
38404,3,Tech Enthusiasts
38405,4,Promotion Seekers
38406,7,Service Sensitive
38407,1,Vegetables-Hygiene Oriented
38408,0,Older Long-Tenure Grocery
38409,3,Tech Enthusiasts
38411,3,Tech Enthusiasts
38414,1,Vegetables-Hygiene Oriented
38415,0,Older Long-Tenure Grocery
38416,2,Young Grocery
38417,0,Older Long-Tenure Grocery
38418,1,Vegetables-Hygiene Oriented
38419,3,Tech Enthusiasts
38420,2,Young Grocery
38421,1,Vegetables-Hygiene Oriented
38422,3,Tech Enthusiasts
38423,7,Service Sensitive
38424,1,Vegetables-Hygiene Oriented
38425,1,Vegetables-Hygiene Oriented
38426,1,Vegetables-Hygiene Oriented
38427,1,Vegetables-Hygiene Oriented
38429,7,Service Sensitive
38430,0,Older Long-Tenure Grocery
38431,6,Protein Enjoyers
38433,0,Older Long-Tenure Grocery
38434,2,Young Grocery
38435,2,Young Grocery
38436,4,Promotion Seekers
38438,4,Promotion Seekers
38440,1,Vegetables-Hygiene Oriented
38441,0,Older Long-Tenure Grocery
38442,6,Protein Enjoyers
38444,4,Promotion Seekers
38445,3,Tech Enthusiasts
38447,4,Promotion Seekers
38448,1,Vegetables-Hygiene Oriented
38449,7,Service Sensitive
38450,1,Vegetables-Hygiene Oriented
38453,2,Young Grocery
38454,4,Promotion Seekers
38457,4,Promotion Seekers
38459,3,Tech Enthusiasts
38460,1,Vegetables-Hygiene Oriented
38461,5,Large Families
38462,4,Promotion Seekers
38463,1,Vegetables-Hygiene Oriented
38464,5,Large Families
38465,6,Protein Enjoyers
38466,2,Young Grocery
38467,1,Vegetables-Hygiene Oriented
38468,1,Vegetables-Hygiene Oriented
38470,0,Older Long-Tenure Grocery
38471,7,Service Sensitive
38473,0,Older Long-Tenure Grocery
38474,4,Promotion Seekers
38476,5,Large Families
38477,5,Large Families
38478,6,Protein Enjoyers
38480,2,Young Grocery
38481,7,Service Sensitive
38482,0,Older Long-Tenure Grocery
38484,3,Tech Enthusiasts
38486,1,Vegetables-Hygiene Oriented
38487,0,Older Long-Tenure Grocery
38488,4,Promotion Seekers
38489,0,Older Long-Tenure Grocery
38490,5,Large Families
38492,1,Vegetables-Hygiene Oriented
38493,1,Vegetables-Hygiene Oriented
38494,1,Vegetables-Hygiene Oriented
38495,5,Large Families
38497,7,Service Sensitive
38498,3,Tech Enthusiasts
38499,4,Promotion Seekers
38501,1,Vegetables-Hygiene Oriented
38502,4,Promotion Seekers
38503,0,Older Long-Tenure Grocery
38504,7,Service Sensitive
38505,2,Young Grocery
38506,6,Protein Enjoyers
38507,0,Older Long-Tenure Grocery
38508,0,Older Long-Tenure Grocery
38510,1,Vegetables-Hygiene Oriented
38511,7,Service Sensitive
38512,2,Young Grocery
38513,4,Promotion Seekers
38514,6,Protein Enjoyers
38516,0,Older Long-Tenure Grocery
38517,4,Promotion Seekers
38518,2,Young Grocery
38519,2,Young Grocery
38520,5,Large Families
38521,4,Promotion Seekers
38522,0,Older Long-Tenure Grocery
38523,4,Promotion Seekers
38524,5,Large Families
38525,4,Promotion Seekers
38526,1,Vegetables-Hygiene Oriented
38528,5,Large Families
38529,0,Older Long-Tenure Grocery
38530,3,Tech Enthusiasts
38531,1,Vegetables-Hygiene Oriented
38532,2,Young Grocery
38533,0,Older Long-Tenure Grocery
38535,3,Tech Enthusiasts
38536,4,Promotion Seekers
38537,1,Vegetables-Hygiene Oriented
38538,4,Promotion Seekers
38540,4,Promotion Seekers
38541,1,Vegetables-Hygiene Oriented
38542,7,Service Sensitive
38543,2,Young Grocery
38544,4,Promotion Seekers
38545,0,Older Long-Tenure Grocery
38548,1,Vegetables-Hygiene Oriented
38550,0,Older Long-Tenure Grocery
38551,2,Young Grocery
38552,2,Young Grocery
38553,4,Promotion Seekers
38554,4,Promotion Seekers
38555,7,Service Sensitive
38556,4,Promotion Seekers
38557,7,Service Sensitive
38558,0,Older Long-Tenure Grocery
38559,4,Promotion Seekers
38560,7,Service Sensitive
38561,4,Promotion Seekers
38562,5,Large Families
38563,3,Tech Enthusiasts
38564,1,Vegetables-Hygiene Oriented
38565,4,Promotion Seekers
38566,0,Older Long-Tenure Grocery
38568,7,Service Sensitive
38569,2,Young Grocery
38570,0,Older Long-Tenure Grocery
38571,7,Service Sensitive
38573,7,Service Sensitive
38574,6,Protein Enjoyers
38575,0,Older Long-Tenure Grocery
38576,4,Promotion Seekers
38577,1,Vegetables-Hygiene Oriented
38578,2,Young Grocery
38580,1,Vegetables-Hygiene Oriented
38581,4,Promotion Seekers
38582,4,Promotion Seekers
38583,0,Older Long-Tenure Grocery
38584,1,Vegetables-Hygiene Oriented
38585,2,Young Grocery
38586,5,Large Families
38587,1,Vegetables-Hygiene Oriented
38588,1,Vegetables-Hygiene Oriented
38589,3,Tech Enthusiasts
38590,2,Young Grocery
38591,4,Promotion Seekers
38592,5,Large Families
38593,4,Promotion Seekers
38594,2,Young Grocery
38595,4,Promotion Seekers
38596,0,Older Long-Tenure Grocery
38597,2,Young Grocery
38598,0,Older Long-Tenure Grocery
38600,1,Vegetables-Hygiene Oriented
38601,3,Tech Enthusiasts
38602,3,Tech Enthusiasts
38603,6,Protein Enjoyers
38606,3,Tech Enthusiasts
38608,1,Vegetables-Hygiene Oriented
38609,1,Vegetables-Hygiene Oriented
38610,3,Tech Enthusiasts
38611,4,Promotion Seekers
38612,7,Service Sensitive
38613,6,Protein Enjoyers
38614,0,Older Long-Tenure Grocery
38615,1,Vegetables-Hygiene Oriented
38616,0,Older Long-Tenure Grocery
38617,0,Older Long-Tenure Grocery
38618,1,Vegetables-Hygiene Oriented
38619,3,Tech Enthusiasts
38620,5,Large Families
38622,3,Tech Enthusiasts
38624,1,Vegetables-Hygiene Oriented
38625,7,Service Sensitive
38626,4,Promotion Seekers
38627,4,Promotion Seekers
38628,2,Young Grocery
38629,4,Promotion Seekers
38630,7,Service Sensitive
38631,0,Older Long-Tenure Grocery
38632,3,Tech Enthusiasts
38633,6,Protein Enjoyers
38634,4,Promotion Seekers
38635,1,Vegetables-Hygiene Oriented
38636,2,Young Grocery
38637,5,Large Families
38638,7,Service Sensitive
38639,4,Promotion Seekers
38640,4,Promotion Seekers
38642,0,Older Long-Tenure Grocery
38643,1,Vegetables-Hygiene Oriented
38644,6,Protein Enjoyers
38645,3,Tech Enthusiasts
38646,5,Large Families
38648,1,Vegetables-Hygiene Oriented
38649,3,Tech Enthusiasts
38650,1,Vegetables-Hygiene Oriented
38652,0,Older Long-Tenure Grocery
38653,3,Tech Enthusiasts
38654,1,Vegetables-Hygiene Oriented
38655,3,Tech Enthusiasts
38656,3,Tech Enthusiasts
38658,4,Promotion Seekers
38659,2,Young Grocery
38661,4,Promotion Seekers
38662,4,Promotion Seekers
38663,4,Promotion Seekers
38664,4,Promotion Seekers
38665,7,Service Sensitive
38666,6,Protein Enjoyers
38669,3,Tech Enthusiasts
38670,0,Older Long-Tenure Grocery
38671,7,Service Sensitive
38673,2,Young Grocery
38674,6,Protein Enjoyers
38675,3,Tech Enthusiasts
38677,4,Promotion Seekers
38678,2,Young Grocery
38680,7,Service Sensitive
38681,1,Vegetables-Hygiene Oriented
38682,0,Older Long-Tenure Grocery
38683,3,Tech Enthusiasts
38684,2,Young Grocery
38685,2,Young Grocery
38686,4,Promotion Seekers
38687,0,Older Long-Tenure Grocery
38688,5,Large Families
38689,0,Older Long-Tenure Grocery
38691,3,Tech Enthusiasts
38692,0,Older Long-Tenure Grocery
38693,7,Service Sensitive
38694,4,Promotion Seekers
38695,1,Vegetables-Hygiene Oriented
38696,2,Young Grocery
38697,1,Vegetables-Hygiene Oriented
38698,2,Young Grocery
38699,1,Vegetables-Hygiene Oriented
38700,3,Tech Enthusiasts
38701,2,Young Grocery
38702,1,Vegetables-Hygiene Oriented
38703,4,Promotion Seekers
38704,0,Older Long-Tenure Grocery
38705,0,Older Long-Tenure Grocery
38706,0,Older Long-Tenure Grocery
38707,1,Vegetables-Hygiene Oriented
38708,3,Tech Enthusiasts
38709,0,Older Long-Tenure Grocery
38710,7,Service Sensitive
38713,2,Young Grocery
38714,5,Large Families
38715,0,Older Long-Tenure Grocery
38716,7,Service Sensitive
38717,2,Young Grocery
38718,1,Vegetables-Hygiene Oriented
38719,0,Older Long-Tenure Grocery
38721,4,Promotion Seekers
38722,1,Vegetables-Hygiene Oriented
38725,4,Promotion Seekers
38726,1,Vegetables-Hygiene Oriented
38727,0,Older Long-Tenure Grocery
38728,1,Vegetables-Hygiene Oriented
38729,3,Tech Enthusiasts
38730,4,Promotion Seekers
38731,1,Vegetables-Hygiene Oriented
38733,0,Older Long-Tenure Grocery
38734,2,Young Grocery
38737,6,Protein Enjoyers
38738,4,Promotion Seekers
38739,1,Vegetables-Hygiene Oriented
38741,2,Young Grocery
38742,1,Vegetables-Hygiene Oriented
38743,2,Young Grocery
38744,0,Older Long-Tenure Grocery
38745,5,Large Families
38746,3,Tech Enthusiasts
38747,0,Older Long-Tenure Grocery
38748,4,Promotion Seekers
38749,1,Vegetables-Hygiene Oriented
38750,5,Large Families
38751,3,Tech Enthusiasts
38752,0,Older Long-Tenure Grocery
38753,3,Tech Enthusiasts
38754,1,Vegetables-Hygiene Oriented
38755,3,Tech Enthusiasts
38756,5,Large Families
38757,6,Protein Enjoyers
38758,5,Large Families
38759,0,Older Long-Tenure Grocery
38761,1,Vegetables-Hygiene Oriented
38762,4,Promotion Seekers
38763,1,Vegetables-Hygiene Oriented
38764,0,Older Long-Tenure Grocery
38765,4,Promotion Seekers
38766,1,Vegetables-Hygiene Oriented
38768,2,Young Grocery
38769,1,Vegetables-Hygiene Oriented
38771,0,Older Long-Tenure Grocery
38772,1,Vegetables-Hygiene Oriented
38774,2,Young Grocery
38775,1,Vegetables-Hygiene Oriented
38777,0,Older Long-Tenure Grocery
38778,6,Protein Enjoyers
38779,1,Vegetables-Hygiene Oriented
38780,3,Tech Enthusiasts
38781,2,Young Grocery
38782,1,Vegetables-Hygiene Oriented
38784,7,Service Sensitive
38786,5,Large Families
38787,3,Tech Enthusiasts
38788,4,Promotion Seekers
38789,5,Large Families
38791,0,Older Long-Tenure Grocery
38793,2,Young Grocery
38794,0,Older Long-Tenure Grocery
38796,4,Promotion Seekers
38797,1,Vegetables-Hygiene Oriented
38798,2,Young Grocery
38799,2,Young Grocery
38801,2,Young Grocery
38802,1,Vegetables-Hygiene Oriented
38803,4,Promotion Seekers
38804,3,Tech Enthusiasts
38806,7,Service Sensitive
38807,6,Protein Enjoyers
38808,0,Older Long-Tenure Grocery
38811,2,Young Grocery
38813,1,Vegetables-Hygiene Oriented
38814,4,Promotion Seekers
38815,0,Older Long-Tenure Grocery
38818,4,Promotion Seekers
38819,7,Service Sensitive
38820,2,Young Grocery
38821,7,Service Sensitive
38822,6,Protein Enjoyers
38823,2,Young Grocery
38824,4,Promotion Seekers
38825,0,Older Long-Tenure Grocery
38826,4,Promotion Seekers
38827,1,Vegetables-Hygiene Oriented
38828,5,Large Families
38829,4,Promotion Seekers
38830,0,Older Long-Tenure Grocery
38831,0,Older Long-Tenure Grocery
38833,6,Protein Enjoyers
38835,7,Service Sensitive
38836,7,Service Sensitive
38837,2,Young Grocery
38839,7,Service Sensitive
38840,2,Young Grocery
38841,2,Young Grocery
38842,0,Older Long-Tenure Grocery
38843,7,Service Sensitive
38844,2,Young Grocery
38845,7,Service Sensitive
38846,4,Promotion Seekers
38848,2,Young Grocery
38849,4,Promotion Seekers
38851,0,Older Long-Tenure Grocery
38852,0,Older Long-Tenure Grocery
38853,1,Vegetables-Hygiene Oriented
38854,0,Older Long-Tenure Grocery
38855,7,Service Sensitive
38856,5,Large Families
38857,0,Older Long-Tenure Grocery
38858,4,Promotion Seekers
38860,2,Young Grocery
38861,2,Young Grocery
38863,2,Young Grocery
38864,2,Young Grocery
38867,0,Older Long-Tenure Grocery
38869,0,Older Long-Tenure Grocery
38870,1,Vegetables-Hygiene Oriented
38871,2,Young Grocery
38872,4,Promotion Seekers
38873,2,Young Grocery
38874,7,Service Sensitive
38875,0,Older Long-Tenure Grocery
38876,2,Young Grocery
38877,4,Promotion Seekers
38878,0,Older Long-Tenure Grocery
38879,0,Older Long-Tenure Grocery
38880,0,Older Long-Tenure Grocery
38881,5,Large Families
38882,1,Vegetables-Hygiene Oriented
38883,0,Older Long-Tenure Grocery
38884,3,Tech Enthusiasts
38885,6,Protein Enjoyers
38887,0,Older Long-Tenure Grocery
38888,2,Young Grocery
38889,0,Older Long-Tenure Grocery
38890,7,Service Sensitive
38891,4,Promotion Seekers
38892,4,Promotion Seekers
38893,6,Protein Enjoyers
38896,3,Tech Enthusiasts
38897,4,Promotion Seekers
38898,4,Promotion Seekers
38899,6,Protein Enjoyers
38900,4,Promotion Seekers
38901,6,Protein Enjoyers
38902,7,Service Sensitive
38903,0,Older Long-Tenure Grocery
38904,7,Service Sensitive
38905,4,Promotion Seekers
38907,7,Service Sensitive
38910,0,Older Long-Tenure Grocery
38911,3,Tech Enthusiasts
38912,4,Promotion Seekers
38913,6,Protein Enjoyers
38914,1,Vegetables-Hygiene Oriented
38915,1,Vegetables-Hygiene Oriented
38916,4,Promotion Seekers
38917,1,Vegetables-Hygiene Oriented
38918,1,Vegetables-Hygiene Oriented
38919,7,Service Sensitive
38920,0,Older Long-Tenure Grocery
38921,1,Vegetables-Hygiene Oriented
38923,3,Tech Enthusiasts
38924,0,Older Long-Tenure Grocery
38926,4,Promotion Seekers
38927,5,Large Families
38928,0,Older Long-Tenure Grocery
38929,7,Service Sensitive
38930,0,Older Long-Tenure Grocery
38931,6,Protein Enjoyers
38933,3,Tech Enthusiasts
38934,1,Vegetables-Hygiene Oriented
38935,0,Older Long-Tenure Grocery
38936,1,Vegetables-Hygiene Oriented
38937,1,Vegetables-Hygiene Oriented
38938,0,Older Long-Tenure Grocery
38939,2,Young Grocery
38940,0,Older Long-Tenure Grocery
38941,0,Older Long-Tenure Grocery
38942,2,Young Grocery
38943,0,Older Long-Tenure Grocery
38944,6,Protein Enjoyers
38946,7,Service Sensitive
38947,4,Promotion Seekers
38949,0,Older Long-Tenure Grocery
38950,3,Tech Enthusiasts
38951,0,Older Long-Tenure Grocery
38952,7,Service Sensitive
38954,0,Older Long-Tenure Grocery
38955,4,Promotion Seekers
38956,2,Young Grocery
38958,7,Service Sensitive
38959,7,Service Sensitive
38960,7,Service Sensitive
38961,2,Young Grocery
38962,0,Older Long-Tenure Grocery
38963,1,Vegetables-Hygiene Oriented
38964,4,Promotion Seekers
38965,7,Service Sensitive
38967,4,Promotion Seekers
38968,1,Vegetables-Hygiene Oriented
38969,2,Young Grocery
38970,4,Promotion Seekers
38971,7,Service Sensitive
38972,0,Older Long-Tenure Grocery
38974,0,Older Long-Tenure Grocery
38975,1,Vegetables-Hygiene Oriented
38976,5,Large Families
38977,7,Service Sensitive
38978,0,Older Long-Tenure Grocery
38979,3,Tech Enthusiasts
38980,4,Promotion Seekers
38981,0,Older Long-Tenure Grocery
38982,1,Vegetables-Hygiene Oriented
38983,0,Older Long-Tenure Grocery
38984,2,Young Grocery
38985,5,Large Families
38987,4,Promotion Seekers
38988,0,Older Long-Tenure Grocery
38989,4,Promotion Seekers
38990,2,Young Grocery
38993,0,Older Long-Tenure Grocery
38995,0,Older Long-Tenure Grocery
38996,4,Promotion Seekers
38997,4,Promotion Seekers
38999,2,Young Grocery
39000,4,Promotion Seekers
39001,1,Vegetables-Hygiene Oriented
39002,7,Service Sensitive
39004,4,Promotion Seekers
39005,0,Older Long-Tenure Grocery
39006,3,Tech Enthusiasts
39007,0,Older Long-Tenure Grocery
39008,1,Vegetables-Hygiene Oriented
39009,5,Large Families
39010,4,Promotion Seekers
39011,1,Vegetables-Hygiene Oriented
39012,5,Large Families
39013,1,Vegetables-Hygiene Oriented
39014,1,Vegetables-Hygiene Oriented
39015,4,Promotion Seekers
39016,7,Service Sensitive
39017,0,Older Long-Tenure Grocery
39018,2,Young Grocery
39019,7,Service Sensitive
39020,1,Vegetables-Hygiene Oriented
39021,1,Vegetables-Hygiene Oriented
39022,0,Older Long-Tenure Grocery
39023,1,Vegetables-Hygiene Oriented
39025,0,Older Long-Tenure Grocery
39026,1,Vegetables-Hygiene Oriented
39027,4,Promotion Seekers
39028,0,Older Long-Tenure Grocery
39030,3,Tech Enthusiasts
39031,1,Vegetables-Hygiene Oriented
39032,0,Older Long-Tenure Grocery
39033,4,Promotion Seekers
39034,2,Young Grocery
39035,4,Promotion Seekers
39036,0,Older Long-Tenure Grocery
39037,3,Tech Enthusiasts
39038,4,Promotion Seekers
39039,0,Older Long-Tenure Grocery
39040,4,Promotion Seekers
39041,4,Promotion Seekers
39042,2,Young Grocery
39043,1,Vegetables-Hygiene Oriented
39044,0,Older Long-Tenure Grocery
39045,7,Service Sensitive
39047,0,Older Long-Tenure Grocery
39048,4,Promotion Seekers
39049,6,Protein Enjoyers
39050,4,Promotion Seekers
39052,0,Older Long-Tenure Grocery
39053,5,Large Families
39054,1,Vegetables-Hygiene Oriented
39055,6,Protein Enjoyers
39056,5,Large Families
39058,4,Promotion Seekers
39059,0,Older Long-Tenure Grocery
39060,5,Large Families
39061,1,Vegetables-Hygiene Oriented
39062,0,Older Long-Tenure Grocery
39063,2,Young Grocery
39065,1,Vegetables-Hygiene Oriented
39067,6,Protein Enjoyers
39068,6,Protein Enjoyers
39069,1,Vegetables-Hygiene Oriented
39071,6,Protein Enjoyers
39072,1,Vegetables-Hygiene Oriented
39074,7,Service Sensitive
39075,3,Tech Enthusiasts
39076,2,Young Grocery
39077,0,Older Long-Tenure Grocery
39078,1,Vegetables-Hygiene Oriented
39079,7,Service Sensitive
39080,0,Older Long-Tenure Grocery
39081,0,Older Long-Tenure Grocery
39082,2,Young Grocery
39083,0,Older Long-Tenure Grocery
39084,0,Older Long-Tenure Grocery
39085,1,Vegetables-Hygiene Oriented
39086,0,Older Long-Tenure Grocery
39087,7,Service Sensitive
39088,2,Young Grocery
39089,1,Vegetables-Hygiene Oriented
39091,3,Tech Enthusiasts
39092,3,Tech Enthusiasts
39094,3,Tech Enthusiasts
39095,0,Older Long-Tenure Grocery
39096,7,Service Sensitive
39097,7,Service Sensitive
39099,6,Protein Enjoyers
39100,0,Older Long-Tenure Grocery
39101,0,Older Long-Tenure Grocery
39102,0,Older Long-Tenure Grocery
39103,5,Large Families
39104,4,Promotion Seekers
39105,3,Tech Enthusiasts
39106,2,Young Grocery
39107,5,Large Families
39108,4,Promotion Seekers
39109,7,Service Sensitive
39110,5,Large Families
39111,4,Promotion Seekers
39112,3,Tech Enthusiasts
39113,1,Vegetables-Hygiene Oriented
39114,0,Older Long-Tenure Grocery
39115,5,Large Families
39116,1,Vegetables-Hygiene Oriented
39117,6,Protein Enjoyers
39119,0,Older Long-Tenure Grocery
39120,7,Service Sensitive
39122,3,Tech Enthusiasts
39123,7,Service Sensitive
39125,3,Tech Enthusiasts
39126,4,Promotion Seekers
39128,0,Older Long-Tenure Grocery
39129,0,Older Long-Tenure Grocery
39130,2,Young Grocery
39131,1,Vegetables-Hygiene Oriented
39132,4,Promotion Seekers
39133,7,Service Sensitive
39134,5,Large Families
39135,2,Young Grocery
39136,1,Vegetables-Hygiene Oriented
39138,2,Young Grocery
39139,0,Older Long-Tenure Grocery
39140,2,Young Grocery
39141,3,Tech Enthusiasts
39142,6,Protein Enjoyers
39144,1,Vegetables-Hygiene Oriented
39145,1,Vegetables-Hygiene Oriented
39146,1,Vegetables-Hygiene Oriented
39147,2,Young Grocery
39149,2,Young Grocery
39150,2,Young Grocery
39151,4,Promotion Seekers
39152,2,Young Grocery
39153,2,Young Grocery
39154,4,Promotion Seekers
39155,7,Service Sensitive
39156,4,Promotion Seekers
39157,1,Vegetables-Hygiene Oriented
39158,2,Young Grocery
39159,7,Service Sensitive
39161,7,Service Sensitive
39162,7,Service Sensitive
39163,6,Protein Enjoyers
39164,5,Large Families
39165,6,Protein Enjoyers
39166,2,Young Grocery
39168,3,Tech Enthusiasts
39170,2,Young Grocery
39173,7,Service Sensitive
39174,7,Service Sensitive
39175,0,Older Long-Tenure Grocery
39176,2,Young Grocery
39177,2,Young Grocery
39178,2,Young Grocery
39180,1,Vegetables-Hygiene Oriented
39181,5,Large Families
39184,4,Promotion Seekers
39185,7,Service Sensitive
39186,3,Tech Enthusiasts
39187,5,Large Families
39188,2,Young Grocery
39190,4,Promotion Seekers
39191,4,Promotion Seekers
39192,7,Service Sensitive
39193,4,Promotion Seekers
39194,5,Large Families
39195,1,Vegetables-Hygiene Oriented
39196,2,Young Grocery
39197,3,Tech Enthusiasts
39198,0,Older Long-Tenure Grocery
39199,1,Vegetables-Hygiene Oriented
39200,0,Older Long-Tenure Grocery
39201,1,Vegetables-Hygiene Oriented
39202,4,Promotion Seekers
39203,4,Promotion Seekers
39204,4,Promotion Seekers
39205,4,Promotion Seekers
39206,4,Promotion Seekers
39207,1,Vegetables-Hygiene Oriented
39208,4,Promotion Seekers
39209,3,Tech Enthusiasts
39210,1,Vegetables-Hygiene Oriented
39211,7,Service Sensitive
39212,4,Promotion Seekers
39213,7,Service Sensitive
39214,0,Older Long-Tenure Grocery
39215,0,Older Long-Tenure Grocery
39216,1,Vegetables-Hygiene Oriented
39218,0,Older Long-Tenure Grocery
39219,0,Older Long-Tenure Grocery
39220,0,Older Long-Tenure Grocery
39221,5,Large Families
39222,4,Promotion Seekers
39223,0,Older Long-Tenure Grocery
39224,1,Vegetables-Hygiene Oriented
39226,7,Service Sensitive
39227,1,Vegetables-Hygiene Oriented
39229,5,Large Families
39230,0,Older Long-Tenure Grocery
39231,2,Young Grocery
39232,0,Older Long-Tenure Grocery
39234,0,Older Long-Tenure Grocery
39236,1,Vegetables-Hygiene Oriented
39238,2,Young Grocery
39239,0,Older Long-Tenure Grocery
39241,7,Service Sensitive
39242,4,Promotion Seekers
39243,3,Tech Enthusiasts
39244,3,Tech Enthusiasts
39245,7,Service Sensitive
39246,0,Older Long-Tenure Grocery
39247,1,Vegetables-Hygiene Oriented
39249,6,Protein Enjoyers
39251,0,Older Long-Tenure Grocery
39252,1,Vegetables-Hygiene Oriented
39255,6,Protein Enjoyers
39257,4,Promotion Seekers
39258,4,Promotion Seekers
39259,7,Service Sensitive
39260,1,Vegetables-Hygiene Oriented
39261,1,Vegetables-Hygiene Oriented
39262,1,Vegetables-Hygiene Oriented
39264,1,Vegetables-Hygiene Oriented
39265,1,Vegetables-Hygiene Oriented
39266,4,Promotion Seekers
39267,0,Older Long-Tenure Grocery
39268,2,Young Grocery
39269,4,Promotion Seekers
39271,4,Promotion Seekers
39274,1,Vegetables-Hygiene Oriented
39275,2,Young Grocery
39276,1,Vegetables-Hygiene Oriented
39277,5,Large Families
39278,1,Vegetables-Hygiene Oriented
39279,3,Tech Enthusiasts
39280,4,Promotion Seekers
39281,2,Young Grocery
39282,2,Young Grocery
39283,2,Young Grocery
39285,0,Older Long-Tenure Grocery
39286,3,Tech Enthusiasts
39287,0,Older Long-Tenure Grocery
39288,2,Young Grocery
39289,0,Older Long-Tenure Grocery
39290,5,Large Families
39291,4,Promotion Seekers
39292,1,Vegetables-Hygiene Oriented
39295,2,Young Grocery
39296,1,Vegetables-Hygiene Oriented
39297,0,Older Long-Tenure Grocery
39298,1,Vegetables-Hygiene Oriented
39299,0,Older Long-Tenure Grocery
39301,4,Promotion Seekers
39302,7,Service Sensitive
39304,4,Promotion Seekers
39305,7,Service Sensitive
39306,7,Service Sensitive
39307,1,Vegetables-Hygiene Oriented
39308,2,Young Grocery
39309,2,Young Grocery
39310,4,Promotion Seekers
39311,3,Tech Enthusiasts
39312,4,Promotion Seekers
39313,2,Young Grocery
39314,0,Older Long-Tenure Grocery
39315,2,Young Grocery
39317,4,Promotion Seekers
39318,3,Tech Enthusiasts
39320,3,Tech Enthusiasts
39321,3,Tech Enthusiasts
39322,1,Vegetables-Hygiene Oriented
39323,7,Service Sensitive
39324,1,Vegetables-Hygiene Oriented
39325,4,Promotion Seekers
39326,2,Young Grocery
39327,1,Vegetables-Hygiene Oriented
39328,2,Young Grocery
39329,5,Large Families
39330,4,Promotion Seekers
39332,2,Young Grocery
39333,1,Vegetables-Hygiene Oriented
39334,4,Promotion Seekers
39335,0,Older Long-Tenure Grocery
39336,0,Older Long-Tenure Grocery
39337,3,Tech Enthusiasts
39338,3,Tech Enthusiasts
39339,3,Tech Enthusiasts
39340,6,Protein Enjoyers
39343,1,Vegetables-Hygiene Oriented
39344,7,Service Sensitive
39345,2,Young Grocery
39346,5,Large Families
39347,1,Vegetables-Hygiene Oriented
39348,2,Young Grocery
39349,2,Young Grocery
39350,1,Vegetables-Hygiene Oriented
39351,1,Vegetables-Hygiene Oriented
39352,5,Large Families
39353,1,Vegetables-Hygiene Oriented
39354,7,Service Sensitive
39355,1,Vegetables-Hygiene Oriented
39356,6,Protein Enjoyers
39357,2,Young Grocery
39358,4,Promotion Seekers
39359,0,Older Long-Tenure Grocery
39360,4,Promotion Seekers
39361,2,Young Grocery
39363,0,Older Long-Tenure Grocery
39364,6,Protein Enjoyers
39365,3,Tech Enthusiasts
39366,7,Service Sensitive
39368,6,Protein Enjoyers
39369,3,Tech Enthusiasts
39370,3,Tech Enthusiasts
39371,1,Vegetables-Hygiene Oriented
39372,1,Vegetables-Hygiene Oriented
39373,1,Vegetables-Hygiene Oriented
39374,0,Older Long-Tenure Grocery
39375,3,Tech Enthusiasts
39378,0,Older Long-Tenure Grocery
39379,4,Promotion Seekers
39381,0,Older Long-Tenure Grocery
39382,4,Promotion Seekers
39383,5,Large Families
39384,7,Service Sensitive
39385,1,Vegetables-Hygiene Oriented
39386,4,Promotion Seekers
39387,4,Promotion Seekers
39388,0,Older Long-Tenure Grocery
39390,4,Promotion Seekers
39391,4,Promotion Seekers
39392,3,Tech Enthusiasts
39394,1,Vegetables-Hygiene Oriented
39395,0,Older Long-Tenure Grocery
39396,6,Protein Enjoyers
39397,1,Vegetables-Hygiene Oriented
39398,4,Promotion Seekers
39400,6,Protein Enjoyers
39401,0,Older Long-Tenure Grocery
39402,0,Older Long-Tenure Grocery
39404,0,Older Long-Tenure Grocery
39405,0,Older Long-Tenure Grocery
39406,7,Service Sensitive
39407,5,Large Families
39408,4,Promotion Seekers
39409,7,Service Sensitive
39412,0,Older Long-Tenure Grocery
39413,1,Vegetables-Hygiene Oriented
39414,3,Tech Enthusiasts
39415,0,Older Long-Tenure Grocery
39416,3,Tech Enthusiasts
39417,4,Promotion Seekers
39418,0,Older Long-Tenure Grocery
39419,2,Young Grocery
39420,1,Vegetables-Hygiene Oriented
39423,4,Promotion Seekers
39424,0,Older Long-Tenure Grocery
39425,0,Older Long-Tenure Grocery
39426,1,Vegetables-Hygiene Oriented
39427,5,Large Families
39428,1,Vegetables-Hygiene Oriented
39429,1,Vegetables-Hygiene Oriented
39430,6,Protein Enjoyers
39431,7,Service Sensitive
39433,1,Vegetables-Hygiene Oriented
39435,4,Promotion Seekers
39436,4,Promotion Seekers
39437,2,Young Grocery
39439,1,Vegetables-Hygiene Oriented
39440,1,Vegetables-Hygiene Oriented
39442,2,Young Grocery
39443,7,Service Sensitive
39445,5,Large Families
39447,4,Promotion Seekers
39448,6,Protein Enjoyers
39449,0,Older Long-Tenure Grocery
39450,3,Tech Enthusiasts
39451,7,Service Sensitive
39452,3,Tech Enthusiasts
39453,4,Promotion Seekers
39454,1,Vegetables-Hygiene Oriented
39456,7,Service Sensitive
39458,3,Tech Enthusiasts
39459,7,Service Sensitive
39460,4,Promotion Seekers
39461,4,Promotion Seekers
39462,7,Service Sensitive
39463,5,Large Families
39464,1,Vegetables-Hygiene Oriented
39465,4,Promotion Seekers
39466,1,Vegetables-Hygiene Oriented
39468,2,Young Grocery
39470,2,Young Grocery
39472,7,Service Sensitive
39473,5,Large Families
39474,4,Promotion Seekers
39475,7,Service Sensitive
39476,0,Older Long-Tenure Grocery
39477,0,Older Long-Tenure Grocery
39478,4,Promotion Seekers
39479,5,Large Families
39480,4,Promotion Seekers
39481,1,Vegetables-Hygiene Oriented
39482,4,Promotion Seekers
39484,4,Promotion Seekers
39485,6,Protein Enjoyers
39486,0,Older Long-Tenure Grocery
39487,0,Older Long-Tenure Grocery
39488,7,Service Sensitive
39489,0,Older Long-Tenure Grocery
39490,2,Young Grocery
39491,5,Large Families
39492,0,Older Long-Tenure Grocery
39493,1,Vegetables-Hygiene Oriented
39494,0,Older Long-Tenure Grocery
39497,5,Large Families
39498,7,Service Sensitive
39499,2,Young Grocery
39500,0,Older Long-Tenure Grocery
39501,2,Young Grocery
39502,4,Promotion Seekers
39503,1,Vegetables-Hygiene Oriented
39504,4,Promotion Seekers
39505,5,Large Families
39506,1,Vegetables-Hygiene Oriented
39507,5,Large Families
39511,4,Promotion Seekers
39512,3,Tech Enthusiasts
39513,1,Vegetables-Hygiene Oriented
39514,1,Vegetables-Hygiene Oriented
39515,5,Large Families
39516,1,Vegetables-Hygiene Oriented
39517,0,Older Long-Tenure Grocery
39518,7,Service Sensitive
39519,2,Young Grocery
39520,2,Young Grocery
39521,0,Older Long-Tenure Grocery
39523,3,Tech Enthusiasts
39524,0,Older Long-Tenure Grocery
39525,7,Service Sensitive
39526,4,Promotion Seekers
39527,2,Young Grocery
39528,0,Older Long-Tenure Grocery
39529,4,Promotion Seekers
39531,0,Older Long-Tenure Grocery
39532,1,Vegetables-Hygiene Oriented
39533,4,Promotion Seekers
39534,2,Young Grocery
39535,4,Promotion Seekers
39536,5,Large Families
39537,2,Young Grocery
39538,4,Promotion Seekers
39539,0,Older Long-Tenure Grocery
39542,7,Service Sensitive
39543,1,Vegetables-Hygiene Oriented
39544,4,Promotion Seekers
39545,4,Promotion Seekers
39546,0,Older Long-Tenure Grocery
39548,4,Promotion Seekers
39549,4,Promotion Seekers
39550,1,Vegetables-Hygiene Oriented
39551,6,Protein Enjoyers
39552,7,Service Sensitive
39553,0,Older Long-Tenure Grocery
39554,3,Tech Enthusiasts
39555,0,Older Long-Tenure Grocery
39559,4,Promotion Seekers
39560,7,Service Sensitive
39561,7,Service Sensitive
39562,1,Vegetables-Hygiene Oriented
39563,5,Large Families
39565,0,Older Long-Tenure Grocery
39567,0,Older Long-Tenure Grocery
39568,1,Vegetables-Hygiene Oriented
39569,4,Promotion Seekers
39570,5,Large Families
39571,5,Large Families
39572,2,Young Grocery
39573,1,Vegetables-Hygiene Oriented
39574,1,Vegetables-Hygiene Oriented
39575,7,Service Sensitive
39576,0,Older Long-Tenure Grocery
39578,2,Young Grocery
39579,4,Promotion Seekers
39581,3,Tech Enthusiasts
39582,5,Large Families
39583,7,Service Sensitive
39585,1,Vegetables-Hygiene Oriented
39587,7,Service Sensitive
39588,4,Promotion Seekers
39589,7,Service Sensitive
39590,4,Promotion Seekers
39591,5,Large Families
39592,7,Service Sensitive
39593,4,Promotion Seekers
39594,4,Promotion Seekers
39595,0,Older Long-Tenure Grocery
39596,7,Service Sensitive
39598,5,Large Families
39600,2,Young Grocery
39603,6,Protein Enjoyers
39604,3,Tech Enthusiasts
39607,7,Service Sensitive
39608,6,Protein Enjoyers
39609,7,Service Sensitive
39610,7,Service Sensitive
39611,4,Promotion Seekers
39614,4,Promotion Seekers
39615,0,Older Long-Tenure Grocery
39617,1,Vegetables-Hygiene Oriented
39618,0,Older Long-Tenure Grocery
39620,3,Tech Enthusiasts
39621,5,Large Families
39622,7,Service Sensitive
39623,0,Older Long-Tenure Grocery
39624,2,Young Grocery
39625,2,Young Grocery
39627,4,Promotion Seekers
39628,2,Young Grocery
39629,4,Promotion Seekers
39631,1,Vegetables-Hygiene Oriented
39632,7,Service Sensitive
39633,5,Large Families
39636,0,Older Long-Tenure Grocery
39637,4,Promotion Seekers
39639,2,Young Grocery
39640,5,Large Families
39641,6,Protein Enjoyers
39643,0,Older Long-Tenure Grocery
39644,4,Promotion Seekers
39645,4,Promotion Seekers
39646,4,Promotion Seekers
39647,0,Older Long-Tenure Grocery
39648,7,Service Sensitive
39649,0,Older Long-Tenure Grocery
39651,4,Promotion Seekers
39652,2,Young Grocery
39653,7,Service Sensitive
39654,4,Promotion Seekers
39656,0,Older Long-Tenure Grocery
39658,0,Older Long-Tenure Grocery
39659,0,Older Long-Tenure Grocery
39660,6,Protein Enjoyers
39662,1,Vegetables-Hygiene Oriented
39663,4,Promotion Seekers
39664,0,Older Long-Tenure Grocery
39665,2,Young Grocery
39666,0,Older Long-Tenure Grocery
39667,0,Older Long-Tenure Grocery
39668,0,Older Long-Tenure Grocery
39669,4,Promotion Seekers
39670,4,Promotion Seekers
39672,0,Older Long-Tenure Grocery
39673,7,Service Sensitive
39674,3,Tech Enthusiasts
39675,0,Older Long-Tenure Grocery
39677,7,Service Sensitive
39678,2,Young Grocery
39679,4,Promotion Seekers
39680,7,Service Sensitive
39681,7,Service Sensitive
39682,7,Service Sensitive
39683,2,Young Grocery
39684,0,Older Long-Tenure Grocery
39685,7,Service Sensitive
39686,5,Large Families
39687,4,Promotion Seekers
39689,0,Older Long-Tenure Grocery
39690,0,Older Long-Tenure Grocery
39691,4,Promotion Seekers
39692,0,Older Long-Tenure Grocery
39693,2,Young Grocery
39694,0,Older Long-Tenure Grocery
39695,1,Vegetables-Hygiene Oriented
39696,5,Large Families
39697,3,Tech Enthusiasts
39698,7,Service Sensitive
39699,6,Protein Enjoyers
39700,1,Vegetables-Hygiene Oriented
39701,6,Protein Enjoyers
39702,3,Tech Enthusiasts
39703,0,Older Long-Tenure Grocery
39705,6,Protein Enjoyers
39706,1,Vegetables-Hygiene Oriented
39707,1,Vegetables-Hygiene Oriented
39708,1,Vegetables-Hygiene Oriented
39710,6,Protein Enjoyers
39711,6,Protein Enjoyers
39713,0,Older Long-Tenure Grocery
39714,1,Vegetables-Hygiene Oriented
39715,5,Large Families
39717,4,Promotion Seekers
39718,7,Service Sensitive
39719,4,Promotion Seekers
39721,2,Young Grocery
39722,7,Service Sensitive
39723,1,Vegetables-Hygiene Oriented
39726,7,Service Sensitive
39727,1,Vegetables-Hygiene Oriented
39729,4,Promotion Seekers
39730,7,Service Sensitive
39731,0,Older Long-Tenure Grocery
39732,1,Vegetables-Hygiene Oriented
39733,4,Promotion Seekers
39735,0,Older Long-Tenure Grocery
39736,4,Promotion Seekers
39737,0,Older Long-Tenure Grocery
39738,6,Protein Enjoyers
39739,7,Service Sensitive
39740,1,Vegetables-Hygiene Oriented
39741,2,Young Grocery
39742,0,Older Long-Tenure Grocery
39743,0,Older Long-Tenure Grocery
39744,6,Protein Enjoyers
39745,4,Promotion Seekers
39746,3,Tech Enthusiasts
39747,0,Older Long-Tenure Grocery
39748,0,Older Long-Tenure Grocery
39750,1,Vegetables-Hygiene Oriented
39751,1,Vegetables-Hygiene Oriented
39752,5,Large Families
39753,7,Service Sensitive
39755,1,Vegetables-Hygiene Oriented
39756,7,Service Sensitive
39757,0,Older Long-Tenure Grocery
39758,1,Vegetables-Hygiene Oriented
39759,3,Tech Enthusiasts
39760,3,Tech Enthusiasts
39761,1,Vegetables-Hygiene Oriented
39762,0,Older Long-Tenure Grocery
39763,1,Vegetables-Hygiene Oriented
39764,7,Service Sensitive
39765,7,Service Sensitive
39766,2,Young Grocery
39767,7,Service Sensitive
39768,2,Young Grocery
39770,1,Vegetables-Hygiene Oriented
39771,1,Vegetables-Hygiene Oriented
39772,0,Older Long-Tenure Grocery
39773,5,Large Families
39774,4,Promotion Seekers
39775,0,Older Long-Tenure Grocery
39777,3,Tech Enthusiasts
39778,5,Large Families
39779,0,Older Long-Tenure Grocery
39780,7,Service Sensitive
39781,7,Service Sensitive
39782,5,Large Families
39784,5,Large Families
39785,0,Older Long-Tenure Grocery
39786,0,Older Long-Tenure Grocery
39787,2,Young Grocery
39788,6,Protein Enjoyers
39789,4,Promotion Seekers
39791,1,Vegetables-Hygiene Oriented
39793,4,Promotion Seekers
39796,2,Young Grocery
39797,0,Older Long-Tenure Grocery
39798,0,Older Long-Tenure Grocery
39799,1,Vegetables-Hygiene Oriented
39800,7,Service Sensitive
39801,4,Promotion Seekers
39804,4,Promotion Seekers
39805,0,Older Long-Tenure Grocery
39806,3,Tech Enthusiasts
39807,7,Service Sensitive
39808,2,Young Grocery
39809,3,Tech Enthusiasts
39810,7,Service Sensitive
39811,3,Tech Enthusiasts
39812,2,Young Grocery
39814,6,Protein Enjoyers
39815,7,Service Sensitive
39817,4,Promotion Seekers
39818,5,Large Families
39819,1,Vegetables-Hygiene Oriented
39820,5,Large Families
39823,3,Tech Enthusiasts
39824,4,Promotion Seekers
39825,5,Large Families
39826,4,Promotion Seekers
39827,1,Vegetables-Hygiene Oriented
39828,4,Promotion Seekers
39829,0,Older Long-Tenure Grocery
39830,7,Service Sensitive
39831,3,Tech Enthusiasts
39832,5,Large Families
39833,4,Promotion Seekers
39834,1,Vegetables-Hygiene Oriented
39835,7,Service Sensitive
39836,0,Older Long-Tenure Grocery
39837,0,Older Long-Tenure Grocery
39838,2,Young Grocery
39839,7,Service Sensitive
39840,2,Young Grocery
39841,3,Tech Enthusiasts
39842,2,Young Grocery
39843,1,Vegetables-Hygiene Oriented
39844,0,Older Long-Tenure Grocery
39845,3,Tech Enthusiasts
39846,0,Older Long-Tenure Grocery
39848,4,Promotion Seekers
39850,3,Tech Enthusiasts
39851,1,Vegetables-Hygiene Oriented
39852,7,Service Sensitive
39853,3,Tech Enthusiasts
39854,2,Young Grocery
39855,4,Promotion Seekers
39856,0,Older Long-Tenure Grocery
39857,0,Older Long-Tenure Grocery
39858,3,Tech Enthusiasts
39859,6,Protein Enjoyers
39860,2,Young Grocery
39862,4,Promotion Seekers
39863,2,Young Grocery
39864,4,Promotion Seekers
39865,3,Tech Enthusiasts
39866,0,Older Long-Tenure Grocery
39867,0,Older Long-Tenure Grocery
39868,4,Promotion Seekers
39869,0,Older Long-Tenure Grocery
39870,1,Vegetables-Hygiene Oriented
39871,1,Vegetables-Hygiene Oriented
39872,6,Protein Enjoyers
39874,2,Young Grocery
39875,4,Promotion Seekers
39877,4,Promotion Seekers
39878,2,Young Grocery
39879,2,Young Grocery
39880,1,Vegetables-Hygiene Oriented
39881,2,Young Grocery
39882,2,Young Grocery
39883,4,Promotion Seekers
39884,4,Promotion Seekers
39885,1,Vegetables-Hygiene Oriented
39886,1,Vegetables-Hygiene Oriented
39887,4,Promotion Seekers
39889,7,Service Sensitive
39890,7,Service Sensitive
39891,1,Vegetables-Hygiene Oriented
39892,2,Young Grocery
39893,0,Older Long-Tenure Grocery
39894,4,Promotion Seekers
39895,5,Large Families
39896,0,Older Long-Tenure Grocery
39897,6,Protein Enjoyers
39898,5,Large Families
39899,0,Older Long-Tenure Grocery
39900,4,Promotion Seekers
39901,1,Vegetables-Hygiene Oriented
39902,4,Promotion Seekers
39903,3,Tech Enthusiasts
39904,1,Vegetables-Hygiene Oriented
39905,7,Service Sensitive
39907,5,Large Families
39908,7,Service Sensitive
39909,7,Service Sensitive
39910,0,Older Long-Tenure Grocery
39911,0,Older Long-Tenure Grocery
39913,7,Service Sensitive
39914,2,Young Grocery
39915,2,Young Grocery
39916,5,Large Families
39917,1,Vegetables-Hygiene Oriented
39918,2,Young Grocery
39919,1,Vegetables-Hygiene Oriented
39920,0,Older Long-Tenure Grocery
39922,0,Older Long-Tenure Grocery
39923,4,Promotion Seekers
39924,0,Older Long-Tenure Grocery
39925,3,Tech Enthusiasts
39926,3,Tech Enthusiasts
39927,2,Young Grocery
39928,4,Promotion Seekers
39929,7,Service Sensitive
39930,0,Older Long-Tenure Grocery
39932,2,Young Grocery
39933,1,Vegetables-Hygiene Oriented
39934,7,Service Sensitive
39938,5,Large Families
39939,1,Vegetables-Hygiene Oriented
39940,3,Tech Enthusiasts
39941,3,Tech Enthusiasts
39942,1,Vegetables-Hygiene Oriented
39943,4,Promotion Seekers
39944,1,Vegetables-Hygiene Oriented
39945,2,Young Grocery
39946,7,Service Sensitive
39947,5,Large Families
39948,2,Young Grocery
39949,4,Promotion Seekers
39950,2,Young Grocery
39952,3,Tech Enthusiasts
39954,1,Vegetables-Hygiene Oriented
39956,4,Promotion Seekers
39957,2,Young Grocery
39959,4,Promotion Seekers
39960,4,Promotion Seekers
39962,7,Service Sensitive
39963,7,Service Sensitive
39964,4,Promotion Seekers
39965,1,Vegetables-Hygiene Oriented
39966,3,Tech Enthusiasts
39967,6,Protein Enjoyers
39968,1,Vegetables-Hygiene Oriented
39970,7,Service Sensitive
39971,1,Vegetables-Hygiene Oriented
39972,6,Protein Enjoyers
39974,0,Older Long-Tenure Grocery
39975,5,Large Families
39976,3,Tech Enthusiasts
39977,3,Tech Enthusiasts
39978,2,Young Grocery
39979,7,Service Sensitive
39980,1,Vegetables-Hygiene Oriented
39981,5,Large Families
39982,1,Vegetables-Hygiene Oriented
39983,5,Large Families
39984,4,Promotion Seekers
39985,1,Vegetables-Hygiene Oriented
39988,0,Older Long-Tenure Grocery
39989,7,Service Sensitive
39990,0,Older Long-Tenure Grocery
39991,1,Vegetables-Hygiene Oriented
39992,4,Promotion Seekers
39994,2,Young Grocery
39996,3,Tech Enthusiasts
39997,3,Tech Enthusiasts
39998,1,Vegetables-Hygiene Oriented
39999,4,Promotion Seekers
40000,6,Protein Enjoyers
