customer_id,cluster_kmeans,cluster_name
3,4,Promotion Lovers
4,2,Clean & Green
5,0,Regular Cutomers
7,1,Gamers
8,1,Gamers
9,5,Low-Value Occasional Customers
10,7,Large Families
11,6,High-Value Customers
12,0,Regular Cutomers
14,5,Low-Value Occasional Customers
15,2,Clean & Green
16,4,Promotion Lovers
18,1,Gamers
19,3,Senior Karens
20,6,High-Value Customers
22,2,Clean & Green
24,5,Low-Value Occasional Customers
25,4,Promotion Lovers
26,6,High-Value Customers
27,4,Promotion Lovers
28,8,Young Karens
29,4,Promotion Lovers
30,5,Low-Value Occasional Customers
31,1,Gamers
33,0,Regular Cutomers
34,0,Regular Cutomers
35,0,Regular Cutomers
36,7,Large Families
37,0,Regular Cutomers
38,0,Regular Cutomers
39,6,High-Value Customers
40,7,Large Families
41,5,Low-Value Occasional Customers
42,8,Young Karens
44,2,Clean & Green
46,2,Clean & Green
47,4,Promotion Lovers
48,8,Young Karens
49,7,Large Families
50,6,High-Value Customers
52,1,Gamers
53,4,Promotion Lovers
54,1,Gamers
55,7,Large Families
56,8,Young Karens
57,8,Young Karens
59,4,Promotion Lovers
60,7,Large Families
61,5,Low-Value Occasional Customers
62,7,Large Families
63,5,Low-Value Occasional Customers
64,4,Promotion Lovers
66,5,Low-Value Occasional Customers
69,2,Clean & Green
70,1,Gamers
71,5,Low-Value Occasional Customers
72,2,Clean & Green
73,1,Gamers
74,2,Clean & Green
75,1,Gamers
76,0,Regular Cutomers
77,5,Low-Value Occasional Customers
78,7,Large Families
79,4,Promotion Lovers
80,0,Regular Cutomers
81,8,Young Karens
82,4,Promotion Lovers
83,1,Gamers
84,6,High-Value Customers
85,3,Senior Karens
86,0,Regular Cutomers
87,6,High-Value Customers
89,5,Low-Value Occasional Customers
90,1,Gamers
91,4,Promotion Lovers
92,4,Promotion Lovers
94,5,Low-Value Occasional Customers
95,1,Gamers
97,4,Promotion Lovers
100,4,Promotion Lovers
102,1,Gamers
103,2,Clean & Green
105,7,Large Families
106,1,Gamers
107,4,Promotion Lovers
108,4,Promotion Lovers
109,2,Clean & Green
110,4,Promotion Lovers
111,5,Low-Value Occasional Customers
112,8,Young Karens
113,0,Regular Cutomers
114,1,Gamers
115,1,Gamers
116,3,Senior Karens
117,6,High-Value Customers
119,5,Low-Value Occasional Customers
120,2,Clean & Green
121,0,Regular Cutomers
122,3,Senior Karens
123,7,Large Families
124,2,Clean & Green
125,5,Low-Value Occasional Customers
126,3,Senior Karens
127,7,Large Families
128,1,Gamers
129,2,Clean & Green
130,0,Regular Cutomers
131,0,Regular Cutomers
132,0,Regular Cutomers
134,8,Young Karens
135,0,Regular Cutomers
136,0,Regular Cutomers
137,5,Low-Value Occasional Customers
138,4,Promotion Lovers
139,5,Low-Value Occasional Customers
141,2,Clean & Green
142,6,High-Value Customers
144,1,Gamers
145,1,Gamers
146,5,Low-Value Occasional Customers
147,4,Promotion Lovers
148,5,Low-Value Occasional Customers
149,7,Large Families
152,8,Young Karens
154,1,Gamers
157,0,Regular Cutomers
158,0,Regular Cutomers
159,0,Regular Cutomers
160,5,Low-Value Occasional Customers
161,0,Regular Cutomers
162,8,Young Karens
163,5,Low-Value Occasional Customers
165,7,Large Families
166,0,Regular Cutomers
168,4,Promotion Lovers
170,1,Gamers
171,4,Promotion Lovers
172,5,Low-Value Occasional Customers
173,4,Promotion Lovers
174,0,Regular Cutomers
176,4,Promotion Lovers
179,0,Regular Cutomers
180,6,High-Value Customers
182,0,Regular Cutomers
184,0,Regular Cutomers
185,6,High-Value Customers
186,7,Large Families
187,1,Gamers
188,5,Low-Value Occasional Customers
189,2,Clean & Green
191,0,Regular Cutomers
192,8,Young Karens
193,5,Low-Value Occasional Customers
195,0,Regular Cutomers
196,8,Young Karens
197,5,Low-Value Occasional Customers
198,4,Promotion Lovers
199,0,Regular Cutomers
200,6,High-Value Customers
201,6,High-Value Customers
202,0,Regular Cutomers
203,1,Gamers
204,0,Regular Cutomers
205,2,Clean & Green
206,4,Promotion Lovers
207,6,High-Value Customers
208,7,Large Families
210,8,Young Karens
211,6,High-Value Customers
212,0,Regular Cutomers
213,0,Regular Cutomers
214,8,Young Karens
215,6,High-Value Customers
216,4,Promotion Lovers
217,4,Promotion Lovers
218,0,Regular Cutomers
219,1,Gamers
220,0,Regular Cutomers
221,7,Large Families
225,8,Young Karens
226,5,Low-Value Occasional Customers
229,7,Large Families
231,7,Large Families
232,0,Regular Cutomers
233,0,Regular Cutomers
235,0,Regular Cutomers
236,1,Gamers
238,4,Promotion Lovers
240,1,Gamers
241,0,Regular Cutomers
242,0,Regular Cutomers
243,2,Clean & Green
244,0,Regular Cutomers
245,0,Regular Cutomers
248,0,Regular Cutomers
249,0,Regular Cutomers
250,5,Low-Value Occasional Customers
251,4,Promotion Lovers
254,4,Promotion Lovers
256,6,High-Value Customers
257,6,High-Value Customers
258,5,Low-Value Occasional Customers
259,4,Promotion Lovers
260,1,Gamers
261,7,Large Families
262,8,Young Karens
263,1,Gamers
264,2,Clean & Green
265,4,Promotion Lovers
266,4,Promotion Lovers
270,2,Clean & Green
272,0,Regular Cutomers
274,6,High-Value Customers
276,1,Gamers
278,0,Regular Cutomers
279,6,High-Value Customers
280,0,Regular Cutomers
282,8,Young Karens
283,0,Regular Cutomers
284,4,Promotion Lovers
285,5,Low-Value Occasional Customers
286,7,Large Families
287,3,Senior Karens
288,1,Gamers
290,0,Regular Cutomers
292,0,Regular Cutomers
293,3,Senior Karens
295,0,Regular Cutomers
296,0,Regular Cutomers
297,2,Clean & Green
298,0,Regular Cutomers
299,6,High-Value Customers
300,1,Gamers
301,6,High-Value Customers
303,2,Clean & Green
304,0,Regular Cutomers
305,0,Regular Cutomers
306,0,Regular Cutomers
307,2,Clean & Green
308,4,Promotion Lovers
310,6,High-Value Customers
311,2,Clean & Green
312,4,Promotion Lovers
313,4,Promotion Lovers
315,0,Regular Cutomers
317,2,Clean & Green
321,0,Regular Cutomers
322,6,High-Value Customers
323,4,Promotion Lovers
324,2,Clean & Green
325,7,Large Families
326,7,Large Families
328,8,Young Karens
329,2,Clean & Green
330,0,Regular Cutomers
331,1,Gamers
336,8,Young Karens
337,8,Young Karens
338,1,Gamers
339,0,Regular Cutomers
340,6,High-Value Customers
341,5,Low-Value Occasional Customers
342,6,High-Value Customers
343,4,Promotion Lovers
344,7,Large Families
346,0,Regular Cutomers
347,3,Senior Karens
350,0,Regular Cutomers
351,0,Regular Cutomers
352,0,Regular Cutomers
353,7,Large Families
355,0,Regular Cutomers
356,2,Clean & Green
358,5,Low-Value Occasional Customers
360,0,Regular Cutomers
361,3,Senior Karens
362,0,Regular Cutomers
363,1,Gamers
364,5,Low-Value Occasional Customers
365,5,Low-Value Occasional Customers
366,5,Low-Value Occasional Customers
367,3,Senior Karens
368,0,Regular Cutomers
369,0,Regular Cutomers
370,8,Young Karens
371,6,High-Value Customers
372,6,High-Value Customers
373,6,High-Value Customers
375,7,Large Families
376,8,Young Karens
377,0,Regular Cutomers
378,0,Regular Cutomers
379,7,Large Families
381,4,Promotion Lovers
382,4,Promotion Lovers
383,7,Large Families
384,4,Promotion Lovers
385,0,Regular Cutomers
386,4,Promotion Lovers
387,4,Promotion Lovers
389,5,Low-Value Occasional Customers
390,1,Gamers
391,7,Large Families
392,0,Regular Cutomers
393,2,Clean & Green
394,4,Promotion Lovers
395,8,Young Karens
396,1,Gamers
397,0,Regular Cutomers
398,1,Gamers
399,2,Clean & Green
400,2,Clean & Green
401,4,Promotion Lovers
402,4,Promotion Lovers
403,2,Clean & Green
405,0,Regular Cutomers
406,6,High-Value Customers
407,4,Promotion Lovers
408,1,Gamers
410,6,High-Value Customers
411,0,Regular Cutomers
412,1,Gamers
413,7,Large Families
414,6,High-Value Customers
416,2,Clean & Green
417,2,Clean & Green
418,0,Regular Cutomers
419,5,Low-Value Occasional Customers
420,5,Low-Value Occasional Customers
421,0,Regular Cutomers
422,3,Senior Karens
424,5,Low-Value Occasional Customers
425,2,Clean & Green
426,1,Gamers
427,0,Regular Cutomers
428,6,High-Value Customers
429,0,Regular Cutomers
431,7,Large Families
432,2,Clean & Green
434,4,Promotion Lovers
435,7,Large Families
436,3,Senior Karens
437,0,Regular Cutomers
438,6,High-Value Customers
440,4,Promotion Lovers
441,5,Low-Value Occasional Customers
442,8,Young Karens
443,4,Promotion Lovers
445,1,Gamers
446,8,Young Karens
447,0,Regular Cutomers
448,4,Promotion Lovers
449,0,Regular Cutomers
450,0,Regular Cutomers
451,7,Large Families
452,6,High-Value Customers
453,0,Regular Cutomers
455,6,High-Value Customers
456,2,Clean & Green
457,5,Low-Value Occasional Customers
460,5,Low-Value Occasional Customers
461,3,Senior Karens
462,5,Low-Value Occasional Customers
464,0,Regular Cutomers
465,1,Gamers
467,0,Regular Cutomers
469,7,Large Families
470,1,Gamers
471,8,Young Karens
472,1,Gamers
473,7,Large Families
474,6,High-Value Customers
475,5,Low-Value Occasional Customers
476,6,High-Value Customers
477,6,High-Value Customers
479,0,Regular Cutomers
480,2,Clean & Green
481,1,Gamers
482,4,Promotion Lovers
484,6,High-Value Customers
485,8,Young Karens
486,0,Regular Cutomers
487,6,High-Value Customers
488,7,Large Families
489,6,High-Value Customers
490,6,High-Value Customers
491,4,Promotion Lovers
492,0,Regular Cutomers
494,8,Young Karens
495,0,Regular Cutomers
496,5,Low-Value Occasional Customers
497,7,Large Families
498,0,Regular Cutomers
499,4,Promotion Lovers
501,4,Promotion Lovers
502,0,Regular Cutomers
503,7,Large Families
504,7,Large Families
505,6,High-Value Customers
506,0,Regular Cutomers
508,6,High-Value Customers
509,1,Gamers
510,0,Regular Cutomers
511,0,Regular Cutomers
513,0,Regular Cutomers
514,3,Senior Karens
515,5,Low-Value Occasional Customers
516,1,Gamers
517,5,Low-Value Occasional Customers
518,0,Regular Cutomers
520,7,Large Families
521,0,Regular Cutomers
522,3,Senior Karens
523,7,Large Families
524,4,Promotion Lovers
526,2,Clean & Green
527,0,Regular Cutomers
528,8,Young Karens
529,8,Young Karens
530,4,Promotion Lovers
531,7,Large Families
532,0,Regular Cutomers
533,0,Regular Cutomers
534,6,High-Value Customers
535,5,Low-Value Occasional Customers
536,5,Low-Value Occasional Customers
537,7,Large Families
538,4,Promotion Lovers
539,4,Promotion Lovers
540,4,Promotion Lovers
541,4,Promotion Lovers
542,4,Promotion Lovers
543,4,Promotion Lovers
545,0,Regular Cutomers
547,5,Low-Value Occasional Customers
548,0,Regular Cutomers
549,2,Clean & Green
550,4,Promotion Lovers
551,0,Regular Cutomers
552,8,Young Karens
553,7,Large Families
554,8,Young Karens
556,1,Gamers
557,4,Promotion Lovers
558,7,Large Families
559,0,Regular Cutomers
561,4,Promotion Lovers
562,3,Senior Karens
563,4,Promotion Lovers
565,4,Promotion Lovers
566,5,Low-Value Occasional Customers
568,1,Gamers
569,2,Clean & Green
570,6,High-Value Customers
571,7,Large Families
573,0,Regular Cutomers
574,4,Promotion Lovers
575,4,Promotion Lovers
576,7,Large Families
577,4,Promotion Lovers
578,0,Regular Cutomers
579,6,High-Value Customers
580,6,High-Value Customers
581,0,Regular Cutomers
582,7,Large Families
583,0,Regular Cutomers
584,4,Promotion Lovers
585,0,Regular Cutomers
586,5,Low-Value Occasional Customers
587,1,Gamers
588,4,Promotion Lovers
589,1,Gamers
590,8,Young Karens
591,1,Gamers
592,4,Promotion Lovers
593,4,Promotion Lovers
594,8,Young Karens
595,7,Large Families
596,0,Regular Cutomers
597,4,Promotion Lovers
598,1,Gamers
603,0,Regular Cutomers
604,0,Regular Cutomers
605,4,Promotion Lovers
606,8,Young Karens
609,7,Large Families
611,5,Low-Value Occasional Customers
613,1,Gamers
614,8,Young Karens
615,0,Regular Cutomers
617,4,Promotion Lovers
618,0,Regular Cutomers
619,4,Promotion Lovers
621,1,Gamers
622,4,Promotion Lovers
623,5,Low-Value Occasional Customers
624,4,Promotion Lovers
625,4,Promotion Lovers
626,0,Regular Cutomers
627,6,High-Value Customers
628,3,Senior Karens
629,5,Low-Value Occasional Customers
631,3,Senior Karens
632,8,Young Karens
633,0,Regular Cutomers
634,1,Gamers
635,5,Low-Value Occasional Customers
636,5,Low-Value Occasional Customers
637,3,Senior Karens
638,1,Gamers
639,7,Large Families
640,3,Senior Karens
641,5,Low-Value Occasional Customers
642,5,Low-Value Occasional Customers
643,0,Regular Cutomers
644,2,Clean & Green
645,4,Promotion Lovers
646,0,Regular Cutomers
647,4,Promotion Lovers
648,1,Gamers
650,4,Promotion Lovers
653,4,Promotion Lovers
654,7,Large Families
655,0,Regular Cutomers
656,7,Large Families
657,4,Promotion Lovers
658,0,Regular Cutomers
659,8,Young Karens
660,2,Clean & Green
662,7,Large Families
663,8,Young Karens
664,3,Senior Karens
665,4,Promotion Lovers
666,8,Young Karens
667,3,Senior Karens
668,0,Regular Cutomers
669,5,Low-Value Occasional Customers
670,4,Promotion Lovers
671,4,Promotion Lovers
673,1,Gamers
674,5,Low-Value Occasional Customers
675,2,Clean & Green
676,5,Low-Value Occasional Customers
677,0,Regular Cutomers
678,5,Low-Value Occasional Customers
679,0,Regular Cutomers
680,0,Regular Cutomers
681,0,Regular Cutomers
682,5,Low-Value Occasional Customers
685,2,Clean & Green
686,8,Young Karens
687,4,Promotion Lovers
688,4,Promotion Lovers
689,0,Regular Cutomers
691,4,Promotion Lovers
692,1,Gamers
694,4,Promotion Lovers
695,4,Promotion Lovers
696,8,Young Karens
697,7,Large Families
699,8,Young Karens
700,1,Gamers
701,3,Senior Karens
703,1,Gamers
704,2,Clean & Green
705,1,Gamers
707,2,Clean & Green
708,2,Clean & Green
709,0,Regular Cutomers
710,5,Low-Value Occasional Customers
712,0,Regular Cutomers
713,4,Promotion Lovers
714,4,Promotion Lovers
715,4,Promotion Lovers
717,7,Large Families
718,3,Senior Karens
719,5,Low-Value Occasional Customers
721,4,Promotion Lovers
722,4,Promotion Lovers
723,0,Regular Cutomers
725,0,Regular Cutomers
726,8,Young Karens
727,0,Regular Cutomers
728,7,Large Families
729,4,Promotion Lovers
730,4,Promotion Lovers
731,0,Regular Cutomers
732,5,Low-Value Occasional Customers
733,5,Low-Value Occasional Customers
734,8,Young Karens
735,6,High-Value Customers
736,6,High-Value Customers
737,0,Regular Cutomers
738,8,Young Karens
739,3,Senior Karens
741,2,Clean & Green
742,3,Senior Karens
743,8,Young Karens
744,5,Low-Value Occasional Customers
745,6,High-Value Customers
746,1,Gamers
747,8,Young Karens
748,0,Regular Cutomers
749,5,Low-Value Occasional Customers
752,4,Promotion Lovers
753,5,Low-Value Occasional Customers
754,6,High-Value Customers
755,7,Large Families
757,6,High-Value Customers
758,8,Young Karens
759,0,Regular Cutomers
760,2,Clean & Green
761,4,Promotion Lovers
762,4,Promotion Lovers
763,4,Promotion Lovers
764,0,Regular Cutomers
765,3,Senior Karens
766,1,Gamers
767,4,Promotion Lovers
768,5,Low-Value Occasional Customers
769,4,Promotion Lovers
770,5,Low-Value Occasional Customers
771,0,Regular Cutomers
772,2,Clean & Green
773,5,Low-Value Occasional Customers
776,6,High-Value Customers
777,5,Low-Value Occasional Customers
779,2,Clean & Green
780,0,Regular Cutomers
781,2,Clean & Green
782,8,Young Karens
783,4,Promotion Lovers
785,0,Regular Cutomers
787,1,Gamers
788,0,Regular Cutomers
789,4,Promotion Lovers
791,1,Gamers
792,2,Clean & Green
793,4,Promotion Lovers
794,8,Young Karens
795,5,Low-Value Occasional Customers
797,0,Regular Cutomers
798,7,Large Families
799,4,Promotion Lovers
800,7,Large Families
803,0,Regular Cutomers
804,2,Clean & Green
805,0,Regular Cutomers
806,1,Gamers
808,8,Young Karens
809,1,Gamers
810,8,Young Karens
811,6,High-Value Customers
812,6,High-Value Customers
813,0,Regular Cutomers
814,4,Promotion Lovers
815,4,Promotion Lovers
816,4,Promotion Lovers
817,7,Large Families
818,7,Large Families
819,0,Regular Cutomers
820,0,Regular Cutomers
821,0,Regular Cutomers
822,8,Young Karens
823,2,Clean & Green
824,2,Clean & Green
826,2,Clean & Green
827,0,Regular Cutomers
830,5,Low-Value Occasional Customers
831,0,Regular Cutomers
832,0,Regular Cutomers
833,1,Gamers
834,0,Regular Cutomers
835,4,Promotion Lovers
836,5,Low-Value Occasional Customers
837,5,Low-Value Occasional Customers
838,4,Promotion Lovers
839,2,Clean & Green
840,3,Senior Karens
842,4,Promotion Lovers
843,0,Regular Cutomers
844,3,Senior Karens
845,8,Young Karens
846,8,Young Karens
847,4,Promotion Lovers
848,7,Large Families
849,7,Large Families
851,5,Low-Value Occasional Customers
852,7,Large Families
853,6,High-Value Customers
854,2,Clean & Green
855,0,Regular Cutomers
856,1,Gamers
857,2,Clean & Green
859,5,Low-Value Occasional Customers
860,3,Senior Karens
862,6,High-Value Customers
863,2,Clean & Green
864,4,Promotion Lovers
865,5,Low-Value Occasional Customers
866,5,Low-Value Occasional Customers
867,4,Promotion Lovers
868,5,Low-Value Occasional Customers
870,8,Young Karens
873,8,Young Karens
874,1,Gamers
875,7,Large Families
876,2,Clean & Green
878,5,Low-Value Occasional Customers
879,5,Low-Value Occasional Customers
880,2,Clean & Green
881,7,Large Families
883,2,Clean & Green
884,5,Low-Value Occasional Customers
886,6,High-Value Customers
887,3,Senior Karens
889,0,Regular Cutomers
890,8,Young Karens
891,2,Clean & Green
893,4,Promotion Lovers
894,8,Young Karens
896,4,Promotion Lovers
897,0,Regular Cutomers
898,8,Young Karens
899,4,Promotion Lovers
900,4,Promotion Lovers
901,8,Young Karens
902,6,High-Value Customers
903,6,High-Value Customers
904,6,High-Value Customers
905,0,Regular Cutomers
906,0,Regular Cutomers
907,3,Senior Karens
908,7,Large Families
909,5,Low-Value Occasional Customers
910,5,Low-Value Occasional Customers
911,6,High-Value Customers
913,0,Regular Cutomers
914,0,Regular Cutomers
916,6,High-Value Customers
917,4,Promotion Lovers
918,4,Promotion Lovers
919,4,Promotion Lovers
920,0,Regular Cutomers
921,0,Regular Cutomers
922,6,High-Value Customers
923,6,High-Value Customers
924,5,Low-Value Occasional Customers
925,2,Clean & Green
926,0,Regular Cutomers
927,0,Regular Cutomers
928,8,Young Karens
929,4,Promotion Lovers
930,8,Young Karens
931,2,Clean & Green
933,1,Gamers
934,6,High-Value Customers
935,1,Gamers
936,0,Regular Cutomers
937,1,Gamers
938,7,Large Families
939,1,Gamers
940,2,Clean & Green
941,5,Low-Value Occasional Customers
942,1,Gamers
944,2,Clean & Green
945,4,Promotion Lovers
946,4,Promotion Lovers
947,7,Large Families
948,4,Promotion Lovers
950,7,Large Families
951,8,Young Karens
953,8,Young Karens
954,2,Clean & Green
955,0,Regular Cutomers
956,4,Promotion Lovers
957,6,High-Value Customers
958,0,Regular Cutomers
960,1,Gamers
962,5,Low-Value Occasional Customers
963,5,Low-Value Occasional Customers
964,6,High-Value Customers
965,0,Regular Cutomers
966,0,Regular Cutomers
967,1,Gamers
968,2,Clean & Green
969,4,Promotion Lovers
970,0,Regular Cutomers
973,0,Regular Cutomers
974,2,Clean & Green
975,2,Clean & Green
977,1,Gamers
978,0,Regular Cutomers
979,1,Gamers
980,8,Young Karens
981,3,Senior Karens
982,1,Gamers
983,5,Low-Value Occasional Customers
986,8,Young Karens
989,7,Large Families
990,8,Young Karens
991,1,Gamers
992,7,Large Families
993,0,Regular Cutomers
994,6,High-Value Customers
996,0,Regular Cutomers
997,5,Low-Value Occasional Customers
998,3,Senior Karens
999,7,Large Families
1000,2,Clean & Green
1001,2,Clean & Green
1002,5,Low-Value Occasional Customers
1003,7,Large Families
1004,0,Regular Cutomers
1007,5,Low-Value Occasional Customers
1008,5,Low-Value Occasional Customers
1009,5,Low-Value Occasional Customers
1011,4,Promotion Lovers
1014,4,Promotion Lovers
1015,1,Gamers
1016,0,Regular Cutomers
1018,4,Promotion Lovers
1019,2,Clean & Green
1021,0,Regular Cutomers
1022,4,Promotion Lovers
1023,7,Large Families
1024,0,Regular Cutomers
1025,6,High-Value Customers
1026,1,Gamers
1027,6,High-Value Customers
1028,1,Gamers
1029,2,Clean & Green
1030,6,High-Value Customers
1031,0,Regular Cutomers
1032,4,Promotion Lovers
1033,2,Clean & Green
1034,0,Regular Cutomers
1035,4,Promotion Lovers
1038,4,Promotion Lovers
1039,0,Regular Cutomers
1040,7,Large Families
1041,2,Clean & Green
1042,7,Large Families
1043,0,Regular Cutomers
1044,0,Regular Cutomers
1045,4,Promotion Lovers
1046,6,High-Value Customers
1048,8,Young Karens
1049,0,Regular Cutomers
1050,4,Promotion Lovers
1051,5,Low-Value Occasional Customers
1052,0,Regular Cutomers
1055,1,Gamers
1058,4,Promotion Lovers
1060,6,High-Value Customers
1061,0,Regular Cutomers
1063,0,Regular Cutomers
1064,7,Large Families
1065,1,Gamers
1066,0,Regular Cutomers
1067,5,Low-Value Occasional Customers
1068,1,Gamers
1069,3,Senior Karens
1071,1,Gamers
1072,1,Gamers
1073,6,High-Value Customers
1074,7,Large Families
1075,7,Large Families
1076,7,Large Families
1077,6,High-Value Customers
1078,0,Regular Cutomers
1079,5,Low-Value Occasional Customers
1080,5,Low-Value Occasional Customers
1082,3,Senior Karens
1083,0,Regular Cutomers
1084,4,Promotion Lovers
1085,4,Promotion Lovers
1086,1,Gamers
1087,4,Promotion Lovers
1088,0,Regular Cutomers
1089,7,Large Families
1090,2,Clean & Green
1091,0,Regular Cutomers
1092,4,Promotion Lovers
1093,2,Clean & Green
1094,7,Large Families
1095,6,High-Value Customers
1096,5,Low-Value Occasional Customers
1097,7,Large Families
1098,2,Clean & Green
1099,1,Gamers
1101,4,Promotion Lovers
1103,1,Gamers
1104,1,Gamers
1105,7,Large Families
1106,0,Regular Cutomers
1108,0,Regular Cutomers
1110,4,Promotion Lovers
1111,4,Promotion Lovers
1112,5,Low-Value Occasional Customers
1113,0,Regular Cutomers
1114,7,Large Families
1115,1,Gamers
1117,5,Low-Value Occasional Customers
1118,4,Promotion Lovers
1119,4,Promotion Lovers
1120,7,Large Families
1121,4,Promotion Lovers
1122,1,Gamers
1123,0,Regular Cutomers
1124,2,Clean & Green
1125,8,Young Karens
1126,0,Regular Cutomers
1127,4,Promotion Lovers
1128,4,Promotion Lovers
1129,0,Regular Cutomers
1130,0,Regular Cutomers
1131,2,Clean & Green
1132,6,High-Value Customers
1133,6,High-Value Customers
1134,5,Low-Value Occasional Customers
1135,8,Young Karens
1136,2,Clean & Green
1137,3,Senior Karens
1138,4,Promotion Lovers
1139,1,Gamers
1140,1,Gamers
1141,4,Promotion Lovers
1142,0,Regular Cutomers
1143,6,High-Value Customers
1145,4,Promotion Lovers
1146,1,Gamers
1150,7,Large Families
1152,8,Young Karens
1153,7,Large Families
1154,7,Large Families
1155,0,Regular Cutomers
1156,1,Gamers
1157,5,Low-Value Occasional Customers
1158,5,Low-Value Occasional Customers
1159,2,Clean & Green
1160,1,Gamers
1163,0,Regular Cutomers
1164,6,High-Value Customers
1167,7,Large Families
1168,8,Young Karens
1170,6,High-Value Customers
1171,3,Senior Karens
1172,7,Large Families
1173,0,Regular Cutomers
1175,5,Low-Value Occasional Customers
1177,1,Gamers
1178,0,Regular Cutomers
1179,1,Gamers
1180,2,Clean & Green
1181,2,Clean & Green
1182,4,Promotion Lovers
1183,1,Gamers
1184,7,Large Families
1186,4,Promotion Lovers
1187,0,Regular Cutomers
1189,0,Regular Cutomers
1190,7,Large Families
1191,1,Gamers
1193,7,Large Families
1194,0,Regular Cutomers
1196,5,Low-Value Occasional Customers
1197,2,Clean & Green
1199,4,Promotion Lovers
1200,4,Promotion Lovers
1201,6,High-Value Customers
1203,1,Gamers
1205,8,Young Karens
1206,0,Regular Cutomers
1207,6,High-Value Customers
1208,8,Young Karens
1209,7,Large Families
1210,2,Clean & Green
1211,7,Large Families
1212,4,Promotion Lovers
1213,0,Regular Cutomers
1216,5,Low-Value Occasional Customers
1217,5,Low-Value Occasional Customers
1218,6,High-Value Customers
1219,0,Regular Cutomers
1221,6,High-Value Customers
1222,3,Senior Karens
1223,1,Gamers
1224,7,Large Families
1227,1,Gamers
1228,2,Clean & Green
1229,4,Promotion Lovers
1230,7,Large Families
1231,0,Regular Cutomers
1233,5,Low-Value Occasional Customers
1234,0,Regular Cutomers
1235,2,Clean & Green
1236,5,Low-Value Occasional Customers
1237,5,Low-Value Occasional Customers
1238,5,Low-Value Occasional Customers
1239,6,High-Value Customers
1240,1,Gamers
1241,0,Regular Cutomers
1242,0,Regular Cutomers
1243,2,Clean & Green
1245,7,Large Families
1246,0,Regular Cutomers
1247,5,Low-Value Occasional Customers
1249,3,Senior Karens
1250,0,Regular Cutomers
1251,8,Young Karens
1252,6,High-Value Customers
1253,1,Gamers
1255,7,Large Families
1256,0,Regular Cutomers
1257,4,Promotion Lovers
1258,0,Regular Cutomers
1259,5,Low-Value Occasional Customers
1261,7,Large Families
1262,4,Promotion Lovers
1263,0,Regular Cutomers
1264,0,Regular Cutomers
1265,4,Promotion Lovers
1266,2,Clean & Green
1268,0,Regular Cutomers
1269,8,Young Karens
1271,4,Promotion Lovers
1272,0,Regular Cutomers
1273,5,Low-Value Occasional Customers
1274,8,Young Karens
1275,6,High-Value Customers
1277,4,Promotion Lovers
1278,0,Regular Cutomers
1279,0,Regular Cutomers
1280,5,Low-Value Occasional Customers
1281,8,Young Karens
1282,1,Gamers
1283,6,High-Value Customers
1284,5,Low-Value Occasional Customers
1285,8,Young Karens
1286,3,Senior Karens
1289,7,Large Families
1290,4,Promotion Lovers
1291,2,Clean & Green
1292,2,Clean & Green
1293,2,Clean & Green
1294,1,Gamers
1295,3,Senior Karens
1296,0,Regular Cutomers
1297,2,Clean & Green
1298,8,Young Karens
1299,1,Gamers
1300,0,Regular Cutomers
1301,7,Large Families
1302,4,Promotion Lovers
1303,1,Gamers
1304,1,Gamers
1305,4,Promotion Lovers
1306,0,Regular Cutomers
1307,0,Regular Cutomers
1310,7,Large Families
1311,0,Regular Cutomers
1312,6,High-Value Customers
1313,7,Large Families
1314,5,Low-Value Occasional Customers
1315,1,Gamers
1316,0,Regular Cutomers
1317,4,Promotion Lovers
1318,4,Promotion Lovers
1320,8,Young Karens
1321,3,Senior Karens
1322,5,Low-Value Occasional Customers
1323,5,Low-Value Occasional Customers
1324,0,Regular Cutomers
1326,6,High-Value Customers
1327,8,Young Karens
1328,4,Promotion Lovers
1329,2,Clean & Green
1330,4,Promotion Lovers
1331,5,Low-Value Occasional Customers
1332,8,Young Karens
1333,6,High-Value Customers
1334,8,Young Karens
1335,6,High-Value Customers
1336,7,Large Families
1338,6,High-Value Customers
1339,1,Gamers
1340,2,Clean & Green
1341,7,Large Families
1342,7,Large Families
1343,4,Promotion Lovers
1344,2,Clean & Green
1345,4,Promotion Lovers
1346,6,High-Value Customers
1347,7,Large Families
1348,8,Young Karens
1349,5,Low-Value Occasional Customers
1350,6,High-Value Customers
1351,5,Low-Value Occasional Customers
1352,1,Gamers
1353,7,Large Families
1354,0,Regular Cutomers
1355,8,Young Karens
1356,4,Promotion Lovers
1357,0,Regular Cutomers
1358,4,Promotion Lovers
1359,4,Promotion Lovers
1360,5,Low-Value Occasional Customers
1361,0,Regular Cutomers
1362,4,Promotion Lovers
1363,6,High-Value Customers
1364,7,Large Families
1365,6,High-Value Customers
1366,4,Promotion Lovers
1367,0,Regular Cutomers
1368,6,High-Value Customers
1370,0,Regular Cutomers
1371,7,Large Families
1373,0,Regular Cutomers
1374,0,Regular Cutomers
1376,2,Clean & Green
1377,7,Large Families
1378,4,Promotion Lovers
1379,0,Regular Cutomers
1380,0,Regular Cutomers
1381,0,Regular Cutomers
1383,4,Promotion Lovers
1387,7,Large Families
1388,0,Regular Cutomers
1389,4,Promotion Lovers
1390,2,Clean & Green
1391,0,Regular Cutomers
1392,5,Low-Value Occasional Customers
1393,0,Regular Cutomers
1394,2,Clean & Green
1396,7,Large Families
1397,5,Low-Value Occasional Customers
1398,5,Low-Value Occasional Customers
1399,8,Young Karens
1400,5,Low-Value Occasional Customers
1401,2,Clean & Green
1402,2,Clean & Green
1403,6,High-Value Customers
1404,0,Regular Cutomers
1405,2,Clean & Green
1406,5,Low-Value Occasional Customers
1407,1,Gamers
1408,1,Gamers
1409,1,Gamers
1411,0,Regular Cutomers
1412,6,High-Value Customers
1413,3,Senior Karens
1414,0,Regular Cutomers
1415,4,Promotion Lovers
1416,0,Regular Cutomers
1417,4,Promotion Lovers
1418,7,Large Families
1419,7,Large Families
1420,7,Large Families
1421,7,Large Families
1422,7,Large Families
1423,7,Large Families
1424,4,Promotion Lovers
1426,4,Promotion Lovers
1427,4,Promotion Lovers
1428,5,Low-Value Occasional Customers
1429,7,Large Families
1430,5,Low-Value Occasional Customers
1431,4,Promotion Lovers
1432,7,Large Families
1433,8,Young Karens
1434,4,Promotion Lovers
1435,2,Clean & Green
1436,1,Gamers
1437,6,High-Value Customers
1438,4,Promotion Lovers
1439,3,Senior Karens
1440,4,Promotion Lovers
1441,0,Regular Cutomers
1442,7,Large Families
1443,6,High-Value Customers
1444,0,Regular Cutomers
1447,4,Promotion Lovers
1448,4,Promotion Lovers
1450,0,Regular Cutomers
1451,7,Large Families
1452,2,Clean & Green
1453,1,Gamers
1454,6,High-Value Customers
1456,5,Low-Value Occasional Customers
1460,8,Young Karens
1461,5,Low-Value Occasional Customers
1462,8,Young Karens
1463,0,Regular Cutomers
1465,6,High-Value Customers
1466,8,Young Karens
1467,7,Large Families
1468,1,Gamers
1469,0,Regular Cutomers
1471,7,Large Families
1472,4,Promotion Lovers
1474,1,Gamers
1475,1,Gamers
1476,0,Regular Cutomers
1477,7,Large Families
1478,5,Low-Value Occasional Customers
1479,7,Large Families
1480,5,Low-Value Occasional Customers
1481,3,Senior Karens
1483,2,Clean & Green
1484,0,Regular Cutomers
1485,8,Young Karens
1486,4,Promotion Lovers
1487,8,Young Karens
1488,5,Low-Value Occasional Customers
1489,0,Regular Cutomers
1490,1,Gamers
1491,4,Promotion Lovers
1492,6,High-Value Customers
1495,4,Promotion Lovers
1496,0,Regular Cutomers
1497,1,Gamers
1498,5,Low-Value Occasional Customers
1499,5,Low-Value Occasional Customers
1500,6,High-Value Customers
1501,0,Regular Cutomers
1502,4,Promotion Lovers
1503,2,Clean & Green
1504,0,Regular Cutomers
1505,4,Promotion Lovers
1506,6,High-Value Customers
1507,5,Low-Value Occasional Customers
1510,0,Regular Cutomers
1511,0,Regular Cutomers
1512,2,Clean & Green
1513,1,Gamers
1514,0,Regular Cutomers
1516,8,Young Karens
1517,0,Regular Cutomers
1518,5,Low-Value Occasional Customers
1519,5,Low-Value Occasional Customers
1520,2,Clean & Green
1522,3,Senior Karens
1523,0,Regular Cutomers
1524,3,Senior Karens
1526,2,Clean & Green
1527,7,Large Families
1528,6,High-Value Customers
1529,7,Large Families
1530,1,Gamers
1531,0,Regular Cutomers
1532,0,Regular Cutomers
1533,2,Clean & Green
1534,0,Regular Cutomers
1535,3,Senior Karens
1536,0,Regular Cutomers
1537,7,Large Families
1538,4,Promotion Lovers
1539,7,Large Families
1541,6,High-Value Customers
1542,7,Large Families
1543,4,Promotion Lovers
1544,7,Large Families
1546,0,Regular Cutomers
1547,7,Large Families
1550,6,High-Value Customers
1551,4,Promotion Lovers
1552,7,Large Families
1553,7,Large Families
1555,2,Clean & Green
1556,1,Gamers
1557,1,Gamers
1558,7,Large Families
1559,5,Low-Value Occasional Customers
1560,2,Clean & Green
1561,0,Regular Cutomers
1562,0,Regular Cutomers
1564,0,Regular Cutomers
1565,5,Low-Value Occasional Customers
1566,0,Regular Cutomers
1568,2,Clean & Green
1570,1,Gamers
1571,4,Promotion Lovers
1572,8,Young Karens
1575,4,Promotion Lovers
1579,8,Young Karens
1580,5,Low-Value Occasional Customers
1581,1,Gamers
1583,5,Low-Value Occasional Customers
1584,4,Promotion Lovers
1585,2,Clean & Green
1586,3,Senior Karens
1587,2,Clean & Green
1590,0,Regular Cutomers
1591,6,High-Value Customers
1592,6,High-Value Customers
1593,1,Gamers
1595,0,Regular Cutomers
1596,7,Large Families
1597,0,Regular Cutomers
1598,5,Low-Value Occasional Customers
1599,4,Promotion Lovers
1600,7,Large Families
1601,0,Regular Cutomers
1602,3,Senior Karens
1603,6,High-Value Customers
1604,5,Low-Value Occasional Customers
1605,1,Gamers
1606,0,Regular Cutomers
1607,6,High-Value Customers
1608,6,High-Value Customers
1609,2,Clean & Green
1610,7,Large Families
1611,8,Young Karens
1612,7,Large Families
1613,8,Young Karens
1614,7,Large Families
1615,8,Young Karens
1616,4,Promotion Lovers
1618,0,Regular Cutomers
1619,4,Promotion Lovers
1620,5,Low-Value Occasional Customers
1621,5,Low-Value Occasional Customers
1622,2,Clean & Green
1623,0,Regular Cutomers
1625,0,Regular Cutomers
1626,0,Regular Cutomers
1627,5,Low-Value Occasional Customers
1628,4,Promotion Lovers
1629,2,Clean & Green
1631,7,Large Families
1633,0,Regular Cutomers
1635,4,Promotion Lovers
1636,6,High-Value Customers
1637,3,Senior Karens
1638,4,Promotion Lovers
1639,0,Regular Cutomers
1641,8,Young Karens
1642,2,Clean & Green
1643,5,Low-Value Occasional Customers
1644,8,Young Karens
1646,2,Clean & Green
1647,1,Gamers
1649,0,Regular Cutomers
1650,0,Regular Cutomers
1651,0,Regular Cutomers
1652,7,Large Families
1653,2,Clean & Green
1655,4,Promotion Lovers
1657,6,High-Value Customers
1658,0,Regular Cutomers
1659,2,Clean & Green
1660,6,High-Value Customers
1661,8,Young Karens
1662,0,Regular Cutomers
1665,7,Large Families
1666,0,Regular Cutomers
1667,8,Young Karens
1668,8,Young Karens
1669,1,Gamers
1670,7,Large Families
1671,5,Low-Value Occasional Customers
1672,5,Low-Value Occasional Customers
1673,8,Young Karens
1674,8,Young Karens
1675,2,Clean & Green
1676,0,Regular Cutomers
1677,2,Clean & Green
1678,0,Regular Cutomers
1679,1,Gamers
1681,0,Regular Cutomers
1682,0,Regular Cutomers
1683,0,Regular Cutomers
1684,3,Senior Karens
1685,8,Young Karens
1686,2,Clean & Green
1687,0,Regular Cutomers
1688,0,Regular Cutomers
1689,3,Senior Karens
1690,2,Clean & Green
1691,4,Promotion Lovers
1692,4,Promotion Lovers
1693,1,Gamers
1694,4,Promotion Lovers
1695,4,Promotion Lovers
1696,7,Large Families
1698,6,High-Value Customers
1699,0,Regular Cutomers
1700,2,Clean & Green
1701,0,Regular Cutomers
1702,1,Gamers
1703,1,Gamers
1704,2,Clean & Green
1705,5,Low-Value Occasional Customers
1707,1,Gamers
1708,4,Promotion Lovers
1709,4,Promotion Lovers
1710,4,Promotion Lovers
1711,4,Promotion Lovers
1712,0,Regular Cutomers
1714,0,Regular Cutomers
1715,5,Low-Value Occasional Customers
1716,7,Large Families
1717,1,Gamers
1718,4,Promotion Lovers
1719,0,Regular Cutomers
1720,0,Regular Cutomers
1721,4,Promotion Lovers
1722,2,Clean & Green
1723,2,Clean & Green
1724,2,Clean & Green
1726,1,Gamers
1727,0,Regular Cutomers
1728,7,Large Families
1729,5,Low-Value Occasional Customers
1730,1,Gamers
1731,0,Regular Cutomers
1732,2,Clean & Green
1733,3,Senior Karens
1734,7,Large Families
1735,0,Regular Cutomers
1736,2,Clean & Green
1737,7,Large Families
1738,2,Clean & Green
1739,8,Young Karens
1741,4,Promotion Lovers
1742,5,Low-Value Occasional Customers
1744,1,Gamers
1746,4,Promotion Lovers
1747,0,Regular Cutomers
1749,5,Low-Value Occasional Customers
1750,6,High-Value Customers
1751,7,Large Families
1752,7,Large Families
1753,2,Clean & Green
1754,1,Gamers
1755,7,Large Families
1756,5,Low-Value Occasional Customers
1757,2,Clean & Green
1758,4,Promotion Lovers
1759,5,Low-Value Occasional Customers
1760,0,Regular Cutomers
1761,5,Low-Value Occasional Customers
1762,8,Young Karens
1763,4,Promotion Lovers
1764,0,Regular Cutomers
1765,0,Regular Cutomers
1766,7,Large Families
1767,5,Low-Value Occasional Customers
1768,0,Regular Cutomers
1769,1,Gamers
1770,0,Regular Cutomers
1771,4,Promotion Lovers
1772,6,High-Value Customers
1773,4,Promotion Lovers
1774,3,Senior Karens
1775,0,Regular Cutomers
1776,4,Promotion Lovers
1778,6,High-Value Customers
1779,6,High-Value Customers
1780,5,Low-Value Occasional Customers
1781,0,Regular Cutomers
1782,8,Young Karens
1783,1,Gamers
1784,6,High-Value Customers
1785,8,Young Karens
1786,0,Regular Cutomers
1787,4,Promotion Lovers
1788,4,Promotion Lovers
1789,7,Large Families
1790,7,Large Families
1791,8,Young Karens
1792,0,Regular Cutomers
1793,0,Regular Cutomers
1794,6,High-Value Customers
1795,2,Clean & Green
1796,0,Regular Cutomers
1797,0,Regular Cutomers
1798,1,Gamers
1799,4,Promotion Lovers
1800,6,High-Value Customers
1801,1,Gamers
1803,2,Clean & Green
1804,0,Regular Cutomers
1805,4,Promotion Lovers
1806,4,Promotion Lovers
1807,7,Large Families
1808,5,Low-Value Occasional Customers
1809,4,Promotion Lovers
1810,2,Clean & Green
1811,0,Regular Cutomers
1813,1,Gamers
1814,7,Large Families
1816,0,Regular Cutomers
1818,0,Regular Cutomers
1820,5,Low-Value Occasional Customers
1821,4,Promotion Lovers
1824,5,Low-Value Occasional Customers
1825,4,Promotion Lovers
1828,0,Regular Cutomers
1829,0,Regular Cutomers
1830,4,Promotion Lovers
1831,5,Low-Value Occasional Customers
1832,0,Regular Cutomers
1833,0,Regular Cutomers
1834,8,Young Karens
1835,1,Gamers
1836,4,Promotion Lovers
1837,5,Low-Value Occasional Customers
1838,0,Regular Cutomers
1839,5,Low-Value Occasional Customers
1840,8,Young Karens
1841,4,Promotion Lovers
1842,3,Senior Karens
1844,0,Regular Cutomers
1845,7,Large Families
1846,0,Regular Cutomers
1848,0,Regular Cutomers
1849,1,Gamers
1850,1,Gamers
1851,4,Promotion Lovers
1853,4,Promotion Lovers
1854,0,Regular Cutomers
1856,5,Low-Value Occasional Customers
1857,6,High-Value Customers
1858,8,Young Karens
1859,6,High-Value Customers
1860,4,Promotion Lovers
1861,8,Young Karens
1863,0,Regular Cutomers
1864,4,Promotion Lovers
1865,8,Young Karens
1866,7,Large Families
1867,2,Clean & Green
1869,1,Gamers
1870,8,Young Karens
1871,6,High-Value Customers
1872,0,Regular Cutomers
1874,5,Low-Value Occasional Customers
1876,1,Gamers
1877,7,Large Families
1878,5,Low-Value Occasional Customers
1880,0,Regular Cutomers
1881,8,Young Karens
1882,6,High-Value Customers
1883,7,Large Families
1884,7,Large Families
1886,5,Low-Value Occasional Customers
1887,4,Promotion Lovers
1888,8,Young Karens
1889,2,Clean & Green
1890,8,Young Karens
1891,2,Clean & Green
1892,0,Regular Cutomers
1893,0,Regular Cutomers
1896,1,Gamers
1897,4,Promotion Lovers
1898,8,Young Karens
1899,1,Gamers
1900,4,Promotion Lovers
1901,1,Gamers
1903,5,Low-Value Occasional Customers
1904,5,Low-Value Occasional Customers
1905,0,Regular Cutomers
1906,0,Regular Cutomers
1908,1,Gamers
1909,3,Senior Karens
1910,0,Regular Cutomers
1911,1,Gamers
1912,0,Regular Cutomers
1914,4,Promotion Lovers
1915,4,Promotion Lovers
1917,4,Promotion Lovers
1918,6,High-Value Customers
1920,1,Gamers
1922,1,Gamers
1923,0,Regular Cutomers
1924,6,High-Value Customers
1925,6,High-Value Customers
1926,1,Gamers
1927,5,Low-Value Occasional Customers
1928,6,High-Value Customers
1929,0,Regular Cutomers
1930,7,Large Families
1931,5,Low-Value Occasional Customers
1932,2,Clean & Green
1933,7,Large Families
1936,5,Low-Value Occasional Customers
1939,1,Gamers
1940,8,Young Karens
1941,1,Gamers
1942,0,Regular Cutomers
1943,7,Large Families
1944,2,Clean & Green
1945,0,Regular Cutomers
1946,7,Large Families
1948,7,Large Families
1949,2,Clean & Green
1950,0,Regular Cutomers
1951,1,Gamers
1952,5,Low-Value Occasional Customers
1953,4,Promotion Lovers
1954,1,Gamers
1955,7,Large Families
1956,4,Promotion Lovers
1957,2,Clean & Green
1958,4,Promotion Lovers
1959,7,Large Families
1962,2,Clean & Green
1963,6,High-Value Customers
1964,7,Large Families
1965,0,Regular Cutomers
1967,7,Large Families
1969,5,Low-Value Occasional Customers
1970,0,Regular Cutomers
1971,5,Low-Value Occasional Customers
1972,8,Young Karens
1973,0,Regular Cutomers
1974,4,Promotion Lovers
1975,7,Large Families
1976,0,Regular Cutomers
1977,6,High-Value Customers
1979,6,High-Value Customers
1980,5,Low-Value Occasional Customers
1981,2,Clean & Green
1982,4,Promotion Lovers
1983,8,Young Karens
1984,7,Large Families
1985,4,Promotion Lovers
1986,2,Clean & Green
1987,2,Clean & Green
1990,4,Promotion Lovers
1991,4,Promotion Lovers
1992,4,Promotion Lovers
1993,8,Young Karens
1994,4,Promotion Lovers
1995,5,Low-Value Occasional Customers
1996,8,Young Karens
1998,1,Gamers
1999,5,Low-Value Occasional Customers
2000,0,Regular Cutomers
2001,1,Gamers
2002,8,Young Karens
2004,5,Low-Value Occasional Customers
2005,1,Gamers
2006,0,Regular Cutomers
2007,7,Large Families
2008,0,Regular Cutomers
2009,2,Clean & Green
2010,1,Gamers
2011,1,Gamers
2012,0,Regular Cutomers
2013,0,Regular Cutomers
2014,4,Promotion Lovers
2015,7,Large Families
2016,5,Low-Value Occasional Customers
2017,0,Regular Cutomers
2018,0,Regular Cutomers
2019,4,Promotion Lovers
2020,2,Clean & Green
2021,4,Promotion Lovers
2022,1,Gamers
2023,4,Promotion Lovers
2024,0,Regular Cutomers
2025,7,Large Families
2026,4,Promotion Lovers
2027,5,Low-Value Occasional Customers
2028,8,Young Karens
2029,7,Large Families
2030,4,Promotion Lovers
2031,7,Large Families
2032,2,Clean & Green
2033,8,Young Karens
2034,1,Gamers
2035,5,Low-Value Occasional Customers
2037,2,Clean & Green
2038,0,Regular Cutomers
2039,5,Low-Value Occasional Customers
2040,0,Regular Cutomers
2041,4,Promotion Lovers
2042,4,Promotion Lovers
2043,7,Large Families
2044,2,Clean & Green
2045,1,Gamers
2046,5,Low-Value Occasional Customers
2047,8,Young Karens
2048,7,Large Families
2049,4,Promotion Lovers
2051,4,Promotion Lovers
2052,5,Low-Value Occasional Customers
2053,1,Gamers
2055,4,Promotion Lovers
2056,6,High-Value Customers
2058,2,Clean & Green
2059,5,Low-Value Occasional Customers
2061,2,Clean & Green
2062,0,Regular Cutomers
2063,7,Large Families
2064,8,Young Karens
2065,1,Gamers
2066,4,Promotion Lovers
2067,8,Young Karens
2068,7,Large Families
2069,3,Senior Karens
2070,4,Promotion Lovers
2071,0,Regular Cutomers
2072,5,Low-Value Occasional Customers
2075,5,Low-Value Occasional Customers
2076,5,Low-Value Occasional Customers
2077,8,Young Karens
2078,0,Regular Cutomers
2081,5,Low-Value Occasional Customers
2082,0,Regular Cutomers
2083,0,Regular Cutomers
2084,0,Regular Cutomers
2085,2,Clean & Green
2086,4,Promotion Lovers
2087,7,Large Families
2089,4,Promotion Lovers
2090,6,High-Value Customers
2091,5,Low-Value Occasional Customers
2093,8,Young Karens
2094,2,Clean & Green
2095,4,Promotion Lovers
2098,7,Large Families
2099,0,Regular Cutomers
2100,8,Young Karens
2101,1,Gamers
2102,5,Low-Value Occasional Customers
2103,8,Young Karens
2104,4,Promotion Lovers
2105,1,Gamers
2107,3,Senior Karens
2108,2,Clean & Green
2109,7,Large Families
2110,4,Promotion Lovers
2111,4,Promotion Lovers
2112,7,Large Families
2113,7,Large Families
2114,0,Regular Cutomers
2116,3,Senior Karens
2117,2,Clean & Green
2118,0,Regular Cutomers
2119,0,Regular Cutomers
2120,2,Clean & Green
2121,5,Low-Value Occasional Customers
2123,0,Regular Cutomers
2124,2,Clean & Green
2125,2,Clean & Green
2126,0,Regular Cutomers
2127,0,Regular Cutomers
2128,2,Clean & Green
2129,2,Clean & Green
2130,0,Regular Cutomers
2132,0,Regular Cutomers
2133,1,Gamers
2134,1,Gamers
2135,1,Gamers
2137,2,Clean & Green
2138,3,Senior Karens
2139,1,Gamers
2140,4,Promotion Lovers
2141,3,Senior Karens
2142,4,Promotion Lovers
2143,1,Gamers
2144,1,Gamers
2146,6,High-Value Customers
2148,3,Senior Karens
2149,6,High-Value Customers
2150,7,Large Families
2151,4,Promotion Lovers
2154,5,Low-Value Occasional Customers
2155,7,Large Families
2156,4,Promotion Lovers
2157,7,Large Families
2158,5,Low-Value Occasional Customers
2159,6,High-Value Customers
2160,1,Gamers
2161,7,Large Families
2162,4,Promotion Lovers
2163,2,Clean & Green
2164,8,Young Karens
2165,5,Low-Value Occasional Customers
2166,0,Regular Cutomers
2167,8,Young Karens
2168,5,Low-Value Occasional Customers
2169,0,Regular Cutomers
2170,0,Regular Cutomers
2171,4,Promotion Lovers
2172,7,Large Families
2173,3,Senior Karens
2174,5,Low-Value Occasional Customers
2175,3,Senior Karens
2176,4,Promotion Lovers
2177,5,Low-Value Occasional Customers
2178,0,Regular Cutomers
2179,2,Clean & Green
2181,6,High-Value Customers
2182,2,Clean & Green
2185,4,Promotion Lovers
2186,0,Regular Cutomers
2187,5,Low-Value Occasional Customers
2188,5,Low-Value Occasional Customers
2189,2,Clean & Green
2190,0,Regular Cutomers
2191,7,Large Families
2192,5,Low-Value Occasional Customers
2193,0,Regular Cutomers
2195,0,Regular Cutomers
2196,1,Gamers
2197,0,Regular Cutomers
2199,4,Promotion Lovers
2200,6,High-Value Customers
2202,6,High-Value Customers
2203,3,Senior Karens
2204,0,Regular Cutomers
2205,5,Low-Value Occasional Customers
2206,4,Promotion Lovers
2207,6,High-Value Customers
2209,2,Clean & Green
2210,0,Regular Cutomers
2212,2,Clean & Green
2213,6,High-Value Customers
2214,2,Clean & Green
2215,5,Low-Value Occasional Customers
2216,4,Promotion Lovers
2217,5,Low-Value Occasional Customers
2218,0,Regular Cutomers
2219,0,Regular Cutomers
2222,0,Regular Cutomers
2223,0,Regular Cutomers
2224,5,Low-Value Occasional Customers
2225,6,High-Value Customers
2226,5,Low-Value Occasional Customers
2227,1,Gamers
2228,1,Gamers
2231,0,Regular Cutomers
2232,8,Young Karens
2233,2,Clean & Green
2234,8,Young Karens
2236,4,Promotion Lovers
2237,3,Senior Karens
2238,4,Promotion Lovers
2239,1,Gamers
2240,0,Regular Cutomers
2242,2,Clean & Green
2243,2,Clean & Green
2244,0,Regular Cutomers
2246,8,Young Karens
2247,6,High-Value Customers
2248,8,Young Karens
2249,5,Low-Value Occasional Customers
2250,2,Clean & Green
2251,5,Low-Value Occasional Customers
2252,7,Large Families
2253,2,Clean & Green
2254,1,Gamers
2255,2,Clean & Green
2256,4,Promotion Lovers
2257,7,Large Families
2259,2,Clean & Green
2261,0,Regular Cutomers
2262,6,High-Value Customers
2263,4,Promotion Lovers
2265,4,Promotion Lovers
2266,5,Low-Value Occasional Customers
2267,2,Clean & Green
2268,1,Gamers
2269,6,High-Value Customers
2271,0,Regular Cutomers
2272,0,Regular Cutomers
2273,4,Promotion Lovers
2274,7,Large Families
2275,1,Gamers
2276,7,Large Families
2277,3,Senior Karens
2278,0,Regular Cutomers
2279,1,Gamers
2280,0,Regular Cutomers
2281,7,Large Families
2285,7,Large Families
2286,2,Clean & Green
2288,0,Regular Cutomers
2289,4,Promotion Lovers
2290,2,Clean & Green
2291,6,High-Value Customers
2292,6,High-Value Customers
2293,8,Young Karens
2294,1,Gamers
2295,0,Regular Cutomers
2296,0,Regular Cutomers
2297,4,Promotion Lovers
2299,4,Promotion Lovers
2302,0,Regular Cutomers
2303,1,Gamers
2304,7,Large Families
2305,2,Clean & Green
2306,2,Clean & Green
2307,0,Regular Cutomers
2309,4,Promotion Lovers
2310,7,Large Families
2311,1,Gamers
2312,0,Regular Cutomers
2313,4,Promotion Lovers
2314,1,Gamers
2315,2,Clean & Green
2316,0,Regular Cutomers
2317,3,Senior Karens
2318,5,Low-Value Occasional Customers
2319,4,Promotion Lovers
2320,2,Clean & Green
2321,1,Gamers
2323,5,Low-Value Occasional Customers
2325,4,Promotion Lovers
2326,5,Low-Value Occasional Customers
2327,0,Regular Cutomers
2328,1,Gamers
2329,5,Low-Value Occasional Customers
2330,4,Promotion Lovers
2331,1,Gamers
2332,1,Gamers
2333,2,Clean & Green
2334,7,Large Families
2336,8,Young Karens
2337,3,Senior Karens
2338,1,Gamers
2339,3,Senior Karens
2340,0,Regular Cutomers
2341,1,Gamers
2342,1,Gamers
2343,4,Promotion Lovers
2344,0,Regular Cutomers
2345,0,Regular Cutomers
2346,1,Gamers
2347,0,Regular Cutomers
2348,5,Low-Value Occasional Customers
2349,8,Young Karens
2351,6,High-Value Customers
2352,6,High-Value Customers
2353,0,Regular Cutomers
2354,1,Gamers
2355,8,Young Karens
2356,7,Large Families
2357,6,High-Value Customers
2358,0,Regular Cutomers
2359,3,Senior Karens
2360,7,Large Families
2361,2,Clean & Green
2363,0,Regular Cutomers
2364,2,Clean & Green
2365,7,Large Families
2366,4,Promotion Lovers
2367,8,Young Karens
2368,1,Gamers
2369,3,Senior Karens
2370,6,High-Value Customers
2372,8,Young Karens
2373,4,Promotion Lovers
2376,0,Regular Cutomers
2377,4,Promotion Lovers
2378,4,Promotion Lovers
2379,5,Low-Value Occasional Customers
2380,0,Regular Cutomers
2381,6,High-Value Customers
2382,0,Regular Cutomers
2384,8,Young Karens
2385,1,Gamers
2386,5,Low-Value Occasional Customers
2387,2,Clean & Green
2388,0,Regular Cutomers
2389,1,Gamers
2390,6,High-Value Customers
2392,6,High-Value Customers
2393,8,Young Karens
2394,1,Gamers
2395,8,Young Karens
2397,4,Promotion Lovers
2398,5,Low-Value Occasional Customers
2399,2,Clean & Green
2401,1,Gamers
2402,8,Young Karens
2403,4,Promotion Lovers
2404,4,Promotion Lovers
2405,1,Gamers
2406,2,Clean & Green
2407,4,Promotion Lovers
2408,3,Senior Karens
2409,4,Promotion Lovers
2410,4,Promotion Lovers
2411,0,Regular Cutomers
2412,6,High-Value Customers
2413,1,Gamers
2414,5,Low-Value Occasional Customers
2415,6,High-Value Customers
2416,3,Senior Karens
2417,0,Regular Cutomers
2418,2,Clean & Green
2419,4,Promotion Lovers
2420,8,Young Karens
2421,5,Low-Value Occasional Customers
2422,4,Promotion Lovers
2423,6,High-Value Customers
2424,1,Gamers
2425,0,Regular Cutomers
2426,7,Large Families
2427,4,Promotion Lovers
2428,4,Promotion Lovers
2431,1,Gamers
2432,0,Regular Cutomers
2433,2,Clean & Green
2435,8,Young Karens
2437,5,Low-Value Occasional Customers
2438,0,Regular Cutomers
2439,4,Promotion Lovers
2441,5,Low-Value Occasional Customers
2442,1,Gamers
2443,0,Regular Cutomers
2445,3,Senior Karens
2446,8,Young Karens
2447,4,Promotion Lovers
2448,8,Young Karens
2451,4,Promotion Lovers
2452,0,Regular Cutomers
2453,8,Young Karens
2456,0,Regular Cutomers
2457,2,Clean & Green
2458,2,Clean & Green
2459,2,Clean & Green
2462,4,Promotion Lovers
2463,8,Young Karens
2464,2,Clean & Green
2465,4,Promotion Lovers
2466,7,Large Families
2467,2,Clean & Green
2468,1,Gamers
2469,8,Young Karens
2470,2,Clean & Green
2471,5,Low-Value Occasional Customers
2472,7,Large Families
2473,8,Young Karens
2474,0,Regular Cutomers
2475,7,Large Families
2476,2,Clean & Green
2478,7,Large Families
2479,2,Clean & Green
2480,0,Regular Cutomers
2481,4,Promotion Lovers
2482,4,Promotion Lovers
2483,4,Promotion Lovers
2484,7,Large Families
2485,0,Regular Cutomers
2486,1,Gamers
2487,7,Large Families
2488,4,Promotion Lovers
2490,4,Promotion Lovers
2491,0,Regular Cutomers
2492,8,Young Karens
2494,7,Large Families
2495,5,Low-Value Occasional Customers
2496,2,Clean & Green
2498,1,Gamers
2499,7,Large Families
2500,5,Low-Value Occasional Customers
2501,4,Promotion Lovers
2502,6,High-Value Customers
2503,5,Low-Value Occasional Customers
2504,3,Senior Karens
2505,1,Gamers
2506,8,Young Karens
2507,0,Regular Cutomers
2508,1,Gamers
2509,5,Low-Value Occasional Customers
2511,5,Low-Value Occasional Customers
2512,5,Low-Value Occasional Customers
2513,0,Regular Cutomers
2514,4,Promotion Lovers
2515,5,Low-Value Occasional Customers
2517,8,Young Karens
2518,0,Regular Cutomers
2520,7,Large Families
2521,4,Promotion Lovers
2522,0,Regular Cutomers
2524,5,Low-Value Occasional Customers
2525,2,Clean & Green
2526,1,Gamers
2528,7,Large Families
2529,5,Low-Value Occasional Customers
2530,6,High-Value Customers
2531,4,Promotion Lovers
2533,1,Gamers
2534,5,Low-Value Occasional Customers
2536,0,Regular Cutomers
2538,5,Low-Value Occasional Customers
2541,0,Regular Cutomers
2542,7,Large Families
2543,6,High-Value Customers
2544,6,High-Value Customers
2545,2,Clean & Green
2546,3,Senior Karens
2547,6,High-Value Customers
2548,0,Regular Cutomers
2549,0,Regular Cutomers
2550,0,Regular Cutomers
2552,4,Promotion Lovers
2553,2,Clean & Green
2554,2,Clean & Green
2555,6,High-Value Customers
2556,2,Clean & Green
2557,5,Low-Value Occasional Customers
2558,6,High-Value Customers
2559,6,High-Value Customers
2560,6,High-Value Customers
2561,5,Low-Value Occasional Customers
2562,4,Promotion Lovers
2564,4,Promotion Lovers
2565,5,Low-Value Occasional Customers
2566,0,Regular Cutomers
2567,1,Gamers
2569,8,Young Karens
2570,0,Regular Cutomers
2572,0,Regular Cutomers
2573,4,Promotion Lovers
2575,1,Gamers
2576,1,Gamers
2577,4,Promotion Lovers
2580,2,Clean & Green
2581,0,Regular Cutomers
2582,2,Clean & Green
2583,1,Gamers
2584,4,Promotion Lovers
2586,6,High-Value Customers
2587,4,Promotion Lovers
2588,4,Promotion Lovers
2589,5,Low-Value Occasional Customers
2590,7,Large Families
2591,4,Promotion Lovers
2592,1,Gamers
2593,4,Promotion Lovers
2594,2,Clean & Green
2596,6,High-Value Customers
2597,0,Regular Cutomers
2598,1,Gamers
2599,4,Promotion Lovers
2600,4,Promotion Lovers
2601,8,Young Karens
2602,5,Low-Value Occasional Customers
2603,6,High-Value Customers
2604,7,Large Families
2605,0,Regular Cutomers
2606,5,Low-Value Occasional Customers
2607,6,High-Value Customers
2608,6,High-Value Customers
2610,4,Promotion Lovers
2611,0,Regular Cutomers
2612,8,Young Karens
2613,1,Gamers
2614,8,Young Karens
2615,1,Gamers
2616,0,Regular Cutomers
2617,4,Promotion Lovers
2618,7,Large Families
2619,4,Promotion Lovers
2621,6,High-Value Customers
2622,6,High-Value Customers
2624,5,Low-Value Occasional Customers
2625,3,Senior Karens
2626,0,Regular Cutomers
2627,2,Clean & Green
2628,1,Gamers
2629,8,Young Karens
2630,8,Young Karens
2631,4,Promotion Lovers
2632,1,Gamers
2633,5,Low-Value Occasional Customers
2634,1,Gamers
2635,5,Low-Value Occasional Customers
2636,6,High-Value Customers
2637,6,High-Value Customers
2638,5,Low-Value Occasional Customers
2639,0,Regular Cutomers
2640,8,Young Karens
2641,2,Clean & Green
2642,5,Low-Value Occasional Customers
2643,0,Regular Cutomers
2644,4,Promotion Lovers
2645,4,Promotion Lovers
2646,0,Regular Cutomers
2647,4,Promotion Lovers
2648,8,Young Karens
2649,5,Low-Value Occasional Customers
2650,0,Regular Cutomers
2651,7,Large Families
2652,0,Regular Cutomers
2653,8,Young Karens
2654,0,Regular Cutomers
2655,0,Regular Cutomers
2656,6,High-Value Customers
2657,5,Low-Value Occasional Customers
2658,4,Promotion Lovers
2659,0,Regular Cutomers
2660,1,Gamers
2661,2,Clean & Green
2662,1,Gamers
2663,0,Regular Cutomers
2664,4,Promotion Lovers
2665,7,Large Families
2667,4,Promotion Lovers
2668,5,Low-Value Occasional Customers
2669,5,Low-Value Occasional Customers
2670,1,Gamers
2671,3,Senior Karens
2672,4,Promotion Lovers
2674,0,Regular Cutomers
2675,0,Regular Cutomers
2676,7,Large Families
2677,8,Young Karens
2678,4,Promotion Lovers
2680,1,Gamers
2681,0,Regular Cutomers
2682,6,High-Value Customers
2683,4,Promotion Lovers
2684,2,Clean & Green
2685,4,Promotion Lovers
2686,1,Gamers
2690,6,High-Value Customers
2692,4,Promotion Lovers
2693,5,Low-Value Occasional Customers
2694,8,Young Karens
2695,0,Regular Cutomers
2696,5,Low-Value Occasional Customers
2697,8,Young Karens
2698,7,Large Families
2699,5,Low-Value Occasional Customers
2700,1,Gamers
2701,4,Promotion Lovers
2702,4,Promotion Lovers
2703,8,Young Karens
2704,4,Promotion Lovers
2705,5,Low-Value Occasional Customers
2706,7,Large Families
2707,4,Promotion Lovers
2708,6,High-Value Customers
2709,2,Clean & Green
2710,4,Promotion Lovers
2711,4,Promotion Lovers
2712,8,Young Karens
2713,1,Gamers
2715,0,Regular Cutomers
2716,0,Regular Cutomers
2717,8,Young Karens
2718,0,Regular Cutomers
2719,3,Senior Karens
2720,2,Clean & Green
2721,2,Clean & Green
2722,1,Gamers
2723,5,Low-Value Occasional Customers
2724,1,Gamers
2725,2,Clean & Green
2727,8,Young Karens
2728,0,Regular Cutomers
2729,4,Promotion Lovers
2730,4,Promotion Lovers
2732,1,Gamers
2733,0,Regular Cutomers
2734,5,Low-Value Occasional Customers
2735,0,Regular Cutomers
2736,7,Large Families
2737,0,Regular Cutomers
2738,7,Large Families
2739,1,Gamers
2740,0,Regular Cutomers
2741,2,Clean & Green
2742,2,Clean & Green
2743,8,Young Karens
2745,0,Regular Cutomers
2746,2,Clean & Green
2747,4,Promotion Lovers
2750,0,Regular Cutomers
2751,0,Regular Cutomers
2752,5,Low-Value Occasional Customers
2754,8,Young Karens
2756,2,Clean & Green
2757,2,Clean & Green
2759,6,High-Value Customers
2760,6,High-Value Customers
2761,2,Clean & Green
2762,6,High-Value Customers
2764,4,Promotion Lovers
2766,4,Promotion Lovers
2768,0,Regular Cutomers
2769,0,Regular Cutomers
2770,4,Promotion Lovers
2771,8,Young Karens
2772,0,Regular Cutomers
2774,5,Low-Value Occasional Customers
2775,7,Large Families
2777,4,Promotion Lovers
2778,5,Low-Value Occasional Customers
2779,3,Senior Karens
2780,6,High-Value Customers
2782,8,Young Karens
2784,7,Large Families
2786,7,Large Families
2787,2,Clean & Green
2788,5,Low-Value Occasional Customers
2789,1,Gamers
2790,4,Promotion Lovers
2792,6,High-Value Customers
2793,2,Clean & Green
2794,7,Large Families
2796,1,Gamers
2797,5,Low-Value Occasional Customers
2798,0,Regular Cutomers
2799,4,Promotion Lovers
2800,0,Regular Cutomers
2801,2,Clean & Green
2802,0,Regular Cutomers
2803,2,Clean & Green
2804,0,Regular Cutomers
2806,0,Regular Cutomers
2807,0,Regular Cutomers
2808,7,Large Families
2809,5,Low-Value Occasional Customers
2810,2,Clean & Green
2811,0,Regular Cutomers
2812,8,Young Karens
2813,6,High-Value Customers
2814,0,Regular Cutomers
2815,0,Regular Cutomers
2818,5,Low-Value Occasional Customers
2819,6,High-Value Customers
2820,4,Promotion Lovers
2821,7,Large Families
2822,3,Senior Karens
2823,7,Large Families
2824,4,Promotion Lovers
2826,0,Regular Cutomers
2827,4,Promotion Lovers
2828,6,High-Value Customers
2829,0,Regular Cutomers
2830,8,Young Karens
2832,5,Low-Value Occasional Customers
2833,1,Gamers
2834,2,Clean & Green
2835,2,Clean & Green
2836,5,Low-Value Occasional Customers
2837,8,Young Karens
2838,5,Low-Value Occasional Customers
2840,2,Clean & Green
2841,6,High-Value Customers
2842,2,Clean & Green
2843,4,Promotion Lovers
2844,7,Large Families
2846,6,High-Value Customers
2847,8,Young Karens
2848,1,Gamers
2849,8,Young Karens
2850,3,Senior Karens
2851,4,Promotion Lovers
2852,8,Young Karens
2853,2,Clean & Green
2854,7,Large Families
2855,1,Gamers
2856,1,Gamers
2858,5,Low-Value Occasional Customers
2860,5,Low-Value Occasional Customers
2861,2,Clean & Green
2863,6,High-Value Customers
2864,5,Low-Value Occasional Customers
2865,1,Gamers
2866,0,Regular Cutomers
2867,6,High-Value Customers
2869,0,Regular Cutomers
2870,2,Clean & Green
2874,2,Clean & Green
2875,0,Regular Cutomers
2877,5,Low-Value Occasional Customers
2878,5,Low-Value Occasional Customers
2879,5,Low-Value Occasional Customers
2880,1,Gamers
2881,3,Senior Karens
2882,2,Clean & Green
2883,1,Gamers
2884,6,High-Value Customers
2885,8,Young Karens
2886,4,Promotion Lovers
2887,6,High-Value Customers
2888,4,Promotion Lovers
2890,7,Large Families
2892,3,Senior Karens
2893,4,Promotion Lovers
2894,0,Regular Cutomers
2896,2,Clean & Green
2897,5,Low-Value Occasional Customers
2899,6,High-Value Customers
2900,8,Young Karens
2901,1,Gamers
2902,2,Clean & Green
2903,4,Promotion Lovers
2904,2,Clean & Green
2905,3,Senior Karens
2906,0,Regular Cutomers
2907,4,Promotion Lovers
2908,0,Regular Cutomers
2909,0,Regular Cutomers
2910,6,High-Value Customers
2911,6,High-Value Customers
2912,0,Regular Cutomers
2913,0,Regular Cutomers
2914,0,Regular Cutomers
2916,0,Regular Cutomers
2917,6,High-Value Customers
2918,5,Low-Value Occasional Customers
2919,1,Gamers
2920,1,Gamers
2921,4,Promotion Lovers
2922,0,Regular Cutomers
2923,5,Low-Value Occasional Customers
2925,5,Low-Value Occasional Customers
2926,2,Clean & Green
2927,1,Gamers
2929,3,Senior Karens
2930,4,Promotion Lovers
2932,6,High-Value Customers
2933,0,Regular Cutomers
2934,2,Clean & Green
2935,2,Clean & Green
2936,5,Low-Value Occasional Customers
2938,0,Regular Cutomers
2939,0,Regular Cutomers
2940,5,Low-Value Occasional Customers
2942,0,Regular Cutomers
2943,8,Young Karens
2944,7,Large Families
2945,6,High-Value Customers
2946,5,Low-Value Occasional Customers
2947,6,High-Value Customers
2948,0,Regular Cutomers
2949,6,High-Value Customers
2951,4,Promotion Lovers
2952,1,Gamers
2953,4,Promotion Lovers
2954,2,Clean & Green
2955,0,Regular Cutomers
2956,0,Regular Cutomers
2957,1,Gamers
2958,2,Clean & Green
2959,5,Low-Value Occasional Customers
2960,7,Large Families
2961,4,Promotion Lovers
2962,0,Regular Cutomers
2963,1,Gamers
2965,0,Regular Cutomers
2966,6,High-Value Customers
2967,0,Regular Cutomers
2969,6,High-Value Customers
2972,3,Senior Karens
2974,6,High-Value Customers
2975,6,High-Value Customers
2976,6,High-Value Customers
2977,4,Promotion Lovers
2978,3,Senior Karens
2980,6,High-Value Customers
2981,8,Young Karens
2982,0,Regular Cutomers
2984,2,Clean & Green
2985,8,Young Karens
2986,4,Promotion Lovers
2987,0,Regular Cutomers
2988,1,Gamers
2989,7,Large Families
2991,0,Regular Cutomers
2992,0,Regular Cutomers
2993,7,Large Families
2994,4,Promotion Lovers
2995,8,Young Karens
2996,5,Low-Value Occasional Customers
2997,2,Clean & Green
2998,0,Regular Cutomers
2999,6,High-Value Customers
3000,7,Large Families
3001,6,High-Value Customers
3002,4,Promotion Lovers
3003,0,Regular Cutomers
3004,0,Regular Cutomers
3005,2,Clean & Green
3007,0,Regular Cutomers
3008,2,Clean & Green
3009,0,Regular Cutomers
3010,5,Low-Value Occasional Customers
3011,7,Large Families
3012,0,Regular Cutomers
3013,5,Low-Value Occasional Customers
3015,4,Promotion Lovers
3017,0,Regular Cutomers
3019,0,Regular Cutomers
3020,3,Senior Karens
3021,2,Clean & Green
3024,4,Promotion Lovers
3025,2,Clean & Green
3026,6,High-Value Customers
3028,4,Promotion Lovers
3029,8,Young Karens
3030,7,Large Families
3031,1,Gamers
3032,2,Clean & Green
3033,5,Low-Value Occasional Customers
3034,5,Low-Value Occasional Customers
3035,8,Young Karens
3036,4,Promotion Lovers
3037,7,Large Families
3038,6,High-Value Customers
3039,0,Regular Cutomers
3040,5,Low-Value Occasional Customers
3041,4,Promotion Lovers
3042,8,Young Karens
3043,6,High-Value Customers
3044,6,High-Value Customers
3045,5,Low-Value Occasional Customers
3046,4,Promotion Lovers
3048,2,Clean & Green
3049,5,Low-Value Occasional Customers
3050,0,Regular Cutomers
3051,1,Gamers
3052,0,Regular Cutomers
3053,0,Regular Cutomers
3054,6,High-Value Customers
3055,4,Promotion Lovers
3056,7,Large Families
3057,7,Large Families
3058,1,Gamers
3059,4,Promotion Lovers
3060,6,High-Value Customers
3061,6,High-Value Customers
3062,0,Regular Cutomers
3063,0,Regular Cutomers
3064,8,Young Karens
3065,2,Clean & Green
3066,1,Gamers
3067,2,Clean & Green
3068,5,Low-Value Occasional Customers
3069,0,Regular Cutomers
3070,4,Promotion Lovers
3071,2,Clean & Green
3072,0,Regular Cutomers
3073,0,Regular Cutomers
3074,0,Regular Cutomers
3075,1,Gamers
3076,6,High-Value Customers
3079,4,Promotion Lovers
3080,4,Promotion Lovers
3081,7,Large Families
3082,7,Large Families
3083,4,Promotion Lovers
3084,3,Senior Karens
3085,0,Regular Cutomers
3086,7,Large Families
3087,5,Low-Value Occasional Customers
3088,8,Young Karens
3089,0,Regular Cutomers
3090,0,Regular Cutomers
3091,6,High-Value Customers
3092,4,Promotion Lovers
3093,8,Young Karens
3094,0,Regular Cutomers
3095,6,High-Value Customers
3096,2,Clean & Green
3097,0,Regular Cutomers
3098,5,Low-Value Occasional Customers
3099,6,High-Value Customers
3100,8,Young Karens
3101,8,Young Karens
3105,6,High-Value Customers
3106,5,Low-Value Occasional Customers
3107,7,Large Families
3110,6,High-Value Customers
3112,3,Senior Karens
3113,7,Large Families
3114,3,Senior Karens
3115,5,Low-Value Occasional Customers
3116,2,Clean & Green
3117,5,Low-Value Occasional Customers
3118,1,Gamers
3119,1,Gamers
3120,4,Promotion Lovers
3121,6,High-Value Customers
3122,4,Promotion Lovers
3123,0,Regular Cutomers
3124,6,High-Value Customers
3125,1,Gamers
3126,0,Regular Cutomers
3128,5,Low-Value Occasional Customers
3129,7,Large Families
3130,4,Promotion Lovers
3131,5,Low-Value Occasional Customers
3132,2,Clean & Green
3133,0,Regular Cutomers
3135,0,Regular Cutomers
3136,6,High-Value Customers
3138,5,Low-Value Occasional Customers
3139,6,High-Value Customers
3140,4,Promotion Lovers
3142,3,Senior Karens
3143,0,Regular Cutomers
3146,4,Promotion Lovers
3147,6,High-Value Customers
3149,2,Clean & Green
3150,4,Promotion Lovers
3151,7,Large Families
3154,8,Young Karens
3155,0,Regular Cutomers
3156,2,Clean & Green
3157,6,High-Value Customers
3158,1,Gamers
3159,8,Young Karens
3160,4,Promotion Lovers
3161,0,Regular Cutomers
3162,8,Young Karens
3163,5,Low-Value Occasional Customers
3164,1,Gamers
3165,1,Gamers
3167,1,Gamers
3168,5,Low-Value Occasional Customers
3169,7,Large Families
3170,5,Low-Value Occasional Customers
3171,2,Clean & Green
3172,7,Large Families
3173,4,Promotion Lovers
3175,8,Young Karens
3176,4,Promotion Lovers
3177,0,Regular Cutomers
3178,1,Gamers
3179,2,Clean & Green
3180,7,Large Families
3183,8,Young Karens
3184,7,Large Families
3185,2,Clean & Green
3186,4,Promotion Lovers
3187,0,Regular Cutomers
3188,0,Regular Cutomers
3189,0,Regular Cutomers
3190,6,High-Value Customers
3191,4,Promotion Lovers
3192,0,Regular Cutomers
3193,4,Promotion Lovers
3194,2,Clean & Green
3196,0,Regular Cutomers
3197,4,Promotion Lovers
3198,4,Promotion Lovers
3199,7,Large Families
3200,4,Promotion Lovers
3201,7,Large Families
3202,2,Clean & Green
3204,4,Promotion Lovers
3205,4,Promotion Lovers
3206,5,Low-Value Occasional Customers
3207,0,Regular Cutomers
3209,0,Regular Cutomers
3211,0,Regular Cutomers
3213,5,Low-Value Occasional Customers
3214,6,High-Value Customers
3215,8,Young Karens
3216,0,Regular Cutomers
3217,1,Gamers
3219,0,Regular Cutomers
3220,2,Clean & Green
3221,1,Gamers
3223,2,Clean & Green
3224,7,Large Families
3225,4,Promotion Lovers
3226,4,Promotion Lovers
3227,4,Promotion Lovers
3230,0,Regular Cutomers
3231,6,High-Value Customers
3232,1,Gamers
3234,2,Clean & Green
3235,2,Clean & Green
3236,6,High-Value Customers
3237,5,Low-Value Occasional Customers
3238,1,Gamers
3239,5,Low-Value Occasional Customers
3240,6,High-Value Customers
3241,0,Regular Cutomers
3242,2,Clean & Green
3243,4,Promotion Lovers
3244,7,Large Families
3245,5,Low-Value Occasional Customers
3246,4,Promotion Lovers
3247,0,Regular Cutomers
3248,2,Clean & Green
3249,4,Promotion Lovers
3250,5,Low-Value Occasional Customers
3251,7,Large Families
3252,0,Regular Cutomers
3253,1,Gamers
3255,5,Low-Value Occasional Customers
3256,8,Young Karens
3258,0,Regular Cutomers
3259,4,Promotion Lovers
3260,8,Young Karens
3262,0,Regular Cutomers
3263,0,Regular Cutomers
3264,1,Gamers
3265,7,Large Families
3266,0,Regular Cutomers
3267,6,High-Value Customers
3269,0,Regular Cutomers
3270,4,Promotion Lovers
3271,5,Low-Value Occasional Customers
3272,8,Young Karens
3273,5,Low-Value Occasional Customers
3274,6,High-Value Customers
3275,2,Clean & Green
3276,2,Clean & Green
3278,5,Low-Value Occasional Customers
3279,2,Clean & Green
3280,6,High-Value Customers
3282,0,Regular Cutomers
3283,1,Gamers
3285,0,Regular Cutomers
3286,0,Regular Cutomers
3287,0,Regular Cutomers
3288,8,Young Karens
3289,4,Promotion Lovers
3291,8,Young Karens
3293,7,Large Families
3294,4,Promotion Lovers
3295,0,Regular Cutomers
3296,4,Promotion Lovers
3297,7,Large Families
3298,4,Promotion Lovers
3299,3,Senior Karens
3300,0,Regular Cutomers
3301,5,Low-Value Occasional Customers
3303,0,Regular Cutomers
3304,6,High-Value Customers
3306,1,Gamers
3307,8,Young Karens
3309,5,Low-Value Occasional Customers
3310,1,Gamers
3311,8,Young Karens
3312,4,Promotion Lovers
3314,0,Regular Cutomers
3315,4,Promotion Lovers
3316,3,Senior Karens
3317,0,Regular Cutomers
3319,5,Low-Value Occasional Customers
3320,4,Promotion Lovers
3321,1,Gamers
3322,5,Low-Value Occasional Customers
3323,6,High-Value Customers
3324,7,Large Families
3325,0,Regular Cutomers
3326,1,Gamers
3327,1,Gamers
3328,4,Promotion Lovers
3329,7,Large Families
3330,5,Low-Value Occasional Customers
3332,7,Large Families
3333,6,High-Value Customers
3334,0,Regular Cutomers
3335,0,Regular Cutomers
3336,2,Clean & Green
3337,1,Gamers
3338,7,Large Families
3339,4,Promotion Lovers
3340,7,Large Families
3341,1,Gamers
3342,2,Clean & Green
3343,0,Regular Cutomers
3344,3,Senior Karens
3345,4,Promotion Lovers
3346,7,Large Families
3347,4,Promotion Lovers
3348,4,Promotion Lovers
3349,8,Young Karens
3350,1,Gamers
3352,3,Senior Karens
3353,6,High-Value Customers
3354,8,Young Karens
3356,4,Promotion Lovers
3357,0,Regular Cutomers
3358,0,Regular Cutomers
3359,5,Low-Value Occasional Customers
3360,6,High-Value Customers
3361,0,Regular Cutomers
3362,2,Clean & Green
3363,0,Regular Cutomers
3364,8,Young Karens
3365,4,Promotion Lovers
3366,4,Promotion Lovers
3367,8,Young Karens
3369,0,Regular Cutomers
3370,2,Clean & Green
3371,5,Low-Value Occasional Customers
3372,0,Regular Cutomers
3374,7,Large Families
3376,6,High-Value Customers
3377,0,Regular Cutomers
3378,0,Regular Cutomers
3379,6,High-Value Customers
3381,0,Regular Cutomers
3382,3,Senior Karens
3383,5,Low-Value Occasional Customers
3384,7,Large Families
3387,7,Large Families
3388,0,Regular Cutomers
3389,6,High-Value Customers
3390,4,Promotion Lovers
3391,0,Regular Cutomers
3392,5,Low-Value Occasional Customers
3393,4,Promotion Lovers
3395,3,Senior Karens
3396,7,Large Families
3397,4,Promotion Lovers
3398,5,Low-Value Occasional Customers
3399,3,Senior Karens
3400,7,Large Families
3401,2,Clean & Green
3402,5,Low-Value Occasional Customers
3403,0,Regular Cutomers
3404,4,Promotion Lovers
3405,1,Gamers
3406,4,Promotion Lovers
3407,0,Regular Cutomers
3408,5,Low-Value Occasional Customers
3410,6,High-Value Customers
3411,5,Low-Value Occasional Customers
3412,7,Large Families
3413,4,Promotion Lovers
3414,5,Low-Value Occasional Customers
3415,0,Regular Cutomers
3416,7,Large Families
3418,0,Regular Cutomers
3419,0,Regular Cutomers
3421,7,Large Families
3422,6,High-Value Customers
3423,6,High-Value Customers
3425,1,Gamers
3426,8,Young Karens
3427,5,Low-Value Occasional Customers
3428,1,Gamers
3430,0,Regular Cutomers
3431,4,Promotion Lovers
3432,0,Regular Cutomers
3433,8,Young Karens
3434,0,Regular Cutomers
3435,1,Gamers
3437,2,Clean & Green
3438,7,Large Families
3440,0,Regular Cutomers
3441,8,Young Karens
3442,7,Large Families
3443,5,Low-Value Occasional Customers
3444,0,Regular Cutomers
3445,4,Promotion Lovers
3446,0,Regular Cutomers
3447,0,Regular Cutomers
3448,2,Clean & Green
3449,4,Promotion Lovers
3451,2,Clean & Green
3452,5,Low-Value Occasional Customers
3453,0,Regular Cutomers
3454,6,High-Value Customers
3455,5,Low-Value Occasional Customers
3456,1,Gamers
3458,1,Gamers
3459,4,Promotion Lovers
3460,5,Low-Value Occasional Customers
3461,6,High-Value Customers
3463,6,High-Value Customers
3464,6,High-Value Customers
3465,8,Young Karens
3466,4,Promotion Lovers
3467,0,Regular Cutomers
3468,7,Large Families
3469,0,Regular Cutomers
3470,4,Promotion Lovers
3471,0,Regular Cutomers
3472,6,High-Value Customers
3473,4,Promotion Lovers
3474,8,Young Karens
3475,4,Promotion Lovers
3476,0,Regular Cutomers
3477,0,Regular Cutomers
3478,7,Large Families
3479,4,Promotion Lovers
3481,4,Promotion Lovers
3482,6,High-Value Customers
3483,4,Promotion Lovers
3484,8,Young Karens
3485,3,Senior Karens
3486,0,Regular Cutomers
3488,5,Low-Value Occasional Customers
3489,2,Clean & Green
3490,8,Young Karens
3491,0,Regular Cutomers
3492,6,High-Value Customers
3493,4,Promotion Lovers
3494,0,Regular Cutomers
3495,7,Large Families
3496,2,Clean & Green
3497,0,Regular Cutomers
3498,3,Senior Karens
3501,1,Gamers
3502,8,Young Karens
3504,7,Large Families
3505,3,Senior Karens
3507,4,Promotion Lovers
3508,0,Regular Cutomers
3509,4,Promotion Lovers
3511,8,Young Karens
3513,2,Clean & Green
3514,0,Regular Cutomers
3515,0,Regular Cutomers
3516,5,Low-Value Occasional Customers
3517,8,Young Karens
3518,7,Large Families
3519,3,Senior Karens
3520,5,Low-Value Occasional Customers
3521,4,Promotion Lovers
3522,4,Promotion Lovers
3523,1,Gamers
3524,7,Large Families
3525,1,Gamers
3526,8,Young Karens
3527,1,Gamers
3528,7,Large Families
3529,5,Low-Value Occasional Customers
3530,4,Promotion Lovers
3532,0,Regular Cutomers
3533,5,Low-Value Occasional Customers
3534,0,Regular Cutomers
3535,0,Regular Cutomers
3536,2,Clean & Green
3537,1,Gamers
3538,0,Regular Cutomers
3539,5,Low-Value Occasional Customers
3540,1,Gamers
3541,0,Regular Cutomers
3542,0,Regular Cutomers
3543,5,Low-Value Occasional Customers
3544,5,Low-Value Occasional Customers
3546,0,Regular Cutomers
3547,5,Low-Value Occasional Customers
3548,4,Promotion Lovers
3550,5,Low-Value Occasional Customers
3551,0,Regular Cutomers
3552,4,Promotion Lovers
3553,3,Senior Karens
3554,4,Promotion Lovers
3555,0,Regular Cutomers
3556,4,Promotion Lovers
3557,4,Promotion Lovers
3558,0,Regular Cutomers
3560,0,Regular Cutomers
3561,6,High-Value Customers
3562,4,Promotion Lovers
3564,6,High-Value Customers
3565,4,Promotion Lovers
3566,7,Large Families
3567,2,Clean & Green
3568,3,Senior Karens
3569,2,Clean & Green
3570,7,Large Families
3571,1,Gamers
3572,4,Promotion Lovers
3573,5,Low-Value Occasional Customers
3574,4,Promotion Lovers
3575,1,Gamers
3576,2,Clean & Green
3578,3,Senior Karens
3579,6,High-Value Customers
3580,7,Large Families
3581,0,Regular Cutomers
3582,4,Promotion Lovers
3584,0,Regular Cutomers
3585,0,Regular Cutomers
3586,8,Young Karens
3587,5,Low-Value Occasional Customers
3588,7,Large Families
3589,7,Large Families
3591,0,Regular Cutomers
3593,5,Low-Value Occasional Customers
3594,7,Large Families
3595,0,Regular Cutomers
3596,1,Gamers
3597,1,Gamers
3598,2,Clean & Green
3599,8,Young Karens
3600,0,Regular Cutomers
3601,6,High-Value Customers
3602,0,Regular Cutomers
3603,0,Regular Cutomers
3604,2,Clean & Green
3605,4,Promotion Lovers
3607,0,Regular Cutomers
3608,0,Regular Cutomers
3610,0,Regular Cutomers
3611,0,Regular Cutomers
3612,0,Regular Cutomers
3615,0,Regular Cutomers
3616,0,Regular Cutomers
3617,5,Low-Value Occasional Customers
3618,1,Gamers
3619,6,High-Value Customers
3620,4,Promotion Lovers
3621,4,Promotion Lovers
3622,0,Regular Cutomers
3623,0,Regular Cutomers
3624,0,Regular Cutomers
3625,0,Regular Cutomers
3626,4,Promotion Lovers
3627,8,Young Karens
3628,1,Gamers
3629,4,Promotion Lovers
3631,6,High-Value Customers
3633,0,Regular Cutomers
3635,7,Large Families
3639,2,Clean & Green
3640,7,Large Families
3641,1,Gamers
3642,8,Young Karens
3643,4,Promotion Lovers
3644,4,Promotion Lovers
3645,4,Promotion Lovers
3646,1,Gamers
3647,6,High-Value Customers
3648,4,Promotion Lovers
3649,5,Low-Value Occasional Customers
3650,7,Large Families
3652,0,Regular Cutomers
3653,5,Low-Value Occasional Customers
3654,0,Regular Cutomers
3655,4,Promotion Lovers
3656,0,Regular Cutomers
3657,4,Promotion Lovers
3658,0,Regular Cutomers
3660,0,Regular Cutomers
3661,4,Promotion Lovers
3662,2,Clean & Green
3664,4,Promotion Lovers
3665,2,Clean & Green
3666,5,Low-Value Occasional Customers
3667,8,Young Karens
3668,4,Promotion Lovers
3669,6,High-Value Customers
3670,4,Promotion Lovers
3671,2,Clean & Green
3672,6,High-Value Customers
3674,2,Clean & Green
3675,5,Low-Value Occasional Customers
3676,2,Clean & Green
3677,0,Regular Cutomers
3679,5,Low-Value Occasional Customers
3680,0,Regular Cutomers
3681,1,Gamers
3682,0,Regular Cutomers
3684,0,Regular Cutomers
3689,0,Regular Cutomers
3690,2,Clean & Green
3691,7,Large Families
3692,8,Young Karens
3693,7,Large Families
3694,0,Regular Cutomers
3695,0,Regular Cutomers
3696,2,Clean & Green
3697,7,Large Families
3699,4,Promotion Lovers
3701,6,High-Value Customers
3703,1,Gamers
3704,1,Gamers
3705,1,Gamers
3707,5,Low-Value Occasional Customers
3708,8,Young Karens
3710,3,Senior Karens
3712,2,Clean & Green
3713,0,Regular Cutomers
3714,4,Promotion Lovers
3715,8,Young Karens
3716,5,Low-Value Occasional Customers
3717,0,Regular Cutomers
3718,0,Regular Cutomers
3719,4,Promotion Lovers
3720,7,Large Families
3721,0,Regular Cutomers
3722,0,Regular Cutomers
3723,8,Young Karens
3726,4,Promotion Lovers
3728,0,Regular Cutomers
3729,1,Gamers
3732,1,Gamers
3733,8,Young Karens
3734,1,Gamers
3735,0,Regular Cutomers
3736,1,Gamers
3737,4,Promotion Lovers
3738,4,Promotion Lovers
3739,7,Large Families
3740,4,Promotion Lovers
3742,1,Gamers
3743,2,Clean & Green
3745,0,Regular Cutomers
3747,2,Clean & Green
3748,0,Regular Cutomers
3749,6,High-Value Customers
3751,7,Large Families
3752,4,Promotion Lovers
3753,5,Low-Value Occasional Customers
3754,6,High-Value Customers
3757,5,Low-Value Occasional Customers
3758,7,Large Families
3760,6,High-Value Customers
3761,0,Regular Cutomers
3762,8,Young Karens
3763,7,Large Families
3765,0,Regular Cutomers
3766,4,Promotion Lovers
3770,6,High-Value Customers
3771,5,Low-Value Occasional Customers
3772,6,High-Value Customers
3773,5,Low-Value Occasional Customers
3774,0,Regular Cutomers
3775,1,Gamers
3776,4,Promotion Lovers
3777,0,Regular Cutomers
3778,7,Large Families
3779,7,Large Families
3780,5,Low-Value Occasional Customers
3781,7,Large Families
3782,1,Gamers
3783,7,Large Families
3785,2,Clean & Green
3786,0,Regular Cutomers
3789,8,Young Karens
3790,1,Gamers
3791,6,High-Value Customers
3792,1,Gamers
3793,0,Regular Cutomers
3795,5,Low-Value Occasional Customers
3796,2,Clean & Green
3797,0,Regular Cutomers
3798,4,Promotion Lovers
3799,4,Promotion Lovers
3800,0,Regular Cutomers
3801,0,Regular Cutomers
3802,8,Young Karens
3803,6,High-Value Customers
3805,6,High-Value Customers
3806,5,Low-Value Occasional Customers
3807,2,Clean & Green
3808,7,Large Families
3809,5,Low-Value Occasional Customers
3810,4,Promotion Lovers
3811,2,Clean & Green
3812,4,Promotion Lovers
3813,2,Clean & Green
3814,5,Low-Value Occasional Customers
3815,6,High-Value Customers
3816,4,Promotion Lovers
3817,4,Promotion Lovers
3818,7,Large Families
3819,7,Large Families
3821,0,Regular Cutomers
3822,6,High-Value Customers
3823,1,Gamers
3824,3,Senior Karens
3825,5,Low-Value Occasional Customers
3828,4,Promotion Lovers
3830,0,Regular Cutomers
3831,1,Gamers
3832,4,Promotion Lovers
3833,7,Large Families
3834,4,Promotion Lovers
3835,0,Regular Cutomers
3836,6,High-Value Customers
3837,7,Large Families
3838,1,Gamers
3839,8,Young Karens
3840,4,Promotion Lovers
3841,3,Senior Karens
3842,0,Regular Cutomers
3843,0,Regular Cutomers
3844,1,Gamers
3845,1,Gamers
3846,0,Regular Cutomers
3847,7,Large Families
3848,5,Low-Value Occasional Customers
3849,1,Gamers
3850,0,Regular Cutomers
3851,0,Regular Cutomers
3852,5,Low-Value Occasional Customers
3855,5,Low-Value Occasional Customers
3856,0,Regular Cutomers
3858,4,Promotion Lovers
3859,4,Promotion Lovers
3860,3,Senior Karens
3861,1,Gamers
3862,7,Large Families
3863,5,Low-Value Occasional Customers
3864,8,Young Karens
3865,2,Clean & Green
3866,0,Regular Cutomers
3867,4,Promotion Lovers
3868,0,Regular Cutomers
3869,4,Promotion Lovers
3870,2,Clean & Green
3872,0,Regular Cutomers
3873,2,Clean & Green
3874,0,Regular Cutomers
3875,0,Regular Cutomers
3876,4,Promotion Lovers
3877,1,Gamers
3878,0,Regular Cutomers
3879,0,Regular Cutomers
3881,4,Promotion Lovers
3882,7,Large Families
3883,0,Regular Cutomers
3884,5,Low-Value Occasional Customers
3887,6,High-Value Customers
3889,5,Low-Value Occasional Customers
3892,4,Promotion Lovers
3893,5,Low-Value Occasional Customers
3894,0,Regular Cutomers
3895,6,High-Value Customers
3896,0,Regular Cutomers
3897,4,Promotion Lovers
3899,4,Promotion Lovers
3900,4,Promotion Lovers
3901,4,Promotion Lovers
3902,5,Low-Value Occasional Customers
3903,6,High-Value Customers
3904,2,Clean & Green
3905,6,High-Value Customers
3907,8,Young Karens
3908,3,Senior Karens
3910,5,Low-Value Occasional Customers
3912,4,Promotion Lovers
3913,1,Gamers
3914,6,High-Value Customers
3916,3,Senior Karens
3917,6,High-Value Customers
3918,0,Regular Cutomers
3919,4,Promotion Lovers
3920,1,Gamers
3921,6,High-Value Customers
3922,6,High-Value Customers
3925,7,Large Families
3926,5,Low-Value Occasional Customers
3927,0,Regular Cutomers
3932,3,Senior Karens
3933,7,Large Families
3934,7,Large Families
3936,6,High-Value Customers
3937,0,Regular Cutomers
3938,0,Regular Cutomers
3940,2,Clean & Green
3942,0,Regular Cutomers
3943,0,Regular Cutomers
3944,4,Promotion Lovers
3946,2,Clean & Green
3947,7,Large Families
3948,2,Clean & Green
3949,0,Regular Cutomers
3950,2,Clean & Green
3951,2,Clean & Green
3952,5,Low-Value Occasional Customers
3953,0,Regular Cutomers
3954,4,Promotion Lovers
3955,0,Regular Cutomers
3956,0,Regular Cutomers
3957,2,Clean & Green
3958,8,Young Karens
3960,7,Large Families
3963,4,Promotion Lovers
3964,4,Promotion Lovers
3965,7,Large Families
3967,1,Gamers
3970,5,Low-Value Occasional Customers
3971,0,Regular Cutomers
3972,0,Regular Cutomers
3973,2,Clean & Green
3974,6,High-Value Customers
3976,1,Gamers
3977,2,Clean & Green
3978,0,Regular Cutomers
3979,1,Gamers
3980,1,Gamers
3981,2,Clean & Green
3982,5,Low-Value Occasional Customers
3985,1,Gamers
3986,4,Promotion Lovers
3987,0,Regular Cutomers
3988,1,Gamers
3989,3,Senior Karens
3990,7,Large Families
3991,1,Gamers
3992,0,Regular Cutomers
3993,8,Young Karens
3994,2,Clean & Green
3995,5,Low-Value Occasional Customers
3996,6,High-Value Customers
3997,0,Regular Cutomers
3998,5,Low-Value Occasional Customers
3999,7,Large Families
4000,0,Regular Cutomers
4002,6,High-Value Customers
4003,5,Low-Value Occasional Customers
4004,4,Promotion Lovers
4005,5,Low-Value Occasional Customers
4007,2,Clean & Green
4008,5,Low-Value Occasional Customers
4009,5,Low-Value Occasional Customers
4010,4,Promotion Lovers
4011,4,Promotion Lovers
4013,8,Young Karens
4014,2,Clean & Green
4015,0,Regular Cutomers
4016,2,Clean & Green
4017,3,Senior Karens
4018,3,Senior Karens
4019,0,Regular Cutomers
4020,6,High-Value Customers
4021,8,Young Karens
4022,7,Large Families
4023,2,Clean & Green
4024,8,Young Karens
4025,1,Gamers
4026,0,Regular Cutomers
4027,4,Promotion Lovers
4028,0,Regular Cutomers
4029,0,Regular Cutomers
4030,5,Low-Value Occasional Customers
4031,1,Gamers
4035,7,Large Families
4036,4,Promotion Lovers
4037,7,Large Families
4038,4,Promotion Lovers
4039,7,Large Families
4041,2,Clean & Green
4042,4,Promotion Lovers
4043,2,Clean & Green
4044,2,Clean & Green
4045,7,Large Families
4046,4,Promotion Lovers
4047,0,Regular Cutomers
4048,5,Low-Value Occasional Customers
4049,0,Regular Cutomers
4050,2,Clean & Green
4051,5,Low-Value Occasional Customers
4052,0,Regular Cutomers
4054,0,Regular Cutomers
4055,0,Regular Cutomers
4056,4,Promotion Lovers
4057,5,Low-Value Occasional Customers
4058,6,High-Value Customers
4059,4,Promotion Lovers
4060,6,High-Value Customers
4061,5,Low-Value Occasional Customers
4062,4,Promotion Lovers
4063,5,Low-Value Occasional Customers
4064,3,Senior Karens
4065,8,Young Karens
4066,0,Regular Cutomers
4068,5,Low-Value Occasional Customers
4069,7,Large Families
4070,0,Regular Cutomers
4071,1,Gamers
4072,7,Large Families
4073,7,Large Families
4074,0,Regular Cutomers
4075,3,Senior Karens
4076,6,High-Value Customers
4077,2,Clean & Green
4079,0,Regular Cutomers
4080,5,Low-Value Occasional Customers
4081,8,Young Karens
4082,7,Large Families
4083,5,Low-Value Occasional Customers
4085,7,Large Families
4086,6,High-Value Customers
4087,7,Large Families
4088,2,Clean & Green
4089,6,High-Value Customers
4090,5,Low-Value Occasional Customers
4091,5,Low-Value Occasional Customers
4092,2,Clean & Green
4093,5,Low-Value Occasional Customers
4095,8,Young Karens
4096,0,Regular Cutomers
4097,4,Promotion Lovers
4098,4,Promotion Lovers
4099,7,Large Families
4100,0,Regular Cutomers
4101,0,Regular Cutomers
4102,0,Regular Cutomers
4103,5,Low-Value Occasional Customers
4104,7,Large Families
4106,2,Clean & Green
4108,4,Promotion Lovers
4109,4,Promotion Lovers
4110,0,Regular Cutomers
4111,6,High-Value Customers
4112,0,Regular Cutomers
4113,0,Regular Cutomers
4114,4,Promotion Lovers
4115,6,High-Value Customers
4116,8,Young Karens
4117,0,Regular Cutomers
4118,8,Young Karens
4119,6,High-Value Customers
4121,7,Large Families
4122,4,Promotion Lovers
4123,7,Large Families
4126,1,Gamers
4127,0,Regular Cutomers
4128,0,Regular Cutomers
4129,1,Gamers
4130,4,Promotion Lovers
4132,0,Regular Cutomers
4133,6,High-Value Customers
4134,6,High-Value Customers
4136,2,Clean & Green
4137,2,Clean & Green
4138,0,Regular Cutomers
4140,4,Promotion Lovers
4141,5,Low-Value Occasional Customers
4142,0,Regular Cutomers
4143,7,Large Families
4144,3,Senior Karens
4145,6,High-Value Customers
4146,2,Clean & Green
4148,4,Promotion Lovers
4149,0,Regular Cutomers
4150,7,Large Families
4151,8,Young Karens
4152,1,Gamers
4153,1,Gamers
4154,4,Promotion Lovers
4155,0,Regular Cutomers
4156,2,Clean & Green
4157,6,High-Value Customers
4158,0,Regular Cutomers
4160,2,Clean & Green
4161,6,High-Value Customers
4162,4,Promotion Lovers
4163,7,Large Families
4164,5,Low-Value Occasional Customers
4165,0,Regular Cutomers
4166,7,Large Families
4167,5,Low-Value Occasional Customers
4168,7,Large Families
4169,1,Gamers
4170,0,Regular Cutomers
4171,0,Regular Cutomers
4173,7,Large Families
4174,0,Regular Cutomers
4176,8,Young Karens
4177,1,Gamers
4179,1,Gamers
4180,0,Regular Cutomers
4181,0,Regular Cutomers
4182,4,Promotion Lovers
4183,7,Large Families
4185,5,Low-Value Occasional Customers
4186,4,Promotion Lovers
4187,1,Gamers
4188,6,High-Value Customers
4189,1,Gamers
4190,5,Low-Value Occasional Customers
4193,8,Young Karens
4194,0,Regular Cutomers
4195,2,Clean & Green
4197,0,Regular Cutomers
4198,7,Large Families
4199,4,Promotion Lovers
4202,6,High-Value Customers
4204,4,Promotion Lovers
4205,5,Low-Value Occasional Customers
4206,5,Low-Value Occasional Customers
4207,0,Regular Cutomers
4208,1,Gamers
4209,6,High-Value Customers
4210,4,Promotion Lovers
4211,5,Low-Value Occasional Customers
4212,0,Regular Cutomers
4213,0,Regular Cutomers
4214,2,Clean & Green
4215,3,Senior Karens
4217,0,Regular Cutomers
4218,4,Promotion Lovers
4221,3,Senior Karens
4222,0,Regular Cutomers
4223,0,Regular Cutomers
4224,5,Low-Value Occasional Customers
4225,5,Low-Value Occasional Customers
4226,7,Large Families
4227,4,Promotion Lovers
4228,0,Regular Cutomers
4229,0,Regular Cutomers
4230,1,Gamers
4233,8,Young Karens
4234,1,Gamers
4235,4,Promotion Lovers
4237,1,Gamers
4238,5,Low-Value Occasional Customers
4239,5,Low-Value Occasional Customers
4241,1,Gamers
4242,4,Promotion Lovers
4244,2,Clean & Green
4245,5,Low-Value Occasional Customers
4246,7,Large Families
4247,4,Promotion Lovers
4249,7,Large Families
4250,5,Low-Value Occasional Customers
4251,7,Large Families
4253,8,Young Karens
4254,1,Gamers
4255,4,Promotion Lovers
4256,4,Promotion Lovers
4257,5,Low-Value Occasional Customers
4258,4,Promotion Lovers
4259,4,Promotion Lovers
4260,1,Gamers
4261,0,Regular Cutomers
4264,0,Regular Cutomers
4265,7,Large Families
4267,0,Regular Cutomers
4268,7,Large Families
4269,3,Senior Karens
4270,0,Regular Cutomers
4271,5,Low-Value Occasional Customers
4272,0,Regular Cutomers
4273,8,Young Karens
4274,8,Young Karens
4275,6,High-Value Customers
4276,4,Promotion Lovers
4277,5,Low-Value Occasional Customers
4278,0,Regular Cutomers
4281,4,Promotion Lovers
4282,4,Promotion Lovers
4283,0,Regular Cutomers
4284,5,Low-Value Occasional Customers
4285,4,Promotion Lovers
4286,8,Young Karens
4287,0,Regular Cutomers
4288,0,Regular Cutomers
4289,0,Regular Cutomers
4290,5,Low-Value Occasional Customers
4291,1,Gamers
4292,3,Senior Karens
4293,1,Gamers
4295,2,Clean & Green
4297,0,Regular Cutomers
4298,7,Large Families
4299,7,Large Families
4300,4,Promotion Lovers
4301,6,High-Value Customers
4302,0,Regular Cutomers
4303,7,Large Families
4304,7,Large Families
4305,0,Regular Cutomers
4307,0,Regular Cutomers
4308,4,Promotion Lovers
4309,5,Low-Value Occasional Customers
4311,2,Clean & Green
4312,5,Low-Value Occasional Customers
4313,4,Promotion Lovers
4314,2,Clean & Green
4315,6,High-Value Customers
4316,0,Regular Cutomers
4318,6,High-Value Customers
4319,6,High-Value Customers
4320,8,Young Karens
4321,1,Gamers
4322,1,Gamers
4323,1,Gamers
4324,5,Low-Value Occasional Customers
4325,2,Clean & Green
4326,1,Gamers
4327,5,Low-Value Occasional Customers
4328,0,Regular Cutomers
4329,5,Low-Value Occasional Customers
4330,2,Clean & Green
4331,4,Promotion Lovers
4332,1,Gamers
4333,5,Low-Value Occasional Customers
4334,6,High-Value Customers
4336,0,Regular Cutomers
4338,0,Regular Cutomers
4339,4,Promotion Lovers
4343,0,Regular Cutomers
4344,2,Clean & Green
4345,6,High-Value Customers
4346,0,Regular Cutomers
4348,0,Regular Cutomers
4349,8,Young Karens
4350,4,Promotion Lovers
4352,7,Large Families
4353,7,Large Families
4354,1,Gamers
4356,6,High-Value Customers
4357,2,Clean & Green
4358,6,High-Value Customers
4360,2,Clean & Green
4361,7,Large Families
4362,0,Regular Cutomers
4363,8,Young Karens
4364,2,Clean & Green
4367,7,Large Families
4368,0,Regular Cutomers
4369,5,Low-Value Occasional Customers
4370,7,Large Families
4371,6,High-Value Customers
4372,7,Large Families
4373,0,Regular Cutomers
4374,7,Large Families
4378,2,Clean & Green
4380,8,Young Karens
4382,0,Regular Cutomers
4383,1,Gamers
4385,7,Large Families
4386,2,Clean & Green
4387,0,Regular Cutomers
4388,8,Young Karens
4389,0,Regular Cutomers
4390,7,Large Families
4392,0,Regular Cutomers
4393,8,Young Karens
4394,7,Large Families
4395,0,Regular Cutomers
4396,6,High-Value Customers
4397,4,Promotion Lovers
4398,8,Young Karens
4399,0,Regular Cutomers
4400,0,Regular Cutomers
4401,1,Gamers
4403,3,Senior Karens
4404,0,Regular Cutomers
4406,4,Promotion Lovers
4407,7,Large Families
4408,2,Clean & Green
4409,7,Large Families
4411,1,Gamers
4412,2,Clean & Green
4413,0,Regular Cutomers
4414,0,Regular Cutomers
4415,5,Low-Value Occasional Customers
4417,5,Low-Value Occasional Customers
4418,1,Gamers
4421,5,Low-Value Occasional Customers
4422,4,Promotion Lovers
4423,5,Low-Value Occasional Customers
4424,4,Promotion Lovers
4425,4,Promotion Lovers
4427,0,Regular Cutomers
4428,1,Gamers
4429,0,Regular Cutomers
4430,7,Large Families
4433,0,Regular Cutomers
4434,0,Regular Cutomers
4436,0,Regular Cutomers
4438,0,Regular Cutomers
4439,5,Low-Value Occasional Customers
4440,4,Promotion Lovers
4441,6,High-Value Customers
4442,5,Low-Value Occasional Customers
4443,1,Gamers
4444,0,Regular Cutomers
4445,0,Regular Cutomers
4446,0,Regular Cutomers
4447,5,Low-Value Occasional Customers
4448,1,Gamers
4449,0,Regular Cutomers
4450,6,High-Value Customers
4451,7,Large Families
4452,6,High-Value Customers
4453,5,Low-Value Occasional Customers
4455,1,Gamers
4456,2,Clean & Green
4458,2,Clean & Green
4459,6,High-Value Customers
4461,1,Gamers
4462,6,High-Value Customers
4464,0,Regular Cutomers
4466,0,Regular Cutomers
4467,7,Large Families
4468,0,Regular Cutomers
4469,1,Gamers
4470,5,Low-Value Occasional Customers
4472,4,Promotion Lovers
4473,5,Low-Value Occasional Customers
4474,6,High-Value Customers
4476,1,Gamers
4477,8,Young Karens
4478,0,Regular Cutomers
4480,2,Clean & Green
4482,2,Clean & Green
4484,0,Regular Cutomers
4485,4,Promotion Lovers
4489,6,High-Value Customers
4490,4,Promotion Lovers
4492,4,Promotion Lovers
4494,0,Regular Cutomers
4495,6,High-Value Customers
4497,8,Young Karens
4498,5,Low-Value Occasional Customers
4499,2,Clean & Green
4500,0,Regular Cutomers
4502,5,Low-Value Occasional Customers
4504,4,Promotion Lovers
4505,0,Regular Cutomers
4506,2,Clean & Green
4507,4,Promotion Lovers
4508,4,Promotion Lovers
4510,5,Low-Value Occasional Customers
4511,0,Regular Cutomers
4512,0,Regular Cutomers
4513,0,Regular Cutomers
4515,0,Regular Cutomers
4516,8,Young Karens
4517,3,Senior Karens
4518,3,Senior Karens
4520,7,Large Families
4521,1,Gamers
4522,6,High-Value Customers
4523,0,Regular Cutomers
4524,5,Low-Value Occasional Customers
4525,1,Gamers
4527,4,Promotion Lovers
4528,1,Gamers
4529,2,Clean & Green
4532,8,Young Karens
4533,0,Regular Cutomers
4534,0,Regular Cutomers
4536,5,Low-Value Occasional Customers
4537,5,Low-Value Occasional Customers
4538,4,Promotion Lovers
4539,0,Regular Cutomers
4540,0,Regular Cutomers
4541,4,Promotion Lovers
4542,5,Low-Value Occasional Customers
4543,7,Large Families
4544,2,Clean & Green
4545,0,Regular Cutomers
4546,7,Large Families
4547,4,Promotion Lovers
4548,5,Low-Value Occasional Customers
4549,4,Promotion Lovers
4550,2,Clean & Green
4551,0,Regular Cutomers
4552,0,Regular Cutomers
4553,4,Promotion Lovers
4554,2,Clean & Green
4556,1,Gamers
4558,0,Regular Cutomers
4559,3,Senior Karens
4560,0,Regular Cutomers
4562,0,Regular Cutomers
4563,4,Promotion Lovers
4564,1,Gamers
4565,0,Regular Cutomers
4566,3,Senior Karens
4567,0,Regular Cutomers
4568,0,Regular Cutomers
4570,0,Regular Cutomers
4571,6,High-Value Customers
4572,3,Senior Karens
4574,7,Large Families
4575,4,Promotion Lovers
4576,5,Low-Value Occasional Customers
4577,7,Large Families
4578,5,Low-Value Occasional Customers
4579,0,Regular Cutomers
4580,1,Gamers
4581,4,Promotion Lovers
4582,1,Gamers
4583,4,Promotion Lovers
4584,3,Senior Karens
4585,4,Promotion Lovers
4586,8,Young Karens
4587,6,High-Value Customers
4588,2,Clean & Green
4589,4,Promotion Lovers
4590,4,Promotion Lovers
4591,7,Large Families
4592,7,Large Families
4593,5,Low-Value Occasional Customers
4594,1,Gamers
4595,4,Promotion Lovers
4596,4,Promotion Lovers
4597,5,Low-Value Occasional Customers
4598,4,Promotion Lovers
4599,0,Regular Cutomers
4601,2,Clean & Green
4602,8,Young Karens
4603,6,High-Value Customers
4604,1,Gamers
4605,4,Promotion Lovers
4606,0,Regular Cutomers
4607,1,Gamers
4608,0,Regular Cutomers
4609,0,Regular Cutomers
4610,1,Gamers
4611,2,Clean & Green
4612,2,Clean & Green
4613,2,Clean & Green
4614,0,Regular Cutomers
4615,1,Gamers
4616,2,Clean & Green
4617,3,Senior Karens
4618,4,Promotion Lovers
4619,6,High-Value Customers
4621,2,Clean & Green
4624,0,Regular Cutomers
4625,0,Regular Cutomers
4626,1,Gamers
4627,7,Large Families
4628,7,Large Families
4629,0,Regular Cutomers
4630,4,Promotion Lovers
4631,0,Regular Cutomers
4632,4,Promotion Lovers
4633,5,Low-Value Occasional Customers
4634,0,Regular Cutomers
4635,2,Clean & Green
4636,0,Regular Cutomers
4637,7,Large Families
4638,8,Young Karens
4639,2,Clean & Green
4640,0,Regular Cutomers
4641,4,Promotion Lovers
4643,0,Regular Cutomers
4644,8,Young Karens
4645,0,Regular Cutomers
4646,0,Regular Cutomers
4647,0,Regular Cutomers
4648,4,Promotion Lovers
4649,0,Regular Cutomers
4650,6,High-Value Customers
4651,0,Regular Cutomers
4652,1,Gamers
4653,2,Clean & Green
4655,2,Clean & Green
4656,8,Young Karens
4657,4,Promotion Lovers
4658,8,Young Karens
4659,1,Gamers
4660,2,Clean & Green
4661,0,Regular Cutomers
4662,5,Low-Value Occasional Customers
4664,7,Large Families
4665,0,Regular Cutomers
4666,4,Promotion Lovers
4667,7,Large Families
4668,2,Clean & Green
4669,8,Young Karens
4670,0,Regular Cutomers
4671,1,Gamers
4672,2,Clean & Green
4673,0,Regular Cutomers
4674,3,Senior Karens
4675,5,Low-Value Occasional Customers
4676,4,Promotion Lovers
4677,1,Gamers
4678,4,Promotion Lovers
4679,7,Large Families
4680,4,Promotion Lovers
4681,0,Regular Cutomers
4683,7,Large Families
4684,2,Clean & Green
4685,8,Young Karens
4686,1,Gamers
4687,0,Regular Cutomers
4689,1,Gamers
4690,1,Gamers
4692,1,Gamers
4693,4,Promotion Lovers
4694,4,Promotion Lovers
4697,0,Regular Cutomers
4699,8,Young Karens
4702,3,Senior Karens
4703,2,Clean & Green
4704,5,Low-Value Occasional Customers
4705,1,Gamers
4706,0,Regular Cutomers
4707,3,Senior Karens
4708,0,Regular Cutomers
4709,5,Low-Value Occasional Customers
4710,2,Clean & Green
4712,0,Regular Cutomers
4713,6,High-Value Customers
4715,6,High-Value Customers
4716,4,Promotion Lovers
4717,5,Low-Value Occasional Customers
4718,3,Senior Karens
4719,0,Regular Cutomers
4721,5,Low-Value Occasional Customers
4722,4,Promotion Lovers
4724,4,Promotion Lovers
4726,4,Promotion Lovers
4727,0,Regular Cutomers
4728,6,High-Value Customers
4729,0,Regular Cutomers
4730,0,Regular Cutomers
4731,3,Senior Karens
4733,0,Regular Cutomers
4735,4,Promotion Lovers
4736,1,Gamers
4737,4,Promotion Lovers
4739,7,Large Families
4741,6,High-Value Customers
4742,6,High-Value Customers
4744,7,Large Families
4745,3,Senior Karens
4747,6,High-Value Customers
4748,5,Low-Value Occasional Customers
4749,2,Clean & Green
4750,7,Large Families
4751,4,Promotion Lovers
4753,7,Large Families
4754,4,Promotion Lovers
4755,0,Regular Cutomers
4756,0,Regular Cutomers
4757,6,High-Value Customers
4759,5,Low-Value Occasional Customers
4760,4,Promotion Lovers
4761,7,Large Families
4762,8,Young Karens
4764,8,Young Karens
4765,6,High-Value Customers
4766,0,Regular Cutomers
4767,0,Regular Cutomers
4768,8,Young Karens
4769,8,Young Karens
4771,7,Large Families
4772,4,Promotion Lovers
4774,5,Low-Value Occasional Customers
4775,0,Regular Cutomers
4776,4,Promotion Lovers
4777,1,Gamers
4778,4,Promotion Lovers
4779,1,Gamers
4781,5,Low-Value Occasional Customers
4782,0,Regular Cutomers
4783,6,High-Value Customers
4784,4,Promotion Lovers
4785,2,Clean & Green
4786,8,Young Karens
4787,2,Clean & Green
4790,5,Low-Value Occasional Customers
4791,0,Regular Cutomers
4792,4,Promotion Lovers
4795,4,Promotion Lovers
4796,2,Clean & Green
4797,5,Low-Value Occasional Customers
4798,7,Large Families
4799,4,Promotion Lovers
4801,4,Promotion Lovers
4802,1,Gamers
4803,2,Clean & Green
4804,0,Regular Cutomers
4805,5,Low-Value Occasional Customers
4806,0,Regular Cutomers
4807,8,Young Karens
4808,5,Low-Value Occasional Customers
4809,3,Senior Karens
4810,4,Promotion Lovers
4811,0,Regular Cutomers
4812,1,Gamers
4813,4,Promotion Lovers
4814,8,Young Karens
4815,4,Promotion Lovers
4817,7,Large Families
4818,2,Clean & Green
4819,8,Young Karens
4820,0,Regular Cutomers
4821,4,Promotion Lovers
4824,4,Promotion Lovers
4826,7,Large Families
4827,3,Senior Karens
4828,3,Senior Karens
4829,3,Senior Karens
4830,0,Regular Cutomers
4831,2,Clean & Green
4833,2,Clean & Green
4834,6,High-Value Customers
4835,5,Low-Value Occasional Customers
4836,4,Promotion Lovers
4837,1,Gamers
4839,2,Clean & Green
4840,6,High-Value Customers
4841,0,Regular Cutomers
4842,0,Regular Cutomers
4844,4,Promotion Lovers
4846,1,Gamers
4847,2,Clean & Green
4848,5,Low-Value Occasional Customers
4849,4,Promotion Lovers
4851,0,Regular Cutomers
4852,4,Promotion Lovers
4853,7,Large Families
4854,6,High-Value Customers
4855,1,Gamers
4856,3,Senior Karens
4857,4,Promotion Lovers
4860,0,Regular Cutomers
4862,6,High-Value Customers
4863,0,Regular Cutomers
4864,0,Regular Cutomers
4865,7,Large Families
4866,4,Promotion Lovers
4868,4,Promotion Lovers
4869,4,Promotion Lovers
4871,4,Promotion Lovers
4872,2,Clean & Green
4874,5,Low-Value Occasional Customers
4875,0,Regular Cutomers
4876,2,Clean & Green
4877,1,Gamers
4878,0,Regular Cutomers
4879,5,Low-Value Occasional Customers
4880,5,Low-Value Occasional Customers
4881,0,Regular Cutomers
4882,4,Promotion Lovers
4884,2,Clean & Green
4885,4,Promotion Lovers
4886,6,High-Value Customers
4889,4,Promotion Lovers
4890,0,Regular Cutomers
4891,3,Senior Karens
4892,3,Senior Karens
4893,0,Regular Cutomers
4894,1,Gamers
4896,0,Regular Cutomers
4897,0,Regular Cutomers
4898,5,Low-Value Occasional Customers
4899,8,Young Karens
4900,0,Regular Cutomers
4901,5,Low-Value Occasional Customers
4902,0,Regular Cutomers
4903,8,Young Karens
4904,4,Promotion Lovers
4905,6,High-Value Customers
4906,1,Gamers
4907,4,Promotion Lovers
4909,4,Promotion Lovers
4910,1,Gamers
4911,0,Regular Cutomers
4912,2,Clean & Green
4913,2,Clean & Green
4914,5,Low-Value Occasional Customers
4916,5,Low-Value Occasional Customers
4918,5,Low-Value Occasional Customers
4919,0,Regular Cutomers
4920,0,Regular Cutomers
4921,1,Gamers
4922,2,Clean & Green
4924,4,Promotion Lovers
4925,4,Promotion Lovers
4926,5,Low-Value Occasional Customers
4927,1,Gamers
4928,0,Regular Cutomers
4929,4,Promotion Lovers
4930,0,Regular Cutomers
4931,7,Large Families
4932,6,High-Value Customers
4933,4,Promotion Lovers
4934,0,Regular Cutomers
4935,0,Regular Cutomers
4936,5,Low-Value Occasional Customers
4937,0,Regular Cutomers
4938,4,Promotion Lovers
4939,0,Regular Cutomers
4940,4,Promotion Lovers
4942,0,Regular Cutomers
4943,4,Promotion Lovers
4944,7,Large Families
4945,5,Low-Value Occasional Customers
4946,0,Regular Cutomers
4948,2,Clean & Green
4949,6,High-Value Customers
4950,3,Senior Karens
4952,2,Clean & Green
4953,2,Clean & Green
4954,7,Large Families
4955,7,Large Families
4956,8,Young Karens
4958,6,High-Value Customers
4959,1,Gamers
4960,4,Promotion Lovers
4962,5,Low-Value Occasional Customers
4963,8,Young Karens
4964,8,Young Karens
4965,5,Low-Value Occasional Customers
4966,4,Promotion Lovers
4967,8,Young Karens
4969,0,Regular Cutomers
4970,0,Regular Cutomers
4972,6,High-Value Customers
4973,7,Large Families
4974,8,Young Karens
4975,2,Clean & Green
4976,2,Clean & Green
4978,8,Young Karens
4979,6,High-Value Customers
4981,5,Low-Value Occasional Customers
4982,2,Clean & Green
4983,8,Young Karens
4984,6,High-Value Customers
4986,0,Regular Cutomers
4988,6,High-Value Customers
4989,7,Large Families
4992,7,Large Families
4993,5,Low-Value Occasional Customers
4994,0,Regular Cutomers
4995,5,Low-Value Occasional Customers
4996,8,Young Karens
4998,6,High-Value Customers
4999,4,Promotion Lovers
5000,1,Gamers
5001,3,Senior Karens
5002,1,Gamers
5003,5,Low-Value Occasional Customers
5004,5,Low-Value Occasional Customers
5005,3,Senior Karens
5006,1,Gamers
5007,5,Low-Value Occasional Customers
5008,7,Large Families
5009,0,Regular Cutomers
5010,2,Clean & Green
5012,1,Gamers
5013,2,Clean & Green
5015,0,Regular Cutomers
5016,4,Promotion Lovers
5017,8,Young Karens
5021,4,Promotion Lovers
5022,0,Regular Cutomers
5023,5,Low-Value Occasional Customers
5024,0,Regular Cutomers
5025,4,Promotion Lovers
5026,6,High-Value Customers
5027,1,Gamers
5028,0,Regular Cutomers
5029,7,Large Families
5030,4,Promotion Lovers
5031,2,Clean & Green
5034,4,Promotion Lovers
5035,1,Gamers
5036,7,Large Families
5037,8,Young Karens
5038,0,Regular Cutomers
5039,0,Regular Cutomers
5040,2,Clean & Green
5041,3,Senior Karens
5042,7,Large Families
5043,1,Gamers
5044,6,High-Value Customers
5045,0,Regular Cutomers
5046,0,Regular Cutomers
5048,5,Low-Value Occasional Customers
5049,4,Promotion Lovers
5050,2,Clean & Green
5051,0,Regular Cutomers
5052,0,Regular Cutomers
5053,8,Young Karens
5054,4,Promotion Lovers
5055,8,Young Karens
5057,0,Regular Cutomers
5058,0,Regular Cutomers
5060,8,Young Karens
5061,6,High-Value Customers
5062,4,Promotion Lovers
5065,4,Promotion Lovers
5066,1,Gamers
5067,0,Regular Cutomers
5069,0,Regular Cutomers
5070,5,Low-Value Occasional Customers
5071,4,Promotion Lovers
5072,0,Regular Cutomers
5074,2,Clean & Green
5075,8,Young Karens
5076,0,Regular Cutomers
5077,0,Regular Cutomers
5078,2,Clean & Green
5081,0,Regular Cutomers
5082,0,Regular Cutomers
5083,4,Promotion Lovers
5084,6,High-Value Customers
5085,1,Gamers
5086,8,Young Karens
5087,2,Clean & Green
5088,0,Regular Cutomers
5089,4,Promotion Lovers
5091,4,Promotion Lovers
5092,0,Regular Cutomers
5093,7,Large Families
5094,0,Regular Cutomers
5096,5,Low-Value Occasional Customers
5097,7,Large Families
5098,7,Large Families
5100,4,Promotion Lovers
5101,1,Gamers
5103,4,Promotion Lovers
5104,0,Regular Cutomers
5105,6,High-Value Customers
5106,1,Gamers
5107,5,Low-Value Occasional Customers
5108,4,Promotion Lovers
5109,5,Low-Value Occasional Customers
5110,4,Promotion Lovers
5111,7,Large Families
5112,6,High-Value Customers
5114,0,Regular Cutomers
5115,8,Young Karens
5116,2,Clean & Green
5117,4,Promotion Lovers
5118,8,Young Karens
5119,8,Young Karens
5120,6,High-Value Customers
5121,6,High-Value Customers
5122,6,High-Value Customers
5123,5,Low-Value Occasional Customers
5124,4,Promotion Lovers
5125,0,Regular Cutomers
5126,4,Promotion Lovers
5127,0,Regular Cutomers
5128,4,Promotion Lovers
5129,4,Promotion Lovers
5130,4,Promotion Lovers
5132,2,Clean & Green
5133,8,Young Karens
5134,0,Regular Cutomers
5135,4,Promotion Lovers
5136,0,Regular Cutomers
5137,0,Regular Cutomers
5138,0,Regular Cutomers
5139,7,Large Families
5140,2,Clean & Green
5141,8,Young Karens
5142,4,Promotion Lovers
5143,2,Clean & Green
5144,5,Low-Value Occasional Customers
5145,2,Clean & Green
5147,7,Large Families
5148,0,Regular Cutomers
5149,2,Clean & Green
5151,4,Promotion Lovers
5152,5,Low-Value Occasional Customers
5154,8,Young Karens
5155,5,Low-Value Occasional Customers
5156,2,Clean & Green
5157,4,Promotion Lovers
5159,4,Promotion Lovers
5160,5,Low-Value Occasional Customers
5161,0,Regular Cutomers
5162,0,Regular Cutomers
5163,7,Large Families
5164,5,Low-Value Occasional Customers
5165,0,Regular Cutomers
5166,8,Young Karens
5167,8,Young Karens
5168,1,Gamers
5169,0,Regular Cutomers
5170,3,Senior Karens
5172,8,Young Karens
5173,7,Large Families
5174,5,Low-Value Occasional Customers
5175,6,High-Value Customers
5176,0,Regular Cutomers
5177,0,Regular Cutomers
5178,8,Young Karens
5179,2,Clean & Green
5180,6,High-Value Customers
5181,5,Low-Value Occasional Customers
5182,5,Low-Value Occasional Customers
5183,4,Promotion Lovers
5184,8,Young Karens
5185,7,Large Families
5186,8,Young Karens
5187,3,Senior Karens
5188,5,Low-Value Occasional Customers
5189,8,Young Karens
5190,6,High-Value Customers
5192,4,Promotion Lovers
5193,1,Gamers
5194,6,High-Value Customers
5195,2,Clean & Green
5196,1,Gamers
5197,5,Low-Value Occasional Customers
5198,6,High-Value Customers
5199,4,Promotion Lovers
5200,5,Low-Value Occasional Customers
5201,2,Clean & Green
5202,3,Senior Karens
5204,0,Regular Cutomers
5205,1,Gamers
5208,4,Promotion Lovers
5209,7,Large Families
5210,7,Large Families
5211,8,Young Karens
5212,4,Promotion Lovers
5213,1,Gamers
5214,0,Regular Cutomers
5216,7,Large Families
5218,4,Promotion Lovers
5219,1,Gamers
5220,4,Promotion Lovers
5221,0,Regular Cutomers
5222,4,Promotion Lovers
5224,0,Regular Cutomers
5225,0,Regular Cutomers
5226,4,Promotion Lovers
5227,2,Clean & Green
5228,1,Gamers
5229,8,Young Karens
5230,4,Promotion Lovers
5231,6,High-Value Customers
5232,0,Regular Cutomers
5233,2,Clean & Green
5234,5,Low-Value Occasional Customers
5235,3,Senior Karens
5236,8,Young Karens
5237,0,Regular Cutomers
5239,7,Large Families
5240,2,Clean & Green
5241,0,Regular Cutomers
5243,0,Regular Cutomers
5245,0,Regular Cutomers
5246,0,Regular Cutomers
5247,7,Large Families
5248,6,High-Value Customers
5249,6,High-Value Customers
5250,8,Young Karens
5251,5,Low-Value Occasional Customers
5252,0,Regular Cutomers
5254,3,Senior Karens
5256,0,Regular Cutomers
5257,6,High-Value Customers
5258,7,Large Families
5259,5,Low-Value Occasional Customers
5260,7,Large Families
5262,2,Clean & Green
5263,7,Large Families
5264,4,Promotion Lovers
5265,4,Promotion Lovers
5266,7,Large Families
5267,4,Promotion Lovers
5269,6,High-Value Customers
5270,1,Gamers
5272,8,Young Karens
5273,7,Large Families
5274,7,Large Families
5275,0,Regular Cutomers
5276,4,Promotion Lovers
5277,1,Gamers
5278,0,Regular Cutomers
5279,6,High-Value Customers
5280,3,Senior Karens
5283,7,Large Families
5284,8,Young Karens
5286,1,Gamers
5287,0,Regular Cutomers
5288,1,Gamers
5290,0,Regular Cutomers
5291,6,High-Value Customers
5292,0,Regular Cutomers
5293,0,Regular Cutomers
5294,4,Promotion Lovers
5295,8,Young Karens
5296,2,Clean & Green
5297,0,Regular Cutomers
5298,8,Young Karens
5300,4,Promotion Lovers
5301,1,Gamers
5302,8,Young Karens
5303,0,Regular Cutomers
5304,2,Clean & Green
5305,7,Large Families
5307,7,Large Families
5308,8,Young Karens
5309,0,Regular Cutomers
5311,1,Gamers
5312,8,Young Karens
5313,4,Promotion Lovers
5314,0,Regular Cutomers
5315,4,Promotion Lovers
5316,2,Clean & Green
5317,5,Low-Value Occasional Customers
5318,4,Promotion Lovers
5320,0,Regular Cutomers
5321,4,Promotion Lovers
5324,4,Promotion Lovers
5325,1,Gamers
5327,8,Young Karens
5329,4,Promotion Lovers
5331,6,High-Value Customers
5332,3,Senior Karens
5333,5,Low-Value Occasional Customers
5334,4,Promotion Lovers
5335,0,Regular Cutomers
5336,4,Promotion Lovers
5337,6,High-Value Customers
5338,5,Low-Value Occasional Customers
5339,4,Promotion Lovers
5340,0,Regular Cutomers
5341,4,Promotion Lovers
5342,7,Large Families
5343,4,Promotion Lovers
5344,5,Low-Value Occasional Customers
5345,3,Senior Karens
5346,2,Clean & Green
5349,4,Promotion Lovers
5350,0,Regular Cutomers
5351,0,Regular Cutomers
5352,6,High-Value Customers
5353,2,Clean & Green
5354,7,Large Families
5357,0,Regular Cutomers
5358,8,Young Karens
5359,2,Clean & Green
5360,0,Regular Cutomers
5361,0,Regular Cutomers
5362,5,Low-Value Occasional Customers
5363,5,Low-Value Occasional Customers
5364,2,Clean & Green
5366,6,High-Value Customers
5367,4,Promotion Lovers
5368,0,Regular Cutomers
5369,6,High-Value Customers
5370,6,High-Value Customers
5371,0,Regular Cutomers
5372,5,Low-Value Occasional Customers
5373,0,Regular Cutomers
5374,7,Large Families
5376,4,Promotion Lovers
5377,1,Gamers
5378,6,High-Value Customers
5379,2,Clean & Green
5380,1,Gamers
5381,0,Regular Cutomers
5382,2,Clean & Green
5383,0,Regular Cutomers
5384,5,Low-Value Occasional Customers
5385,1,Gamers
5386,4,Promotion Lovers
5387,4,Promotion Lovers
5388,1,Gamers
5389,3,Senior Karens
5390,0,Regular Cutomers
5392,1,Gamers
5393,8,Young Karens
5394,0,Regular Cutomers
5395,2,Clean & Green
5397,0,Regular Cutomers
5398,3,Senior Karens
5399,0,Regular Cutomers
5401,7,Large Families
5402,3,Senior Karens
5403,4,Promotion Lovers
5404,6,High-Value Customers
5405,6,High-Value Customers
5406,0,Regular Cutomers
5408,1,Gamers
5409,5,Low-Value Occasional Customers
5411,4,Promotion Lovers
5413,8,Young Karens
5416,4,Promotion Lovers
5417,0,Regular Cutomers
5419,7,Large Families
5421,0,Regular Cutomers
5422,5,Low-Value Occasional Customers
5423,1,Gamers
5424,4,Promotion Lovers
5425,1,Gamers
5426,4,Promotion Lovers
5427,5,Low-Value Occasional Customers
5428,7,Large Families
5430,7,Large Families
5431,2,Clean & Green
5433,5,Low-Value Occasional Customers
5434,1,Gamers
5435,4,Promotion Lovers
5436,4,Promotion Lovers
5437,5,Low-Value Occasional Customers
5438,6,High-Value Customers
5439,1,Gamers
5440,2,Clean & Green
5441,2,Clean & Green
5442,6,High-Value Customers
5443,0,Regular Cutomers
5444,1,Gamers
5445,5,Low-Value Occasional Customers
5446,5,Low-Value Occasional Customers
5448,4,Promotion Lovers
5450,1,Gamers
5451,1,Gamers
5452,0,Regular Cutomers
5453,4,Promotion Lovers
5454,6,High-Value Customers
5455,6,High-Value Customers
5456,0,Regular Cutomers
5457,3,Senior Karens
5458,3,Senior Karens
5459,1,Gamers
5460,1,Gamers
5464,4,Promotion Lovers
5465,6,High-Value Customers
5466,8,Young Karens
5467,4,Promotion Lovers
5469,8,Young Karens
5470,8,Young Karens
5471,0,Regular Cutomers
5472,7,Large Families
5473,6,High-Value Customers
5474,7,Large Families
5475,4,Promotion Lovers
5476,4,Promotion Lovers
5477,8,Young Karens
5479,8,Young Karens
5480,7,Large Families
5481,4,Promotion Lovers
5483,7,Large Families
5484,8,Young Karens
5485,6,High-Value Customers
5486,2,Clean & Green
5487,4,Promotion Lovers
5488,0,Regular Cutomers
5489,8,Young Karens
5491,4,Promotion Lovers
5492,3,Senior Karens
5493,3,Senior Karens
5494,5,Low-Value Occasional Customers
5495,5,Low-Value Occasional Customers
5496,0,Regular Cutomers
5498,5,Low-Value Occasional Customers
5501,8,Young Karens
5503,2,Clean & Green
5504,5,Low-Value Occasional Customers
5505,6,High-Value Customers
5506,4,Promotion Lovers
5507,4,Promotion Lovers
5508,4,Promotion Lovers
5511,5,Low-Value Occasional Customers
5512,6,High-Value Customers
5513,0,Regular Cutomers
5514,5,Low-Value Occasional Customers
5515,1,Gamers
5516,8,Young Karens
5517,4,Promotion Lovers
5518,8,Young Karens
5519,0,Regular Cutomers
5520,8,Young Karens
5521,2,Clean & Green
5523,8,Young Karens
5524,5,Low-Value Occasional Customers
5525,4,Promotion Lovers
5526,0,Regular Cutomers
5528,4,Promotion Lovers
5529,0,Regular Cutomers
5531,4,Promotion Lovers
5532,1,Gamers
5534,0,Regular Cutomers
5535,4,Promotion Lovers
5536,2,Clean & Green
5537,0,Regular Cutomers
5538,0,Regular Cutomers
5539,0,Regular Cutomers
5540,5,Low-Value Occasional Customers
5541,7,Large Families
5543,4,Promotion Lovers
5544,1,Gamers
5545,3,Senior Karens
5546,1,Gamers
5549,0,Regular Cutomers
5550,6,High-Value Customers
5551,0,Regular Cutomers
5552,7,Large Families
5553,0,Regular Cutomers
5554,4,Promotion Lovers
5555,0,Regular Cutomers
5556,0,Regular Cutomers
5557,0,Regular Cutomers
5559,0,Regular Cutomers
5560,0,Regular Cutomers
5561,0,Regular Cutomers
5562,6,High-Value Customers
5563,8,Young Karens
5564,5,Low-Value Occasional Customers
5565,1,Gamers
5566,0,Regular Cutomers
5567,3,Senior Karens
5568,0,Regular Cutomers
5569,1,Gamers
5570,6,High-Value Customers
5571,4,Promotion Lovers
5572,2,Clean & Green
5573,5,Low-Value Occasional Customers
5574,0,Regular Cutomers
5576,7,Large Families
5577,0,Regular Cutomers
5579,5,Low-Value Occasional Customers
5580,4,Promotion Lovers
5581,2,Clean & Green
5582,2,Clean & Green
5583,7,Large Families
5584,0,Regular Cutomers
5585,1,Gamers
5587,7,Large Families
5588,6,High-Value Customers
5589,5,Low-Value Occasional Customers
5590,3,Senior Karens
5591,8,Young Karens
5592,5,Low-Value Occasional Customers
5596,6,High-Value Customers
5597,2,Clean & Green
5598,6,High-Value Customers
5599,4,Promotion Lovers
5600,0,Regular Cutomers
5601,2,Clean & Green
5602,7,Large Families
5603,1,Gamers
5604,3,Senior Karens
5605,0,Regular Cutomers
5606,7,Large Families
5607,1,Gamers
5608,0,Regular Cutomers
5609,7,Large Families
5610,4,Promotion Lovers
5611,7,Large Families
5612,0,Regular Cutomers
5613,1,Gamers
5614,7,Large Families
5615,4,Promotion Lovers
5616,0,Regular Cutomers
5617,0,Regular Cutomers
5618,2,Clean & Green
5619,6,High-Value Customers
5620,6,High-Value Customers
5621,4,Promotion Lovers
5623,2,Clean & Green
5624,0,Regular Cutomers
5625,8,Young Karens
5626,7,Large Families
5627,6,High-Value Customers
5628,4,Promotion Lovers
5629,6,High-Value Customers
5630,2,Clean & Green
5631,5,Low-Value Occasional Customers
5632,0,Regular Cutomers
5633,0,Regular Cutomers
5634,5,Low-Value Occasional Customers
5635,4,Promotion Lovers
5636,4,Promotion Lovers
5637,4,Promotion Lovers
5639,4,Promotion Lovers
5640,1,Gamers
5641,5,Low-Value Occasional Customers
5642,5,Low-Value Occasional Customers
5643,0,Regular Cutomers
5645,6,High-Value Customers
5646,6,High-Value Customers
5647,8,Young Karens
5648,7,Large Families
5649,4,Promotion Lovers
5651,0,Regular Cutomers
5652,5,Low-Value Occasional Customers
5653,0,Regular Cutomers
5654,0,Regular Cutomers
5655,8,Young Karens
5656,7,Large Families
5657,0,Regular Cutomers
5658,8,Young Karens
5659,2,Clean & Green
5660,4,Promotion Lovers
5661,0,Regular Cutomers
5662,8,Young Karens
5663,2,Clean & Green
5664,5,Low-Value Occasional Customers
5665,4,Promotion Lovers
5666,5,Low-Value Occasional Customers
5667,0,Regular Cutomers
5668,5,Low-Value Occasional Customers
5669,2,Clean & Green
5670,1,Gamers
5672,4,Promotion Lovers
5673,4,Promotion Lovers
5674,4,Promotion Lovers
5675,4,Promotion Lovers
5678,0,Regular Cutomers
5679,7,Large Families
5680,0,Regular Cutomers
5681,4,Promotion Lovers
5682,8,Young Karens
5683,0,Regular Cutomers
5685,7,Large Families
5686,4,Promotion Lovers
5687,1,Gamers
5689,6,High-Value Customers
5690,4,Promotion Lovers
5691,4,Promotion Lovers
5692,3,Senior Karens
5693,5,Low-Value Occasional Customers
5696,4,Promotion Lovers
5697,4,Promotion Lovers
5699,8,Young Karens
5700,4,Promotion Lovers
5701,0,Regular Cutomers
5703,6,High-Value Customers
5704,2,Clean & Green
5705,4,Promotion Lovers
5706,6,High-Value Customers
5707,0,Regular Cutomers
5709,0,Regular Cutomers
5710,0,Regular Cutomers
5711,0,Regular Cutomers
5712,0,Regular Cutomers
5713,6,High-Value Customers
5714,7,Large Families
5715,4,Promotion Lovers
5716,1,Gamers
5717,0,Regular Cutomers
5718,8,Young Karens
5719,7,Large Families
5721,4,Promotion Lovers
5723,0,Regular Cutomers
5724,8,Young Karens
5725,7,Large Families
5727,7,Large Families
5729,6,High-Value Customers
5730,5,Low-Value Occasional Customers
5731,0,Regular Cutomers
5732,2,Clean & Green
5733,5,Low-Value Occasional Customers
5734,7,Large Families
5735,4,Promotion Lovers
5736,4,Promotion Lovers
5737,1,Gamers
5739,5,Low-Value Occasional Customers
5740,5,Low-Value Occasional Customers
5741,0,Regular Cutomers
5742,3,Senior Karens
5744,3,Senior Karens
5746,8,Young Karens
5747,1,Gamers
5748,7,Large Families
5749,0,Regular Cutomers
5750,7,Large Families
5751,6,High-Value Customers
5752,0,Regular Cutomers
5753,5,Low-Value Occasional Customers
5754,0,Regular Cutomers
5755,4,Promotion Lovers
5756,4,Promotion Lovers
5757,1,Gamers
5758,7,Large Families
5759,0,Regular Cutomers
5760,2,Clean & Green
5762,4,Promotion Lovers
5765,5,Low-Value Occasional Customers
5766,8,Young Karens
5767,6,High-Value Customers
5768,7,Large Families
5769,0,Regular Cutomers
5770,0,Regular Cutomers
5771,6,High-Value Customers
5772,0,Regular Cutomers
5774,4,Promotion Lovers
5775,1,Gamers
5776,2,Clean & Green
5777,3,Senior Karens
5778,7,Large Families
5780,7,Large Families
5782,7,Large Families
5783,6,High-Value Customers
5784,2,Clean & Green
5785,3,Senior Karens
5786,1,Gamers
5787,4,Promotion Lovers
5788,7,Large Families
5789,0,Regular Cutomers
5790,4,Promotion Lovers
5792,7,Large Families
5793,4,Promotion Lovers
5794,2,Clean & Green
5795,0,Regular Cutomers
5797,8,Young Karens
5799,1,Gamers
5800,1,Gamers
5801,4,Promotion Lovers
5802,8,Young Karens
5803,0,Regular Cutomers
5804,2,Clean & Green
5805,0,Regular Cutomers
5806,1,Gamers
5807,2,Clean & Green
5808,7,Large Families
5809,8,Young Karens
5810,7,Large Families
5811,4,Promotion Lovers
5814,1,Gamers
5815,0,Regular Cutomers
5817,0,Regular Cutomers
5818,8,Young Karens
5819,0,Regular Cutomers
5820,7,Large Families
5821,0,Regular Cutomers
5822,4,Promotion Lovers
5824,1,Gamers
5825,0,Regular Cutomers
5826,5,Low-Value Occasional Customers
5827,8,Young Karens
5828,6,High-Value Customers
5829,0,Regular Cutomers
5830,2,Clean & Green
5833,4,Promotion Lovers
5834,1,Gamers
5835,2,Clean & Green
5836,0,Regular Cutomers
5837,7,Large Families
5838,4,Promotion Lovers
5839,5,Low-Value Occasional Customers
5840,2,Clean & Green
5841,0,Regular Cutomers
5845,5,Low-Value Occasional Customers
5846,8,Young Karens
5847,0,Regular Cutomers
5848,4,Promotion Lovers
5849,7,Large Families
5850,4,Promotion Lovers
5851,5,Low-Value Occasional Customers
5852,5,Low-Value Occasional Customers
5853,0,Regular Cutomers
5854,4,Promotion Lovers
5857,4,Promotion Lovers
5858,4,Promotion Lovers
5860,2,Clean & Green
5861,6,High-Value Customers
5862,6,High-Value Customers
5863,4,Promotion Lovers
5864,2,Clean & Green
5865,4,Promotion Lovers
5866,4,Promotion Lovers
5867,5,Low-Value Occasional Customers
5868,1,Gamers
5869,1,Gamers
5870,1,Gamers
5871,4,Promotion Lovers
5872,4,Promotion Lovers
5874,3,Senior Karens
5875,1,Gamers
5876,7,Large Families
5877,8,Young Karens
5878,8,Young Karens
5879,6,High-Value Customers
5880,4,Promotion Lovers
5881,5,Low-Value Occasional Customers
5882,5,Low-Value Occasional Customers
5883,1,Gamers
5884,5,Low-Value Occasional Customers
5885,2,Clean & Green
5886,4,Promotion Lovers
5887,0,Regular Cutomers
5888,0,Regular Cutomers
5889,5,Low-Value Occasional Customers
5891,2,Clean & Green
5892,3,Senior Karens
5893,8,Young Karens
5895,6,High-Value Customers
5896,0,Regular Cutomers
5897,0,Regular Cutomers
5898,0,Regular Cutomers
5901,1,Gamers
5902,6,High-Value Customers
5903,4,Promotion Lovers
5904,4,Promotion Lovers
5905,4,Promotion Lovers
5906,6,High-Value Customers
5908,5,Low-Value Occasional Customers
5909,1,Gamers
5910,4,Promotion Lovers
5911,1,Gamers
5912,1,Gamers
5913,4,Promotion Lovers
5914,7,Large Families
5915,7,Large Families
5916,1,Gamers
5918,0,Regular Cutomers
5920,8,Young Karens
5921,0,Regular Cutomers
5922,5,Low-Value Occasional Customers
5923,4,Promotion Lovers
5924,8,Young Karens
5926,6,High-Value Customers
5927,6,High-Value Customers
5928,0,Regular Cutomers
5929,0,Regular Cutomers
5932,5,Low-Value Occasional Customers
5933,0,Regular Cutomers
5934,4,Promotion Lovers
5936,5,Low-Value Occasional Customers
5937,7,Large Families
5938,5,Low-Value Occasional Customers
5939,1,Gamers
5941,1,Gamers
5942,2,Clean & Green
5943,0,Regular Cutomers
5944,7,Large Families
5945,6,High-Value Customers
5946,3,Senior Karens
5947,0,Regular Cutomers
5948,4,Promotion Lovers
5949,5,Low-Value Occasional Customers
5950,2,Clean & Green
5952,6,High-Value Customers
5953,4,Promotion Lovers
5954,0,Regular Cutomers
5955,4,Promotion Lovers
5956,2,Clean & Green
5957,6,High-Value Customers
5958,2,Clean & Green
5960,5,Low-Value Occasional Customers
5961,5,Low-Value Occasional Customers
5962,4,Promotion Lovers
5963,6,High-Value Customers
5964,4,Promotion Lovers
5965,5,Low-Value Occasional Customers
5966,5,Low-Value Occasional Customers
5968,6,High-Value Customers
5969,2,Clean & Green
5970,3,Senior Karens
5971,1,Gamers
5972,4,Promotion Lovers
5973,0,Regular Cutomers
5974,8,Young Karens
5976,7,Large Families
5977,7,Large Families
5978,0,Regular Cutomers
5979,0,Regular Cutomers
5980,0,Regular Cutomers
5981,7,Large Families
5982,5,Low-Value Occasional Customers
5983,6,High-Value Customers
5985,1,Gamers
5986,6,High-Value Customers
5987,6,High-Value Customers
5988,7,Large Families
5989,5,Low-Value Occasional Customers
5990,0,Regular Cutomers
5991,0,Regular Cutomers
5992,4,Promotion Lovers
5994,2,Clean & Green
5995,1,Gamers
5996,8,Young Karens
5997,2,Clean & Green
5998,2,Clean & Green
5999,0,Regular Cutomers
6000,7,Large Families
6001,2,Clean & Green
6002,4,Promotion Lovers
6003,1,Gamers
6004,2,Clean & Green
6005,0,Regular Cutomers
6006,5,Low-Value Occasional Customers
6007,2,Clean & Green
6008,5,Low-Value Occasional Customers
6009,0,Regular Cutomers
6010,5,Low-Value Occasional Customers
6011,2,Clean & Green
6012,4,Promotion Lovers
6013,1,Gamers
6014,0,Regular Cutomers
6015,7,Large Families
6017,1,Gamers
6018,1,Gamers
6020,7,Large Families
6021,4,Promotion Lovers
6022,3,Senior Karens
6023,1,Gamers
6024,3,Senior Karens
6025,0,Regular Cutomers
6026,0,Regular Cutomers
6027,1,Gamers
6028,0,Regular Cutomers
6029,0,Regular Cutomers
6030,7,Large Families
6031,1,Gamers
6033,0,Regular Cutomers
6034,1,Gamers
6035,8,Young Karens
6036,8,Young Karens
6039,4,Promotion Lovers
6040,0,Regular Cutomers
6041,1,Gamers
6043,0,Regular Cutomers
6044,5,Low-Value Occasional Customers
6045,2,Clean & Green
6046,5,Low-Value Occasional Customers
6047,6,High-Value Customers
6048,6,High-Value Customers
6049,4,Promotion Lovers
6050,0,Regular Cutomers
6051,7,Large Families
6052,0,Regular Cutomers
6054,4,Promotion Lovers
6056,2,Clean & Green
6057,2,Clean & Green
6058,1,Gamers
6059,2,Clean & Green
6060,2,Clean & Green
6061,0,Regular Cutomers
6062,1,Gamers
6063,5,Low-Value Occasional Customers
6065,6,High-Value Customers
6066,8,Young Karens
6068,7,Large Families
6070,0,Regular Cutomers
6071,0,Regular Cutomers
6072,1,Gamers
6073,7,Large Families
6074,6,High-Value Customers
6075,8,Young Karens
6076,6,High-Value Customers
6077,8,Young Karens
6078,0,Regular Cutomers
6079,0,Regular Cutomers
6080,3,Senior Karens
6081,4,Promotion Lovers
6082,5,Low-Value Occasional Customers
6083,5,Low-Value Occasional Customers
6084,7,Large Families
6085,1,Gamers
6086,4,Promotion Lovers
6087,3,Senior Karens
6088,3,Senior Karens
6089,8,Young Karens
6091,0,Regular Cutomers
6092,8,Young Karens
6094,6,High-Value Customers
6095,7,Large Families
6097,7,Large Families
6098,3,Senior Karens
6099,0,Regular Cutomers
6100,0,Regular Cutomers
6101,0,Regular Cutomers
6102,2,Clean & Green
6103,1,Gamers
6105,3,Senior Karens
6106,0,Regular Cutomers
6107,6,High-Value Customers
6108,4,Promotion Lovers
6109,0,Regular Cutomers
6110,5,Low-Value Occasional Customers
6111,7,Large Families
6112,3,Senior Karens
6113,5,Low-Value Occasional Customers
6114,2,Clean & Green
6115,3,Senior Karens
6116,0,Regular Cutomers
6117,4,Promotion Lovers
6118,5,Low-Value Occasional Customers
6119,2,Clean & Green
6120,7,Large Families
6121,2,Clean & Green
6122,4,Promotion Lovers
6123,0,Regular Cutomers
6124,0,Regular Cutomers
6125,0,Regular Cutomers
6126,4,Promotion Lovers
6127,5,Low-Value Occasional Customers
6128,2,Clean & Green
6129,4,Promotion Lovers
6130,0,Regular Cutomers
6131,6,High-Value Customers
6132,4,Promotion Lovers
6134,6,High-Value Customers
6135,8,Young Karens
6136,0,Regular Cutomers
6137,4,Promotion Lovers
6139,2,Clean & Green
6140,3,Senior Karens
6141,4,Promotion Lovers
6142,0,Regular Cutomers
6143,0,Regular Cutomers
6144,0,Regular Cutomers
6145,8,Young Karens
6146,7,Large Families
6147,2,Clean & Green
6148,0,Regular Cutomers
6149,4,Promotion Lovers
6151,1,Gamers
6153,8,Young Karens
6154,1,Gamers
6155,4,Promotion Lovers
6156,5,Low-Value Occasional Customers
6158,2,Clean & Green
6159,4,Promotion Lovers
6160,6,High-Value Customers
6161,4,Promotion Lovers
6162,0,Regular Cutomers
6163,6,High-Value Customers
6164,7,Large Families
6165,0,Regular Cutomers
6166,8,Young Karens
6168,1,Gamers
6169,0,Regular Cutomers
6170,3,Senior Karens
6171,1,Gamers
6172,4,Promotion Lovers
6175,0,Regular Cutomers
6176,2,Clean & Green
6179,3,Senior Karens
6180,2,Clean & Green
6181,6,High-Value Customers
6182,4,Promotion Lovers
6183,0,Regular Cutomers
6184,0,Regular Cutomers
6185,5,Low-Value Occasional Customers
6186,2,Clean & Green
6187,0,Regular Cutomers
6188,6,High-Value Customers
6190,8,Young Karens
6191,0,Regular Cutomers
6193,3,Senior Karens
6194,4,Promotion Lovers
6195,6,High-Value Customers
6196,6,High-Value Customers
6198,1,Gamers
6199,2,Clean & Green
6200,2,Clean & Green
6201,4,Promotion Lovers
6202,4,Promotion Lovers
6203,4,Promotion Lovers
6204,7,Large Families
6205,3,Senior Karens
6206,2,Clean & Green
6207,5,Low-Value Occasional Customers
6208,6,High-Value Customers
6209,5,Low-Value Occasional Customers
6210,0,Regular Cutomers
6211,6,High-Value Customers
6212,0,Regular Cutomers
6213,8,Young Karens
6214,1,Gamers
6215,8,Young Karens
6217,5,Low-Value Occasional Customers
6218,6,High-Value Customers
6219,5,Low-Value Occasional Customers
6220,5,Low-Value Occasional Customers
6221,8,Young Karens
6222,0,Regular Cutomers
6226,7,Large Families
6227,8,Young Karens
6228,2,Clean & Green
6229,0,Regular Cutomers
6230,5,Low-Value Occasional Customers
6231,8,Young Karens
6233,8,Young Karens
6234,5,Low-Value Occasional Customers
6235,0,Regular Cutomers
6236,1,Gamers
6238,7,Large Families
6241,6,High-Value Customers
6242,0,Regular Cutomers
6243,1,Gamers
6244,4,Promotion Lovers
6245,4,Promotion Lovers
6247,2,Clean & Green
6248,4,Promotion Lovers
6249,4,Promotion Lovers
6250,4,Promotion Lovers
6251,3,Senior Karens
6253,1,Gamers
6254,1,Gamers
6255,1,Gamers
6256,6,High-Value Customers
6257,7,Large Families
6258,4,Promotion Lovers
6259,2,Clean & Green
6260,4,Promotion Lovers
6261,7,Large Families
6263,0,Regular Cutomers
6264,5,Low-Value Occasional Customers
6265,7,Large Families
6266,6,High-Value Customers
6267,2,Clean & Green
6268,1,Gamers
6269,4,Promotion Lovers
6270,0,Regular Cutomers
6272,0,Regular Cutomers
6274,0,Regular Cutomers
6275,0,Regular Cutomers
6276,1,Gamers
6277,6,High-Value Customers
6278,4,Promotion Lovers
6279,0,Regular Cutomers
6280,6,High-Value Customers
6281,2,Clean & Green
6282,4,Promotion Lovers
6283,7,Large Families
6284,1,Gamers
6285,4,Promotion Lovers
6286,7,Large Families
6287,4,Promotion Lovers
6288,3,Senior Karens
6289,7,Large Families
6290,2,Clean & Green
6292,2,Clean & Green
6293,1,Gamers
6294,4,Promotion Lovers
6295,8,Young Karens
6296,6,High-Value Customers
6297,4,Promotion Lovers
6298,4,Promotion Lovers
6299,6,High-Value Customers
6300,0,Regular Cutomers
6301,4,Promotion Lovers
6302,7,Large Families
6303,2,Clean & Green
6305,1,Gamers
6306,4,Promotion Lovers
6307,4,Promotion Lovers
6309,2,Clean & Green
6310,4,Promotion Lovers
6311,4,Promotion Lovers
6312,5,Low-Value Occasional Customers
6314,1,Gamers
6317,8,Young Karens
6318,8,Young Karens
6320,6,High-Value Customers
6321,2,Clean & Green
6322,0,Regular Cutomers
6323,0,Regular Cutomers
6324,0,Regular Cutomers
6325,8,Young Karens
6326,7,Large Families
6328,1,Gamers
6329,0,Regular Cutomers
6330,0,Regular Cutomers
6331,0,Regular Cutomers
6332,0,Regular Cutomers
6333,7,Large Families
6334,4,Promotion Lovers
6335,6,High-Value Customers
6336,4,Promotion Lovers
6337,4,Promotion Lovers
6338,0,Regular Cutomers
6339,0,Regular Cutomers
6340,7,Large Families
6341,8,Young Karens
6342,1,Gamers
6343,4,Promotion Lovers
6344,4,Promotion Lovers
6346,6,High-Value Customers
6348,8,Young Karens
6349,5,Low-Value Occasional Customers
6351,5,Low-Value Occasional Customers
6352,0,Regular Cutomers
6353,5,Low-Value Occasional Customers
6355,5,Low-Value Occasional Customers
6357,3,Senior Karens
6359,0,Regular Cutomers
6360,4,Promotion Lovers
6361,1,Gamers
6363,4,Promotion Lovers
6364,6,High-Value Customers
6365,2,Clean & Green
6366,6,High-Value Customers
6369,2,Clean & Green
6370,6,High-Value Customers
6371,2,Clean & Green
6372,0,Regular Cutomers
6373,8,Young Karens
6375,6,High-Value Customers
6376,8,Young Karens
6377,6,High-Value Customers
6378,1,Gamers
6379,5,Low-Value Occasional Customers
6380,7,Large Families
6381,0,Regular Cutomers
6382,7,Large Families
6383,1,Gamers
6384,4,Promotion Lovers
6385,0,Regular Cutomers
6386,1,Gamers
6387,5,Low-Value Occasional Customers
6388,8,Young Karens
6389,5,Low-Value Occasional Customers
6391,7,Large Families
6393,3,Senior Karens
6394,4,Promotion Lovers
6395,0,Regular Cutomers
6396,6,High-Value Customers
6397,0,Regular Cutomers
6398,0,Regular Cutomers
6399,6,High-Value Customers
6401,5,Low-Value Occasional Customers
6402,6,High-Value Customers
6403,7,Large Families
6404,4,Promotion Lovers
6405,2,Clean & Green
6406,4,Promotion Lovers
6407,1,Gamers
6408,6,High-Value Customers
6410,0,Regular Cutomers
6411,2,Clean & Green
6413,0,Regular Cutomers
6414,4,Promotion Lovers
6415,6,High-Value Customers
6419,0,Regular Cutomers
6420,7,Large Families
6422,3,Senior Karens
6423,8,Young Karens
6424,4,Promotion Lovers
6425,5,Low-Value Occasional Customers
6426,5,Low-Value Occasional Customers
6428,1,Gamers
6429,1,Gamers
6430,4,Promotion Lovers
6431,5,Low-Value Occasional Customers
6432,4,Promotion Lovers
6434,6,High-Value Customers
6435,4,Promotion Lovers
6436,6,High-Value Customers
6437,6,High-Value Customers
6438,4,Promotion Lovers
6439,1,Gamers
6440,1,Gamers
6441,1,Gamers
6442,6,High-Value Customers
6443,8,Young Karens
6444,0,Regular Cutomers
6445,0,Regular Cutomers
6446,4,Promotion Lovers
6447,2,Clean & Green
6448,7,Large Families
6449,8,Young Karens
6450,6,High-Value Customers
6451,8,Young Karens
6452,1,Gamers
6453,1,Gamers
6454,1,Gamers
6456,6,High-Value Customers
6457,5,Low-Value Occasional Customers
6458,0,Regular Cutomers
6459,6,High-Value Customers
6460,2,Clean & Green
6461,2,Clean & Green
6462,6,High-Value Customers
6463,6,High-Value Customers
6464,0,Regular Cutomers
6467,1,Gamers
6468,3,Senior Karens
6469,7,Large Families
6471,3,Senior Karens
6472,4,Promotion Lovers
6473,4,Promotion Lovers
6474,0,Regular Cutomers
6475,7,Large Families
6476,2,Clean & Green
6477,4,Promotion Lovers
6478,6,High-Value Customers
6479,4,Promotion Lovers
6480,1,Gamers
6481,8,Young Karens
6482,5,Low-Value Occasional Customers
6483,5,Low-Value Occasional Customers
6485,4,Promotion Lovers
6486,8,Young Karens
6487,1,Gamers
6488,4,Promotion Lovers
6489,2,Clean & Green
6490,5,Low-Value Occasional Customers
6491,0,Regular Cutomers
6492,4,Promotion Lovers
6493,6,High-Value Customers
6494,6,High-Value Customers
6495,2,Clean & Green
6496,5,Low-Value Occasional Customers
6497,4,Promotion Lovers
6498,1,Gamers
6499,0,Regular Cutomers
6501,7,Large Families
6502,0,Regular Cutomers
6503,4,Promotion Lovers
6504,4,Promotion Lovers
6505,6,High-Value Customers
6506,1,Gamers
6508,4,Promotion Lovers
6509,4,Promotion Lovers
6510,2,Clean & Green
6511,2,Clean & Green
6512,0,Regular Cutomers
6513,0,Regular Cutomers
6514,1,Gamers
6515,0,Regular Cutomers
6516,0,Regular Cutomers
6517,0,Regular Cutomers
6518,0,Regular Cutomers
6519,5,Low-Value Occasional Customers
6520,0,Regular Cutomers
6521,2,Clean & Green
6522,5,Low-Value Occasional Customers
6523,3,Senior Karens
6524,4,Promotion Lovers
6525,0,Regular Cutomers
6526,5,Low-Value Occasional Customers
6527,2,Clean & Green
6529,2,Clean & Green
6530,5,Low-Value Occasional Customers
6531,5,Low-Value Occasional Customers
6532,7,Large Families
6534,0,Regular Cutomers
6535,5,Low-Value Occasional Customers
6536,2,Clean & Green
6537,6,High-Value Customers
6538,7,Large Families
6539,6,High-Value Customers
6540,5,Low-Value Occasional Customers
6541,0,Regular Cutomers
6542,5,Low-Value Occasional Customers
6543,0,Regular Cutomers
6544,6,High-Value Customers
6545,7,Large Families
6546,4,Promotion Lovers
6547,4,Promotion Lovers
6548,4,Promotion Lovers
6549,0,Regular Cutomers
6551,5,Low-Value Occasional Customers
6552,5,Low-Value Occasional Customers
6553,6,High-Value Customers
6555,3,Senior Karens
6556,0,Regular Cutomers
6559,4,Promotion Lovers
6560,4,Promotion Lovers
6561,4,Promotion Lovers
6563,4,Promotion Lovers
6564,8,Young Karens
6565,6,High-Value Customers
6567,1,Gamers
6568,4,Promotion Lovers
6569,2,Clean & Green
6570,5,Low-Value Occasional Customers
6571,0,Regular Cutomers
6572,0,Regular Cutomers
6573,8,Young Karens
6574,0,Regular Cutomers
6575,0,Regular Cutomers
6576,7,Large Families
6577,1,Gamers
6578,8,Young Karens
6579,5,Low-Value Occasional Customers
6580,1,Gamers
6581,4,Promotion Lovers
6583,0,Regular Cutomers
6585,1,Gamers
6586,1,Gamers
6587,2,Clean & Green
6588,4,Promotion Lovers
6589,5,Low-Value Occasional Customers
6590,3,Senior Karens
6591,6,High-Value Customers
6592,7,Large Families
6593,8,Young Karens
6594,5,Low-Value Occasional Customers
6596,5,Low-Value Occasional Customers
6597,4,Promotion Lovers
6598,1,Gamers
6599,4,Promotion Lovers
6600,6,High-Value Customers
6601,7,Large Families
6602,8,Young Karens
6603,0,Regular Cutomers
6604,0,Regular Cutomers
6605,0,Regular Cutomers
6606,0,Regular Cutomers
6607,5,Low-Value Occasional Customers
6608,4,Promotion Lovers
6610,5,Low-Value Occasional Customers
6611,2,Clean & Green
6612,5,Low-Value Occasional Customers
6613,0,Regular Cutomers
6615,5,Low-Value Occasional Customers
6617,4,Promotion Lovers
6619,5,Low-Value Occasional Customers
6621,8,Young Karens
6622,0,Regular Cutomers
6623,0,Regular Cutomers
6624,7,Large Families
6625,6,High-Value Customers
6626,3,Senior Karens
6627,4,Promotion Lovers
6628,4,Promotion Lovers
6629,1,Gamers
6630,7,Large Families
6631,5,Low-Value Occasional Customers
6632,8,Young Karens
6633,1,Gamers
6634,0,Regular Cutomers
6635,0,Regular Cutomers
6636,7,Large Families
6639,1,Gamers
6640,1,Gamers
6641,0,Regular Cutomers
6642,2,Clean & Green
6643,2,Clean & Green
6644,4,Promotion Lovers
6645,4,Promotion Lovers
6646,5,Low-Value Occasional Customers
6648,7,Large Families
6649,4,Promotion Lovers
6650,7,Large Families
6654,0,Regular Cutomers
6656,6,High-Value Customers
6657,6,High-Value Customers
6658,4,Promotion Lovers
6659,0,Regular Cutomers
6660,6,High-Value Customers
6662,7,Large Families
6663,7,Large Families
6664,0,Regular Cutomers
6665,0,Regular Cutomers
6666,8,Young Karens
6667,4,Promotion Lovers
6668,7,Large Families
6670,3,Senior Karens
6672,4,Promotion Lovers
6673,2,Clean & Green
6674,7,Large Families
6675,6,High-Value Customers
6676,2,Clean & Green
6677,0,Regular Cutomers
6678,0,Regular Cutomers
6680,7,Large Families
6681,2,Clean & Green
6682,7,Large Families
6683,3,Senior Karens
6684,2,Clean & Green
6685,1,Gamers
6686,4,Promotion Lovers
6687,1,Gamers
6689,4,Promotion Lovers
6690,0,Regular Cutomers
6692,0,Regular Cutomers
6694,0,Regular Cutomers
6695,1,Gamers
6697,0,Regular Cutomers
6698,5,Low-Value Occasional Customers
6699,0,Regular Cutomers
6701,6,High-Value Customers
6702,6,High-Value Customers
6703,0,Regular Cutomers
6704,0,Regular Cutomers
6705,2,Clean & Green
6708,3,Senior Karens
6709,6,High-Value Customers
6711,0,Regular Cutomers
6712,7,Large Families
6713,4,Promotion Lovers
6714,0,Regular Cutomers
6715,4,Promotion Lovers
6716,0,Regular Cutomers
6717,4,Promotion Lovers
6718,4,Promotion Lovers
6720,8,Young Karens
6722,8,Young Karens
6723,5,Low-Value Occasional Customers
6724,0,Regular Cutomers
6725,4,Promotion Lovers
6726,4,Promotion Lovers
6727,6,High-Value Customers
6728,2,Clean & Green
6729,4,Promotion Lovers
6730,1,Gamers
6732,0,Regular Cutomers
6733,1,Gamers
6736,1,Gamers
6737,0,Regular Cutomers
6738,0,Regular Cutomers
6739,7,Large Families
6740,3,Senior Karens
6741,3,Senior Karens
6742,4,Promotion Lovers
6743,0,Regular Cutomers
6744,8,Young Karens
6745,5,Low-Value Occasional Customers
6746,6,High-Value Customers
6748,6,High-Value Customers
6749,2,Clean & Green
6752,7,Large Families
6754,8,Young Karens
6755,8,Young Karens
6756,4,Promotion Lovers
6757,0,Regular Cutomers
6758,0,Regular Cutomers
6759,7,Large Families
6760,1,Gamers
6761,0,Regular Cutomers
6762,1,Gamers
6763,5,Low-Value Occasional Customers
6764,0,Regular Cutomers
6765,2,Clean & Green
6766,6,High-Value Customers
6768,3,Senior Karens
6769,3,Senior Karens
6770,2,Clean & Green
6772,5,Low-Value Occasional Customers
6773,0,Regular Cutomers
6774,4,Promotion Lovers
6775,7,Large Families
6777,6,High-Value Customers
6778,7,Large Families
6779,8,Young Karens
6780,1,Gamers
6781,4,Promotion Lovers
6782,4,Promotion Lovers
6783,6,High-Value Customers
6784,5,Low-Value Occasional Customers
6785,0,Regular Cutomers
6786,5,Low-Value Occasional Customers
6787,7,Large Families
6788,7,Large Families
6789,0,Regular Cutomers
6790,0,Regular Cutomers
6791,6,High-Value Customers
6792,5,Low-Value Occasional Customers
6793,7,Large Families
6794,1,Gamers
6795,1,Gamers
6796,8,Young Karens
6797,4,Promotion Lovers
6799,4,Promotion Lovers
6800,2,Clean & Green
6801,3,Senior Karens
6802,6,High-Value Customers
6804,0,Regular Cutomers
6805,0,Regular Cutomers
6806,0,Regular Cutomers
6808,4,Promotion Lovers
6809,0,Regular Cutomers
6811,0,Regular Cutomers
6812,8,Young Karens
6813,5,Low-Value Occasional Customers
6814,3,Senior Karens
6815,4,Promotion Lovers
6816,2,Clean & Green
6817,2,Clean & Green
6818,7,Large Families
6819,7,Large Families
6820,1,Gamers
6822,5,Low-Value Occasional Customers
6824,0,Regular Cutomers
6825,0,Regular Cutomers
6827,0,Regular Cutomers
6829,2,Clean & Green
6830,5,Low-Value Occasional Customers
6831,6,High-Value Customers
6832,4,Promotion Lovers
6833,2,Clean & Green
6834,0,Regular Cutomers
6835,6,High-Value Customers
6836,0,Regular Cutomers
6837,5,Low-Value Occasional Customers
6838,4,Promotion Lovers
6839,5,Low-Value Occasional Customers
6840,4,Promotion Lovers
6842,0,Regular Cutomers
6843,6,High-Value Customers
6844,1,Gamers
6845,4,Promotion Lovers
6846,4,Promotion Lovers
6848,2,Clean & Green
6849,4,Promotion Lovers
6851,6,High-Value Customers
6852,1,Gamers
6853,0,Regular Cutomers
6854,1,Gamers
6856,1,Gamers
6858,7,Large Families
6859,6,High-Value Customers
6860,0,Regular Cutomers
6861,2,Clean & Green
6862,1,Gamers
6863,8,Young Karens
6865,0,Regular Cutomers
6866,5,Low-Value Occasional Customers
6867,8,Young Karens
6868,2,Clean & Green
6869,7,Large Families
6871,6,High-Value Customers
6872,4,Promotion Lovers
6873,7,Large Families
6874,4,Promotion Lovers
6875,2,Clean & Green
6876,2,Clean & Green
6877,0,Regular Cutomers
6879,0,Regular Cutomers
6880,5,Low-Value Occasional Customers
6881,6,High-Value Customers
6882,7,Large Families
6883,0,Regular Cutomers
6884,8,Young Karens
6885,0,Regular Cutomers
6887,4,Promotion Lovers
6888,1,Gamers
6889,4,Promotion Lovers
6890,6,High-Value Customers
6891,5,Low-Value Occasional Customers
6893,8,Young Karens
6894,5,Low-Value Occasional Customers
6895,8,Young Karens
6896,0,Regular Cutomers
6898,7,Large Families
6899,0,Regular Cutomers
6900,6,High-Value Customers
6901,2,Clean & Green
6902,0,Regular Cutomers
6903,0,Regular Cutomers
6904,6,High-Value Customers
6905,5,Low-Value Occasional Customers
6906,4,Promotion Lovers
6908,1,Gamers
6909,5,Low-Value Occasional Customers
6910,0,Regular Cutomers
6911,0,Regular Cutomers
6912,4,Promotion Lovers
6915,4,Promotion Lovers
6917,0,Regular Cutomers
6918,2,Clean & Green
6919,4,Promotion Lovers
6920,1,Gamers
6921,0,Regular Cutomers
6922,1,Gamers
6924,4,Promotion Lovers
6925,4,Promotion Lovers
6926,1,Gamers
6927,7,Large Families
6928,1,Gamers
6929,0,Regular Cutomers
6930,0,Regular Cutomers
6931,5,Low-Value Occasional Customers
6932,4,Promotion Lovers
6933,5,Low-Value Occasional Customers
6934,8,Young Karens
6935,1,Gamers
6936,4,Promotion Lovers
6937,3,Senior Karens
6938,5,Low-Value Occasional Customers
6939,5,Low-Value Occasional Customers
6941,5,Low-Value Occasional Customers
6942,6,High-Value Customers
6944,0,Regular Cutomers
6945,2,Clean & Green
6946,1,Gamers
6947,8,Young Karens
6948,2,Clean & Green
6949,4,Promotion Lovers
6950,0,Regular Cutomers
6951,2,Clean & Green
6952,4,Promotion Lovers
6953,2,Clean & Green
6954,6,High-Value Customers
6955,0,Regular Cutomers
6957,6,High-Value Customers
6958,0,Regular Cutomers
6959,8,Young Karens
6961,8,Young Karens
6962,3,Senior Karens
6965,4,Promotion Lovers
6966,2,Clean & Green
6967,5,Low-Value Occasional Customers
6968,3,Senior Karens
6969,7,Large Families
6970,0,Regular Cutomers
6971,4,Promotion Lovers
6972,0,Regular Cutomers
6973,7,Large Families
6974,5,Low-Value Occasional Customers
6975,8,Young Karens
6976,6,High-Value Customers
6977,4,Promotion Lovers
6978,8,Young Karens
6979,4,Promotion Lovers
6980,0,Regular Cutomers
6982,4,Promotion Lovers
6983,0,Regular Cutomers
6984,2,Clean & Green
6985,8,Young Karens
6986,5,Low-Value Occasional Customers
6987,7,Large Families
6988,2,Clean & Green
6989,0,Regular Cutomers
6990,8,Young Karens
6991,3,Senior Karens
6992,7,Large Families
6993,1,Gamers
6995,0,Regular Cutomers
6996,7,Large Families
6997,7,Large Families
6998,0,Regular Cutomers
6999,5,Low-Value Occasional Customers
7002,3,Senior Karens
7003,3,Senior Karens
7004,5,Low-Value Occasional Customers
7005,0,Regular Cutomers
7006,2,Clean & Green
7007,1,Gamers
7011,2,Clean & Green
7012,0,Regular Cutomers
7013,4,Promotion Lovers
7014,0,Regular Cutomers
7016,1,Gamers
7017,0,Regular Cutomers
7018,3,Senior Karens
7019,0,Regular Cutomers
7020,0,Regular Cutomers
7021,5,Low-Value Occasional Customers
7022,0,Regular Cutomers
7024,4,Promotion Lovers
7027,4,Promotion Lovers
7028,8,Young Karens
7029,7,Large Families
7030,0,Regular Cutomers
7031,4,Promotion Lovers
7033,1,Gamers
7034,8,Young Karens
7035,4,Promotion Lovers
7037,4,Promotion Lovers
7038,5,Low-Value Occasional Customers
7039,5,Low-Value Occasional Customers
7040,0,Regular Cutomers
7041,0,Regular Cutomers
7042,1,Gamers
7043,1,Gamers
7044,2,Clean & Green
7047,8,Young Karens
7048,1,Gamers
7049,3,Senior Karens
7050,8,Young Karens
7051,4,Promotion Lovers
7052,4,Promotion Lovers
7053,6,High-Value Customers
7056,4,Promotion Lovers
7057,4,Promotion Lovers
7058,4,Promotion Lovers
7060,5,Low-Value Occasional Customers
7061,1,Gamers
7062,3,Senior Karens
7063,0,Regular Cutomers
7064,7,Large Families
7065,5,Low-Value Occasional Customers
7066,1,Gamers
7067,0,Regular Cutomers
7068,1,Gamers
7069,1,Gamers
7071,5,Low-Value Occasional Customers
7072,4,Promotion Lovers
7073,0,Regular Cutomers
7074,3,Senior Karens
7075,2,Clean & Green
7076,4,Promotion Lovers
7078,5,Low-Value Occasional Customers
7079,0,Regular Cutomers
7081,4,Promotion Lovers
7082,5,Low-Value Occasional Customers
7083,4,Promotion Lovers
7084,0,Regular Cutomers
7085,0,Regular Cutomers
7086,3,Senior Karens
7088,6,High-Value Customers
7089,6,High-Value Customers
7090,0,Regular Cutomers
7091,7,Large Families
7093,8,Young Karens
7094,4,Promotion Lovers
7095,4,Promotion Lovers
7098,2,Clean & Green
7101,0,Regular Cutomers
7103,5,Low-Value Occasional Customers
7105,5,Low-Value Occasional Customers
7106,6,High-Value Customers
7107,0,Regular Cutomers
7112,0,Regular Cutomers
7113,2,Clean & Green
7114,0,Regular Cutomers
7115,5,Low-Value Occasional Customers
7116,4,Promotion Lovers
7117,5,Low-Value Occasional Customers
7118,1,Gamers
7119,0,Regular Cutomers
7120,0,Regular Cutomers
7121,4,Promotion Lovers
7122,0,Regular Cutomers
7123,0,Regular Cutomers
7124,7,Large Families
7125,8,Young Karens
7126,8,Young Karens
7127,0,Regular Cutomers
7128,7,Large Families
7129,5,Low-Value Occasional Customers
7131,0,Regular Cutomers
7132,6,High-Value Customers
7133,4,Promotion Lovers
7134,5,Low-Value Occasional Customers
7135,8,Young Karens
7136,4,Promotion Lovers
7137,1,Gamers
7138,5,Low-Value Occasional Customers
7140,0,Regular Cutomers
7141,8,Young Karens
7142,0,Regular Cutomers
7143,5,Low-Value Occasional Customers
7144,0,Regular Cutomers
7145,0,Regular Cutomers
7147,0,Regular Cutomers
7148,7,Large Families
7149,4,Promotion Lovers
7150,2,Clean & Green
7151,4,Promotion Lovers
7153,0,Regular Cutomers
7155,0,Regular Cutomers
7156,7,Large Families
7157,1,Gamers
7158,1,Gamers
7159,2,Clean & Green
7161,1,Gamers
7163,6,High-Value Customers
7164,7,Large Families
7165,4,Promotion Lovers
7166,4,Promotion Lovers
7167,2,Clean & Green
7168,0,Regular Cutomers
7169,0,Regular Cutomers
7170,4,Promotion Lovers
7171,7,Large Families
7172,8,Young Karens
7173,4,Promotion Lovers
7174,1,Gamers
7175,7,Large Families
7176,4,Promotion Lovers
7177,0,Regular Cutomers
7178,7,Large Families
7179,4,Promotion Lovers
7180,0,Regular Cutomers
7181,3,Senior Karens
7182,7,Large Families
7183,0,Regular Cutomers
7186,0,Regular Cutomers
7187,0,Regular Cutomers
7188,6,High-Value Customers
7190,5,Low-Value Occasional Customers
7191,2,Clean & Green
7192,4,Promotion Lovers
7193,7,Large Families
7196,5,Low-Value Occasional Customers
7197,0,Regular Cutomers
7199,5,Low-Value Occasional Customers
7200,1,Gamers
7201,6,High-Value Customers
7202,6,High-Value Customers
7203,6,High-Value Customers
7204,5,Low-Value Occasional Customers
7208,6,High-Value Customers
7209,0,Regular Cutomers
7211,5,Low-Value Occasional Customers
7212,4,Promotion Lovers
7214,6,High-Value Customers
7216,4,Promotion Lovers
7218,0,Regular Cutomers
7219,8,Young Karens
7220,4,Promotion Lovers
7221,6,High-Value Customers
7222,0,Regular Cutomers
7223,1,Gamers
7224,5,Low-Value Occasional Customers
7225,0,Regular Cutomers
7226,2,Clean & Green
7228,4,Promotion Lovers
7229,5,Low-Value Occasional Customers
7230,8,Young Karens
7231,7,Large Families
7232,7,Large Families
7233,5,Low-Value Occasional Customers
7234,1,Gamers
7237,4,Promotion Lovers
7239,0,Regular Cutomers
7240,0,Regular Cutomers
7241,2,Clean & Green
7242,0,Regular Cutomers
7243,7,Large Families
7244,0,Regular Cutomers
7245,0,Regular Cutomers
7246,5,Low-Value Occasional Customers
7247,6,High-Value Customers
7248,4,Promotion Lovers
7249,4,Promotion Lovers
7252,0,Regular Cutomers
7253,0,Regular Cutomers
7255,1,Gamers
7256,0,Regular Cutomers
7257,8,Young Karens
7258,4,Promotion Lovers
7259,5,Low-Value Occasional Customers
7260,0,Regular Cutomers
7261,7,Large Families
7263,1,Gamers
7264,2,Clean & Green
7267,5,Low-Value Occasional Customers
7268,7,Large Families
7269,5,Low-Value Occasional Customers
7270,7,Large Families
7271,0,Regular Cutomers
7272,6,High-Value Customers
7274,5,Low-Value Occasional Customers
7275,8,Young Karens
7276,1,Gamers
7277,7,Large Families
7278,2,Clean & Green
7279,7,Large Families
7280,0,Regular Cutomers
7281,6,High-Value Customers
7283,2,Clean & Green
7285,8,Young Karens
7286,2,Clean & Green
7287,7,Large Families
7288,8,Young Karens
7289,1,Gamers
7290,2,Clean & Green
7291,4,Promotion Lovers
7292,0,Regular Cutomers
7293,0,Regular Cutomers
7294,7,Large Families
7295,1,Gamers
7297,2,Clean & Green
7298,0,Regular Cutomers
7299,1,Gamers
7300,7,Large Families
7302,1,Gamers
7303,3,Senior Karens
7304,1,Gamers
7305,6,High-Value Customers
7306,3,Senior Karens
7308,0,Regular Cutomers
7310,6,High-Value Customers
7312,4,Promotion Lovers
7313,1,Gamers
7314,8,Young Karens
7315,0,Regular Cutomers
7316,1,Gamers
7318,5,Low-Value Occasional Customers
7319,0,Regular Cutomers
7320,2,Clean & Green
7322,5,Low-Value Occasional Customers
7323,7,Large Families
7324,5,Low-Value Occasional Customers
7326,4,Promotion Lovers
7327,7,Large Families
7329,5,Low-Value Occasional Customers
7330,1,Gamers
7331,4,Promotion Lovers
7332,2,Clean & Green
7333,7,Large Families
7335,5,Low-Value Occasional Customers
7336,4,Promotion Lovers
7337,1,Gamers
7338,2,Clean & Green
7339,2,Clean & Green
7340,4,Promotion Lovers
7341,6,High-Value Customers
7342,5,Low-Value Occasional Customers
7343,5,Low-Value Occasional Customers
7344,3,Senior Karens
7346,0,Regular Cutomers
7347,7,Large Families
7348,2,Clean & Green
7349,1,Gamers
7350,0,Regular Cutomers
7351,5,Low-Value Occasional Customers
7352,8,Young Karens
7353,2,Clean & Green
7354,0,Regular Cutomers
7355,1,Gamers
7356,6,High-Value Customers
7357,1,Gamers
7358,5,Low-Value Occasional Customers
7359,4,Promotion Lovers
7360,5,Low-Value Occasional Customers
7361,8,Young Karens
7362,7,Large Families
7363,0,Regular Cutomers
7364,2,Clean & Green
7366,0,Regular Cutomers
7367,4,Promotion Lovers
7368,7,Large Families
7369,7,Large Families
7370,0,Regular Cutomers
7371,7,Large Families
7374,8,Young Karens
7375,6,High-Value Customers
7377,1,Gamers
7379,0,Regular Cutomers
7381,2,Clean & Green
7382,3,Senior Karens
7384,1,Gamers
7385,0,Regular Cutomers
7387,0,Regular Cutomers
7388,1,Gamers
7389,6,High-Value Customers
7391,0,Regular Cutomers
7392,4,Promotion Lovers
7393,0,Regular Cutomers
7394,0,Regular Cutomers
7395,1,Gamers
7396,7,Large Families
7397,7,Large Families
7398,2,Clean & Green
7399,4,Promotion Lovers
7400,4,Promotion Lovers
7402,5,Low-Value Occasional Customers
7403,0,Regular Cutomers
7404,0,Regular Cutomers
7405,5,Low-Value Occasional Customers
7406,8,Young Karens
7407,0,Regular Cutomers
7408,0,Regular Cutomers
7410,8,Young Karens
7411,4,Promotion Lovers
7412,6,High-Value Customers
7413,8,Young Karens
7414,6,High-Value Customers
7415,1,Gamers
7417,7,Large Families
7418,8,Young Karens
7419,4,Promotion Lovers
7420,4,Promotion Lovers
7421,5,Low-Value Occasional Customers
7422,5,Low-Value Occasional Customers
7423,0,Regular Cutomers
7424,2,Clean & Green
7425,0,Regular Cutomers
7426,0,Regular Cutomers
7427,4,Promotion Lovers
7428,1,Gamers
7429,8,Young Karens
7430,6,High-Value Customers
7431,0,Regular Cutomers
7432,5,Low-Value Occasional Customers
7433,0,Regular Cutomers
7434,0,Regular Cutomers
7435,0,Regular Cutomers
7436,2,Clean & Green
7437,0,Regular Cutomers
7438,0,Regular Cutomers
7439,3,Senior Karens
7440,6,High-Value Customers
7441,2,Clean & Green
7442,4,Promotion Lovers
7445,7,Large Families
7446,0,Regular Cutomers
7447,5,Low-Value Occasional Customers
7448,0,Regular Cutomers
7449,7,Large Families
7450,3,Senior Karens
7451,4,Promotion Lovers
7452,6,High-Value Customers
7453,4,Promotion Lovers
7454,0,Regular Cutomers
7455,4,Promotion Lovers
7456,1,Gamers
7457,0,Regular Cutomers
7459,7,Large Families
7462,4,Promotion Lovers
7463,0,Regular Cutomers
7464,8,Young Karens
7465,4,Promotion Lovers
7467,5,Low-Value Occasional Customers
7468,7,Large Families
7469,1,Gamers
7470,4,Promotion Lovers
7471,7,Large Families
7472,7,Large Families
7474,5,Low-Value Occasional Customers
7475,8,Young Karens
7476,5,Low-Value Occasional Customers
7477,1,Gamers
7478,4,Promotion Lovers
7479,0,Regular Cutomers
7480,6,High-Value Customers
7482,7,Large Families
7483,4,Promotion Lovers
7485,1,Gamers
7486,2,Clean & Green
7490,4,Promotion Lovers
7491,3,Senior Karens
7492,4,Promotion Lovers
7493,8,Young Karens
7494,6,High-Value Customers
7495,0,Regular Cutomers
7496,6,High-Value Customers
7498,5,Low-Value Occasional Customers
7499,0,Regular Cutomers
7500,0,Regular Cutomers
7501,7,Large Families
7502,7,Large Families
7503,5,Low-Value Occasional Customers
7504,6,High-Value Customers
7506,5,Low-Value Occasional Customers
7509,1,Gamers
7511,5,Low-Value Occasional Customers
7512,8,Young Karens
7513,2,Clean & Green
7514,6,High-Value Customers
7515,0,Regular Cutomers
7516,7,Large Families
7517,3,Senior Karens
7518,6,High-Value Customers
7519,4,Promotion Lovers
7520,5,Low-Value Occasional Customers
7521,7,Large Families
7522,0,Regular Cutomers
7523,8,Young Karens
7524,0,Regular Cutomers
7525,4,Promotion Lovers
7526,1,Gamers
7527,6,High-Value Customers
7529,3,Senior Karens
7530,6,High-Value Customers
7531,4,Promotion Lovers
7533,4,Promotion Lovers
7534,6,High-Value Customers
7535,0,Regular Cutomers
7536,6,High-Value Customers
7537,3,Senior Karens
7538,0,Regular Cutomers
7539,1,Gamers
7540,4,Promotion Lovers
7541,3,Senior Karens
7542,8,Young Karens
7543,1,Gamers
7544,8,Young Karens
7545,1,Gamers
7547,0,Regular Cutomers
7548,1,Gamers
7549,5,Low-Value Occasional Customers
7550,4,Promotion Lovers
7551,5,Low-Value Occasional Customers
7552,0,Regular Cutomers
7553,4,Promotion Lovers
7555,5,Low-Value Occasional Customers
7556,1,Gamers
7557,2,Clean & Green
7558,2,Clean & Green
7559,4,Promotion Lovers
7560,0,Regular Cutomers
7561,5,Low-Value Occasional Customers
7562,5,Low-Value Occasional Customers
7563,0,Regular Cutomers
7564,0,Regular Cutomers
7566,6,High-Value Customers
7569,4,Promotion Lovers
7571,8,Young Karens
7572,4,Promotion Lovers
7573,1,Gamers
7574,5,Low-Value Occasional Customers
7575,2,Clean & Green
7576,4,Promotion Lovers
7577,4,Promotion Lovers
7578,5,Low-Value Occasional Customers
7580,2,Clean & Green
7581,3,Senior Karens
7582,4,Promotion Lovers
7583,0,Regular Cutomers
7584,0,Regular Cutomers
7586,1,Gamers
7587,4,Promotion Lovers
7588,0,Regular Cutomers
7589,8,Young Karens
7590,0,Regular Cutomers
7591,0,Regular Cutomers
7592,2,Clean & Green
7594,4,Promotion Lovers
7595,1,Gamers
7596,4,Promotion Lovers
7597,4,Promotion Lovers
7598,6,High-Value Customers
7599,6,High-Value Customers
7600,0,Regular Cutomers
7601,0,Regular Cutomers
7602,4,Promotion Lovers
7603,0,Regular Cutomers
7604,6,High-Value Customers
7605,4,Promotion Lovers
7607,0,Regular Cutomers
7608,2,Clean & Green
7609,0,Regular Cutomers
7610,5,Low-Value Occasional Customers
7611,3,Senior Karens
7612,3,Senior Karens
7613,8,Young Karens
7615,5,Low-Value Occasional Customers
7617,3,Senior Karens
7618,5,Low-Value Occasional Customers
7619,8,Young Karens
7620,4,Promotion Lovers
7621,4,Promotion Lovers
7623,8,Young Karens
7625,0,Regular Cutomers
7626,8,Young Karens
7627,4,Promotion Lovers
7628,5,Low-Value Occasional Customers
7629,8,Young Karens
7630,2,Clean & Green
7631,4,Promotion Lovers
7633,4,Promotion Lovers
7634,1,Gamers
7635,5,Low-Value Occasional Customers
7636,0,Regular Cutomers
7637,0,Regular Cutomers
7638,7,Large Families
7639,2,Clean & Green
7640,0,Regular Cutomers
7641,1,Gamers
7642,0,Regular Cutomers
7643,6,High-Value Customers
7644,2,Clean & Green
7645,5,Low-Value Occasional Customers
7646,4,Promotion Lovers
7647,0,Regular Cutomers
7648,5,Low-Value Occasional Customers
7650,6,High-Value Customers
7652,7,Large Families
7653,4,Promotion Lovers
7654,3,Senior Karens
7655,8,Young Karens
7656,0,Regular Cutomers
7657,5,Low-Value Occasional Customers
7658,6,High-Value Customers
7660,5,Low-Value Occasional Customers
7661,0,Regular Cutomers
7663,4,Promotion Lovers
7664,4,Promotion Lovers
7665,0,Regular Cutomers
7666,5,Low-Value Occasional Customers
7668,4,Promotion Lovers
7669,0,Regular Cutomers
7671,4,Promotion Lovers
7672,0,Regular Cutomers
7673,5,Low-Value Occasional Customers
7674,4,Promotion Lovers
7675,8,Young Karens
7676,6,High-Value Customers
7677,5,Low-Value Occasional Customers
7678,6,High-Value Customers
7679,5,Low-Value Occasional Customers
7682,3,Senior Karens
7683,4,Promotion Lovers
7684,0,Regular Cutomers
7685,4,Promotion Lovers
7686,5,Low-Value Occasional Customers
7687,7,Large Families
7688,8,Young Karens
7690,6,High-Value Customers
7691,5,Low-Value Occasional Customers
7692,2,Clean & Green
7693,0,Regular Cutomers
7694,7,Large Families
7695,7,Large Families
7698,8,Young Karens
7699,0,Regular Cutomers
7700,5,Low-Value Occasional Customers
7701,5,Low-Value Occasional Customers
7702,0,Regular Cutomers
7704,0,Regular Cutomers
7705,2,Clean & Green
7706,2,Clean & Green
7707,5,Low-Value Occasional Customers
7708,6,High-Value Customers
7709,0,Regular Cutomers
7711,5,Low-Value Occasional Customers
7712,0,Regular Cutomers
7713,4,Promotion Lovers
7714,8,Young Karens
7715,0,Regular Cutomers
7716,2,Clean & Green
7717,0,Regular Cutomers
7719,6,High-Value Customers
7720,1,Gamers
7721,4,Promotion Lovers
7722,0,Regular Cutomers
7723,7,Large Families
7724,0,Regular Cutomers
7725,2,Clean & Green
7727,2,Clean & Green
7728,1,Gamers
7729,6,High-Value Customers
7730,7,Large Families
7731,5,Low-Value Occasional Customers
7734,8,Young Karens
7735,1,Gamers
7737,4,Promotion Lovers
7739,4,Promotion Lovers
7741,0,Regular Cutomers
7743,4,Promotion Lovers
7744,4,Promotion Lovers
7745,1,Gamers
7747,4,Promotion Lovers
7748,2,Clean & Green
7749,6,High-Value Customers
7750,2,Clean & Green
7751,5,Low-Value Occasional Customers
7752,1,Gamers
7753,4,Promotion Lovers
7754,0,Regular Cutomers
7755,2,Clean & Green
7756,2,Clean & Green
7757,7,Large Families
7758,4,Promotion Lovers
7760,1,Gamers
7761,4,Promotion Lovers
7762,0,Regular Cutomers
7763,2,Clean & Green
7764,5,Low-Value Occasional Customers
7765,6,High-Value Customers
7766,4,Promotion Lovers
7767,2,Clean & Green
7768,1,Gamers
7769,0,Regular Cutomers
7770,8,Young Karens
7771,4,Promotion Lovers
7772,2,Clean & Green
7773,0,Regular Cutomers
7774,7,Large Families
7775,1,Gamers
7776,0,Regular Cutomers
7777,4,Promotion Lovers
7779,5,Low-Value Occasional Customers
7782,6,High-Value Customers
7783,2,Clean & Green
7784,0,Regular Cutomers
7786,5,Low-Value Occasional Customers
7787,4,Promotion Lovers
7789,0,Regular Cutomers
7790,8,Young Karens
7791,7,Large Families
7792,4,Promotion Lovers
7793,1,Gamers
7794,3,Senior Karens
7795,0,Regular Cutomers
7796,0,Regular Cutomers
7799,7,Large Families
7801,1,Gamers
7802,2,Clean & Green
7803,3,Senior Karens
7804,0,Regular Cutomers
7805,0,Regular Cutomers
7806,6,High-Value Customers
7807,0,Regular Cutomers
7809,0,Regular Cutomers
7810,6,High-Value Customers
7811,0,Regular Cutomers
7814,8,Young Karens
7815,3,Senior Karens
7816,3,Senior Karens
7817,1,Gamers
7818,4,Promotion Lovers
7819,8,Young Karens
7820,1,Gamers
7821,4,Promotion Lovers
7822,0,Regular Cutomers
7823,2,Clean & Green
7825,1,Gamers
7826,2,Clean & Green
7827,4,Promotion Lovers
7829,8,Young Karens
7831,5,Low-Value Occasional Customers
7832,4,Promotion Lovers
7833,0,Regular Cutomers
7836,7,Large Families
7837,0,Regular Cutomers
7838,4,Promotion Lovers
7839,5,Low-Value Occasional Customers
7840,0,Regular Cutomers
7841,0,Regular Cutomers
7842,0,Regular Cutomers
7843,6,High-Value Customers
7844,5,Low-Value Occasional Customers
7845,2,Clean & Green
7846,4,Promotion Lovers
7847,0,Regular Cutomers
7848,1,Gamers
7849,0,Regular Cutomers
7850,8,Young Karens
7851,4,Promotion Lovers
7853,8,Young Karens
7854,6,High-Value Customers
7855,0,Regular Cutomers
7856,6,High-Value Customers
7857,0,Regular Cutomers
7859,0,Regular Cutomers
7860,2,Clean & Green
7861,3,Senior Karens
7862,6,High-Value Customers
7863,5,Low-Value Occasional Customers
7864,7,Large Families
7865,0,Regular Cutomers
7866,8,Young Karens
7867,0,Regular Cutomers
7868,2,Clean & Green
7869,8,Young Karens
7871,6,High-Value Customers
7873,4,Promotion Lovers
7874,2,Clean & Green
7875,6,High-Value Customers
7876,1,Gamers
7877,0,Regular Cutomers
7879,7,Large Families
7880,4,Promotion Lovers
7881,0,Regular Cutomers
7882,4,Promotion Lovers
7883,0,Regular Cutomers
7884,6,High-Value Customers
7885,2,Clean & Green
7887,1,Gamers
7888,4,Promotion Lovers
7889,5,Low-Value Occasional Customers
7890,0,Regular Cutomers
7891,0,Regular Cutomers
7892,4,Promotion Lovers
7893,8,Young Karens
7896,0,Regular Cutomers
7897,1,Gamers
7898,0,Regular Cutomers
7899,4,Promotion Lovers
7900,2,Clean & Green
7901,5,Low-Value Occasional Customers
7902,0,Regular Cutomers
7903,0,Regular Cutomers
7904,0,Regular Cutomers
7906,4,Promotion Lovers
7908,4,Promotion Lovers
7909,4,Promotion Lovers
7910,5,Low-Value Occasional Customers
7911,4,Promotion Lovers
7912,6,High-Value Customers
7913,4,Promotion Lovers
7914,7,Large Families
7915,6,High-Value Customers
7916,0,Regular Cutomers
7917,2,Clean & Green
7920,2,Clean & Green
7921,0,Regular Cutomers
7924,0,Regular Cutomers
7926,3,Senior Karens
7927,4,Promotion Lovers
7928,5,Low-Value Occasional Customers
7930,0,Regular Cutomers
7931,0,Regular Cutomers
7932,4,Promotion Lovers
7933,8,Young Karens
7934,0,Regular Cutomers
7935,5,Low-Value Occasional Customers
7936,8,Young Karens
7937,5,Low-Value Occasional Customers
7938,0,Regular Cutomers
7940,7,Large Families
7941,5,Low-Value Occasional Customers
7942,0,Regular Cutomers
7944,7,Large Families
7945,2,Clean & Green
7946,0,Regular Cutomers
7948,7,Large Families
7950,8,Young Karens
7951,0,Regular Cutomers
7952,1,Gamers
7953,4,Promotion Lovers
7954,4,Promotion Lovers
7955,4,Promotion Lovers
7956,6,High-Value Customers
7957,0,Regular Cutomers
7958,2,Clean & Green
7959,0,Regular Cutomers
7961,6,High-Value Customers
7962,7,Large Families
7963,1,Gamers
7964,2,Clean & Green
7965,0,Regular Cutomers
7966,6,High-Value Customers
7967,4,Promotion Lovers
7968,0,Regular Cutomers
7970,3,Senior Karens
7971,4,Promotion Lovers
7972,6,High-Value Customers
7973,1,Gamers
7974,2,Clean & Green
7975,0,Regular Cutomers
7976,2,Clean & Green
7977,1,Gamers
7978,1,Gamers
7979,6,High-Value Customers
7980,0,Regular Cutomers
7981,0,Regular Cutomers
7983,0,Regular Cutomers
7985,1,Gamers
7987,4,Promotion Lovers
7988,1,Gamers
7989,6,High-Value Customers
7992,7,Large Families
7993,0,Regular Cutomers
7994,5,Low-Value Occasional Customers
7995,4,Promotion Lovers
7998,0,Regular Cutomers
7999,6,High-Value Customers
8000,5,Low-Value Occasional Customers
8001,5,Low-Value Occasional Customers
8002,6,High-Value Customers
8003,4,Promotion Lovers
8005,7,Large Families
8006,8,Young Karens
8007,0,Regular Cutomers
8008,3,Senior Karens
8009,7,Large Families
8010,8,Young Karens
8011,2,Clean & Green
8013,5,Low-Value Occasional Customers
8014,6,High-Value Customers
8015,4,Promotion Lovers
8016,6,High-Value Customers
8017,7,Large Families
8019,0,Regular Cutomers
8020,7,Large Families
8021,1,Gamers
8022,3,Senior Karens
8023,0,Regular Cutomers
8024,1,Gamers
8025,4,Promotion Lovers
8026,0,Regular Cutomers
8027,6,High-Value Customers
8028,0,Regular Cutomers
8029,4,Promotion Lovers
8030,2,Clean & Green
8031,0,Regular Cutomers
8032,6,High-Value Customers
8033,0,Regular Cutomers
8035,0,Regular Cutomers
8036,5,Low-Value Occasional Customers
8037,6,High-Value Customers
8039,5,Low-Value Occasional Customers
8040,4,Promotion Lovers
8042,2,Clean & Green
8043,5,Low-Value Occasional Customers
8044,1,Gamers
8045,7,Large Families
8046,8,Young Karens
8047,0,Regular Cutomers
8048,4,Promotion Lovers
8049,5,Low-Value Occasional Customers
8050,0,Regular Cutomers
8051,5,Low-Value Occasional Customers
8052,0,Regular Cutomers
8053,4,Promotion Lovers
8054,1,Gamers
8056,4,Promotion Lovers
8057,0,Regular Cutomers
8058,3,Senior Karens
8059,2,Clean & Green
8060,4,Promotion Lovers
8061,1,Gamers
8062,6,High-Value Customers
8063,6,High-Value Customers
8064,4,Promotion Lovers
8065,6,High-Value Customers
8066,4,Promotion Lovers
8067,0,Regular Cutomers
8068,0,Regular Cutomers
8069,7,Large Families
8070,5,Low-Value Occasional Customers
8071,2,Clean & Green
8072,6,High-Value Customers
8073,5,Low-Value Occasional Customers
8074,0,Regular Cutomers
8075,8,Young Karens
8076,5,Low-Value Occasional Customers
8077,4,Promotion Lovers
8078,7,Large Families
8079,1,Gamers
8080,7,Large Families
8081,7,Large Families
8082,0,Regular Cutomers
8083,2,Clean & Green
8084,5,Low-Value Occasional Customers
8085,7,Large Families
8086,5,Low-Value Occasional Customers
8087,6,High-Value Customers
8088,4,Promotion Lovers
8089,7,Large Families
8093,3,Senior Karens
8094,0,Regular Cutomers
8095,2,Clean & Green
8098,6,High-Value Customers
8099,0,Regular Cutomers
8100,0,Regular Cutomers
8102,4,Promotion Lovers
8104,0,Regular Cutomers
8105,2,Clean & Green
8107,0,Regular Cutomers
8108,0,Regular Cutomers
8109,6,High-Value Customers
8110,7,Large Families
8111,2,Clean & Green
8112,2,Clean & Green
8114,1,Gamers
8115,2,Clean & Green
8116,4,Promotion Lovers
8117,8,Young Karens
8118,4,Promotion Lovers
8119,0,Regular Cutomers
8121,5,Low-Value Occasional Customers
8122,0,Regular Cutomers
8123,7,Large Families
8124,6,High-Value Customers
8125,5,Low-Value Occasional Customers
8126,5,Low-Value Occasional Customers
8127,2,Clean & Green
8128,3,Senior Karens
8129,8,Young Karens
8130,0,Regular Cutomers
8131,6,High-Value Customers
8132,3,Senior Karens
8135,2,Clean & Green
8136,5,Low-Value Occasional Customers
8137,2,Clean & Green
8138,7,Large Families
8140,4,Promotion Lovers
8141,6,High-Value Customers
8143,2,Clean & Green
8144,8,Young Karens
8145,7,Large Families
8146,0,Regular Cutomers
8147,0,Regular Cutomers
8148,5,Low-Value Occasional Customers
8149,1,Gamers
8150,1,Gamers
8151,4,Promotion Lovers
8153,4,Promotion Lovers
8154,0,Regular Cutomers
8157,2,Clean & Green
8158,0,Regular Cutomers
8159,4,Promotion Lovers
8160,5,Low-Value Occasional Customers
8161,4,Promotion Lovers
8162,5,Low-Value Occasional Customers
8163,1,Gamers
8164,5,Low-Value Occasional Customers
8165,7,Large Families
8166,4,Promotion Lovers
8167,0,Regular Cutomers
8168,1,Gamers
8170,0,Regular Cutomers
8171,4,Promotion Lovers
8172,4,Promotion Lovers
8173,4,Promotion Lovers
8174,4,Promotion Lovers
8175,6,High-Value Customers
8176,5,Low-Value Occasional Customers
8177,5,Low-Value Occasional Customers
8178,7,Large Families
8179,7,Large Families
8181,7,Large Families
8182,1,Gamers
8183,4,Promotion Lovers
8184,1,Gamers
8186,0,Regular Cutomers
8187,6,High-Value Customers
8188,4,Promotion Lovers
8190,1,Gamers
8192,0,Regular Cutomers
8193,0,Regular Cutomers
8194,1,Gamers
8195,6,High-Value Customers
8197,8,Young Karens
8198,4,Promotion Lovers
8199,7,Large Families
8200,4,Promotion Lovers
8203,8,Young Karens
8204,5,Low-Value Occasional Customers
8206,4,Promotion Lovers
8207,2,Clean & Green
8208,5,Low-Value Occasional Customers
8209,8,Young Karens
8210,0,Regular Cutomers
8211,0,Regular Cutomers
8212,2,Clean & Green
8213,3,Senior Karens
8214,4,Promotion Lovers
8215,5,Low-Value Occasional Customers
8216,2,Clean & Green
8217,8,Young Karens
8220,6,High-Value Customers
8221,7,Large Families
8222,2,Clean & Green
8223,4,Promotion Lovers
8224,3,Senior Karens
8225,5,Low-Value Occasional Customers
8226,4,Promotion Lovers
8227,4,Promotion Lovers
8228,2,Clean & Green
8229,3,Senior Karens
8231,4,Promotion Lovers
8232,8,Young Karens
8233,4,Promotion Lovers
8234,4,Promotion Lovers
8235,1,Gamers
8236,0,Regular Cutomers
8237,3,Senior Karens
8239,6,High-Value Customers
8242,0,Regular Cutomers
8243,0,Regular Cutomers
8244,2,Clean & Green
8245,8,Young Karens
8246,1,Gamers
8247,6,High-Value Customers
8248,4,Promotion Lovers
8250,4,Promotion Lovers
8251,7,Large Families
8252,0,Regular Cutomers
8253,7,Large Families
8254,3,Senior Karens
8255,1,Gamers
8256,0,Regular Cutomers
8257,1,Gamers
8258,0,Regular Cutomers
8259,7,Large Families
8260,5,Low-Value Occasional Customers
8261,0,Regular Cutomers
8262,2,Clean & Green
8263,7,Large Families
8265,0,Regular Cutomers
8266,0,Regular Cutomers
8267,2,Clean & Green
8268,0,Regular Cutomers
8269,0,Regular Cutomers
8270,2,Clean & Green
8271,6,High-Value Customers
8273,0,Regular Cutomers
8274,4,Promotion Lovers
8275,3,Senior Karens
8276,5,Low-Value Occasional Customers
8277,5,Low-Value Occasional Customers
8279,0,Regular Cutomers
8280,7,Large Families
8281,0,Regular Cutomers
8282,0,Regular Cutomers
8283,4,Promotion Lovers
8284,5,Low-Value Occasional Customers
8285,7,Large Families
8287,5,Low-Value Occasional Customers
8288,4,Promotion Lovers
8289,0,Regular Cutomers
8290,0,Regular Cutomers
8291,5,Low-Value Occasional Customers
8292,7,Large Families
8294,1,Gamers
8295,6,High-Value Customers
8296,5,Low-Value Occasional Customers
8297,5,Low-Value Occasional Customers
8298,6,High-Value Customers
8300,2,Clean & Green
8301,5,Low-Value Occasional Customers
8302,7,Large Families
8303,4,Promotion Lovers
8304,5,Low-Value Occasional Customers
8305,4,Promotion Lovers
8306,5,Low-Value Occasional Customers
8307,0,Regular Cutomers
8309,5,Low-Value Occasional Customers
8310,1,Gamers
8311,0,Regular Cutomers
8312,0,Regular Cutomers
8313,7,Large Families
8314,8,Young Karens
8316,7,Large Families
8317,4,Promotion Lovers
8318,0,Regular Cutomers
8319,6,High-Value Customers
8321,6,High-Value Customers
8322,0,Regular Cutomers
8323,6,High-Value Customers
8324,6,High-Value Customers
8325,8,Young Karens
8326,5,Low-Value Occasional Customers
8327,4,Promotion Lovers
8328,1,Gamers
8329,5,Low-Value Occasional Customers
8331,0,Regular Cutomers
8333,4,Promotion Lovers
8334,6,High-Value Customers
8335,0,Regular Cutomers
8336,7,Large Families
8337,1,Gamers
8338,0,Regular Cutomers
8339,4,Promotion Lovers
8340,4,Promotion Lovers
8341,5,Low-Value Occasional Customers
8342,6,High-Value Customers
8343,0,Regular Cutomers
8344,6,High-Value Customers
8345,4,Promotion Lovers
8346,5,Low-Value Occasional Customers
8347,0,Regular Cutomers
8349,8,Young Karens
8350,2,Clean & Green
8351,5,Low-Value Occasional Customers
8352,0,Regular Cutomers
8353,0,Regular Cutomers
8354,6,High-Value Customers
8355,7,Large Families
8356,5,Low-Value Occasional Customers
8357,1,Gamers
8359,5,Low-Value Occasional Customers
8362,0,Regular Cutomers
8363,8,Young Karens
8365,2,Clean & Green
8366,0,Regular Cutomers
8367,0,Regular Cutomers
8368,7,Large Families
8369,1,Gamers
8370,0,Regular Cutomers
8371,1,Gamers
8372,8,Young Karens
8376,7,Large Families
8377,5,Low-Value Occasional Customers
8378,0,Regular Cutomers
8379,4,Promotion Lovers
8381,6,High-Value Customers
8382,7,Large Families
8383,2,Clean & Green
8384,2,Clean & Green
8385,6,High-Value Customers
8386,0,Regular Cutomers
8387,0,Regular Cutomers
8388,3,Senior Karens
8389,0,Regular Cutomers
8390,1,Gamers
8391,0,Regular Cutomers
8392,8,Young Karens
8394,2,Clean & Green
8395,4,Promotion Lovers
8396,7,Large Families
8398,0,Regular Cutomers
8400,2,Clean & Green
8401,0,Regular Cutomers
8403,7,Large Families
8404,0,Regular Cutomers
8405,2,Clean & Green
8406,4,Promotion Lovers
8407,0,Regular Cutomers
8408,1,Gamers
8409,4,Promotion Lovers
8410,3,Senior Karens
8411,2,Clean & Green
8412,0,Regular Cutomers
8413,0,Regular Cutomers
8414,7,Large Families
8415,7,Large Families
8416,2,Clean & Green
8419,8,Young Karens
8420,4,Promotion Lovers
8422,6,High-Value Customers
8423,0,Regular Cutomers
8424,1,Gamers
8425,2,Clean & Green
8426,5,Low-Value Occasional Customers
8427,2,Clean & Green
8428,3,Senior Karens
8429,2,Clean & Green
8431,6,High-Value Customers
8433,6,High-Value Customers
8434,0,Regular Cutomers
8435,3,Senior Karens
8436,0,Regular Cutomers
8437,5,Low-Value Occasional Customers
8438,5,Low-Value Occasional Customers
8439,7,Large Families
8440,0,Regular Cutomers
8441,1,Gamers
8442,4,Promotion Lovers
8443,4,Promotion Lovers
8445,4,Promotion Lovers
8446,2,Clean & Green
8447,6,High-Value Customers
8449,5,Low-Value Occasional Customers
8450,0,Regular Cutomers
8451,4,Promotion Lovers
8452,1,Gamers
8453,4,Promotion Lovers
8455,3,Senior Karens
8456,2,Clean & Green
8457,0,Regular Cutomers
8458,6,High-Value Customers
8459,2,Clean & Green
8460,6,High-Value Customers
8461,4,Promotion Lovers
8463,2,Clean & Green
8464,4,Promotion Lovers
8465,4,Promotion Lovers
8466,4,Promotion Lovers
8467,2,Clean & Green
8468,4,Promotion Lovers
8470,2,Clean & Green
8471,4,Promotion Lovers
8472,0,Regular Cutomers
8473,4,Promotion Lovers
8474,4,Promotion Lovers
8475,6,High-Value Customers
8476,0,Regular Cutomers
8477,3,Senior Karens
8478,3,Senior Karens
8479,4,Promotion Lovers
8480,0,Regular Cutomers
8481,4,Promotion Lovers
8482,8,Young Karens
8485,0,Regular Cutomers
8486,0,Regular Cutomers
8487,7,Large Families
8488,6,High-Value Customers
8489,4,Promotion Lovers
8490,2,Clean & Green
8492,4,Promotion Lovers
8493,0,Regular Cutomers
8494,7,Large Families
8495,1,Gamers
8496,0,Regular Cutomers
8497,0,Regular Cutomers
8499,8,Young Karens
8500,2,Clean & Green
8501,6,High-Value Customers
8502,1,Gamers
8503,6,High-Value Customers
8504,2,Clean & Green
8506,1,Gamers
8507,6,High-Value Customers
8508,0,Regular Cutomers
8509,6,High-Value Customers
8511,0,Regular Cutomers
8512,8,Young Karens
8513,8,Young Karens
8514,2,Clean & Green
8515,7,Large Families
8517,6,High-Value Customers
8518,5,Low-Value Occasional Customers
8519,2,Clean & Green
8520,2,Clean & Green
8521,4,Promotion Lovers
8522,7,Large Families
8523,4,Promotion Lovers
8525,3,Senior Karens
8527,4,Promotion Lovers
8530,5,Low-Value Occasional Customers
8531,2,Clean & Green
8532,0,Regular Cutomers
8533,0,Regular Cutomers
8534,7,Large Families
8535,0,Regular Cutomers
8536,6,High-Value Customers
8537,0,Regular Cutomers
8538,7,Large Families
8539,4,Promotion Lovers
8540,8,Young Karens
8541,7,Large Families
8542,6,High-Value Customers
8544,3,Senior Karens
8546,4,Promotion Lovers
8548,3,Senior Karens
8549,4,Promotion Lovers
8550,4,Promotion Lovers
8551,6,High-Value Customers
8552,0,Regular Cutomers
8553,2,Clean & Green
8555,4,Promotion Lovers
8556,5,Low-Value Occasional Customers
8557,4,Promotion Lovers
8558,5,Low-Value Occasional Customers
8559,5,Low-Value Occasional Customers
8560,0,Regular Cutomers
8561,8,Young Karens
8562,0,Regular Cutomers
8564,5,Low-Value Occasional Customers
8565,1,Gamers
8566,6,High-Value Customers
8567,7,Large Families
8569,3,Senior Karens
8571,0,Regular Cutomers
8572,0,Regular Cutomers
8573,2,Clean & Green
8575,2,Clean & Green
8576,2,Clean & Green
8577,8,Young Karens
8578,0,Regular Cutomers
8579,1,Gamers
8580,7,Large Families
8582,4,Promotion Lovers
8583,2,Clean & Green
8584,2,Clean & Green
8585,5,Low-Value Occasional Customers
8587,2,Clean & Green
8588,0,Regular Cutomers
8589,7,Large Families
8590,2,Clean & Green
8591,4,Promotion Lovers
8592,3,Senior Karens
8593,4,Promotion Lovers
8594,7,Large Families
8595,7,Large Families
8597,0,Regular Cutomers
8598,6,High-Value Customers
8601,4,Promotion Lovers
8603,3,Senior Karens
8604,5,Low-Value Occasional Customers
8605,0,Regular Cutomers
8607,0,Regular Cutomers
8608,0,Regular Cutomers
8609,0,Regular Cutomers
8610,4,Promotion Lovers
8611,0,Regular Cutomers
8612,0,Regular Cutomers
8613,3,Senior Karens
8615,2,Clean & Green
8616,0,Regular Cutomers
8617,5,Low-Value Occasional Customers
8618,1,Gamers
8619,0,Regular Cutomers
8620,8,Young Karens
8621,5,Low-Value Occasional Customers
8622,0,Regular Cutomers
8623,4,Promotion Lovers
8624,2,Clean & Green
8626,6,High-Value Customers
8627,0,Regular Cutomers
8628,0,Regular Cutomers
8629,8,Young Karens
8630,3,Senior Karens
8631,5,Low-Value Occasional Customers
8632,4,Promotion Lovers
8633,4,Promotion Lovers
8634,0,Regular Cutomers
8635,7,Large Families
8636,7,Large Families
8637,3,Senior Karens
8638,0,Regular Cutomers
8639,7,Large Families
8640,0,Regular Cutomers
8642,5,Low-Value Occasional Customers
8643,8,Young Karens
8644,6,High-Value Customers
8645,8,Young Karens
8646,8,Young Karens
8647,4,Promotion Lovers
8649,5,Low-Value Occasional Customers
8650,0,Regular Cutomers
8652,5,Low-Value Occasional Customers
8653,2,Clean & Green
8654,5,Low-Value Occasional Customers
8655,0,Regular Cutomers
8656,0,Regular Cutomers
8657,1,Gamers
8658,4,Promotion Lovers
8659,0,Regular Cutomers
8660,5,Low-Value Occasional Customers
8661,2,Clean & Green
8662,0,Regular Cutomers
8663,0,Regular Cutomers
8664,2,Clean & Green
8666,0,Regular Cutomers
8667,1,Gamers
8668,0,Regular Cutomers
8669,0,Regular Cutomers
8670,4,Promotion Lovers
8671,0,Regular Cutomers
8675,6,High-Value Customers
8676,7,Large Families
8677,8,Young Karens
8678,2,Clean & Green
8680,6,High-Value Customers
8682,0,Regular Cutomers
8683,2,Clean & Green
8684,1,Gamers
8685,8,Young Karens
8686,4,Promotion Lovers
8687,0,Regular Cutomers
8688,7,Large Families
8689,5,Low-Value Occasional Customers
8690,2,Clean & Green
8691,7,Large Families
8692,0,Regular Cutomers
8693,0,Regular Cutomers
8694,0,Regular Cutomers
8695,5,Low-Value Occasional Customers
8696,5,Low-Value Occasional Customers
8697,5,Low-Value Occasional Customers
8698,2,Clean & Green
8699,5,Low-Value Occasional Customers
8700,6,High-Value Customers
8701,6,High-Value Customers
8702,4,Promotion Lovers
8703,0,Regular Cutomers
8704,2,Clean & Green
8705,0,Regular Cutomers
8706,8,Young Karens
8707,0,Regular Cutomers
8708,6,High-Value Customers
8709,4,Promotion Lovers
8710,4,Promotion Lovers
8711,2,Clean & Green
8712,4,Promotion Lovers
8713,2,Clean & Green
8714,5,Low-Value Occasional Customers
8715,2,Clean & Green
8716,0,Regular Cutomers
8717,7,Large Families
8718,4,Promotion Lovers
8719,5,Low-Value Occasional Customers
8720,0,Regular Cutomers
8721,5,Low-Value Occasional Customers
8722,4,Promotion Lovers
8723,8,Young Karens
8724,7,Large Families
8725,7,Large Families
8726,8,Young Karens
8727,5,Low-Value Occasional Customers
8729,2,Clean & Green
8730,2,Clean & Green
8731,4,Promotion Lovers
8732,7,Large Families
8733,0,Regular Cutomers
8734,3,Senior Karens
8737,7,Large Families
8738,8,Young Karens
8740,4,Promotion Lovers
8741,0,Regular Cutomers
8742,0,Regular Cutomers
8743,0,Regular Cutomers
8745,1,Gamers
8746,0,Regular Cutomers
8748,5,Low-Value Occasional Customers
8749,7,Large Families
8750,4,Promotion Lovers
8751,3,Senior Karens
8752,4,Promotion Lovers
8753,2,Clean & Green
8754,4,Promotion Lovers
8755,0,Regular Cutomers
8756,4,Promotion Lovers
8757,1,Gamers
8759,0,Regular Cutomers
8762,0,Regular Cutomers
8763,8,Young Karens
8765,0,Regular Cutomers
8766,1,Gamers
8767,1,Gamers
8769,8,Young Karens
8770,5,Low-Value Occasional Customers
8771,8,Young Karens
8773,7,Large Families
8775,2,Clean & Green
8776,7,Large Families
8778,5,Low-Value Occasional Customers
8781,7,Large Families
8782,0,Regular Cutomers
8783,6,High-Value Customers
8784,6,High-Value Customers
8785,0,Regular Cutomers
8786,0,Regular Cutomers
8787,4,Promotion Lovers
8788,8,Young Karens
8790,2,Clean & Green
8791,2,Clean & Green
8792,0,Regular Cutomers
8794,1,Gamers
8795,4,Promotion Lovers
8796,6,High-Value Customers
8797,0,Regular Cutomers
8798,0,Regular Cutomers
8799,2,Clean & Green
8800,4,Promotion Lovers
8801,4,Promotion Lovers
8802,0,Regular Cutomers
8803,2,Clean & Green
8805,0,Regular Cutomers
8806,6,High-Value Customers
8807,3,Senior Karens
8809,0,Regular Cutomers
8810,6,High-Value Customers
8811,4,Promotion Lovers
8812,5,Low-Value Occasional Customers
8813,7,Large Families
8814,2,Clean & Green
8815,4,Promotion Lovers
8816,5,Low-Value Occasional Customers
8817,2,Clean & Green
8818,1,Gamers
8819,0,Regular Cutomers
8820,0,Regular Cutomers
8821,0,Regular Cutomers
8823,0,Regular Cutomers
8824,4,Promotion Lovers
8827,6,High-Value Customers
8828,1,Gamers
8829,4,Promotion Lovers
8830,8,Young Karens
8831,8,Young Karens
8832,5,Low-Value Occasional Customers
8833,1,Gamers
8834,0,Regular Cutomers
8835,8,Young Karens
8836,8,Young Karens
8837,7,Large Families
8838,6,High-Value Customers
8839,0,Regular Cutomers
8840,5,Low-Value Occasional Customers
8841,7,Large Families
8842,2,Clean & Green
8843,0,Regular Cutomers
8844,5,Low-Value Occasional Customers
8845,7,Large Families
8846,5,Low-Value Occasional Customers
8847,6,High-Value Customers
8848,5,Low-Value Occasional Customers
8849,1,Gamers
8850,3,Senior Karens
8851,6,High-Value Customers
8852,0,Regular Cutomers
8854,1,Gamers
8855,0,Regular Cutomers
8857,4,Promotion Lovers
8858,7,Large Families
8860,4,Promotion Lovers
8861,0,Regular Cutomers
8862,4,Promotion Lovers
8865,0,Regular Cutomers
8866,7,Large Families
8867,6,High-Value Customers
8868,5,Low-Value Occasional Customers
8869,4,Promotion Lovers
8870,1,Gamers
8872,0,Regular Cutomers
8875,4,Promotion Lovers
8876,4,Promotion Lovers
8877,5,Low-Value Occasional Customers
8878,2,Clean & Green
8879,4,Promotion Lovers
8881,0,Regular Cutomers
8882,4,Promotion Lovers
8883,7,Large Families
8884,0,Regular Cutomers
8885,8,Young Karens
8886,4,Promotion Lovers
8887,7,Large Families
8888,2,Clean & Green
8889,0,Regular Cutomers
8890,6,High-Value Customers
8891,4,Promotion Lovers
8893,4,Promotion Lovers
8894,2,Clean & Green
8895,4,Promotion Lovers
8896,5,Low-Value Occasional Customers
8897,1,Gamers
8898,0,Regular Cutomers
8901,5,Low-Value Occasional Customers
8902,4,Promotion Lovers
8903,2,Clean & Green
8904,5,Low-Value Occasional Customers
8907,6,High-Value Customers
8908,6,High-Value Customers
8909,5,Low-Value Occasional Customers
8910,4,Promotion Lovers
8912,0,Regular Cutomers
8913,2,Clean & Green
8914,1,Gamers
8915,2,Clean & Green
8916,6,High-Value Customers
8917,3,Senior Karens
8918,6,High-Value Customers
8920,0,Regular Cutomers
8921,2,Clean & Green
8922,4,Promotion Lovers
8923,4,Promotion Lovers
8924,7,Large Families
8926,6,High-Value Customers
8928,0,Regular Cutomers
8929,0,Regular Cutomers
8930,0,Regular Cutomers
8931,4,Promotion Lovers
8932,4,Promotion Lovers
8933,0,Regular Cutomers
8934,8,Young Karens
8935,2,Clean & Green
8936,0,Regular Cutomers
8937,7,Large Families
8941,5,Low-Value Occasional Customers
8942,7,Large Families
8943,0,Regular Cutomers
8944,2,Clean & Green
8946,1,Gamers
8947,0,Regular Cutomers
8948,8,Young Karens
8949,8,Young Karens
8951,7,Large Families
8952,5,Low-Value Occasional Customers
8953,5,Low-Value Occasional Customers
8954,0,Regular Cutomers
8955,3,Senior Karens
8956,5,Low-Value Occasional Customers
8957,4,Promotion Lovers
8958,0,Regular Cutomers
8959,0,Regular Cutomers
8960,2,Clean & Green
8961,1,Gamers
8962,4,Promotion Lovers
8963,4,Promotion Lovers
8964,0,Regular Cutomers
8965,8,Young Karens
8966,1,Gamers
8968,2,Clean & Green
8969,4,Promotion Lovers
8970,0,Regular Cutomers
8971,8,Young Karens
8973,4,Promotion Lovers
8974,5,Low-Value Occasional Customers
8975,2,Clean & Green
8976,3,Senior Karens
8977,5,Low-Value Occasional Customers
8978,1,Gamers
8979,2,Clean & Green
8980,0,Regular Cutomers
8981,6,High-Value Customers
8982,2,Clean & Green
8983,7,Large Families
8984,6,High-Value Customers
8985,5,Low-Value Occasional Customers
8986,8,Young Karens
8987,4,Promotion Lovers
8988,1,Gamers
8989,8,Young Karens
8990,3,Senior Karens
8991,6,High-Value Customers
8992,7,Large Families
8993,1,Gamers
8994,1,Gamers
8996,0,Regular Cutomers
8997,2,Clean & Green
8998,1,Gamers
8999,2,Clean & Green
9000,7,Large Families
9002,1,Gamers
9003,6,High-Value Customers
9004,6,High-Value Customers
9006,6,High-Value Customers
9007,8,Young Karens
9008,6,High-Value Customers
9009,4,Promotion Lovers
9010,2,Clean & Green
9011,6,High-Value Customers
9014,0,Regular Cutomers
9015,6,High-Value Customers
9016,1,Gamers
9019,5,Low-Value Occasional Customers
9021,4,Promotion Lovers
9022,3,Senior Karens
9025,7,Large Families
9026,2,Clean & Green
9027,1,Gamers
9029,7,Large Families
9031,4,Promotion Lovers
9032,2,Clean & Green
9033,3,Senior Karens
9035,5,Low-Value Occasional Customers
9037,2,Clean & Green
9038,6,High-Value Customers
9039,5,Low-Value Occasional Customers
9040,5,Low-Value Occasional Customers
9041,6,High-Value Customers
9042,0,Regular Cutomers
9043,0,Regular Cutomers
9044,6,High-Value Customers
9045,5,Low-Value Occasional Customers
9046,7,Large Families
9048,0,Regular Cutomers
9049,7,Large Families
9050,6,High-Value Customers
9053,8,Young Karens
9054,4,Promotion Lovers
9055,6,High-Value Customers
9056,4,Promotion Lovers
9057,4,Promotion Lovers
9058,4,Promotion Lovers
9059,4,Promotion Lovers
9061,0,Regular Cutomers
9062,4,Promotion Lovers
9063,1,Gamers
9064,4,Promotion Lovers
9065,5,Low-Value Occasional Customers
9067,7,Large Families
9068,6,High-Value Customers
9069,0,Regular Cutomers
9070,2,Clean & Green
9071,6,High-Value Customers
9072,0,Regular Cutomers
9073,0,Regular Cutomers
9074,4,Promotion Lovers
9075,6,High-Value Customers
9076,4,Promotion Lovers
9077,6,High-Value Customers
9079,2,Clean & Green
9080,4,Promotion Lovers
9081,4,Promotion Lovers
9082,1,Gamers
9083,0,Regular Cutomers
9084,0,Regular Cutomers
9086,6,High-Value Customers
9087,6,High-Value Customers
9088,1,Gamers
9090,4,Promotion Lovers
9091,4,Promotion Lovers
9092,4,Promotion Lovers
9093,2,Clean & Green
9095,7,Large Families
9096,0,Regular Cutomers
9097,2,Clean & Green
9098,2,Clean & Green
9100,6,High-Value Customers
9101,0,Regular Cutomers
9102,6,High-Value Customers
9103,8,Young Karens
9104,5,Low-Value Occasional Customers
9105,6,High-Value Customers
9106,7,Large Families
9107,3,Senior Karens
9110,6,High-Value Customers
9111,6,High-Value Customers
9112,2,Clean & Green
9113,7,Large Families
9114,2,Clean & Green
9116,0,Regular Cutomers
9117,4,Promotion Lovers
9118,6,High-Value Customers
9120,0,Regular Cutomers
9121,7,Large Families
9122,7,Large Families
9123,7,Large Families
9124,6,High-Value Customers
9125,3,Senior Karens
9126,0,Regular Cutomers
9127,0,Regular Cutomers
9128,0,Regular Cutomers
9130,1,Gamers
9131,6,High-Value Customers
9132,5,Low-Value Occasional Customers
9133,4,Promotion Lovers
9134,0,Regular Cutomers
9135,6,High-Value Customers
9136,4,Promotion Lovers
9137,2,Clean & Green
9138,8,Young Karens
9140,6,High-Value Customers
9141,4,Promotion Lovers
9142,4,Promotion Lovers
9143,8,Young Karens
9144,3,Senior Karens
9145,7,Large Families
9146,2,Clean & Green
9147,5,Low-Value Occasional Customers
9148,4,Promotion Lovers
9149,5,Low-Value Occasional Customers
9151,1,Gamers
9152,7,Large Families
9153,0,Regular Cutomers
9154,1,Gamers
9155,2,Clean & Green
9156,0,Regular Cutomers
9157,0,Regular Cutomers
9158,7,Large Families
9159,1,Gamers
9160,7,Large Families
9162,8,Young Karens
9163,8,Young Karens
9164,0,Regular Cutomers
9166,6,High-Value Customers
9167,0,Regular Cutomers
9168,1,Gamers
9169,6,High-Value Customers
9170,5,Low-Value Occasional Customers
9171,6,High-Value Customers
9172,4,Promotion Lovers
9173,4,Promotion Lovers
9174,4,Promotion Lovers
9175,6,High-Value Customers
9176,6,High-Value Customers
9177,2,Clean & Green
9179,2,Clean & Green
9180,4,Promotion Lovers
9181,0,Regular Cutomers
9182,6,High-Value Customers
9183,3,Senior Karens
9184,4,Promotion Lovers
9185,7,Large Families
9186,2,Clean & Green
9188,6,High-Value Customers
9189,4,Promotion Lovers
9191,1,Gamers
9192,0,Regular Cutomers
9194,3,Senior Karens
9195,3,Senior Karens
9196,6,High-Value Customers
9197,1,Gamers
9198,0,Regular Cutomers
9199,1,Gamers
9200,0,Regular Cutomers
9202,4,Promotion Lovers
9203,0,Regular Cutomers
9204,6,High-Value Customers
9205,7,Large Families
9206,5,Low-Value Occasional Customers
9208,4,Promotion Lovers
9209,8,Young Karens
9210,4,Promotion Lovers
9211,0,Regular Cutomers
9212,7,Large Families
9214,3,Senior Karens
9215,4,Promotion Lovers
9216,2,Clean & Green
9217,5,Low-Value Occasional Customers
9218,6,High-Value Customers
9219,4,Promotion Lovers
9220,4,Promotion Lovers
9221,3,Senior Karens
9222,8,Young Karens
9225,7,Large Families
9226,8,Young Karens
9228,4,Promotion Lovers
9229,0,Regular Cutomers
9231,4,Promotion Lovers
9232,8,Young Karens
9233,7,Large Families
9234,1,Gamers
9235,7,Large Families
9236,6,High-Value Customers
9237,1,Gamers
9238,4,Promotion Lovers
9239,0,Regular Cutomers
9240,8,Young Karens
9241,8,Young Karens
9242,6,High-Value Customers
9243,0,Regular Cutomers
9245,4,Promotion Lovers
9246,4,Promotion Lovers
9247,4,Promotion Lovers
9248,6,High-Value Customers
9249,3,Senior Karens
9250,1,Gamers
9252,7,Large Families
9253,4,Promotion Lovers
9254,4,Promotion Lovers
9255,8,Young Karens
9256,0,Regular Cutomers
9258,4,Promotion Lovers
9261,1,Gamers
9263,7,Large Families
9265,3,Senior Karens
9266,4,Promotion Lovers
9267,5,Low-Value Occasional Customers
9268,7,Large Families
9269,6,High-Value Customers
9270,6,High-Value Customers
9271,1,Gamers
9272,7,Large Families
9273,2,Clean & Green
9274,0,Regular Cutomers
9275,4,Promotion Lovers
9276,1,Gamers
9277,5,Low-Value Occasional Customers
9278,6,High-Value Customers
9279,1,Gamers
9280,6,High-Value Customers
9281,4,Promotion Lovers
9282,4,Promotion Lovers
9283,3,Senior Karens
9284,5,Low-Value Occasional Customers
9285,5,Low-Value Occasional Customers
9286,0,Regular Cutomers
9288,1,Gamers
9290,2,Clean & Green
9292,5,Low-Value Occasional Customers
9293,0,Regular Cutomers
9294,1,Gamers
9295,0,Regular Cutomers
9296,4,Promotion Lovers
9297,6,High-Value Customers
9298,1,Gamers
9299,0,Regular Cutomers
9300,6,High-Value Customers
9301,8,Young Karens
9303,7,Large Families
9304,1,Gamers
9305,1,Gamers
9306,5,Low-Value Occasional Customers
9307,1,Gamers
9308,8,Young Karens
9310,7,Large Families
9313,5,Low-Value Occasional Customers
9316,1,Gamers
9317,3,Senior Karens
9319,7,Large Families
9322,3,Senior Karens
9323,0,Regular Cutomers
9324,7,Large Families
9325,0,Regular Cutomers
9327,7,Large Families
9328,0,Regular Cutomers
9329,2,Clean & Green
9330,0,Regular Cutomers
9331,2,Clean & Green
9332,5,Low-Value Occasional Customers
9333,5,Low-Value Occasional Customers
9334,7,Large Families
9335,7,Large Families
9336,8,Young Karens
9337,8,Young Karens
9338,0,Regular Cutomers
9339,0,Regular Cutomers
9340,0,Regular Cutomers
9341,2,Clean & Green
9343,2,Clean & Green
9344,2,Clean & Green
9345,0,Regular Cutomers
9346,4,Promotion Lovers
9348,6,High-Value Customers
9349,5,Low-Value Occasional Customers
9351,2,Clean & Green
9352,4,Promotion Lovers
9353,6,High-Value Customers
9354,5,Low-Value Occasional Customers
9355,6,High-Value Customers
9357,2,Clean & Green
9358,8,Young Karens
9359,5,Low-Value Occasional Customers
9360,0,Regular Cutomers
9362,8,Young Karens
9363,3,Senior Karens
9364,7,Large Families
9365,6,High-Value Customers
9366,8,Young Karens
9367,4,Promotion Lovers
9368,1,Gamers
9369,3,Senior Karens
9370,8,Young Karens
9371,4,Promotion Lovers
9372,0,Regular Cutomers
9373,6,High-Value Customers
9375,4,Promotion Lovers
9377,5,Low-Value Occasional Customers
9378,4,Promotion Lovers
9379,2,Clean & Green
9380,8,Young Karens
9381,2,Clean & Green
9382,0,Regular Cutomers
9383,6,High-Value Customers
9384,7,Large Families
9385,5,Low-Value Occasional Customers
9386,2,Clean & Green
9387,1,Gamers
9388,4,Promotion Lovers
9389,0,Regular Cutomers
9390,3,Senior Karens
9391,0,Regular Cutomers
9392,1,Gamers
9393,7,Large Families
9394,4,Promotion Lovers
9395,2,Clean & Green
9396,5,Low-Value Occasional Customers
9397,1,Gamers
9398,7,Large Families
9399,8,Young Karens
9400,5,Low-Value Occasional Customers
9402,7,Large Families
9403,4,Promotion Lovers
9404,3,Senior Karens
9406,2,Clean & Green
9407,0,Regular Cutomers
9408,5,Low-Value Occasional Customers
9409,4,Promotion Lovers
9410,1,Gamers
9411,1,Gamers
9412,1,Gamers
9413,0,Regular Cutomers
9414,4,Promotion Lovers
9415,8,Young Karens
9417,0,Regular Cutomers
9420,5,Low-Value Occasional Customers
9421,0,Regular Cutomers
9422,3,Senior Karens
9423,4,Promotion Lovers
9424,0,Regular Cutomers
9425,7,Large Families
9426,4,Promotion Lovers
9427,2,Clean & Green
9428,0,Regular Cutomers
9429,7,Large Families
9430,0,Regular Cutomers
9431,0,Regular Cutomers
9433,6,High-Value Customers
9434,8,Young Karens
9435,2,Clean & Green
9436,4,Promotion Lovers
9437,0,Regular Cutomers
9438,1,Gamers
9439,2,Clean & Green
9440,7,Large Families
9442,0,Regular Cutomers
9443,6,High-Value Customers
9444,0,Regular Cutomers
9446,3,Senior Karens
9447,3,Senior Karens
9448,2,Clean & Green
9449,5,Low-Value Occasional Customers
9451,1,Gamers
9452,2,Clean & Green
9453,0,Regular Cutomers
9454,6,High-Value Customers
9455,3,Senior Karens
9456,1,Gamers
9458,0,Regular Cutomers
9459,7,Large Families
9460,2,Clean & Green
9464,6,High-Value Customers
9465,0,Regular Cutomers
9466,5,Low-Value Occasional Customers
9467,4,Promotion Lovers
9468,7,Large Families
9469,0,Regular Cutomers
9471,4,Promotion Lovers
9473,2,Clean & Green
9474,3,Senior Karens
9475,4,Promotion Lovers
9476,8,Young Karens
9477,4,Promotion Lovers
9478,7,Large Families
9479,1,Gamers
9480,0,Regular Cutomers
9482,0,Regular Cutomers
9483,0,Regular Cutomers
9484,5,Low-Value Occasional Customers
9485,6,High-Value Customers
9486,0,Regular Cutomers
9487,4,Promotion Lovers
9489,6,High-Value Customers
9490,4,Promotion Lovers
9491,6,High-Value Customers
9492,4,Promotion Lovers
9493,0,Regular Cutomers
9494,4,Promotion Lovers
9496,8,Young Karens
9497,6,High-Value Customers
9498,7,Large Families
9499,1,Gamers
9500,6,High-Value Customers
9502,8,Young Karens
9503,6,High-Value Customers
9504,0,Regular Cutomers
9505,0,Regular Cutomers
9506,6,High-Value Customers
9507,0,Regular Cutomers
9508,5,Low-Value Occasional Customers
9509,1,Gamers
9510,4,Promotion Lovers
9511,4,Promotion Lovers
9512,8,Young Karens
9514,1,Gamers
9516,6,High-Value Customers
9518,2,Clean & Green
9519,0,Regular Cutomers
9520,4,Promotion Lovers
9522,4,Promotion Lovers
9523,7,Large Families
9524,5,Low-Value Occasional Customers
9526,0,Regular Cutomers
9528,4,Promotion Lovers
9530,2,Clean & Green
9532,0,Regular Cutomers
9533,4,Promotion Lovers
9535,6,High-Value Customers
9536,0,Regular Cutomers
9539,7,Large Families
9540,1,Gamers
9541,1,Gamers
9542,5,Low-Value Occasional Customers
9543,6,High-Value Customers
9544,0,Regular Cutomers
9547,1,Gamers
9548,2,Clean & Green
9549,1,Gamers
9550,2,Clean & Green
9551,0,Regular Cutomers
9552,7,Large Families
9553,0,Regular Cutomers
9554,6,High-Value Customers
9556,6,High-Value Customers
9557,8,Young Karens
9558,5,Low-Value Occasional Customers
9559,1,Gamers
9560,2,Clean & Green
9561,4,Promotion Lovers
9562,1,Gamers
9563,1,Gamers
9564,0,Regular Cutomers
9565,1,Gamers
9567,4,Promotion Lovers
9568,6,High-Value Customers
9569,6,High-Value Customers
9570,4,Promotion Lovers
9571,0,Regular Cutomers
9572,4,Promotion Lovers
9573,4,Promotion Lovers
9574,2,Clean & Green
9576,7,Large Families
9577,0,Regular Cutomers
9578,7,Large Families
9579,1,Gamers
9580,7,Large Families
9581,6,High-Value Customers
9582,2,Clean & Green
9583,6,High-Value Customers
9584,5,Low-Value Occasional Customers
9585,0,Regular Cutomers
9586,4,Promotion Lovers
9587,4,Promotion Lovers
9588,5,Low-Value Occasional Customers
9589,0,Regular Cutomers
9590,7,Large Families
9592,2,Clean & Green
9593,0,Regular Cutomers
9594,0,Regular Cutomers
9595,7,Large Families
9597,3,Senior Karens
9598,8,Young Karens
9599,7,Large Families
9600,0,Regular Cutomers
9602,6,High-Value Customers
9603,0,Regular Cutomers
9606,4,Promotion Lovers
9607,0,Regular Cutomers
9608,4,Promotion Lovers
9609,2,Clean & Green
9610,1,Gamers
9611,0,Regular Cutomers
9613,7,Large Families
9614,1,Gamers
9616,0,Regular Cutomers
9617,4,Promotion Lovers
9618,2,Clean & Green
9619,0,Regular Cutomers
9620,7,Large Families
9621,2,Clean & Green
9622,0,Regular Cutomers
9623,3,Senior Karens
9625,3,Senior Karens
9626,7,Large Families
9627,6,High-Value Customers
9628,4,Promotion Lovers
9629,0,Regular Cutomers
9630,0,Regular Cutomers
9631,2,Clean & Green
9632,4,Promotion Lovers
9633,1,Gamers
9635,4,Promotion Lovers
9636,8,Young Karens
9637,2,Clean & Green
9638,4,Promotion Lovers
9640,5,Low-Value Occasional Customers
9641,6,High-Value Customers
9642,5,Low-Value Occasional Customers
9643,0,Regular Cutomers
9644,4,Promotion Lovers
9645,0,Regular Cutomers
9646,0,Regular Cutomers
9647,6,High-Value Customers
9650,6,High-Value Customers
9651,1,Gamers
9652,0,Regular Cutomers
9653,2,Clean & Green
9654,0,Regular Cutomers
9655,5,Low-Value Occasional Customers
9656,6,High-Value Customers
9657,0,Regular Cutomers
9658,4,Promotion Lovers
9659,0,Regular Cutomers
9660,5,Low-Value Occasional Customers
9661,5,Low-Value Occasional Customers
9662,2,Clean & Green
9663,3,Senior Karens
9664,6,High-Value Customers
9665,7,Large Families
9666,0,Regular Cutomers
9667,8,Young Karens
9668,1,Gamers
9670,1,Gamers
9671,5,Low-Value Occasional Customers
9672,1,Gamers
9674,1,Gamers
9675,7,Large Families
9676,4,Promotion Lovers
9677,5,Low-Value Occasional Customers
9678,4,Promotion Lovers
9679,1,Gamers
9680,0,Regular Cutomers
9681,2,Clean & Green
9683,0,Regular Cutomers
9684,1,Gamers
9685,5,Low-Value Occasional Customers
9686,6,High-Value Customers
9687,0,Regular Cutomers
9688,0,Regular Cutomers
9689,5,Low-Value Occasional Customers
9691,1,Gamers
9692,7,Large Families
9693,5,Low-Value Occasional Customers
9694,8,Young Karens
9695,0,Regular Cutomers
9696,5,Low-Value Occasional Customers
9697,0,Regular Cutomers
9700,4,Promotion Lovers
9701,8,Young Karens
9702,0,Regular Cutomers
9703,4,Promotion Lovers
9704,1,Gamers
9705,0,Regular Cutomers
9706,8,Young Karens
9707,0,Regular Cutomers
9708,7,Large Families
9709,0,Regular Cutomers
9712,2,Clean & Green
9713,4,Promotion Lovers
9714,4,Promotion Lovers
9715,0,Regular Cutomers
9716,0,Regular Cutomers
9717,3,Senior Karens
9718,0,Regular Cutomers
9719,0,Regular Cutomers
9720,6,High-Value Customers
9721,0,Regular Cutomers
9722,0,Regular Cutomers
9723,0,Regular Cutomers
9724,0,Regular Cutomers
9726,4,Promotion Lovers
9727,7,Large Families
9728,0,Regular Cutomers
9729,5,Low-Value Occasional Customers
9730,6,High-Value Customers
9731,7,Large Families
9732,7,Large Families
9734,6,High-Value Customers
9735,5,Low-Value Occasional Customers
9736,4,Promotion Lovers
9737,0,Regular Cutomers
9739,4,Promotion Lovers
9740,7,Large Families
9741,8,Young Karens
9742,5,Low-Value Occasional Customers
9743,4,Promotion Lovers
9744,6,High-Value Customers
9745,2,Clean & Green
9747,2,Clean & Green
9748,4,Promotion Lovers
9749,0,Regular Cutomers
9750,2,Clean & Green
9751,0,Regular Cutomers
9752,4,Promotion Lovers
9753,0,Regular Cutomers
9754,7,Large Families
9757,0,Regular Cutomers
9758,1,Gamers
9760,4,Promotion Lovers
9761,4,Promotion Lovers
9762,8,Young Karens
9763,0,Regular Cutomers
9764,2,Clean & Green
9765,7,Large Families
9768,7,Large Families
9771,4,Promotion Lovers
9772,4,Promotion Lovers
9773,8,Young Karens
9774,1,Gamers
9775,0,Regular Cutomers
9776,4,Promotion Lovers
9777,0,Regular Cutomers
9778,2,Clean & Green
9779,4,Promotion Lovers
9780,0,Regular Cutomers
9781,0,Regular Cutomers
9783,8,Young Karens
9784,8,Young Karens
9785,2,Clean & Green
9786,4,Promotion Lovers
9788,4,Promotion Lovers
9789,4,Promotion Lovers
9790,0,Regular Cutomers
9791,5,Low-Value Occasional Customers
9792,0,Regular Cutomers
9793,6,High-Value Customers
9795,4,Promotion Lovers
9796,4,Promotion Lovers
9798,0,Regular Cutomers
9800,6,High-Value Customers
9801,3,Senior Karens
9802,0,Regular Cutomers
9803,4,Promotion Lovers
9804,8,Young Karens
9805,8,Young Karens
9806,4,Promotion Lovers
9807,1,Gamers
9809,2,Clean & Green
9811,1,Gamers
9812,4,Promotion Lovers
9814,4,Promotion Lovers
9815,7,Large Families
9817,0,Regular Cutomers
9818,0,Regular Cutomers
9819,6,High-Value Customers
9820,4,Promotion Lovers
9822,4,Promotion Lovers
9823,1,Gamers
9824,4,Promotion Lovers
9825,7,Large Families
9826,1,Gamers
9827,1,Gamers
9828,2,Clean & Green
9829,2,Clean & Green
9830,2,Clean & Green
9832,7,Large Families
9833,2,Clean & Green
9834,2,Clean & Green
9835,4,Promotion Lovers
9836,0,Regular Cutomers
9837,1,Gamers
9838,2,Clean & Green
9839,4,Promotion Lovers
9840,0,Regular Cutomers
9841,5,Low-Value Occasional Customers
9842,4,Promotion Lovers
9843,2,Clean & Green
9844,2,Clean & Green
9846,1,Gamers
9847,4,Promotion Lovers
9848,0,Regular Cutomers
9849,5,Low-Value Occasional Customers
9850,7,Large Families
9851,3,Senior Karens
9852,0,Regular Cutomers
9853,4,Promotion Lovers
9854,4,Promotion Lovers
9855,0,Regular Cutomers
9856,7,Large Families
9857,0,Regular Cutomers
9858,4,Promotion Lovers
9859,2,Clean & Green
9860,2,Clean & Green
9861,8,Young Karens
9863,6,High-Value Customers
9865,4,Promotion Lovers
9866,0,Regular Cutomers
9867,1,Gamers
9868,1,Gamers
9869,6,High-Value Customers
9870,4,Promotion Lovers
9871,6,High-Value Customers
9872,5,Low-Value Occasional Customers
9873,4,Promotion Lovers
9874,5,Low-Value Occasional Customers
9875,1,Gamers
9876,1,Gamers
9877,4,Promotion Lovers
9878,2,Clean & Green
9879,4,Promotion Lovers
9880,8,Young Karens
9881,7,Large Families
9882,0,Regular Cutomers
9883,7,Large Families
9885,8,Young Karens
9886,1,Gamers
9887,7,Large Families
9888,4,Promotion Lovers
9890,0,Regular Cutomers
9892,0,Regular Cutomers
9893,6,High-Value Customers
9894,4,Promotion Lovers
9895,4,Promotion Lovers
9896,3,Senior Karens
9897,2,Clean & Green
9898,6,High-Value Customers
9899,0,Regular Cutomers
9900,5,Low-Value Occasional Customers
9901,7,Large Families
9902,5,Low-Value Occasional Customers
9904,8,Young Karens
9905,4,Promotion Lovers
9906,4,Promotion Lovers
9907,0,Regular Cutomers
9908,7,Large Families
9909,2,Clean & Green
9910,4,Promotion Lovers
9911,5,Low-Value Occasional Customers
9913,0,Regular Cutomers
9914,1,Gamers
9915,4,Promotion Lovers
9917,0,Regular Cutomers
9918,1,Gamers
9919,7,Large Families
9920,6,High-Value Customers
9921,4,Promotion Lovers
9925,4,Promotion Lovers
9926,1,Gamers
9927,3,Senior Karens
9929,0,Regular Cutomers
9932,7,Large Families
9934,5,Low-Value Occasional Customers
9935,5,Low-Value Occasional Customers
9936,2,Clean & Green
9937,4,Promotion Lovers
9940,3,Senior Karens
9941,6,High-Value Customers
9942,0,Regular Cutomers
9943,7,Large Families
9944,5,Low-Value Occasional Customers
9947,3,Senior Karens
9948,4,Promotion Lovers
9949,6,High-Value Customers
9950,0,Regular Cutomers
9951,0,Regular Cutomers
9952,8,Young Karens
9953,2,Clean & Green
9954,0,Regular Cutomers
9955,5,Low-Value Occasional Customers
9957,6,High-Value Customers
9958,7,Large Families
9960,5,Low-Value Occasional Customers
9962,0,Regular Cutomers
9963,8,Young Karens
9965,4,Promotion Lovers
9966,4,Promotion Lovers
9969,6,High-Value Customers
9971,0,Regular Cutomers
9974,6,High-Value Customers
9975,1,Gamers
9976,6,High-Value Customers
9977,0,Regular Cutomers
9978,7,Large Families
9979,5,Low-Value Occasional Customers
9980,4,Promotion Lovers
9982,7,Large Families
9983,4,Promotion Lovers
9985,1,Gamers
9986,5,Low-Value Occasional Customers
9987,7,Large Families
9988,7,Large Families
9989,7,Large Families
9990,4,Promotion Lovers
9991,0,Regular Cutomers
9992,5,Low-Value Occasional Customers
9994,5,Low-Value Occasional Customers
9995,0,Regular Cutomers
9996,5,Low-Value Occasional Customers
9997,6,High-Value Customers
9998,6,High-Value Customers
10000,4,Promotion Lovers
10001,1,Gamers
10002,5,Low-Value Occasional Customers
10004,0,Regular Cutomers
10006,7,Large Families
10008,4,Promotion Lovers
10009,0,Regular Cutomers
10010,4,Promotion Lovers
10011,1,Gamers
10012,5,Low-Value Occasional Customers
10013,6,High-Value Customers
10014,0,Regular Cutomers
10015,5,Low-Value Occasional Customers
10016,4,Promotion Lovers
10017,0,Regular Cutomers
10019,5,Low-Value Occasional Customers
10020,0,Regular Cutomers
10021,6,High-Value Customers
10022,6,High-Value Customers
10023,6,High-Value Customers
10024,0,Regular Cutomers
10025,2,Clean & Green
10026,2,Clean & Green
10027,6,High-Value Customers
10028,0,Regular Cutomers
10029,0,Regular Cutomers
10030,4,Promotion Lovers
10031,7,Large Families
10032,0,Regular Cutomers
10035,4,Promotion Lovers
10036,7,Large Families
10038,0,Regular Cutomers
10039,5,Low-Value Occasional Customers
10040,1,Gamers
10042,0,Regular Cutomers
10044,7,Large Families
10045,1,Gamers
10046,1,Gamers
10047,5,Low-Value Occasional Customers
10048,0,Regular Cutomers
10050,2,Clean & Green
10051,4,Promotion Lovers
10052,5,Low-Value Occasional Customers
10053,2,Clean & Green
10054,5,Low-Value Occasional Customers
10055,2,Clean & Green
10056,6,High-Value Customers
10057,5,Low-Value Occasional Customers
10058,8,Young Karens
10059,4,Promotion Lovers
10060,1,Gamers
10062,6,High-Value Customers
10063,6,High-Value Customers
10064,4,Promotion Lovers
10065,3,Senior Karens
10066,1,Gamers
10068,4,Promotion Lovers
10070,0,Regular Cutomers
10072,5,Low-Value Occasional Customers
10073,0,Regular Cutomers
10074,0,Regular Cutomers
10075,0,Regular Cutomers
10076,3,Senior Karens
10077,5,Low-Value Occasional Customers
10078,0,Regular Cutomers
10079,5,Low-Value Occasional Customers
10080,0,Regular Cutomers
10081,6,High-Value Customers
10082,1,Gamers
10083,2,Clean & Green
10085,7,Large Families
10086,7,Large Families
10087,5,Low-Value Occasional Customers
10088,6,High-Value Customers
10090,0,Regular Cutomers
10091,2,Clean & Green
10093,6,High-Value Customers
10094,0,Regular Cutomers
10095,0,Regular Cutomers
10097,0,Regular Cutomers
10098,0,Regular Cutomers
10099,0,Regular Cutomers
10100,0,Regular Cutomers
10101,6,High-Value Customers
10102,1,Gamers
10103,5,Low-Value Occasional Customers
10105,0,Regular Cutomers
10106,4,Promotion Lovers
10107,5,Low-Value Occasional Customers
10110,4,Promotion Lovers
10111,5,Low-Value Occasional Customers
10112,5,Low-Value Occasional Customers
10113,0,Regular Cutomers
10114,0,Regular Cutomers
10115,1,Gamers
10116,4,Promotion Lovers
10120,0,Regular Cutomers
10121,5,Low-Value Occasional Customers
10122,8,Young Karens
10123,0,Regular Cutomers
10124,2,Clean & Green
10125,3,Senior Karens
10126,4,Promotion Lovers
10127,6,High-Value Customers
10128,0,Regular Cutomers
10130,1,Gamers
10133,4,Promotion Lovers
10134,0,Regular Cutomers
10135,5,Low-Value Occasional Customers
10136,0,Regular Cutomers
10137,0,Regular Cutomers
10139,4,Promotion Lovers
10140,5,Low-Value Occasional Customers
10141,1,Gamers
10142,5,Low-Value Occasional Customers
10144,4,Promotion Lovers
10145,6,High-Value Customers
10147,4,Promotion Lovers
10148,8,Young Karens
10150,2,Clean & Green
10151,5,Low-Value Occasional Customers
10152,7,Large Families
10153,8,Young Karens
10154,7,Large Families
10155,0,Regular Cutomers
10156,5,Low-Value Occasional Customers
10157,7,Large Families
10158,7,Large Families
10159,2,Clean & Green
10160,1,Gamers
10161,2,Clean & Green
10162,1,Gamers
10163,0,Regular Cutomers
10164,4,Promotion Lovers
10165,5,Low-Value Occasional Customers
10166,4,Promotion Lovers
10167,4,Promotion Lovers
10168,0,Regular Cutomers
10169,6,High-Value Customers
10170,4,Promotion Lovers
10171,5,Low-Value Occasional Customers
10173,2,Clean & Green
10178,5,Low-Value Occasional Customers
10179,6,High-Value Customers
10180,1,Gamers
10181,5,Low-Value Occasional Customers
10183,1,Gamers
10184,4,Promotion Lovers
10185,4,Promotion Lovers
10186,0,Regular Cutomers
10187,2,Clean & Green
10188,0,Regular Cutomers
10189,0,Regular Cutomers
10191,8,Young Karens
10192,0,Regular Cutomers
10194,7,Large Families
10195,6,High-Value Customers
10196,6,High-Value Customers
10197,7,Large Families
10199,2,Clean & Green
10200,5,Low-Value Occasional Customers
10201,0,Regular Cutomers
10202,5,Low-Value Occasional Customers
10204,0,Regular Cutomers
10205,3,Senior Karens
10206,7,Large Families
10207,1,Gamers
10208,7,Large Families
10209,5,Low-Value Occasional Customers
10212,6,High-Value Customers
10213,7,Large Families
10214,4,Promotion Lovers
10215,4,Promotion Lovers
10216,4,Promotion Lovers
10217,0,Regular Cutomers
10218,8,Young Karens
10219,6,High-Value Customers
10220,0,Regular Cutomers
10221,2,Clean & Green
10222,2,Clean & Green
10223,4,Promotion Lovers
10224,0,Regular Cutomers
10226,6,High-Value Customers
10227,4,Promotion Lovers
10228,3,Senior Karens
10229,0,Regular Cutomers
10231,3,Senior Karens
10232,5,Low-Value Occasional Customers
10233,4,Promotion Lovers
10234,4,Promotion Lovers
10235,1,Gamers
10236,2,Clean & Green
10237,5,Low-Value Occasional Customers
10239,8,Young Karens
10240,1,Gamers
10242,7,Large Families
10243,7,Large Families
10246,2,Clean & Green
10249,0,Regular Cutomers
10250,7,Large Families
10251,0,Regular Cutomers
10253,4,Promotion Lovers
10254,4,Promotion Lovers
10255,3,Senior Karens
10256,2,Clean & Green
10257,8,Young Karens
10258,0,Regular Cutomers
10260,6,High-Value Customers
10261,6,High-Value Customers
10262,1,Gamers
10263,0,Regular Cutomers
10264,2,Clean & Green
10265,5,Low-Value Occasional Customers
10266,2,Clean & Green
10267,4,Promotion Lovers
10268,2,Clean & Green
10269,4,Promotion Lovers
10270,8,Young Karens
10271,0,Regular Cutomers
10273,8,Young Karens
10274,2,Clean & Green
10275,0,Regular Cutomers
10276,8,Young Karens
10277,0,Regular Cutomers
10278,0,Regular Cutomers
10279,5,Low-Value Occasional Customers
10280,2,Clean & Green
10281,0,Regular Cutomers
10283,5,Low-Value Occasional Customers
10284,4,Promotion Lovers
10285,0,Regular Cutomers
10286,0,Regular Cutomers
10287,3,Senior Karens
10288,2,Clean & Green
10289,5,Low-Value Occasional Customers
10290,2,Clean & Green
10291,5,Low-Value Occasional Customers
10292,5,Low-Value Occasional Customers
10293,1,Gamers
10294,4,Promotion Lovers
10295,7,Large Families
10296,6,High-Value Customers
10297,0,Regular Cutomers
10300,1,Gamers
10301,8,Young Karens
10302,0,Regular Cutomers
10303,2,Clean & Green
10304,1,Gamers
10305,2,Clean & Green
10306,0,Regular Cutomers
10307,6,High-Value Customers
10308,3,Senior Karens
10309,6,High-Value Customers
10310,8,Young Karens
10311,2,Clean & Green
10312,5,Low-Value Occasional Customers
10314,6,High-Value Customers
10315,2,Clean & Green
10316,1,Gamers
10317,7,Large Families
10318,1,Gamers
10319,0,Regular Cutomers
10320,7,Large Families
10321,0,Regular Cutomers
10322,3,Senior Karens
10323,6,High-Value Customers
10324,4,Promotion Lovers
10325,6,High-Value Customers
10326,3,Senior Karens
10327,4,Promotion Lovers
10328,7,Large Families
10329,6,High-Value Customers
10330,2,Clean & Green
10331,6,High-Value Customers
10332,0,Regular Cutomers
10333,7,Large Families
10334,0,Regular Cutomers
10335,6,High-Value Customers
10336,6,High-Value Customers
10337,4,Promotion Lovers
10339,0,Regular Cutomers
10340,8,Young Karens
10341,4,Promotion Lovers
10342,1,Gamers
10343,5,Low-Value Occasional Customers
10344,0,Regular Cutomers
10345,8,Young Karens
10346,7,Large Families
10347,7,Large Families
10348,1,Gamers
10351,0,Regular Cutomers
10353,3,Senior Karens
10354,0,Regular Cutomers
10355,8,Young Karens
10357,3,Senior Karens
10358,6,High-Value Customers
10360,0,Regular Cutomers
10361,0,Regular Cutomers
10362,6,High-Value Customers
10364,1,Gamers
10366,0,Regular Cutomers
10367,0,Regular Cutomers
10368,4,Promotion Lovers
10369,4,Promotion Lovers
10370,4,Promotion Lovers
10371,8,Young Karens
10372,7,Large Families
10373,6,High-Value Customers
10374,1,Gamers
10377,4,Promotion Lovers
10379,8,Young Karens
10382,5,Low-Value Occasional Customers
10384,8,Young Karens
10386,2,Clean & Green
10387,4,Promotion Lovers
10388,2,Clean & Green
10389,7,Large Families
10390,5,Low-Value Occasional Customers
10391,4,Promotion Lovers
10392,5,Low-Value Occasional Customers
10393,3,Senior Karens
10394,2,Clean & Green
10395,4,Promotion Lovers
10396,3,Senior Karens
10397,1,Gamers
10398,2,Clean & Green
10399,3,Senior Karens
10400,0,Regular Cutomers
10401,7,Large Families
10402,1,Gamers
10403,4,Promotion Lovers
10404,4,Promotion Lovers
10405,4,Promotion Lovers
10406,0,Regular Cutomers
10407,5,Low-Value Occasional Customers
10408,4,Promotion Lovers
10409,0,Regular Cutomers
10410,4,Promotion Lovers
10411,8,Young Karens
10412,0,Regular Cutomers
10413,2,Clean & Green
10414,4,Promotion Lovers
10415,1,Gamers
10416,6,High-Value Customers
10417,3,Senior Karens
10418,2,Clean & Green
10419,2,Clean & Green
10420,0,Regular Cutomers
10421,0,Regular Cutomers
10424,7,Large Families
10425,1,Gamers
10426,0,Regular Cutomers
10428,7,Large Families
10429,0,Regular Cutomers
10430,0,Regular Cutomers
10431,5,Low-Value Occasional Customers
10433,0,Regular Cutomers
10434,4,Promotion Lovers
10435,8,Young Karens
10436,2,Clean & Green
10437,2,Clean & Green
10438,0,Regular Cutomers
10439,0,Regular Cutomers
10440,7,Large Families
10443,0,Regular Cutomers
10444,0,Regular Cutomers
10445,0,Regular Cutomers
10446,5,Low-Value Occasional Customers
10447,4,Promotion Lovers
10448,7,Large Families
10449,7,Large Families
10453,6,High-Value Customers
10454,0,Regular Cutomers
10455,0,Regular Cutomers
10456,0,Regular Cutomers
10457,4,Promotion Lovers
10459,1,Gamers
10460,0,Regular Cutomers
10461,8,Young Karens
10462,5,Low-Value Occasional Customers
10463,5,Low-Value Occasional Customers
10464,0,Regular Cutomers
10465,7,Large Families
10466,0,Regular Cutomers
10467,4,Promotion Lovers
10469,0,Regular Cutomers
10470,3,Senior Karens
10471,0,Regular Cutomers
10472,7,Large Families
10473,0,Regular Cutomers
10474,7,Large Families
10476,1,Gamers
10477,4,Promotion Lovers
10478,4,Promotion Lovers
10479,8,Young Karens
10480,8,Young Karens
10481,4,Promotion Lovers
10483,2,Clean & Green
10484,7,Large Families
10485,2,Clean & Green
10486,8,Young Karens
10488,4,Promotion Lovers
10489,7,Large Families
10490,2,Clean & Green
10491,1,Gamers
10492,8,Young Karens
10493,1,Gamers
10494,6,High-Value Customers
10497,1,Gamers
10498,2,Clean & Green
10499,1,Gamers
10500,4,Promotion Lovers
10501,3,Senior Karens
10502,7,Large Families
10503,1,Gamers
10504,0,Regular Cutomers
10506,6,High-Value Customers
10507,1,Gamers
10508,8,Young Karens
10511,0,Regular Cutomers
10512,6,High-Value Customers
10513,4,Promotion Lovers
10515,6,High-Value Customers
10518,6,High-Value Customers
10519,4,Promotion Lovers
10520,4,Promotion Lovers
10521,4,Promotion Lovers
10522,7,Large Families
10524,2,Clean & Green
10525,0,Regular Cutomers
10526,6,High-Value Customers
10527,0,Regular Cutomers
10528,0,Regular Cutomers
10529,3,Senior Karens
10530,8,Young Karens
10533,2,Clean & Green
10534,5,Low-Value Occasional Customers
10536,3,Senior Karens
10537,2,Clean & Green
10538,2,Clean & Green
10540,8,Young Karens
10541,5,Low-Value Occasional Customers
10542,7,Large Families
10544,0,Regular Cutomers
10545,0,Regular Cutomers
10546,0,Regular Cutomers
10547,8,Young Karens
10548,2,Clean & Green
10549,4,Promotion Lovers
10550,2,Clean & Green
10551,5,Low-Value Occasional Customers
10552,4,Promotion Lovers
10553,8,Young Karens
10554,5,Low-Value Occasional Customers
10555,1,Gamers
10556,0,Regular Cutomers
10557,1,Gamers
10559,6,High-Value Customers
10562,7,Large Families
10563,1,Gamers
10564,4,Promotion Lovers
10565,0,Regular Cutomers
10567,0,Regular Cutomers
10568,5,Low-Value Occasional Customers
10569,4,Promotion Lovers
10570,0,Regular Cutomers
10571,0,Regular Cutomers
10572,1,Gamers
10573,4,Promotion Lovers
10574,2,Clean & Green
10575,2,Clean & Green
10576,7,Large Families
10577,0,Regular Cutomers
10578,6,High-Value Customers
10579,7,Large Families
10580,6,High-Value Customers
10582,4,Promotion Lovers
10584,6,High-Value Customers
10585,6,High-Value Customers
10586,8,Young Karens
10587,1,Gamers
10589,7,Large Families
10590,3,Senior Karens
10591,3,Senior Karens
10592,2,Clean & Green
10593,6,High-Value Customers
10594,6,High-Value Customers
10596,4,Promotion Lovers
10597,0,Regular Cutomers
10598,4,Promotion Lovers
10601,1,Gamers
10603,4,Promotion Lovers
10604,4,Promotion Lovers
10606,3,Senior Karens
10607,8,Young Karens
10609,0,Regular Cutomers
10610,3,Senior Karens
10611,4,Promotion Lovers
10612,0,Regular Cutomers
10613,0,Regular Cutomers
10614,2,Clean & Green
10616,2,Clean & Green
10618,0,Regular Cutomers
10619,0,Regular Cutomers
10620,5,Low-Value Occasional Customers
10621,5,Low-Value Occasional Customers
10622,4,Promotion Lovers
10625,0,Regular Cutomers
10628,7,Large Families
10629,8,Young Karens
10630,6,High-Value Customers
10631,0,Regular Cutomers
10632,0,Regular Cutomers
10633,0,Regular Cutomers
10634,4,Promotion Lovers
10635,1,Gamers
10638,4,Promotion Lovers
10639,2,Clean & Green
10641,2,Clean & Green
10642,4,Promotion Lovers
10643,4,Promotion Lovers
10644,4,Promotion Lovers
10645,5,Low-Value Occasional Customers
10647,0,Regular Cutomers
10648,4,Promotion Lovers
10649,8,Young Karens
10650,5,Low-Value Occasional Customers
10651,8,Young Karens
10652,2,Clean & Green
10653,0,Regular Cutomers
10654,3,Senior Karens
10655,5,Low-Value Occasional Customers
10656,6,High-Value Customers
10657,0,Regular Cutomers
10659,4,Promotion Lovers
10662,8,Young Karens
10663,0,Regular Cutomers
10664,4,Promotion Lovers
10665,3,Senior Karens
10667,6,High-Value Customers
10668,7,Large Families
10669,1,Gamers
10670,6,High-Value Customers
10671,1,Gamers
10672,7,Large Families
10673,8,Young Karens
10674,4,Promotion Lovers
10675,0,Regular Cutomers
10676,8,Young Karens
10677,8,Young Karens
10678,2,Clean & Green
10680,4,Promotion Lovers
10681,4,Promotion Lovers
10682,7,Large Families
10683,0,Regular Cutomers
10685,4,Promotion Lovers
10686,1,Gamers
10687,0,Regular Cutomers
10690,4,Promotion Lovers
10691,0,Regular Cutomers
10693,4,Promotion Lovers
10694,4,Promotion Lovers
10695,7,Large Families
10696,7,Large Families
10697,0,Regular Cutomers
10698,7,Large Families
10699,4,Promotion Lovers
10700,1,Gamers
10701,2,Clean & Green
10702,6,High-Value Customers
10703,4,Promotion Lovers
10704,8,Young Karens
10706,7,Large Families
10707,0,Regular Cutomers
10708,0,Regular Cutomers
10709,1,Gamers
10711,6,High-Value Customers
10712,7,Large Families
10713,4,Promotion Lovers
10714,1,Gamers
10715,2,Clean & Green
10716,5,Low-Value Occasional Customers
10717,0,Regular Cutomers
10718,3,Senior Karens
10719,6,High-Value Customers
10720,8,Young Karens
10721,0,Regular Cutomers
10722,4,Promotion Lovers
10724,6,High-Value Customers
10725,6,High-Value Customers
10726,5,Low-Value Occasional Customers
10728,0,Regular Cutomers
10729,1,Gamers
10730,6,High-Value Customers
10731,4,Promotion Lovers
10732,3,Senior Karens
10733,0,Regular Cutomers
10734,2,Clean & Green
10735,5,Low-Value Occasional Customers
10736,3,Senior Karens
10737,3,Senior Karens
10738,0,Regular Cutomers
10739,4,Promotion Lovers
10740,0,Regular Cutomers
10741,4,Promotion Lovers
10742,0,Regular Cutomers
10743,0,Regular Cutomers
10744,2,Clean & Green
10746,4,Promotion Lovers
10747,4,Promotion Lovers
10748,4,Promotion Lovers
10749,0,Regular Cutomers
10750,6,High-Value Customers
10751,0,Regular Cutomers
10752,6,High-Value Customers
10754,7,Large Families
10755,0,Regular Cutomers
10756,1,Gamers
10757,0,Regular Cutomers
10758,7,Large Families
10761,7,Large Families
10762,4,Promotion Lovers
10763,3,Senior Karens
10764,8,Young Karens
10765,6,High-Value Customers
10766,0,Regular Cutomers
10768,5,Low-Value Occasional Customers
10769,2,Clean & Green
10770,6,High-Value Customers
10771,0,Regular Cutomers
10772,0,Regular Cutomers
10773,2,Clean & Green
10774,1,Gamers
10776,8,Young Karens
10777,4,Promotion Lovers
10778,0,Regular Cutomers
10779,7,Large Families
10781,5,Low-Value Occasional Customers
10782,8,Young Karens
10784,1,Gamers
10785,1,Gamers
10786,6,High-Value Customers
10787,4,Promotion Lovers
10788,5,Low-Value Occasional Customers
10790,7,Large Families
10791,7,Large Families
10792,1,Gamers
10793,4,Promotion Lovers
10794,1,Gamers
10795,7,Large Families
10796,8,Young Karens
10798,2,Clean & Green
10799,0,Regular Cutomers
10800,0,Regular Cutomers
10802,3,Senior Karens
10803,8,Young Karens
10804,6,High-Value Customers
10805,4,Promotion Lovers
10806,4,Promotion Lovers
10807,4,Promotion Lovers
10808,0,Regular Cutomers
10809,0,Regular Cutomers
10810,4,Promotion Lovers
10811,6,High-Value Customers
10812,2,Clean & Green
10813,4,Promotion Lovers
10814,1,Gamers
10815,5,Low-Value Occasional Customers
10816,5,Low-Value Occasional Customers
10817,7,Large Families
10819,0,Regular Cutomers
10821,5,Low-Value Occasional Customers
10822,6,High-Value Customers
10823,0,Regular Cutomers
10825,7,Large Families
10826,2,Clean & Green
10827,0,Regular Cutomers
10828,4,Promotion Lovers
10829,6,High-Value Customers
10830,5,Low-Value Occasional Customers
10831,0,Regular Cutomers
10832,5,Low-Value Occasional Customers
10834,5,Low-Value Occasional Customers
10835,8,Young Karens
10837,4,Promotion Lovers
10838,0,Regular Cutomers
10839,0,Regular Cutomers
10840,7,Large Families
10841,1,Gamers
10842,8,Young Karens
10843,5,Low-Value Occasional Customers
10844,5,Low-Value Occasional Customers
10845,0,Regular Cutomers
10846,6,High-Value Customers
10847,8,Young Karens
10848,7,Large Families
10849,2,Clean & Green
10850,0,Regular Cutomers
10851,6,High-Value Customers
10852,0,Regular Cutomers
10853,1,Gamers
10854,0,Regular Cutomers
10857,6,High-Value Customers
10858,4,Promotion Lovers
10860,4,Promotion Lovers
10861,7,Large Families
10863,6,High-Value Customers
10864,6,High-Value Customers
10867,6,High-Value Customers
10868,4,Promotion Lovers
10871,0,Regular Cutomers
10872,8,Young Karens
10873,0,Regular Cutomers
10874,5,Low-Value Occasional Customers
10875,1,Gamers
10876,7,Large Families
10877,4,Promotion Lovers
10879,6,High-Value Customers
10881,4,Promotion Lovers
10882,7,Large Families
10883,8,Young Karens
10884,4,Promotion Lovers
10885,1,Gamers
10886,2,Clean & Green
10887,6,High-Value Customers
10888,7,Large Families
10889,0,Regular Cutomers
10890,0,Regular Cutomers
10891,3,Senior Karens
10892,2,Clean & Green
10893,8,Young Karens
10894,4,Promotion Lovers
10895,8,Young Karens
10896,0,Regular Cutomers
10897,5,Low-Value Occasional Customers
10898,4,Promotion Lovers
10899,1,Gamers
10900,4,Promotion Lovers
10901,6,High-Value Customers
10902,4,Promotion Lovers
10903,4,Promotion Lovers
10904,4,Promotion Lovers
10905,5,Low-Value Occasional Customers
10906,4,Promotion Lovers
10907,4,Promotion Lovers
10908,0,Regular Cutomers
10910,2,Clean & Green
10912,2,Clean & Green
10913,7,Large Families
10914,1,Gamers
10915,3,Senior Karens
10916,5,Low-Value Occasional Customers
10917,1,Gamers
10918,1,Gamers
10920,7,Large Families
10921,4,Promotion Lovers
10922,5,Low-Value Occasional Customers
10925,0,Regular Cutomers
10927,0,Regular Cutomers
10928,4,Promotion Lovers
10929,2,Clean & Green
10931,0,Regular Cutomers
10932,4,Promotion Lovers
10933,0,Regular Cutomers
10934,2,Clean & Green
10935,1,Gamers
10937,4,Promotion Lovers
10939,6,High-Value Customers
10941,8,Young Karens
10942,5,Low-Value Occasional Customers
10943,5,Low-Value Occasional Customers
10944,6,High-Value Customers
10945,7,Large Families
10946,7,Large Families
10947,1,Gamers
10948,5,Low-Value Occasional Customers
10949,5,Low-Value Occasional Customers
10950,5,Low-Value Occasional Customers
10951,4,Promotion Lovers
10952,6,High-Value Customers
10953,8,Young Karens
10954,0,Regular Cutomers
10955,0,Regular Cutomers
10956,5,Low-Value Occasional Customers
10957,1,Gamers
10958,3,Senior Karens
10959,0,Regular Cutomers
10960,5,Low-Value Occasional Customers
10961,7,Large Families
10962,0,Regular Cutomers
10963,0,Regular Cutomers
10964,3,Senior Karens
10965,0,Regular Cutomers
10966,4,Promotion Lovers
10967,0,Regular Cutomers
10968,7,Large Families
10970,8,Young Karens
10971,0,Regular Cutomers
10972,4,Promotion Lovers
10973,1,Gamers
10974,4,Promotion Lovers
10975,0,Regular Cutomers
10976,1,Gamers
10977,1,Gamers
10979,5,Low-Value Occasional Customers
10980,0,Regular Cutomers
10981,6,High-Value Customers
10982,1,Gamers
10984,0,Regular Cutomers
10985,0,Regular Cutomers
10986,7,Large Families
10987,1,Gamers
10988,0,Regular Cutomers
10989,1,Gamers
10990,7,Large Families
10991,1,Gamers
10992,4,Promotion Lovers
10994,7,Large Families
10995,7,Large Families
10997,2,Clean & Green
10998,3,Senior Karens
10999,1,Gamers
11001,1,Gamers
11002,1,Gamers
11003,6,High-Value Customers
11004,2,Clean & Green
11005,4,Promotion Lovers
11006,8,Young Karens
11007,0,Regular Cutomers
11008,4,Promotion Lovers
11009,6,High-Value Customers
11010,3,Senior Karens
11011,4,Promotion Lovers
11012,3,Senior Karens
11014,0,Regular Cutomers
11016,0,Regular Cutomers
11017,8,Young Karens
11018,8,Young Karens
11019,1,Gamers
11021,4,Promotion Lovers
11022,5,Low-Value Occasional Customers
11023,5,Low-Value Occasional Customers
11024,7,Large Families
11025,6,High-Value Customers
11026,2,Clean & Green
11027,5,Low-Value Occasional Customers
11028,7,Large Families
11029,4,Promotion Lovers
11030,7,Large Families
11031,2,Clean & Green
11032,4,Promotion Lovers
11033,6,High-Value Customers
11035,7,Large Families
11036,6,High-Value Customers
11037,7,Large Families
11038,4,Promotion Lovers
11039,7,Large Families
11040,2,Clean & Green
11042,4,Promotion Lovers
11043,7,Large Families
11044,3,Senior Karens
11045,7,Large Families
11046,4,Promotion Lovers
11047,3,Senior Karens
11048,1,Gamers
11049,1,Gamers
11050,4,Promotion Lovers
11052,1,Gamers
11053,1,Gamers
11054,8,Young Karens
11055,4,Promotion Lovers
11057,0,Regular Cutomers
11058,2,Clean & Green
11059,8,Young Karens
11060,4,Promotion Lovers
11062,0,Regular Cutomers
11063,0,Regular Cutomers
11064,0,Regular Cutomers
11065,6,High-Value Customers
11067,7,Large Families
11068,2,Clean & Green
11069,0,Regular Cutomers
11070,0,Regular Cutomers
11071,5,Low-Value Occasional Customers
11072,5,Low-Value Occasional Customers
11073,5,Low-Value Occasional Customers
11074,4,Promotion Lovers
11075,5,Low-Value Occasional Customers
11076,1,Gamers
11077,0,Regular Cutomers
11079,4,Promotion Lovers
11081,7,Large Families
11082,4,Promotion Lovers
11083,0,Regular Cutomers
11084,8,Young Karens
11085,5,Low-Value Occasional Customers
11086,5,Low-Value Occasional Customers
11087,3,Senior Karens
11088,5,Low-Value Occasional Customers
11089,7,Large Families
11090,0,Regular Cutomers
11091,1,Gamers
11092,0,Regular Cutomers
11095,0,Regular Cutomers
11096,7,Large Families
11097,2,Clean & Green
11098,7,Large Families
11099,7,Large Families
11101,4,Promotion Lovers
11102,3,Senior Karens
11104,0,Regular Cutomers
11105,3,Senior Karens
11106,1,Gamers
11108,7,Large Families
11109,0,Regular Cutomers
11110,7,Large Families
11111,4,Promotion Lovers
11112,6,High-Value Customers
11113,2,Clean & Green
11115,0,Regular Cutomers
11116,4,Promotion Lovers
11117,4,Promotion Lovers
11118,2,Clean & Green
11119,2,Clean & Green
11120,4,Promotion Lovers
11121,7,Large Families
11122,6,High-Value Customers
11123,6,High-Value Customers
11124,4,Promotion Lovers
11125,4,Promotion Lovers
11126,8,Young Karens
11127,7,Large Families
11128,4,Promotion Lovers
11129,5,Low-Value Occasional Customers
11130,5,Low-Value Occasional Customers
11131,7,Large Families
11132,8,Young Karens
11133,4,Promotion Lovers
11135,3,Senior Karens
11136,1,Gamers
11139,0,Regular Cutomers
11140,2,Clean & Green
11141,3,Senior Karens
11143,6,High-Value Customers
11145,7,Large Families
11146,4,Promotion Lovers
11147,2,Clean & Green
11148,4,Promotion Lovers
11149,0,Regular Cutomers
11150,2,Clean & Green
11151,1,Gamers
11152,6,High-Value Customers
11153,0,Regular Cutomers
11154,0,Regular Cutomers
11155,5,Low-Value Occasional Customers
11156,4,Promotion Lovers
11157,5,Low-Value Occasional Customers
11158,6,High-Value Customers
11159,8,Young Karens
11160,7,Large Families
11162,6,High-Value Customers
11163,8,Young Karens
11164,5,Low-Value Occasional Customers
11166,7,Large Families
11167,7,Large Families
11168,6,High-Value Customers
11169,2,Clean & Green
11170,5,Low-Value Occasional Customers
11171,1,Gamers
11172,6,High-Value Customers
11173,2,Clean & Green
11174,1,Gamers
11175,2,Clean & Green
11177,2,Clean & Green
11178,3,Senior Karens
11179,8,Young Karens
11180,0,Regular Cutomers
11181,5,Low-Value Occasional Customers
11182,5,Low-Value Occasional Customers
11183,4,Promotion Lovers
11184,6,High-Value Customers
11185,1,Gamers
11186,1,Gamers
11187,1,Gamers
11189,7,Large Families
11190,5,Low-Value Occasional Customers
11191,4,Promotion Lovers
11192,0,Regular Cutomers
11193,4,Promotion Lovers
11194,7,Large Families
11195,4,Promotion Lovers
11197,6,High-Value Customers
11198,7,Large Families
11199,1,Gamers
11200,7,Large Families
11201,2,Clean & Green
11202,1,Gamers
11203,0,Regular Cutomers
11204,4,Promotion Lovers
11205,7,Large Families
11206,4,Promotion Lovers
11207,6,High-Value Customers
11208,4,Promotion Lovers
11209,5,Low-Value Occasional Customers
11210,5,Low-Value Occasional Customers
11211,2,Clean & Green
11212,7,Large Families
11213,0,Regular Cutomers
11214,4,Promotion Lovers
11215,4,Promotion Lovers
11216,3,Senior Karens
11217,7,Large Families
11218,4,Promotion Lovers
11219,0,Regular Cutomers
11220,4,Promotion Lovers
11221,0,Regular Cutomers
11222,1,Gamers
11223,0,Regular Cutomers
11224,0,Regular Cutomers
11225,7,Large Families
11226,8,Young Karens
11229,0,Regular Cutomers
11230,8,Young Karens
11231,4,Promotion Lovers
11232,1,Gamers
11233,0,Regular Cutomers
11234,3,Senior Karens
11235,2,Clean & Green
11236,7,Large Families
11237,7,Large Families
11238,6,High-Value Customers
11239,2,Clean & Green
11241,0,Regular Cutomers
11242,0,Regular Cutomers
11243,4,Promotion Lovers
11244,2,Clean & Green
11245,5,Low-Value Occasional Customers
11247,7,Large Families
11248,0,Regular Cutomers
11249,7,Large Families
11251,5,Low-Value Occasional Customers
11252,0,Regular Cutomers
11253,2,Clean & Green
11254,0,Regular Cutomers
11255,1,Gamers
11256,5,Low-Value Occasional Customers
11258,0,Regular Cutomers
11259,5,Low-Value Occasional Customers
11260,0,Regular Cutomers
11261,8,Young Karens
11262,2,Clean & Green
11263,5,Low-Value Occasional Customers
11264,0,Regular Cutomers
11265,2,Clean & Green
11266,7,Large Families
11267,6,High-Value Customers
11268,5,Low-Value Occasional Customers
11269,0,Regular Cutomers
11270,3,Senior Karens
11271,1,Gamers
11272,4,Promotion Lovers
11273,4,Promotion Lovers
11275,3,Senior Karens
11276,4,Promotion Lovers
11277,8,Young Karens
11278,1,Gamers
11279,0,Regular Cutomers
11280,1,Gamers
11281,4,Promotion Lovers
11282,8,Young Karens
11283,5,Low-Value Occasional Customers
11284,6,High-Value Customers
11285,4,Promotion Lovers
11287,0,Regular Cutomers
11288,0,Regular Cutomers
11289,0,Regular Cutomers
11290,4,Promotion Lovers
11291,0,Regular Cutomers
11292,1,Gamers
11293,5,Low-Value Occasional Customers
11294,6,High-Value Customers
11295,4,Promotion Lovers
11296,0,Regular Cutomers
11298,4,Promotion Lovers
11299,7,Large Families
11300,7,Large Families
11301,5,Low-Value Occasional Customers
11302,0,Regular Cutomers
11303,7,Large Families
11304,7,Large Families
11306,1,Gamers
11307,6,High-Value Customers
11308,4,Promotion Lovers
11309,7,Large Families
11310,2,Clean & Green
11311,2,Clean & Green
11312,6,High-Value Customers
11313,0,Regular Cutomers
11314,5,Low-Value Occasional Customers
11315,0,Regular Cutomers
11316,0,Regular Cutomers
11318,3,Senior Karens
11321,3,Senior Karens
11322,0,Regular Cutomers
11323,1,Gamers
11324,2,Clean & Green
11325,4,Promotion Lovers
11326,5,Low-Value Occasional Customers
11327,8,Young Karens
11328,2,Clean & Green
11329,7,Large Families
11330,5,Low-Value Occasional Customers
11331,5,Low-Value Occasional Customers
11332,4,Promotion Lovers
11333,6,High-Value Customers
11334,6,High-Value Customers
11335,6,High-Value Customers
11336,2,Clean & Green
11337,2,Clean & Green
11338,6,High-Value Customers
11339,4,Promotion Lovers
11340,5,Low-Value Occasional Customers
11341,3,Senior Karens
11342,8,Young Karens
11343,8,Young Karens
11344,7,Large Families
11345,5,Low-Value Occasional Customers
11346,5,Low-Value Occasional Customers
11347,2,Clean & Green
11349,4,Promotion Lovers
11350,2,Clean & Green
11351,7,Large Families
11352,8,Young Karens
11353,4,Promotion Lovers
11354,0,Regular Cutomers
11355,5,Low-Value Occasional Customers
11356,2,Clean & Green
11360,1,Gamers
11361,7,Large Families
11362,8,Young Karens
11363,5,Low-Value Occasional Customers
11364,7,Large Families
11365,1,Gamers
11366,3,Senior Karens
11367,4,Promotion Lovers
11369,8,Young Karens
11370,6,High-Value Customers
11373,1,Gamers
11374,7,Large Families
11375,2,Clean & Green
11376,4,Promotion Lovers
11377,6,High-Value Customers
11378,1,Gamers
11379,1,Gamers
11380,7,Large Families
11381,8,Young Karens
11382,3,Senior Karens
11383,8,Young Karens
11384,7,Large Families
11385,5,Low-Value Occasional Customers
11386,5,Low-Value Occasional Customers
11387,2,Clean & Green
11388,0,Regular Cutomers
11390,5,Low-Value Occasional Customers
11391,0,Regular Cutomers
11392,0,Regular Cutomers
11393,0,Regular Cutomers
11394,0,Regular Cutomers
11395,0,Regular Cutomers
11396,4,Promotion Lovers
11398,2,Clean & Green
11399,6,High-Value Customers
11400,4,Promotion Lovers
11401,8,Young Karens
11403,0,Regular Cutomers
11404,0,Regular Cutomers
11405,4,Promotion Lovers
11406,1,Gamers
11409,4,Promotion Lovers
11410,0,Regular Cutomers
11411,7,Large Families
11412,1,Gamers
11413,0,Regular Cutomers
11414,3,Senior Karens
11415,0,Regular Cutomers
11416,7,Large Families
11417,0,Regular Cutomers
11418,6,High-Value Customers
11419,7,Large Families
11420,7,Large Families
11421,5,Low-Value Occasional Customers
11422,1,Gamers
11424,7,Large Families
11425,0,Regular Cutomers
11426,5,Low-Value Occasional Customers
11427,6,High-Value Customers
11428,4,Promotion Lovers
11429,4,Promotion Lovers
11430,0,Regular Cutomers
11431,4,Promotion Lovers
11433,4,Promotion Lovers
11434,1,Gamers
11435,0,Regular Cutomers
11437,0,Regular Cutomers
11438,8,Young Karens
11439,6,High-Value Customers
11440,5,Low-Value Occasional Customers
11441,6,High-Value Customers
11442,2,Clean & Green
11443,0,Regular Cutomers
11444,1,Gamers
11445,4,Promotion Lovers
11446,2,Clean & Green
11447,3,Senior Karens
11448,3,Senior Karens
11449,0,Regular Cutomers
11450,3,Senior Karens
11451,6,High-Value Customers
11452,2,Clean & Green
11453,2,Clean & Green
11454,1,Gamers
11456,0,Regular Cutomers
11457,5,Low-Value Occasional Customers
11458,2,Clean & Green
11460,7,Large Families
11461,7,Large Families
11462,4,Promotion Lovers
11463,0,Regular Cutomers
11464,0,Regular Cutomers
11466,4,Promotion Lovers
11467,7,Large Families
11468,0,Regular Cutomers
11469,5,Low-Value Occasional Customers
11471,0,Regular Cutomers
11472,5,Low-Value Occasional Customers
11473,0,Regular Cutomers
11474,7,Large Families
11476,4,Promotion Lovers
11478,2,Clean & Green
11479,4,Promotion Lovers
11480,5,Low-Value Occasional Customers
11481,0,Regular Cutomers
11482,3,Senior Karens
11483,4,Promotion Lovers
11484,6,High-Value Customers
11485,1,Gamers
11486,8,Young Karens
11488,6,High-Value Customers
11489,1,Gamers
11490,4,Promotion Lovers
11491,8,Young Karens
11493,5,Low-Value Occasional Customers
11494,0,Regular Cutomers
11496,1,Gamers
11497,6,High-Value Customers
11498,8,Young Karens
11499,2,Clean & Green
11500,5,Low-Value Occasional Customers
11501,7,Large Families
11502,6,High-Value Customers
11503,4,Promotion Lovers
11504,4,Promotion Lovers
11505,5,Low-Value Occasional Customers
11506,4,Promotion Lovers
11509,8,Young Karens
11511,5,Low-Value Occasional Customers
11512,0,Regular Cutomers
11513,4,Promotion Lovers
11514,5,Low-Value Occasional Customers
11515,0,Regular Cutomers
11516,5,Low-Value Occasional Customers
11517,0,Regular Cutomers
11518,6,High-Value Customers
11519,6,High-Value Customers
11520,8,Young Karens
11521,7,Large Families
11522,7,Large Families
11523,0,Regular Cutomers
11524,1,Gamers
11525,2,Clean & Green
11526,7,Large Families
11527,4,Promotion Lovers
11529,5,Low-Value Occasional Customers
11531,6,High-Value Customers
11532,0,Regular Cutomers
11533,4,Promotion Lovers
11534,3,Senior Karens
11536,1,Gamers
11537,0,Regular Cutomers
11538,1,Gamers
11539,0,Regular Cutomers
11540,0,Regular Cutomers
11541,5,Low-Value Occasional Customers
11542,4,Promotion Lovers
11544,4,Promotion Lovers
11545,8,Young Karens
11546,5,Low-Value Occasional Customers
11547,4,Promotion Lovers
11548,4,Promotion Lovers
11549,5,Low-Value Occasional Customers
11550,3,Senior Karens
11551,5,Low-Value Occasional Customers
11552,6,High-Value Customers
11553,2,Clean & Green
11554,0,Regular Cutomers
11556,7,Large Families
11557,7,Large Families
11558,7,Large Families
11559,8,Young Karens
11560,6,High-Value Customers
11561,5,Low-Value Occasional Customers
11562,0,Regular Cutomers
11563,7,Large Families
11564,1,Gamers
11565,3,Senior Karens
11566,5,Low-Value Occasional Customers
11567,0,Regular Cutomers
11568,2,Clean & Green
11569,1,Gamers
11570,4,Promotion Lovers
11571,5,Low-Value Occasional Customers
11572,3,Senior Karens
11573,5,Low-Value Occasional Customers
11574,7,Large Families
11575,0,Regular Cutomers
11576,8,Young Karens
11577,6,High-Value Customers
11578,5,Low-Value Occasional Customers
11579,4,Promotion Lovers
11580,0,Regular Cutomers
11582,0,Regular Cutomers
11585,2,Clean & Green
11586,2,Clean & Green
11587,3,Senior Karens
11588,1,Gamers
11589,4,Promotion Lovers
11590,6,High-Value Customers
11591,4,Promotion Lovers
11593,0,Regular Cutomers
11594,4,Promotion Lovers
11595,4,Promotion Lovers
11596,4,Promotion Lovers
11597,1,Gamers
11598,1,Gamers
11599,1,Gamers
11601,2,Clean & Green
11603,4,Promotion Lovers
11604,4,Promotion Lovers
11605,4,Promotion Lovers
11606,2,Clean & Green
11607,7,Large Families
11609,7,Large Families
11610,0,Regular Cutomers
11611,4,Promotion Lovers
11612,1,Gamers
11614,7,Large Families
11615,4,Promotion Lovers
11616,1,Gamers
11617,0,Regular Cutomers
11621,6,High-Value Customers
11622,8,Young Karens
11623,6,High-Value Customers
11624,1,Gamers
11626,3,Senior Karens
11627,1,Gamers
11628,0,Regular Cutomers
11629,1,Gamers
11631,0,Regular Cutomers
11632,2,Clean & Green
11633,1,Gamers
11634,4,Promotion Lovers
11635,1,Gamers
11636,6,High-Value Customers
11637,2,Clean & Green
11638,7,Large Families
11639,8,Young Karens
11640,4,Promotion Lovers
11641,5,Low-Value Occasional Customers
11642,8,Young Karens
11643,5,Low-Value Occasional Customers
11644,1,Gamers
11645,4,Promotion Lovers
11646,0,Regular Cutomers
11647,4,Promotion Lovers
11648,3,Senior Karens
11649,0,Regular Cutomers
11650,3,Senior Karens
11651,1,Gamers
11652,8,Young Karens
11653,7,Large Families
11654,7,Large Families
11655,0,Regular Cutomers
11656,5,Low-Value Occasional Customers
11657,2,Clean & Green
11658,2,Clean & Green
11661,5,Low-Value Occasional Customers
11662,4,Promotion Lovers
11663,8,Young Karens
11664,5,Low-Value Occasional Customers
11665,0,Regular Cutomers
11666,3,Senior Karens
11667,0,Regular Cutomers
11669,1,Gamers
11671,3,Senior Karens
11672,1,Gamers
11673,2,Clean & Green
11674,5,Low-Value Occasional Customers
11676,8,Young Karens
11677,4,Promotion Lovers
11678,2,Clean & Green
11679,0,Regular Cutomers
11681,5,Low-Value Occasional Customers
11684,6,High-Value Customers
11685,7,Large Families
11686,2,Clean & Green
11687,7,Large Families
11688,3,Senior Karens
11691,6,High-Value Customers
11692,4,Promotion Lovers
11694,1,Gamers
11696,4,Promotion Lovers
11697,7,Large Families
11698,7,Large Families
11699,6,High-Value Customers
11700,1,Gamers
11701,8,Young Karens
11702,5,Low-Value Occasional Customers
11704,0,Regular Cutomers
11705,0,Regular Cutomers
11706,6,High-Value Customers
11707,8,Young Karens
11708,5,Low-Value Occasional Customers
11709,0,Regular Cutomers
11710,1,Gamers
11712,7,Large Families
11713,5,Low-Value Occasional Customers
11714,2,Clean & Green
11715,4,Promotion Lovers
11716,0,Regular Cutomers
11718,4,Promotion Lovers
11719,8,Young Karens
11720,7,Large Families
11723,1,Gamers
11724,5,Low-Value Occasional Customers
11725,1,Gamers
11726,0,Regular Cutomers
11728,0,Regular Cutomers
11729,1,Gamers
11730,4,Promotion Lovers
11731,2,Clean & Green
11732,7,Large Families
11733,6,High-Value Customers
11734,1,Gamers
11735,1,Gamers
11736,4,Promotion Lovers
11737,6,High-Value Customers
11738,8,Young Karens
11739,1,Gamers
11740,7,Large Families
11741,2,Clean & Green
11743,8,Young Karens
11744,1,Gamers
11745,4,Promotion Lovers
11746,5,Low-Value Occasional Customers
11747,4,Promotion Lovers
11748,1,Gamers
11749,6,High-Value Customers
11751,5,Low-Value Occasional Customers
11752,0,Regular Cutomers
11755,2,Clean & Green
11756,0,Regular Cutomers
11757,1,Gamers
11758,1,Gamers
11759,4,Promotion Lovers
11760,5,Low-Value Occasional Customers
11761,6,High-Value Customers
11762,2,Clean & Green
11763,8,Young Karens
11764,5,Low-Value Occasional Customers
11766,6,High-Value Customers
11768,4,Promotion Lovers
11769,8,Young Karens
11770,8,Young Karens
11771,4,Promotion Lovers
11772,0,Regular Cutomers
11773,8,Young Karens
11775,6,High-Value Customers
11776,7,Large Families
11778,0,Regular Cutomers
11779,0,Regular Cutomers
11780,0,Regular Cutomers
11782,1,Gamers
11783,1,Gamers
11785,5,Low-Value Occasional Customers
11786,1,Gamers
11787,5,Low-Value Occasional Customers
11788,7,Large Families
11789,2,Clean & Green
11791,6,High-Value Customers
11792,2,Clean & Green
11793,6,High-Value Customers
11796,6,High-Value Customers
11797,0,Regular Cutomers
11798,1,Gamers
11799,4,Promotion Lovers
11800,7,Large Families
11801,7,Large Families
11802,5,Low-Value Occasional Customers
11803,2,Clean & Green
11804,0,Regular Cutomers
11805,0,Regular Cutomers
11807,5,Low-Value Occasional Customers
11809,7,Large Families
11811,0,Regular Cutomers
11812,0,Regular Cutomers
11814,4,Promotion Lovers
11815,1,Gamers
11816,4,Promotion Lovers
11817,6,High-Value Customers
11818,4,Promotion Lovers
11820,4,Promotion Lovers
11821,7,Large Families
11822,1,Gamers
11823,6,High-Value Customers
11824,7,Large Families
11825,4,Promotion Lovers
11826,2,Clean & Green
11827,4,Promotion Lovers
11828,8,Young Karens
11829,5,Low-Value Occasional Customers
11830,0,Regular Cutomers
11832,4,Promotion Lovers
11833,5,Low-Value Occasional Customers
11835,7,Large Families
11836,0,Regular Cutomers
11837,6,High-Value Customers
11838,4,Promotion Lovers
11839,1,Gamers
11840,6,High-Value Customers
11841,1,Gamers
11843,0,Regular Cutomers
11844,8,Young Karens
11845,7,Large Families
11846,0,Regular Cutomers
11847,2,Clean & Green
11848,2,Clean & Green
11849,4,Promotion Lovers
11851,4,Promotion Lovers
11852,0,Regular Cutomers
11853,2,Clean & Green
11854,0,Regular Cutomers
11855,4,Promotion Lovers
11856,4,Promotion Lovers
11857,0,Regular Cutomers
11858,0,Regular Cutomers
11859,6,High-Value Customers
11860,0,Regular Cutomers
11861,0,Regular Cutomers
11862,1,Gamers
11864,5,Low-Value Occasional Customers
11865,4,Promotion Lovers
11867,3,Senior Karens
11868,2,Clean & Green
11869,6,High-Value Customers
11870,5,Low-Value Occasional Customers
11871,0,Regular Cutomers
11873,5,Low-Value Occasional Customers
11874,6,High-Value Customers
11875,6,High-Value Customers
11876,8,Young Karens
11877,0,Regular Cutomers
11879,8,Young Karens
11880,0,Regular Cutomers
11881,2,Clean & Green
11882,7,Large Families
11883,7,Large Families
11884,6,High-Value Customers
11885,4,Promotion Lovers
11886,1,Gamers
11888,6,High-Value Customers
11889,3,Senior Karens
11890,1,Gamers
11891,0,Regular Cutomers
11892,6,High-Value Customers
11893,1,Gamers
11894,1,Gamers
11896,4,Promotion Lovers
11897,1,Gamers
11898,1,Gamers
11899,3,Senior Karens
11901,2,Clean & Green
11902,8,Young Karens
11903,8,Young Karens
11904,1,Gamers
11905,7,Large Families
11906,2,Clean & Green
11907,0,Regular Cutomers
11908,1,Gamers
11909,1,Gamers
11910,3,Senior Karens
11912,6,High-Value Customers
11914,6,High-Value Customers
11915,7,Large Families
11916,4,Promotion Lovers
11918,7,Large Families
11919,5,Low-Value Occasional Customers
11920,0,Regular Cutomers
11921,6,High-Value Customers
11922,0,Regular Cutomers
11923,1,Gamers
11924,0,Regular Cutomers
11925,2,Clean & Green
11926,4,Promotion Lovers
11927,8,Young Karens
11928,5,Low-Value Occasional Customers
11929,6,High-Value Customers
11930,2,Clean & Green
11931,0,Regular Cutomers
11932,0,Regular Cutomers
11933,6,High-Value Customers
11934,0,Regular Cutomers
11935,2,Clean & Green
11936,2,Clean & Green
11938,6,High-Value Customers
11939,0,Regular Cutomers
11940,6,High-Value Customers
11941,2,Clean & Green
11943,4,Promotion Lovers
11944,5,Low-Value Occasional Customers
11945,0,Regular Cutomers
11946,1,Gamers
11947,5,Low-Value Occasional Customers
11948,0,Regular Cutomers
11950,1,Gamers
11951,6,High-Value Customers
11952,0,Regular Cutomers
11953,0,Regular Cutomers
11955,5,Low-Value Occasional Customers
11957,0,Regular Cutomers
11958,0,Regular Cutomers
11959,0,Regular Cutomers
11960,4,Promotion Lovers
11961,1,Gamers
11962,4,Promotion Lovers
11963,7,Large Families
11964,0,Regular Cutomers
11965,2,Clean & Green
11966,4,Promotion Lovers
11967,4,Promotion Lovers
11968,7,Large Families
11969,4,Promotion Lovers
11970,5,Low-Value Occasional Customers
11972,4,Promotion Lovers
11973,4,Promotion Lovers
11974,1,Gamers
11975,1,Gamers
11976,0,Regular Cutomers
11978,3,Senior Karens
11980,3,Senior Karens
11981,7,Large Families
11982,6,High-Value Customers
11983,0,Regular Cutomers
11985,1,Gamers
11986,0,Regular Cutomers
11988,5,Low-Value Occasional Customers
11990,8,Young Karens
11991,4,Promotion Lovers
11993,7,Large Families
11994,4,Promotion Lovers
11995,3,Senior Karens
11996,1,Gamers
11997,0,Regular Cutomers
11998,8,Young Karens
11999,4,Promotion Lovers
12000,0,Regular Cutomers
12001,7,Large Families
12002,4,Promotion Lovers
12004,0,Regular Cutomers
12005,4,Promotion Lovers
12006,0,Regular Cutomers
12007,0,Regular Cutomers
12008,1,Gamers
12009,3,Senior Karens
12010,4,Promotion Lovers
12011,4,Promotion Lovers
12013,5,Low-Value Occasional Customers
12015,0,Regular Cutomers
12016,1,Gamers
12017,4,Promotion Lovers
12018,6,High-Value Customers
12019,8,Young Karens
12020,5,Low-Value Occasional Customers
12021,0,Regular Cutomers
12023,0,Regular Cutomers
12025,4,Promotion Lovers
12026,7,Large Families
12028,6,High-Value Customers
12029,5,Low-Value Occasional Customers
12030,4,Promotion Lovers
12031,0,Regular Cutomers
12032,0,Regular Cutomers
12033,1,Gamers
12034,0,Regular Cutomers
12035,4,Promotion Lovers
12036,6,High-Value Customers
12037,1,Gamers
12039,5,Low-Value Occasional Customers
12040,7,Large Families
12041,0,Regular Cutomers
12042,4,Promotion Lovers
12043,3,Senior Karens
12045,8,Young Karens
12046,3,Senior Karens
12047,8,Young Karens
12048,4,Promotion Lovers
12049,4,Promotion Lovers
12050,0,Regular Cutomers
12051,0,Regular Cutomers
12052,4,Promotion Lovers
12053,0,Regular Cutomers
12056,4,Promotion Lovers
12057,6,High-Value Customers
12059,7,Large Families
12060,4,Promotion Lovers
12061,5,Low-Value Occasional Customers
12062,2,Clean & Green
12063,0,Regular Cutomers
12064,4,Promotion Lovers
12065,4,Promotion Lovers
12066,1,Gamers
12067,0,Regular Cutomers
12068,7,Large Families
12069,0,Regular Cutomers
12071,5,Low-Value Occasional Customers
12073,5,Low-Value Occasional Customers
12074,0,Regular Cutomers
12075,0,Regular Cutomers
12077,0,Regular Cutomers
12078,7,Large Families
12079,1,Gamers
12080,1,Gamers
12081,8,Young Karens
12082,8,Young Karens
12083,5,Low-Value Occasional Customers
12084,0,Regular Cutomers
12085,5,Low-Value Occasional Customers
12086,5,Low-Value Occasional Customers
12087,0,Regular Cutomers
12088,5,Low-Value Occasional Customers
12089,7,Large Families
12090,5,Low-Value Occasional Customers
12091,5,Low-Value Occasional Customers
12092,7,Large Families
12094,5,Low-Value Occasional Customers
12096,0,Regular Cutomers
12097,4,Promotion Lovers
12099,6,High-Value Customers
12100,0,Regular Cutomers
12101,4,Promotion Lovers
12102,5,Low-Value Occasional Customers
12103,5,Low-Value Occasional Customers
12104,1,Gamers
12106,6,High-Value Customers
12107,5,Low-Value Occasional Customers
12109,8,Young Karens
12110,2,Clean & Green
12111,8,Young Karens
12112,4,Promotion Lovers
12113,5,Low-Value Occasional Customers
12114,0,Regular Cutomers
12115,6,High-Value Customers
12116,7,Large Families
12117,0,Regular Cutomers
12118,4,Promotion Lovers
12119,3,Senior Karens
12120,5,Low-Value Occasional Customers
12121,4,Promotion Lovers
12122,8,Young Karens
12123,6,High-Value Customers
12126,0,Regular Cutomers
12127,5,Low-Value Occasional Customers
12128,1,Gamers
12130,5,Low-Value Occasional Customers
12131,4,Promotion Lovers
12133,1,Gamers
12134,5,Low-Value Occasional Customers
12135,4,Promotion Lovers
12136,1,Gamers
12138,8,Young Karens
12140,2,Clean & Green
12142,0,Regular Cutomers
12143,4,Promotion Lovers
12144,8,Young Karens
12145,4,Promotion Lovers
12146,4,Promotion Lovers
12147,1,Gamers
12148,6,High-Value Customers
12149,0,Regular Cutomers
12151,1,Gamers
12152,5,Low-Value Occasional Customers
12153,2,Clean & Green
12154,6,High-Value Customers
12155,2,Clean & Green
12156,1,Gamers
12157,2,Clean & Green
12158,5,Low-Value Occasional Customers
12159,4,Promotion Lovers
12160,0,Regular Cutomers
12161,5,Low-Value Occasional Customers
12162,7,Large Families
12163,5,Low-Value Occasional Customers
12166,0,Regular Cutomers
12167,5,Low-Value Occasional Customers
12169,0,Regular Cutomers
12170,0,Regular Cutomers
12172,0,Regular Cutomers
12173,4,Promotion Lovers
12174,6,High-Value Customers
12176,0,Regular Cutomers
12177,5,Low-Value Occasional Customers
12178,0,Regular Cutomers
12179,6,High-Value Customers
12180,7,Large Families
12182,7,Large Families
12183,0,Regular Cutomers
12186,0,Regular Cutomers
12187,8,Young Karens
12188,5,Low-Value Occasional Customers
12189,0,Regular Cutomers
12191,6,High-Value Customers
12192,0,Regular Cutomers
12193,0,Regular Cutomers
12194,6,High-Value Customers
12195,8,Young Karens
12196,8,Young Karens
12198,2,Clean & Green
12199,2,Clean & Green
12201,2,Clean & Green
12202,5,Low-Value Occasional Customers
12203,6,High-Value Customers
12204,7,Large Families
12205,1,Gamers
12206,4,Promotion Lovers
12209,7,Large Families
12210,5,Low-Value Occasional Customers
12211,1,Gamers
12213,1,Gamers
12215,2,Clean & Green
12216,4,Promotion Lovers
12218,0,Regular Cutomers
12219,0,Regular Cutomers
12220,4,Promotion Lovers
12221,1,Gamers
12222,1,Gamers
12223,4,Promotion Lovers
12224,0,Regular Cutomers
12225,4,Promotion Lovers
12226,1,Gamers
12227,2,Clean & Green
12229,8,Young Karens
12231,6,High-Value Customers
12233,0,Regular Cutomers
12234,7,Large Families
12237,2,Clean & Green
12238,2,Clean & Green
12239,4,Promotion Lovers
12240,6,High-Value Customers
12241,0,Regular Cutomers
12242,0,Regular Cutomers
12244,2,Clean & Green
12245,8,Young Karens
12246,0,Regular Cutomers
12247,4,Promotion Lovers
12248,4,Promotion Lovers
12249,7,Large Families
12250,1,Gamers
12251,6,High-Value Customers
12252,0,Regular Cutomers
12253,0,Regular Cutomers
12254,7,Large Families
12255,0,Regular Cutomers
12256,6,High-Value Customers
12257,2,Clean & Green
12259,0,Regular Cutomers
12260,4,Promotion Lovers
12261,5,Low-Value Occasional Customers
12262,8,Young Karens
12263,2,Clean & Green
12264,2,Clean & Green
12267,8,Young Karens
12269,2,Clean & Green
12270,0,Regular Cutomers
12273,1,Gamers
12274,3,Senior Karens
12275,0,Regular Cutomers
12276,4,Promotion Lovers
12277,2,Clean & Green
12279,7,Large Families
12280,1,Gamers
12281,0,Regular Cutomers
12282,2,Clean & Green
12283,4,Promotion Lovers
12285,8,Young Karens
12286,2,Clean & Green
12288,0,Regular Cutomers
12290,0,Regular Cutomers
12292,4,Promotion Lovers
12293,6,High-Value Customers
12294,1,Gamers
12295,5,Low-Value Occasional Customers
12296,0,Regular Cutomers
12297,8,Young Karens
12298,0,Regular Cutomers
12299,2,Clean & Green
12302,6,High-Value Customers
12303,6,High-Value Customers
12304,0,Regular Cutomers
12305,5,Low-Value Occasional Customers
12307,0,Regular Cutomers
12309,0,Regular Cutomers
12310,0,Regular Cutomers
12311,4,Promotion Lovers
12313,5,Low-Value Occasional Customers
12314,8,Young Karens
12315,6,High-Value Customers
12316,6,High-Value Customers
12317,4,Promotion Lovers
12320,6,High-Value Customers
12321,0,Regular Cutomers
12322,3,Senior Karens
12323,0,Regular Cutomers
12324,0,Regular Cutomers
12325,6,High-Value Customers
12326,2,Clean & Green
12327,4,Promotion Lovers
12328,1,Gamers
12330,2,Clean & Green
12331,0,Regular Cutomers
12332,5,Low-Value Occasional Customers
12333,0,Regular Cutomers
12336,1,Gamers
12337,8,Young Karens
12339,1,Gamers
12340,5,Low-Value Occasional Customers
12342,1,Gamers
12343,6,High-Value Customers
12344,8,Young Karens
12345,5,Low-Value Occasional Customers
12346,2,Clean & Green
12347,4,Promotion Lovers
12348,3,Senior Karens
12349,0,Regular Cutomers
12350,5,Low-Value Occasional Customers
12351,5,Low-Value Occasional Customers
12352,0,Regular Cutomers
12353,7,Large Families
12355,4,Promotion Lovers
12356,1,Gamers
12357,0,Regular Cutomers
12358,7,Large Families
12359,3,Senior Karens
12360,0,Regular Cutomers
12361,8,Young Karens
12362,0,Regular Cutomers
12363,3,Senior Karens
12364,5,Low-Value Occasional Customers
12365,0,Regular Cutomers
12366,2,Clean & Green
12367,3,Senior Karens
12368,7,Large Families
12371,5,Low-Value Occasional Customers
12372,0,Regular Cutomers
12375,6,High-Value Customers
12378,0,Regular Cutomers
12379,0,Regular Cutomers
12380,1,Gamers
12381,8,Young Karens
12382,3,Senior Karens
12383,4,Promotion Lovers
12384,4,Promotion Lovers
12385,1,Gamers
12388,5,Low-Value Occasional Customers
12389,1,Gamers
12390,6,High-Value Customers
12391,7,Large Families
12392,4,Promotion Lovers
12393,7,Large Families
12394,0,Regular Cutomers
12395,0,Regular Cutomers
12396,0,Regular Cutomers
12397,5,Low-Value Occasional Customers
12398,8,Young Karens
12399,4,Promotion Lovers
12400,2,Clean & Green
12401,4,Promotion Lovers
12402,2,Clean & Green
12403,8,Young Karens
12404,0,Regular Cutomers
12405,2,Clean & Green
12406,4,Promotion Lovers
12407,0,Regular Cutomers
12408,2,Clean & Green
12409,4,Promotion Lovers
12410,8,Young Karens
12411,0,Regular Cutomers
12412,8,Young Karens
12413,7,Large Families
12414,0,Regular Cutomers
12415,7,Large Families
12417,0,Regular Cutomers
12418,0,Regular Cutomers
12419,6,High-Value Customers
12420,0,Regular Cutomers
12421,6,High-Value Customers
12424,6,High-Value Customers
12426,8,Young Karens
12428,0,Regular Cutomers
12429,1,Gamers
12432,0,Regular Cutomers
12434,2,Clean & Green
12435,1,Gamers
12436,0,Regular Cutomers
12437,8,Young Karens
12438,4,Promotion Lovers
12439,4,Promotion Lovers
12440,4,Promotion Lovers
12441,5,Low-Value Occasional Customers
12442,1,Gamers
12443,0,Regular Cutomers
12444,0,Regular Cutomers
12446,4,Promotion Lovers
12447,7,Large Families
12448,2,Clean & Green
12450,1,Gamers
12451,8,Young Karens
12452,4,Promotion Lovers
12453,6,High-Value Customers
12454,5,Low-Value Occasional Customers
12455,5,Low-Value Occasional Customers
12456,5,Low-Value Occasional Customers
12457,0,Regular Cutomers
12461,4,Promotion Lovers
12462,8,Young Karens
12463,0,Regular Cutomers
12465,5,Low-Value Occasional Customers
12466,3,Senior Karens
12467,5,Low-Value Occasional Customers
12468,0,Regular Cutomers
12470,1,Gamers
12471,0,Regular Cutomers
12472,4,Promotion Lovers
12473,2,Clean & Green
12474,2,Clean & Green
12475,4,Promotion Lovers
12477,4,Promotion Lovers
12478,0,Regular Cutomers
12479,6,High-Value Customers
12480,6,High-Value Customers
12481,6,High-Value Customers
12484,1,Gamers
12485,2,Clean & Green
12487,4,Promotion Lovers
12488,4,Promotion Lovers
12489,2,Clean & Green
12490,4,Promotion Lovers
12491,0,Regular Cutomers
12492,1,Gamers
12493,0,Regular Cutomers
12495,0,Regular Cutomers
12496,0,Regular Cutomers
12497,7,Large Families
12498,1,Gamers
12499,3,Senior Karens
12500,6,High-Value Customers
12502,0,Regular Cutomers
12503,0,Regular Cutomers
12504,7,Large Families
12505,4,Promotion Lovers
12506,7,Large Families
12508,1,Gamers
12509,6,High-Value Customers
12510,0,Regular Cutomers
12511,3,Senior Karens
12513,7,Large Families
12514,1,Gamers
12515,2,Clean & Green
12516,0,Regular Cutomers
12517,2,Clean & Green
12519,8,Young Karens
12520,0,Regular Cutomers
12524,4,Promotion Lovers
12526,2,Clean & Green
12530,3,Senior Karens
12531,0,Regular Cutomers
12532,8,Young Karens
12535,0,Regular Cutomers
12537,1,Gamers
12538,0,Regular Cutomers
12539,6,High-Value Customers
12540,0,Regular Cutomers
12541,0,Regular Cutomers
12542,8,Young Karens
12543,5,Low-Value Occasional Customers
12544,0,Regular Cutomers
12545,6,High-Value Customers
12546,4,Promotion Lovers
12547,3,Senior Karens
12548,5,Low-Value Occasional Customers
12549,6,High-Value Customers
12550,7,Large Families
12552,8,Young Karens
12554,2,Clean & Green
12555,4,Promotion Lovers
12556,1,Gamers
12557,2,Clean & Green
12560,4,Promotion Lovers
12561,5,Low-Value Occasional Customers
12562,1,Gamers
12563,3,Senior Karens
12564,0,Regular Cutomers
12565,8,Young Karens
12566,6,High-Value Customers
12568,5,Low-Value Occasional Customers
12569,7,Large Families
12570,0,Regular Cutomers
12572,0,Regular Cutomers
12573,0,Regular Cutomers
12574,7,Large Families
12575,4,Promotion Lovers
12576,8,Young Karens
12577,6,High-Value Customers
12578,1,Gamers
12579,1,Gamers
12580,5,Low-Value Occasional Customers
12582,5,Low-Value Occasional Customers
12583,5,Low-Value Occasional Customers
12584,8,Young Karens
12585,8,Young Karens
12586,6,High-Value Customers
12587,0,Regular Cutomers
12588,6,High-Value Customers
12589,4,Promotion Lovers
12590,0,Regular Cutomers
12591,7,Large Families
12592,4,Promotion Lovers
12593,3,Senior Karens
12594,4,Promotion Lovers
12595,8,Young Karens
12596,0,Regular Cutomers
12597,0,Regular Cutomers
12598,0,Regular Cutomers
12600,0,Regular Cutomers
12602,5,Low-Value Occasional Customers
12603,8,Young Karens
12605,0,Regular Cutomers
12606,0,Regular Cutomers
12607,0,Regular Cutomers
12608,0,Regular Cutomers
12609,0,Regular Cutomers
12610,1,Gamers
12611,5,Low-Value Occasional Customers
12612,0,Regular Cutomers
12614,8,Young Karens
12615,5,Low-Value Occasional Customers
12616,3,Senior Karens
12617,1,Gamers
12618,7,Large Families
12619,6,High-Value Customers
12620,0,Regular Cutomers
12621,7,Large Families
12623,5,Low-Value Occasional Customers
12624,7,Large Families
12625,7,Large Families
12626,1,Gamers
12627,3,Senior Karens
12628,2,Clean & Green
12629,0,Regular Cutomers
12631,0,Regular Cutomers
12632,1,Gamers
12633,7,Large Families
12634,4,Promotion Lovers
12635,2,Clean & Green
12636,6,High-Value Customers
12638,0,Regular Cutomers
12639,4,Promotion Lovers
12640,2,Clean & Green
12642,4,Promotion Lovers
12644,7,Large Families
12645,1,Gamers
12646,3,Senior Karens
12647,5,Low-Value Occasional Customers
12648,0,Regular Cutomers
12649,1,Gamers
12650,6,High-Value Customers
12652,2,Clean & Green
12653,6,High-Value Customers
12654,4,Promotion Lovers
12655,7,Large Families
12656,2,Clean & Green
12657,8,Young Karens
12659,7,Large Families
12660,0,Regular Cutomers
12661,1,Gamers
12663,0,Regular Cutomers
12664,0,Regular Cutomers
12665,2,Clean & Green
12666,4,Promotion Lovers
12667,4,Promotion Lovers
12668,4,Promotion Lovers
12670,0,Regular Cutomers
12671,4,Promotion Lovers
12672,0,Regular Cutomers
12673,1,Gamers
12674,5,Low-Value Occasional Customers
12675,4,Promotion Lovers
12677,0,Regular Cutomers
12678,7,Large Families
12679,7,Large Families
12681,0,Regular Cutomers
12684,5,Low-Value Occasional Customers
12685,6,High-Value Customers
12686,4,Promotion Lovers
12687,7,Large Families
12689,6,High-Value Customers
12691,5,Low-Value Occasional Customers
12692,1,Gamers
12693,6,High-Value Customers
12694,8,Young Karens
12695,5,Low-Value Occasional Customers
12696,1,Gamers
12698,2,Clean & Green
12700,7,Large Families
12701,2,Clean & Green
12702,2,Clean & Green
12703,4,Promotion Lovers
12704,0,Regular Cutomers
12705,0,Regular Cutomers
12706,6,High-Value Customers
12707,1,Gamers
12709,0,Regular Cutomers
12710,0,Regular Cutomers
12711,0,Regular Cutomers
12712,1,Gamers
12713,0,Regular Cutomers
12714,7,Large Families
12715,0,Regular Cutomers
12717,7,Large Families
12720,2,Clean & Green
12721,1,Gamers
12722,6,High-Value Customers
12724,4,Promotion Lovers
12725,0,Regular Cutomers
12726,4,Promotion Lovers
12727,0,Regular Cutomers
12728,7,Large Families
12729,6,High-Value Customers
12730,7,Large Families
12731,4,Promotion Lovers
12732,8,Young Karens
12733,8,Young Karens
12734,4,Promotion Lovers
12738,1,Gamers
12739,1,Gamers
12740,2,Clean & Green
12742,0,Regular Cutomers
12745,5,Low-Value Occasional Customers
12746,8,Young Karens
12747,0,Regular Cutomers
12748,0,Regular Cutomers
12749,0,Regular Cutomers
12750,5,Low-Value Occasional Customers
12751,0,Regular Cutomers
12752,2,Clean & Green
12754,7,Large Families
12756,0,Regular Cutomers
12757,1,Gamers
12758,5,Low-Value Occasional Customers
12760,2,Clean & Green
12761,4,Promotion Lovers
12763,5,Low-Value Occasional Customers
12764,2,Clean & Green
12765,0,Regular Cutomers
12766,3,Senior Karens
12767,0,Regular Cutomers
12768,4,Promotion Lovers
12769,6,High-Value Customers
12770,0,Regular Cutomers
12771,2,Clean & Green
12772,3,Senior Karens
12773,8,Young Karens
12774,0,Regular Cutomers
12775,2,Clean & Green
12776,5,Low-Value Occasional Customers
12778,8,Young Karens
12779,8,Young Karens
12781,7,Large Families
12782,4,Promotion Lovers
12783,6,High-Value Customers
12784,2,Clean & Green
12785,1,Gamers
12786,4,Promotion Lovers
12787,5,Low-Value Occasional Customers
12788,3,Senior Karens
12789,0,Regular Cutomers
12790,6,High-Value Customers
12791,0,Regular Cutomers
12792,2,Clean & Green
12793,7,Large Families
12794,2,Clean & Green
12795,8,Young Karens
12796,5,Low-Value Occasional Customers
12797,2,Clean & Green
12798,6,High-Value Customers
12799,6,High-Value Customers
12800,4,Promotion Lovers
12801,4,Promotion Lovers
12803,7,Large Families
12804,4,Promotion Lovers
12805,8,Young Karens
12806,1,Gamers
12808,4,Promotion Lovers
12809,0,Regular Cutomers
12810,6,High-Value Customers
12811,0,Regular Cutomers
12813,7,Large Families
12814,2,Clean & Green
12815,0,Regular Cutomers
12817,8,Young Karens
12818,4,Promotion Lovers
12819,5,Low-Value Occasional Customers
12820,2,Clean & Green
12821,6,High-Value Customers
12823,5,Low-Value Occasional Customers
12824,1,Gamers
12825,4,Promotion Lovers
12826,0,Regular Cutomers
12827,8,Young Karens
12828,4,Promotion Lovers
12829,8,Young Karens
12831,2,Clean & Green
12832,0,Regular Cutomers
12833,0,Regular Cutomers
12834,6,High-Value Customers
12835,0,Regular Cutomers
12836,4,Promotion Lovers
12838,0,Regular Cutomers
12839,7,Large Families
12840,5,Low-Value Occasional Customers
12842,0,Regular Cutomers
12843,0,Regular Cutomers
12844,0,Regular Cutomers
12845,7,Large Families
12846,3,Senior Karens
12847,6,High-Value Customers
12848,0,Regular Cutomers
12849,1,Gamers
12850,5,Low-Value Occasional Customers
12851,1,Gamers
12853,1,Gamers
12854,2,Clean & Green
12856,2,Clean & Green
12857,0,Regular Cutomers
12858,8,Young Karens
12859,4,Promotion Lovers
12860,4,Promotion Lovers
12861,4,Promotion Lovers
12862,2,Clean & Green
12863,0,Regular Cutomers
12864,0,Regular Cutomers
12865,0,Regular Cutomers
12866,4,Promotion Lovers
12867,7,Large Families
12868,1,Gamers
12869,1,Gamers
12871,4,Promotion Lovers
12872,0,Regular Cutomers
12874,0,Regular Cutomers
12876,0,Regular Cutomers
12877,5,Low-Value Occasional Customers
12879,5,Low-Value Occasional Customers
12880,7,Large Families
12884,2,Clean & Green
12885,7,Large Families
12886,5,Low-Value Occasional Customers
12888,0,Regular Cutomers
12889,3,Senior Karens
12890,0,Regular Cutomers
12891,2,Clean & Green
12892,5,Low-Value Occasional Customers
12893,2,Clean & Green
12895,0,Regular Cutomers
12898,4,Promotion Lovers
12899,4,Promotion Lovers
12902,0,Regular Cutomers
12903,0,Regular Cutomers
12904,4,Promotion Lovers
12905,6,High-Value Customers
12906,4,Promotion Lovers
12907,4,Promotion Lovers
12908,5,Low-Value Occasional Customers
12912,3,Senior Karens
12914,8,Young Karens
12915,6,High-Value Customers
12916,6,High-Value Customers
12917,1,Gamers
12918,1,Gamers
12919,7,Large Families
12920,4,Promotion Lovers
12921,4,Promotion Lovers
12924,8,Young Karens
12925,2,Clean & Green
12926,0,Regular Cutomers
12927,0,Regular Cutomers
12928,5,Low-Value Occasional Customers
12930,1,Gamers
12931,5,Low-Value Occasional Customers
12932,7,Large Families
12934,6,High-Value Customers
12935,7,Large Families
12936,3,Senior Karens
12938,5,Low-Value Occasional Customers
12940,7,Large Families
12941,8,Young Karens
12943,3,Senior Karens
12944,1,Gamers
12945,0,Regular Cutomers
12946,0,Regular Cutomers
12947,0,Regular Cutomers
12948,8,Young Karens
12949,0,Regular Cutomers
12950,7,Large Families
12951,4,Promotion Lovers
12952,7,Large Families
12954,6,High-Value Customers
12955,4,Promotion Lovers
12956,6,High-Value Customers
12957,1,Gamers
12959,7,Large Families
12960,8,Young Karens
12961,0,Regular Cutomers
12962,4,Promotion Lovers
12964,1,Gamers
12965,8,Young Karens
12966,6,High-Value Customers
12967,6,High-Value Customers
12968,1,Gamers
12969,4,Promotion Lovers
12970,0,Regular Cutomers
12971,2,Clean & Green
12972,6,High-Value Customers
12973,0,Regular Cutomers
12974,4,Promotion Lovers
12976,7,Large Families
12977,0,Regular Cutomers
12982,5,Low-Value Occasional Customers
12983,8,Young Karens
12984,0,Regular Cutomers
12985,7,Large Families
12987,1,Gamers
12989,6,High-Value Customers
12990,7,Large Families
12991,0,Regular Cutomers
12992,7,Large Families
12993,1,Gamers
12994,0,Regular Cutomers
12995,1,Gamers
12997,0,Regular Cutomers
12998,0,Regular Cutomers
12999,4,Promotion Lovers
13000,7,Large Families
13001,5,Low-Value Occasional Customers
13002,8,Young Karens
13003,4,Promotion Lovers
13004,0,Regular Cutomers
13005,7,Large Families
13006,4,Promotion Lovers
13007,1,Gamers
13008,1,Gamers
13010,0,Regular Cutomers
13011,5,Low-Value Occasional Customers
13012,6,High-Value Customers
13014,5,Low-Value Occasional Customers
13017,7,Large Families
13018,5,Low-Value Occasional Customers
13020,0,Regular Cutomers
13022,7,Large Families
13023,2,Clean & Green
13025,2,Clean & Green
13026,0,Regular Cutomers
13027,4,Promotion Lovers
13028,4,Promotion Lovers
13029,5,Low-Value Occasional Customers
13030,4,Promotion Lovers
13032,0,Regular Cutomers
13033,2,Clean & Green
13034,5,Low-Value Occasional Customers
13036,8,Young Karens
13037,6,High-Value Customers
13038,5,Low-Value Occasional Customers
13040,4,Promotion Lovers
13041,5,Low-Value Occasional Customers
13042,3,Senior Karens
13043,7,Large Families
13044,4,Promotion Lovers
13045,2,Clean & Green
13046,0,Regular Cutomers
13047,4,Promotion Lovers
13048,7,Large Families
13049,5,Low-Value Occasional Customers
13051,8,Young Karens
13052,3,Senior Karens
13054,8,Young Karens
13055,0,Regular Cutomers
13057,0,Regular Cutomers
13058,2,Clean & Green
13059,2,Clean & Green
13060,0,Regular Cutomers
13061,8,Young Karens
13062,3,Senior Karens
13063,8,Young Karens
13064,5,Low-Value Occasional Customers
13065,4,Promotion Lovers
13066,0,Regular Cutomers
13067,4,Promotion Lovers
13068,2,Clean & Green
13069,0,Regular Cutomers
13070,1,Gamers
13071,1,Gamers
13072,3,Senior Karens
13073,0,Regular Cutomers
13074,5,Low-Value Occasional Customers
13075,6,High-Value Customers
13076,5,Low-Value Occasional Customers
13077,4,Promotion Lovers
13078,4,Promotion Lovers
13079,0,Regular Cutomers
13080,8,Young Karens
13081,4,Promotion Lovers
13082,4,Promotion Lovers
13083,0,Regular Cutomers
13084,6,High-Value Customers
13085,7,Large Families
13086,0,Regular Cutomers
13087,0,Regular Cutomers
13089,5,Low-Value Occasional Customers
13090,0,Regular Cutomers
13091,3,Senior Karens
13093,0,Regular Cutomers
13094,0,Regular Cutomers
13095,1,Gamers
13096,1,Gamers
13097,0,Regular Cutomers
13098,5,Low-Value Occasional Customers
13100,0,Regular Cutomers
13101,1,Gamers
13102,0,Regular Cutomers
13103,4,Promotion Lovers
13104,4,Promotion Lovers
13105,6,High-Value Customers
13106,4,Promotion Lovers
13107,8,Young Karens
13108,2,Clean & Green
13109,0,Regular Cutomers
13110,4,Promotion Lovers
13111,0,Regular Cutomers
13112,7,Large Families
13114,6,High-Value Customers
13115,4,Promotion Lovers
13116,7,Large Families
13117,6,High-Value Customers
13118,2,Clean & Green
13119,0,Regular Cutomers
13120,0,Regular Cutomers
13122,3,Senior Karens
13123,8,Young Karens
13124,4,Promotion Lovers
13125,4,Promotion Lovers
13126,1,Gamers
13127,0,Regular Cutomers
13128,7,Large Families
13129,1,Gamers
13130,7,Large Families
13131,7,Large Families
13132,0,Regular Cutomers
13133,0,Regular Cutomers
13134,7,Large Families
13135,5,Low-Value Occasional Customers
13136,6,High-Value Customers
13137,7,Large Families
13138,0,Regular Cutomers
13139,0,Regular Cutomers
13140,2,Clean & Green
13141,0,Regular Cutomers
13143,0,Regular Cutomers
13144,0,Regular Cutomers
13145,8,Young Karens
13146,5,Low-Value Occasional Customers
13147,7,Large Families
13149,2,Clean & Green
13150,6,High-Value Customers
13151,5,Low-Value Occasional Customers
13152,5,Low-Value Occasional Customers
13153,1,Gamers
13154,0,Regular Cutomers
13156,4,Promotion Lovers
13157,2,Clean & Green
13158,4,Promotion Lovers
13159,6,High-Value Customers
13161,2,Clean & Green
13162,7,Large Families
13163,6,High-Value Customers
13165,8,Young Karens
13166,5,Low-Value Occasional Customers
13167,1,Gamers
13168,0,Regular Cutomers
13169,4,Promotion Lovers
13172,5,Low-Value Occasional Customers
13173,0,Regular Cutomers
13174,5,Low-Value Occasional Customers
13175,4,Promotion Lovers
13176,2,Clean & Green
13177,1,Gamers
13178,5,Low-Value Occasional Customers
13180,4,Promotion Lovers
13181,0,Regular Cutomers
13183,0,Regular Cutomers
13184,8,Young Karens
13185,2,Clean & Green
13186,6,High-Value Customers
13187,5,Low-Value Occasional Customers
13188,4,Promotion Lovers
13189,4,Promotion Lovers
13190,0,Regular Cutomers
13191,4,Promotion Lovers
13192,0,Regular Cutomers
13194,4,Promotion Lovers
13195,7,Large Families
13196,7,Large Families
13197,0,Regular Cutomers
13198,1,Gamers
13199,1,Gamers
13201,4,Promotion Lovers
13202,5,Low-Value Occasional Customers
13203,4,Promotion Lovers
13204,2,Clean & Green
13205,8,Young Karens
13208,7,Large Families
13209,2,Clean & Green
13210,4,Promotion Lovers
13211,1,Gamers
13212,7,Large Families
13213,4,Promotion Lovers
13214,2,Clean & Green
13215,1,Gamers
13217,5,Low-Value Occasional Customers
13219,0,Regular Cutomers
13220,5,Low-Value Occasional Customers
13222,8,Young Karens
13224,6,High-Value Customers
13225,5,Low-Value Occasional Customers
13226,6,High-Value Customers
13227,7,Large Families
13229,8,Young Karens
13230,4,Promotion Lovers
13231,8,Young Karens
13232,5,Low-Value Occasional Customers
13233,7,Large Families
13234,5,Low-Value Occasional Customers
13235,5,Low-Value Occasional Customers
13236,7,Large Families
13239,0,Regular Cutomers
13240,8,Young Karens
13241,0,Regular Cutomers
13242,7,Large Families
13244,0,Regular Cutomers
13245,5,Low-Value Occasional Customers
13246,2,Clean & Green
13247,0,Regular Cutomers
13248,6,High-Value Customers
13249,0,Regular Cutomers
13250,8,Young Karens
13252,7,Large Families
13253,2,Clean & Green
13254,6,High-Value Customers
13255,1,Gamers
13256,6,High-Value Customers
13257,5,Low-Value Occasional Customers
13258,4,Promotion Lovers
13259,5,Low-Value Occasional Customers
13260,0,Regular Cutomers
13262,0,Regular Cutomers
13263,2,Clean & Green
13264,5,Low-Value Occasional Customers
13265,2,Clean & Green
13266,8,Young Karens
13268,2,Clean & Green
13269,2,Clean & Green
13270,0,Regular Cutomers
13271,4,Promotion Lovers
13272,4,Promotion Lovers
13273,5,Low-Value Occasional Customers
13274,3,Senior Karens
13276,2,Clean & Green
13277,4,Promotion Lovers
13279,1,Gamers
13280,0,Regular Cutomers
13283,5,Low-Value Occasional Customers
13284,3,Senior Karens
13285,8,Young Karens
13286,7,Large Families
13287,3,Senior Karens
13288,0,Regular Cutomers
13289,4,Promotion Lovers
13290,4,Promotion Lovers
13292,5,Low-Value Occasional Customers
13293,4,Promotion Lovers
13294,0,Regular Cutomers
13295,4,Promotion Lovers
13296,1,Gamers
13297,4,Promotion Lovers
13298,0,Regular Cutomers
13299,0,Regular Cutomers
13300,0,Regular Cutomers
13301,0,Regular Cutomers
13302,7,Large Families
13303,3,Senior Karens
13304,4,Promotion Lovers
13305,7,Large Families
13307,0,Regular Cutomers
13308,0,Regular Cutomers
13309,5,Low-Value Occasional Customers
13310,6,High-Value Customers
13313,5,Low-Value Occasional Customers
13314,5,Low-Value Occasional Customers
13315,8,Young Karens
13316,5,Low-Value Occasional Customers
13318,5,Low-Value Occasional Customers
13320,2,Clean & Green
13321,4,Promotion Lovers
13323,1,Gamers
13324,7,Large Families
13325,0,Regular Cutomers
13326,0,Regular Cutomers
13327,5,Low-Value Occasional Customers
13328,0,Regular Cutomers
13329,1,Gamers
13330,5,Low-Value Occasional Customers
13332,2,Clean & Green
13333,5,Low-Value Occasional Customers
13334,0,Regular Cutomers
13335,7,Large Families
13336,0,Regular Cutomers
13337,5,Low-Value Occasional Customers
13338,5,Low-Value Occasional Customers
13340,1,Gamers
13341,1,Gamers
13342,4,Promotion Lovers
13343,6,High-Value Customers
13344,5,Low-Value Occasional Customers
13346,4,Promotion Lovers
13347,4,Promotion Lovers
13348,4,Promotion Lovers
13349,4,Promotion Lovers
13350,6,High-Value Customers
13352,0,Regular Cutomers
13353,4,Promotion Lovers
13354,7,Large Families
13357,5,Low-Value Occasional Customers
13358,4,Promotion Lovers
13360,5,Low-Value Occasional Customers
13361,0,Regular Cutomers
13362,7,Large Families
13364,1,Gamers
13365,6,High-Value Customers
13366,2,Clean & Green
13367,5,Low-Value Occasional Customers
13368,3,Senior Karens
13369,2,Clean & Green
13370,1,Gamers
13371,1,Gamers
13372,0,Regular Cutomers
13373,5,Low-Value Occasional Customers
13374,5,Low-Value Occasional Customers
13375,0,Regular Cutomers
13377,1,Gamers
13378,0,Regular Cutomers
13379,2,Clean & Green
13380,0,Regular Cutomers
13381,1,Gamers
13384,4,Promotion Lovers
13385,4,Promotion Lovers
13386,0,Regular Cutomers
13387,2,Clean & Green
13388,2,Clean & Green
13389,7,Large Families
13390,8,Young Karens
13391,0,Regular Cutomers
13392,4,Promotion Lovers
13393,0,Regular Cutomers
13394,8,Young Karens
13395,4,Promotion Lovers
13396,8,Young Karens
13397,0,Regular Cutomers
13398,4,Promotion Lovers
13399,1,Gamers
13401,1,Gamers
13403,0,Regular Cutomers
13404,2,Clean & Green
13405,4,Promotion Lovers
13406,0,Regular Cutomers
13408,5,Low-Value Occasional Customers
13410,4,Promotion Lovers
13412,5,Low-Value Occasional Customers
13413,4,Promotion Lovers
13414,5,Low-Value Occasional Customers
13415,2,Clean & Green
13416,7,Large Families
13417,4,Promotion Lovers
13418,0,Regular Cutomers
13419,7,Large Families
13420,4,Promotion Lovers
13421,8,Young Karens
13422,0,Regular Cutomers
13424,2,Clean & Green
13425,2,Clean & Green
13426,0,Regular Cutomers
13427,0,Regular Cutomers
13428,4,Promotion Lovers
13429,0,Regular Cutomers
13430,4,Promotion Lovers
13431,7,Large Families
13433,1,Gamers
13434,5,Low-Value Occasional Customers
13436,2,Clean & Green
13437,6,High-Value Customers
13438,2,Clean & Green
13439,8,Young Karens
13440,6,High-Value Customers
13441,2,Clean & Green
13442,6,High-Value Customers
13443,4,Promotion Lovers
13444,8,Young Karens
13445,1,Gamers
13446,8,Young Karens
13447,0,Regular Cutomers
13448,2,Clean & Green
13449,6,High-Value Customers
13450,1,Gamers
13451,4,Promotion Lovers
13453,8,Young Karens
13455,5,Low-Value Occasional Customers
13456,4,Promotion Lovers
13457,2,Clean & Green
13458,2,Clean & Green
13461,2,Clean & Green
13462,4,Promotion Lovers
13463,6,High-Value Customers
13464,5,Low-Value Occasional Customers
13465,0,Regular Cutomers
13467,2,Clean & Green
13468,0,Regular Cutomers
13469,4,Promotion Lovers
13470,2,Clean & Green
13471,4,Promotion Lovers
13472,4,Promotion Lovers
13473,0,Regular Cutomers
13474,5,Low-Value Occasional Customers
13476,7,Large Families
13477,4,Promotion Lovers
13479,8,Young Karens
13480,4,Promotion Lovers
13481,0,Regular Cutomers
13482,0,Regular Cutomers
13483,4,Promotion Lovers
13484,3,Senior Karens
13485,8,Young Karens
13486,3,Senior Karens
13487,6,High-Value Customers
13488,1,Gamers
13489,0,Regular Cutomers
13490,1,Gamers
13493,0,Regular Cutomers
13495,0,Regular Cutomers
13496,2,Clean & Green
13497,2,Clean & Green
13498,5,Low-Value Occasional Customers
13499,8,Young Karens
13500,5,Low-Value Occasional Customers
13501,4,Promotion Lovers
13502,4,Promotion Lovers
13503,0,Regular Cutomers
13505,0,Regular Cutomers
13506,0,Regular Cutomers
13509,5,Low-Value Occasional Customers
13510,4,Promotion Lovers
13513,1,Gamers
13514,0,Regular Cutomers
13515,6,High-Value Customers
13516,5,Low-Value Occasional Customers
13518,6,High-Value Customers
13519,4,Promotion Lovers
13521,6,High-Value Customers
13522,4,Promotion Lovers
13523,6,High-Value Customers
13524,2,Clean & Green
13525,1,Gamers
13526,7,Large Families
13527,6,High-Value Customers
13528,0,Regular Cutomers
13529,0,Regular Cutomers
13530,2,Clean & Green
13531,2,Clean & Green
13533,0,Regular Cutomers
13534,4,Promotion Lovers
13535,6,High-Value Customers
13536,7,Large Families
13537,5,Low-Value Occasional Customers
13538,0,Regular Cutomers
13539,4,Promotion Lovers
13540,5,Low-Value Occasional Customers
13541,1,Gamers
13544,1,Gamers
13545,7,Large Families
13546,6,High-Value Customers
13547,7,Large Families
13548,5,Low-Value Occasional Customers
13549,6,High-Value Customers
13550,6,High-Value Customers
13552,0,Regular Cutomers
13553,6,High-Value Customers
13554,2,Clean & Green
13556,2,Clean & Green
13557,7,Large Families
13558,0,Regular Cutomers
13559,5,Low-Value Occasional Customers
13560,5,Low-Value Occasional Customers
13561,4,Promotion Lovers
13562,7,Large Families
13563,3,Senior Karens
13564,0,Regular Cutomers
13565,4,Promotion Lovers
13568,8,Young Karens
13569,8,Young Karens
13570,4,Promotion Lovers
13571,2,Clean & Green
13573,6,High-Value Customers
13574,6,High-Value Customers
13575,8,Young Karens
13576,8,Young Karens
13579,0,Regular Cutomers
13580,0,Regular Cutomers
13582,2,Clean & Green
13583,4,Promotion Lovers
13584,5,Low-Value Occasional Customers
13585,6,High-Value Customers
13586,2,Clean & Green
13587,8,Young Karens
13588,0,Regular Cutomers
13590,4,Promotion Lovers
13592,7,Large Families
13593,5,Low-Value Occasional Customers
13594,7,Large Families
13596,4,Promotion Lovers
13597,1,Gamers
13599,2,Clean & Green
13600,3,Senior Karens
13601,8,Young Karens
13602,4,Promotion Lovers
13603,3,Senior Karens
13604,7,Large Families
13605,0,Regular Cutomers
13606,3,Senior Karens
13607,2,Clean & Green
13609,0,Regular Cutomers
13610,4,Promotion Lovers
13611,8,Young Karens
13612,6,High-Value Customers
13614,5,Low-Value Occasional Customers
13615,4,Promotion Lovers
13616,6,High-Value Customers
13618,4,Promotion Lovers
13620,0,Regular Cutomers
13621,8,Young Karens
13623,5,Low-Value Occasional Customers
13625,4,Promotion Lovers
13626,4,Promotion Lovers
13627,7,Large Families
13628,4,Promotion Lovers
13629,4,Promotion Lovers
13630,5,Low-Value Occasional Customers
13631,3,Senior Karens
13632,0,Regular Cutomers
13633,6,High-Value Customers
13634,4,Promotion Lovers
13635,5,Low-Value Occasional Customers
13636,6,High-Value Customers
13638,8,Young Karens
13640,4,Promotion Lovers
13641,0,Regular Cutomers
13642,8,Young Karens
13643,7,Large Families
13644,6,High-Value Customers
13645,4,Promotion Lovers
13647,5,Low-Value Occasional Customers
13648,4,Promotion Lovers
13649,6,High-Value Customers
13650,0,Regular Cutomers
13651,6,High-Value Customers
13652,0,Regular Cutomers
13654,8,Young Karens
13655,7,Large Families
13656,5,Low-Value Occasional Customers
13658,0,Regular Cutomers
13659,0,Regular Cutomers
13660,3,Senior Karens
13661,1,Gamers
13662,1,Gamers
13663,0,Regular Cutomers
13664,2,Clean & Green
13665,1,Gamers
13666,4,Promotion Lovers
13668,1,Gamers
13669,2,Clean & Green
13671,4,Promotion Lovers
13672,5,Low-Value Occasional Customers
13673,1,Gamers
13674,2,Clean & Green
13675,1,Gamers
13676,0,Regular Cutomers
13677,7,Large Families
13679,5,Low-Value Occasional Customers
13680,0,Regular Cutomers
13681,0,Regular Cutomers
13682,5,Low-Value Occasional Customers
13683,0,Regular Cutomers
13686,7,Large Families
13687,1,Gamers
13688,7,Large Families
13689,5,Low-Value Occasional Customers
13690,0,Regular Cutomers
13691,0,Regular Cutomers
13692,2,Clean & Green
13693,0,Regular Cutomers
13694,2,Clean & Green
13695,2,Clean & Green
13696,8,Young Karens
13697,4,Promotion Lovers
13698,4,Promotion Lovers
13699,5,Low-Value Occasional Customers
13700,0,Regular Cutomers
13701,6,High-Value Customers
13703,5,Low-Value Occasional Customers
13704,5,Low-Value Occasional Customers
13705,4,Promotion Lovers
13706,0,Regular Cutomers
13708,6,High-Value Customers
13709,0,Regular Cutomers
13710,0,Regular Cutomers
13711,4,Promotion Lovers
13713,8,Young Karens
13714,3,Senior Karens
13715,0,Regular Cutomers
13716,0,Regular Cutomers
13717,4,Promotion Lovers
13720,0,Regular Cutomers
13721,1,Gamers
13723,0,Regular Cutomers
13724,0,Regular Cutomers
13725,2,Clean & Green
13726,2,Clean & Green
13727,0,Regular Cutomers
13729,6,High-Value Customers
13730,0,Regular Cutomers
13731,1,Gamers
13732,2,Clean & Green
13733,1,Gamers
13734,4,Promotion Lovers
13735,0,Regular Cutomers
13736,1,Gamers
13737,5,Low-Value Occasional Customers
13738,5,Low-Value Occasional Customers
13739,0,Regular Cutomers
13740,2,Clean & Green
13741,8,Young Karens
13742,0,Regular Cutomers
13743,7,Large Families
13744,8,Young Karens
13745,7,Large Families
13746,1,Gamers
13747,8,Young Karens
13750,4,Promotion Lovers
13752,5,Low-Value Occasional Customers
13753,4,Promotion Lovers
13754,2,Clean & Green
13755,0,Regular Cutomers
13756,6,High-Value Customers
13758,5,Low-Value Occasional Customers
13759,6,High-Value Customers
13760,6,High-Value Customers
13761,5,Low-Value Occasional Customers
13762,0,Regular Cutomers
13763,4,Promotion Lovers
13764,5,Low-Value Occasional Customers
13765,2,Clean & Green
13767,0,Regular Cutomers
13768,6,High-Value Customers
13771,2,Clean & Green
13772,0,Regular Cutomers
13773,5,Low-Value Occasional Customers
13774,6,High-Value Customers
13775,0,Regular Cutomers
13777,5,Low-Value Occasional Customers
13778,7,Large Families
13779,4,Promotion Lovers
13780,0,Regular Cutomers
13782,5,Low-Value Occasional Customers
13783,5,Low-Value Occasional Customers
13784,8,Young Karens
13785,4,Promotion Lovers
13789,0,Regular Cutomers
13790,4,Promotion Lovers
13792,5,Low-Value Occasional Customers
13793,2,Clean & Green
13794,4,Promotion Lovers
13796,5,Low-Value Occasional Customers
13797,7,Large Families
13798,4,Promotion Lovers
13799,0,Regular Cutomers
13800,1,Gamers
13801,6,High-Value Customers
13802,5,Low-Value Occasional Customers
13803,5,Low-Value Occasional Customers
13804,4,Promotion Lovers
13805,0,Regular Cutomers
13806,4,Promotion Lovers
13807,7,Large Families
13809,5,Low-Value Occasional Customers
13810,1,Gamers
13811,0,Regular Cutomers
13812,6,High-Value Customers
13813,6,High-Value Customers
13814,4,Promotion Lovers
13815,2,Clean & Green
13816,0,Regular Cutomers
13817,0,Regular Cutomers
13819,1,Gamers
13820,8,Young Karens
13821,6,High-Value Customers
13822,4,Promotion Lovers
13823,5,Low-Value Occasional Customers
13825,0,Regular Cutomers
13826,8,Young Karens
13827,0,Regular Cutomers
13828,0,Regular Cutomers
13830,1,Gamers
13831,0,Regular Cutomers
13832,0,Regular Cutomers
13833,5,Low-Value Occasional Customers
13834,0,Regular Cutomers
13837,0,Regular Cutomers
13839,5,Low-Value Occasional Customers
13840,1,Gamers
13841,2,Clean & Green
13842,6,High-Value Customers
13843,5,Low-Value Occasional Customers
13844,5,Low-Value Occasional Customers
13845,7,Large Families
13846,0,Regular Cutomers
13847,4,Promotion Lovers
13848,0,Regular Cutomers
13849,6,High-Value Customers
13850,4,Promotion Lovers
13851,2,Clean & Green
13852,5,Low-Value Occasional Customers
13853,1,Gamers
13854,7,Large Families
13855,0,Regular Cutomers
13856,8,Young Karens
13857,6,High-Value Customers
13858,5,Low-Value Occasional Customers
13859,0,Regular Cutomers
13860,0,Regular Cutomers
13861,4,Promotion Lovers
13862,5,Low-Value Occasional Customers
13863,5,Low-Value Occasional Customers
13865,8,Young Karens
13866,4,Promotion Lovers
13867,6,High-Value Customers
13868,0,Regular Cutomers
13869,4,Promotion Lovers
13870,7,Large Families
13871,2,Clean & Green
13872,2,Clean & Green
13873,5,Low-Value Occasional Customers
13874,0,Regular Cutomers
13875,1,Gamers
13876,1,Gamers
13877,1,Gamers
13878,4,Promotion Lovers
13880,3,Senior Karens
13881,2,Clean & Green
13882,6,High-Value Customers
13883,8,Young Karens
13884,0,Regular Cutomers
13885,0,Regular Cutomers
13886,2,Clean & Green
13887,4,Promotion Lovers
13889,2,Clean & Green
13890,8,Young Karens
13891,1,Gamers
13894,5,Low-Value Occasional Customers
13895,1,Gamers
13896,0,Regular Cutomers
13897,0,Regular Cutomers
13898,4,Promotion Lovers
13899,4,Promotion Lovers
13900,0,Regular Cutomers
13901,0,Regular Cutomers
13902,0,Regular Cutomers
13903,4,Promotion Lovers
13904,7,Large Families
13905,0,Regular Cutomers
13906,0,Regular Cutomers
13908,6,High-Value Customers
13909,0,Regular Cutomers
13910,2,Clean & Green
13911,6,High-Value Customers
13912,0,Regular Cutomers
13913,4,Promotion Lovers
13915,5,Low-Value Occasional Customers
13916,5,Low-Value Occasional Customers
13917,4,Promotion Lovers
13919,0,Regular Cutomers
13920,5,Low-Value Occasional Customers
13921,0,Regular Cutomers
13923,2,Clean & Green
13924,6,High-Value Customers
13925,5,Low-Value Occasional Customers
13926,5,Low-Value Occasional Customers
13927,1,Gamers
13928,1,Gamers
13930,7,Large Families
13931,0,Regular Cutomers
13932,5,Low-Value Occasional Customers
13934,0,Regular Cutomers
13935,2,Clean & Green
13936,4,Promotion Lovers
13937,2,Clean & Green
13938,0,Regular Cutomers
13939,5,Low-Value Occasional Customers
13941,5,Low-Value Occasional Customers
13942,0,Regular Cutomers
13943,8,Young Karens
13944,2,Clean & Green
13945,4,Promotion Lovers
13946,7,Large Families
13947,0,Regular Cutomers
13949,5,Low-Value Occasional Customers
13951,0,Regular Cutomers
13952,8,Young Karens
13953,1,Gamers
13954,1,Gamers
13955,8,Young Karens
13956,6,High-Value Customers
13957,1,Gamers
13958,8,Young Karens
13959,0,Regular Cutomers
13960,0,Regular Cutomers
13961,7,Large Families
13962,5,Low-Value Occasional Customers
13963,8,Young Karens
13964,2,Clean & Green
13965,0,Regular Cutomers
13966,0,Regular Cutomers
13967,5,Low-Value Occasional Customers
13968,0,Regular Cutomers
13969,4,Promotion Lovers
13970,7,Large Families
13971,0,Regular Cutomers
13972,0,Regular Cutomers
13973,2,Clean & Green
13974,3,Senior Karens
13975,4,Promotion Lovers
13976,6,High-Value Customers
13977,8,Young Karens
13978,4,Promotion Lovers
13979,0,Regular Cutomers
13980,0,Regular Cutomers
13981,7,Large Families
13982,0,Regular Cutomers
13983,8,Young Karens
13985,2,Clean & Green
13987,5,Low-Value Occasional Customers
13989,6,High-Value Customers
13990,7,Large Families
13991,2,Clean & Green
13992,2,Clean & Green
13994,4,Promotion Lovers
13995,4,Promotion Lovers
13996,7,Large Families
13998,0,Regular Cutomers
13999,1,Gamers
14001,8,Young Karens
14002,6,High-Value Customers
14003,3,Senior Karens
14004,7,Large Families
14005,8,Young Karens
14006,3,Senior Karens
14007,1,Gamers
14008,7,Large Families
14009,6,High-Value Customers
14010,1,Gamers
14011,2,Clean & Green
14012,0,Regular Cutomers
14013,2,Clean & Green
14015,7,Large Families
14016,0,Regular Cutomers
14017,5,Low-Value Occasional Customers
14018,6,High-Value Customers
14019,0,Regular Cutomers
14020,0,Regular Cutomers
14021,1,Gamers
14022,4,Promotion Lovers
14024,0,Regular Cutomers
14025,4,Promotion Lovers
14026,0,Regular Cutomers
14027,0,Regular Cutomers
14028,7,Large Families
14029,6,High-Value Customers
14030,4,Promotion Lovers
14031,2,Clean & Green
14033,0,Regular Cutomers
14034,4,Promotion Lovers
14035,4,Promotion Lovers
14037,4,Promotion Lovers
14038,0,Regular Cutomers
14041,5,Low-Value Occasional Customers
14042,8,Young Karens
14043,4,Promotion Lovers
14044,7,Large Families
14046,5,Low-Value Occasional Customers
14047,0,Regular Cutomers
14048,6,High-Value Customers
14049,0,Regular Cutomers
14050,5,Low-Value Occasional Customers
14051,2,Clean & Green
14052,0,Regular Cutomers
14055,3,Senior Karens
14056,0,Regular Cutomers
14057,5,Low-Value Occasional Customers
14058,3,Senior Karens
14059,8,Young Karens
14060,7,Large Families
14061,6,High-Value Customers
14063,4,Promotion Lovers
14064,0,Regular Cutomers
14065,7,Large Families
14066,8,Young Karens
14067,0,Regular Cutomers
14068,3,Senior Karens
14069,5,Low-Value Occasional Customers
14070,7,Large Families
14071,0,Regular Cutomers
14072,0,Regular Cutomers
14073,6,High-Value Customers
14074,7,Large Families
14077,0,Regular Cutomers
14079,3,Senior Karens
14080,6,High-Value Customers
14081,4,Promotion Lovers
14083,4,Promotion Lovers
14084,5,Low-Value Occasional Customers
14085,4,Promotion Lovers
14087,4,Promotion Lovers
14088,0,Regular Cutomers
14089,6,High-Value Customers
14092,7,Large Families
14093,2,Clean & Green
14095,2,Clean & Green
14096,8,Young Karens
14097,5,Low-Value Occasional Customers
14098,6,High-Value Customers
14099,8,Young Karens
14100,6,High-Value Customers
14101,0,Regular Cutomers
14102,0,Regular Cutomers
14103,4,Promotion Lovers
14104,2,Clean & Green
14105,0,Regular Cutomers
14106,2,Clean & Green
14107,0,Regular Cutomers
14109,1,Gamers
14110,7,Large Families
14111,4,Promotion Lovers
14112,0,Regular Cutomers
14113,7,Large Families
14115,0,Regular Cutomers
14116,2,Clean & Green
14117,4,Promotion Lovers
14119,6,High-Value Customers
14121,1,Gamers
14123,2,Clean & Green
14124,8,Young Karens
14125,4,Promotion Lovers
14126,8,Young Karens
14127,0,Regular Cutomers
14128,0,Regular Cutomers
14129,7,Large Families
14130,4,Promotion Lovers
14131,8,Young Karens
14133,0,Regular Cutomers
14134,4,Promotion Lovers
14136,2,Clean & Green
14137,0,Regular Cutomers
14138,6,High-Value Customers
14139,1,Gamers
14140,2,Clean & Green
14141,7,Large Families
14142,8,Young Karens
14143,6,High-Value Customers
14144,0,Regular Cutomers
14145,4,Promotion Lovers
14146,1,Gamers
14147,4,Promotion Lovers
14148,8,Young Karens
14149,2,Clean & Green
14151,2,Clean & Green
14152,3,Senior Karens
14153,2,Clean & Green
14154,0,Regular Cutomers
14155,7,Large Families
14156,2,Clean & Green
14157,8,Young Karens
14158,1,Gamers
14159,4,Promotion Lovers
14160,3,Senior Karens
14163,1,Gamers
14164,1,Gamers
14165,3,Senior Karens
14166,3,Senior Karens
14167,4,Promotion Lovers
14168,6,High-Value Customers
14170,2,Clean & Green
14171,5,Low-Value Occasional Customers
14174,4,Promotion Lovers
14175,1,Gamers
14176,3,Senior Karens
14177,5,Low-Value Occasional Customers
14179,1,Gamers
14181,4,Promotion Lovers
14182,0,Regular Cutomers
14184,2,Clean & Green
14185,4,Promotion Lovers
14186,1,Gamers
14189,6,High-Value Customers
14190,8,Young Karens
14191,4,Promotion Lovers
14192,0,Regular Cutomers
14193,4,Promotion Lovers
14194,4,Promotion Lovers
14195,0,Regular Cutomers
14196,6,High-Value Customers
14197,4,Promotion Lovers
14198,4,Promotion Lovers
14199,5,Low-Value Occasional Customers
14201,1,Gamers
14202,2,Clean & Green
14203,3,Senior Karens
14204,1,Gamers
14205,4,Promotion Lovers
14206,7,Large Families
14208,0,Regular Cutomers
14209,4,Promotion Lovers
14210,0,Regular Cutomers
14211,7,Large Families
14212,7,Large Families
14213,5,Low-Value Occasional Customers
14215,6,High-Value Customers
14217,1,Gamers
14218,8,Young Karens
14219,1,Gamers
14220,3,Senior Karens
14223,0,Regular Cutomers
14224,2,Clean & Green
14225,1,Gamers
14226,0,Regular Cutomers
14227,0,Regular Cutomers
14229,0,Regular Cutomers
14231,0,Regular Cutomers
14234,1,Gamers
14235,0,Regular Cutomers
14236,2,Clean & Green
14239,4,Promotion Lovers
14240,1,Gamers
14241,7,Large Families
14242,0,Regular Cutomers
14244,7,Large Families
14246,5,Low-Value Occasional Customers
14247,5,Low-Value Occasional Customers
14248,8,Young Karens
14249,7,Large Families
14250,7,Large Families
14252,0,Regular Cutomers
14253,8,Young Karens
14255,0,Regular Cutomers
14256,0,Regular Cutomers
14257,2,Clean & Green
14259,2,Clean & Green
14260,5,Low-Value Occasional Customers
14261,4,Promotion Lovers
14262,0,Regular Cutomers
14263,0,Regular Cutomers
14264,0,Regular Cutomers
14265,2,Clean & Green
14267,2,Clean & Green
14268,0,Regular Cutomers
14269,4,Promotion Lovers
14270,1,Gamers
14271,5,Low-Value Occasional Customers
14272,5,Low-Value Occasional Customers
14274,7,Large Families
14275,4,Promotion Lovers
14276,4,Promotion Lovers
14277,1,Gamers
14278,0,Regular Cutomers
14279,6,High-Value Customers
14281,1,Gamers
14285,7,Large Families
14286,0,Regular Cutomers
14287,5,Low-Value Occasional Customers
14289,2,Clean & Green
14290,0,Regular Cutomers
14291,0,Regular Cutomers
14292,4,Promotion Lovers
14293,6,High-Value Customers
14294,0,Regular Cutomers
14296,0,Regular Cutomers
14297,7,Large Families
14298,2,Clean & Green
14299,0,Regular Cutomers
14300,0,Regular Cutomers
14301,8,Young Karens
14302,4,Promotion Lovers
14303,0,Regular Cutomers
14304,4,Promotion Lovers
14305,2,Clean & Green
14306,6,High-Value Customers
14307,5,Low-Value Occasional Customers
14308,4,Promotion Lovers
14309,7,Large Families
14310,0,Regular Cutomers
14311,0,Regular Cutomers
14312,5,Low-Value Occasional Customers
14313,2,Clean & Green
14314,2,Clean & Green
14315,0,Regular Cutomers
14316,1,Gamers
14317,4,Promotion Lovers
14318,4,Promotion Lovers
14319,2,Clean & Green
14320,8,Young Karens
14321,7,Large Families
14323,2,Clean & Green
14324,1,Gamers
14325,0,Regular Cutomers
14326,6,High-Value Customers
14327,4,Promotion Lovers
14329,1,Gamers
14330,4,Promotion Lovers
14331,6,High-Value Customers
14332,1,Gamers
14334,8,Young Karens
14336,8,Young Karens
14338,8,Young Karens
14340,2,Clean & Green
14341,5,Low-Value Occasional Customers
14342,8,Young Karens
14343,5,Low-Value Occasional Customers
14344,2,Clean & Green
14347,0,Regular Cutomers
14348,2,Clean & Green
14349,1,Gamers
14350,8,Young Karens
14351,0,Regular Cutomers
14352,2,Clean & Green
14353,0,Regular Cutomers
14354,4,Promotion Lovers
14355,5,Low-Value Occasional Customers
14356,0,Regular Cutomers
14357,0,Regular Cutomers
14358,0,Regular Cutomers
14359,7,Large Families
14360,4,Promotion Lovers
14361,4,Promotion Lovers
14362,3,Senior Karens
14363,1,Gamers
14364,2,Clean & Green
14366,1,Gamers
14367,0,Regular Cutomers
14368,0,Regular Cutomers
14369,5,Low-Value Occasional Customers
14370,0,Regular Cutomers
14371,8,Young Karens
14372,3,Senior Karens
14373,4,Promotion Lovers
14374,4,Promotion Lovers
14375,4,Promotion Lovers
14376,5,Low-Value Occasional Customers
14377,3,Senior Karens
14378,8,Young Karens
14379,5,Low-Value Occasional Customers
14380,6,High-Value Customers
14381,8,Young Karens
14382,2,Clean & Green
14384,3,Senior Karens
14385,6,High-Value Customers
14388,1,Gamers
14389,0,Regular Cutomers
14390,1,Gamers
14391,6,High-Value Customers
14392,2,Clean & Green
14394,4,Promotion Lovers
14395,5,Low-Value Occasional Customers
14396,2,Clean & Green
14398,1,Gamers
14399,4,Promotion Lovers
14400,0,Regular Cutomers
14402,1,Gamers
14404,2,Clean & Green
14405,2,Clean & Green
14406,4,Promotion Lovers
14407,4,Promotion Lovers
14408,2,Clean & Green
14409,7,Large Families
14410,8,Young Karens
14411,1,Gamers
14412,2,Clean & Green
14413,2,Clean & Green
14414,7,Large Families
14415,4,Promotion Lovers
14416,1,Gamers
14417,6,High-Value Customers
14418,7,Large Families
14419,0,Regular Cutomers
14420,0,Regular Cutomers
14421,0,Regular Cutomers
14422,0,Regular Cutomers
14423,1,Gamers
14424,7,Large Families
14425,0,Regular Cutomers
14426,5,Low-Value Occasional Customers
14427,3,Senior Karens
14428,0,Regular Cutomers
14429,8,Young Karens
14430,5,Low-Value Occasional Customers
14431,0,Regular Cutomers
14432,1,Gamers
14433,1,Gamers
14434,0,Regular Cutomers
14435,8,Young Karens
14436,8,Young Karens
14437,5,Low-Value Occasional Customers
14438,6,High-Value Customers
14439,0,Regular Cutomers
14441,6,High-Value Customers
14442,1,Gamers
14443,4,Promotion Lovers
14444,5,Low-Value Occasional Customers
14445,4,Promotion Lovers
14446,6,High-Value Customers
14448,5,Low-Value Occasional Customers
14449,1,Gamers
14450,6,High-Value Customers
14451,0,Regular Cutomers
14453,6,High-Value Customers
14454,4,Promotion Lovers
14455,4,Promotion Lovers
14457,8,Young Karens
14458,5,Low-Value Occasional Customers
14459,4,Promotion Lovers
14460,4,Promotion Lovers
14461,0,Regular Cutomers
14463,5,Low-Value Occasional Customers
14464,1,Gamers
14466,8,Young Karens
14467,6,High-Value Customers
14469,8,Young Karens
14473,6,High-Value Customers
14474,0,Regular Cutomers
14475,4,Promotion Lovers
14476,6,High-Value Customers
14477,4,Promotion Lovers
14478,4,Promotion Lovers
14479,0,Regular Cutomers
14480,0,Regular Cutomers
14481,4,Promotion Lovers
14482,6,High-Value Customers
14483,0,Regular Cutomers
14484,4,Promotion Lovers
14485,0,Regular Cutomers
14487,4,Promotion Lovers
14488,0,Regular Cutomers
14489,5,Low-Value Occasional Customers
14490,7,Large Families
14491,4,Promotion Lovers
14492,0,Regular Cutomers
14493,1,Gamers
14494,0,Regular Cutomers
14495,8,Young Karens
14496,6,High-Value Customers
14497,1,Gamers
14498,4,Promotion Lovers
14499,4,Promotion Lovers
14500,5,Low-Value Occasional Customers
14501,4,Promotion Lovers
14502,4,Promotion Lovers
14503,0,Regular Cutomers
14504,1,Gamers
14506,5,Low-Value Occasional Customers
14507,0,Regular Cutomers
14508,8,Young Karens
14509,0,Regular Cutomers
14510,1,Gamers
14511,8,Young Karens
14512,4,Promotion Lovers
14514,7,Large Families
14515,0,Regular Cutomers
14516,4,Promotion Lovers
14518,8,Young Karens
14519,1,Gamers
14520,1,Gamers
14521,8,Young Karens
14522,4,Promotion Lovers
14523,7,Large Families
14526,5,Low-Value Occasional Customers
14527,0,Regular Cutomers
14528,8,Young Karens
14530,1,Gamers
14531,4,Promotion Lovers
14532,5,Low-Value Occasional Customers
14533,8,Young Karens
14534,4,Promotion Lovers
14536,5,Low-Value Occasional Customers
14537,2,Clean & Green
14539,7,Large Families
14541,4,Promotion Lovers
14542,0,Regular Cutomers
14543,4,Promotion Lovers
14545,0,Regular Cutomers
14546,2,Clean & Green
14547,4,Promotion Lovers
14548,0,Regular Cutomers
14549,2,Clean & Green
14550,8,Young Karens
14551,8,Young Karens
14552,6,High-Value Customers
14553,4,Promotion Lovers
14554,1,Gamers
14556,8,Young Karens
14557,7,Large Families
14558,2,Clean & Green
14559,8,Young Karens
14560,8,Young Karens
14561,0,Regular Cutomers
14562,0,Regular Cutomers
14564,1,Gamers
14565,4,Promotion Lovers
14566,8,Young Karens
14567,2,Clean & Green
14568,5,Low-Value Occasional Customers
14570,0,Regular Cutomers
14571,2,Clean & Green
14572,6,High-Value Customers
14573,6,High-Value Customers
14574,2,Clean & Green
14576,5,Low-Value Occasional Customers
14577,4,Promotion Lovers
14578,4,Promotion Lovers
14579,4,Promotion Lovers
14580,0,Regular Cutomers
14581,6,High-Value Customers
14582,0,Regular Cutomers
14583,5,Low-Value Occasional Customers
14584,4,Promotion Lovers
14585,7,Large Families
14586,0,Regular Cutomers
14587,7,Large Families
14588,8,Young Karens
14589,0,Regular Cutomers
14590,6,High-Value Customers
14591,4,Promotion Lovers
14592,2,Clean & Green
14594,4,Promotion Lovers
14595,4,Promotion Lovers
14596,8,Young Karens
14597,5,Low-Value Occasional Customers
14598,1,Gamers
14600,5,Low-Value Occasional Customers
14602,7,Large Families
14603,4,Promotion Lovers
14604,7,Large Families
14605,0,Regular Cutomers
14607,2,Clean & Green
14608,7,Large Families
14609,0,Regular Cutomers
14611,6,High-Value Customers
14612,3,Senior Karens
14613,8,Young Karens
14614,6,High-Value Customers
14615,4,Promotion Lovers
14616,5,Low-Value Occasional Customers
14617,2,Clean & Green
14618,0,Regular Cutomers
14619,8,Young Karens
14621,4,Promotion Lovers
14622,2,Clean & Green
14623,5,Low-Value Occasional Customers
14624,8,Young Karens
14625,4,Promotion Lovers
14626,4,Promotion Lovers
14627,7,Large Families
14628,0,Regular Cutomers
14629,4,Promotion Lovers
14630,4,Promotion Lovers
14631,4,Promotion Lovers
14632,7,Large Families
14633,5,Low-Value Occasional Customers
14635,7,Large Families
14637,4,Promotion Lovers
14638,1,Gamers
14640,1,Gamers
14641,0,Regular Cutomers
14642,1,Gamers
14643,4,Promotion Lovers
14646,5,Low-Value Occasional Customers
14647,4,Promotion Lovers
14649,0,Regular Cutomers
14650,4,Promotion Lovers
14651,2,Clean & Green
14652,6,High-Value Customers
14654,7,Large Families
14655,5,Low-Value Occasional Customers
14656,4,Promotion Lovers
14657,5,Low-Value Occasional Customers
14659,0,Regular Cutomers
14660,6,High-Value Customers
14661,7,Large Families
14663,6,High-Value Customers
14664,1,Gamers
14665,4,Promotion Lovers
14666,2,Clean & Green
14667,4,Promotion Lovers
14668,2,Clean & Green
14669,1,Gamers
14670,0,Regular Cutomers
14671,7,Large Families
14673,0,Regular Cutomers
14675,6,High-Value Customers
14676,0,Regular Cutomers
14677,5,Low-Value Occasional Customers
14678,4,Promotion Lovers
14679,4,Promotion Lovers
14680,0,Regular Cutomers
14681,6,High-Value Customers
14682,4,Promotion Lovers
14684,0,Regular Cutomers
14685,8,Young Karens
14686,5,Low-Value Occasional Customers
14687,1,Gamers
14688,5,Low-Value Occasional Customers
14690,1,Gamers
14691,0,Regular Cutomers
14693,0,Regular Cutomers
14694,4,Promotion Lovers
14695,1,Gamers
14696,0,Regular Cutomers
14697,3,Senior Karens
14698,1,Gamers
14700,4,Promotion Lovers
14701,2,Clean & Green
14703,2,Clean & Green
14704,2,Clean & Green
14705,2,Clean & Green
14706,5,Low-Value Occasional Customers
14707,0,Regular Cutomers
14708,0,Regular Cutomers
14709,3,Senior Karens
14712,6,High-Value Customers
14713,2,Clean & Green
14714,0,Regular Cutomers
14716,4,Promotion Lovers
14717,5,Low-Value Occasional Customers
14718,0,Regular Cutomers
14719,7,Large Families
14721,6,High-Value Customers
14723,8,Young Karens
14724,4,Promotion Lovers
14725,0,Regular Cutomers
14726,4,Promotion Lovers
14729,4,Promotion Lovers
14730,8,Young Karens
14731,8,Young Karens
14732,0,Regular Cutomers
14733,6,High-Value Customers
14734,5,Low-Value Occasional Customers
14735,8,Young Karens
14736,2,Clean & Green
14737,4,Promotion Lovers
14738,4,Promotion Lovers
14740,8,Young Karens
14741,6,High-Value Customers
14742,5,Low-Value Occasional Customers
14743,0,Regular Cutomers
14744,0,Regular Cutomers
14745,2,Clean & Green
14746,4,Promotion Lovers
14747,1,Gamers
14748,5,Low-Value Occasional Customers
14749,4,Promotion Lovers
14750,0,Regular Cutomers
14751,2,Clean & Green
14752,1,Gamers
14753,5,Low-Value Occasional Customers
14754,3,Senior Karens
14755,6,High-Value Customers
14756,5,Low-Value Occasional Customers
14757,2,Clean & Green
14758,7,Large Families
14759,7,Large Families
14760,7,Large Families
14761,4,Promotion Lovers
14762,2,Clean & Green
14763,1,Gamers
14765,1,Gamers
14766,5,Low-Value Occasional Customers
14767,0,Regular Cutomers
14768,1,Gamers
14769,1,Gamers
14770,6,High-Value Customers
14771,7,Large Families
14772,1,Gamers
14774,6,High-Value Customers
14775,0,Regular Cutomers
14776,4,Promotion Lovers
14777,1,Gamers
14778,2,Clean & Green
14779,5,Low-Value Occasional Customers
14780,7,Large Families
14781,2,Clean & Green
14782,0,Regular Cutomers
14783,4,Promotion Lovers
14784,4,Promotion Lovers
14787,4,Promotion Lovers
14788,1,Gamers
14789,0,Regular Cutomers
14791,5,Low-Value Occasional Customers
14792,4,Promotion Lovers
14793,5,Low-Value Occasional Customers
14794,6,High-Value Customers
14796,8,Young Karens
14797,4,Promotion Lovers
14798,4,Promotion Lovers
14800,4,Promotion Lovers
14802,4,Promotion Lovers
14803,8,Young Karens
14804,2,Clean & Green
14806,8,Young Karens
14807,8,Young Karens
14808,6,High-Value Customers
14809,8,Young Karens
14810,3,Senior Karens
14811,2,Clean & Green
14813,0,Regular Cutomers
14814,4,Promotion Lovers
14815,5,Low-Value Occasional Customers
14816,2,Clean & Green
14818,5,Low-Value Occasional Customers
14819,2,Clean & Green
14820,0,Regular Cutomers
14821,0,Regular Cutomers
14822,1,Gamers
14823,8,Young Karens
14824,8,Young Karens
14825,0,Regular Cutomers
14826,4,Promotion Lovers
14828,3,Senior Karens
14829,8,Young Karens
14830,5,Low-Value Occasional Customers
14831,7,Large Families
14832,0,Regular Cutomers
14833,4,Promotion Lovers
14834,1,Gamers
14835,2,Clean & Green
14836,1,Gamers
14837,0,Regular Cutomers
14838,3,Senior Karens
14839,6,High-Value Customers
14840,0,Regular Cutomers
14841,5,Low-Value Occasional Customers
14843,0,Regular Cutomers
14844,0,Regular Cutomers
14846,4,Promotion Lovers
14847,1,Gamers
14848,2,Clean & Green
14849,0,Regular Cutomers
14850,5,Low-Value Occasional Customers
14851,7,Large Families
14853,0,Regular Cutomers
14854,0,Regular Cutomers
14855,7,Large Families
14856,4,Promotion Lovers
14857,4,Promotion Lovers
14858,7,Large Families
14859,4,Promotion Lovers
14860,2,Clean & Green
14861,0,Regular Cutomers
14862,1,Gamers
14864,6,High-Value Customers
14865,0,Regular Cutomers
14866,4,Promotion Lovers
14867,5,Low-Value Occasional Customers
14868,7,Large Families
14869,2,Clean & Green
14870,0,Regular Cutomers
14871,1,Gamers
14872,1,Gamers
14874,4,Promotion Lovers
14875,1,Gamers
14876,8,Young Karens
14877,7,Large Families
14878,4,Promotion Lovers
14879,5,Low-Value Occasional Customers
14880,5,Low-Value Occasional Customers
14881,2,Clean & Green
14883,0,Regular Cutomers
14885,0,Regular Cutomers
14886,2,Clean & Green
14887,4,Promotion Lovers
14888,5,Low-Value Occasional Customers
14889,7,Large Families
14890,3,Senior Karens
14891,1,Gamers
14892,0,Regular Cutomers
14893,0,Regular Cutomers
14894,0,Regular Cutomers
14895,0,Regular Cutomers
14896,2,Clean & Green
14897,3,Senior Karens
14898,1,Gamers
14899,7,Large Families
14900,8,Young Karens
14902,1,Gamers
14903,0,Regular Cutomers
14904,0,Regular Cutomers
14906,0,Regular Cutomers
14907,4,Promotion Lovers
14909,4,Promotion Lovers
14911,5,Low-Value Occasional Customers
14912,2,Clean & Green
14913,1,Gamers
14915,7,Large Families
14916,3,Senior Karens
14917,4,Promotion Lovers
14918,0,Regular Cutomers
14919,0,Regular Cutomers
14920,8,Young Karens
14921,4,Promotion Lovers
14922,4,Promotion Lovers
14923,1,Gamers
14924,3,Senior Karens
14926,0,Regular Cutomers
14927,5,Low-Value Occasional Customers
14928,0,Regular Cutomers
14929,7,Large Families
14932,7,Large Families
14933,6,High-Value Customers
14935,0,Regular Cutomers
14937,2,Clean & Green
14938,1,Gamers
14940,6,High-Value Customers
14942,4,Promotion Lovers
14943,0,Regular Cutomers
14944,7,Large Families
14945,0,Regular Cutomers
14946,0,Regular Cutomers
14947,0,Regular Cutomers
14948,8,Young Karens
14949,6,High-Value Customers
14951,2,Clean & Green
14952,0,Regular Cutomers
14953,3,Senior Karens
14955,6,High-Value Customers
14956,1,Gamers
14957,1,Gamers
14959,5,Low-Value Occasional Customers
14960,4,Promotion Lovers
14962,6,High-Value Customers
14963,0,Regular Cutomers
14964,1,Gamers
14966,1,Gamers
14967,8,Young Karens
14968,4,Promotion Lovers
14971,4,Promotion Lovers
14972,0,Regular Cutomers
14973,3,Senior Karens
14974,2,Clean & Green
14975,6,High-Value Customers
14976,4,Promotion Lovers
14977,8,Young Karens
14978,7,Large Families
14979,4,Promotion Lovers
14980,2,Clean & Green
14981,1,Gamers
14982,5,Low-Value Occasional Customers
14983,4,Promotion Lovers
14984,1,Gamers
14985,5,Low-Value Occasional Customers
14986,4,Promotion Lovers
14987,4,Promotion Lovers
14988,5,Low-Value Occasional Customers
14990,6,High-Value Customers
14991,6,High-Value Customers
14992,7,Large Families
14993,0,Regular Cutomers
14995,1,Gamers
14996,5,Low-Value Occasional Customers
14997,4,Promotion Lovers
14999,1,Gamers
15000,4,Promotion Lovers
15001,4,Promotion Lovers
15002,8,Young Karens
15003,4,Promotion Lovers
15004,8,Young Karens
15007,0,Regular Cutomers
15008,4,Promotion Lovers
15009,3,Senior Karens
15010,4,Promotion Lovers
15011,1,Gamers
15012,0,Regular Cutomers
15014,7,Large Families
15015,0,Regular Cutomers
15016,0,Regular Cutomers
15017,0,Regular Cutomers
15019,7,Large Families
15020,5,Low-Value Occasional Customers
15023,0,Regular Cutomers
15024,8,Young Karens
15025,4,Promotion Lovers
15026,2,Clean & Green
15027,1,Gamers
15028,6,High-Value Customers
15029,4,Promotion Lovers
15030,8,Young Karens
15031,2,Clean & Green
15032,2,Clean & Green
15033,7,Large Families
15034,3,Senior Karens
15035,3,Senior Karens
15036,2,Clean & Green
15037,7,Large Families
15038,5,Low-Value Occasional Customers
15039,0,Regular Cutomers
15040,3,Senior Karens
15041,0,Regular Cutomers
15043,2,Clean & Green
15044,7,Large Families
15046,7,Large Families
15047,4,Promotion Lovers
15048,2,Clean & Green
15049,4,Promotion Lovers
15050,2,Clean & Green
15051,0,Regular Cutomers
15053,4,Promotion Lovers
15054,6,High-Value Customers
15055,0,Regular Cutomers
15057,5,Low-Value Occasional Customers
15058,4,Promotion Lovers
15059,6,High-Value Customers
15060,0,Regular Cutomers
15062,2,Clean & Green
15063,4,Promotion Lovers
15065,8,Young Karens
15066,4,Promotion Lovers
15067,1,Gamers
15068,4,Promotion Lovers
15069,4,Promotion Lovers
15070,5,Low-Value Occasional Customers
15071,3,Senior Karens
15072,0,Regular Cutomers
15073,0,Regular Cutomers
15075,3,Senior Karens
15076,6,High-Value Customers
15077,4,Promotion Lovers
15079,2,Clean & Green
15080,1,Gamers
15081,5,Low-Value Occasional Customers
15082,2,Clean & Green
15083,5,Low-Value Occasional Customers
15084,8,Young Karens
15085,4,Promotion Lovers
15086,0,Regular Cutomers
15087,5,Low-Value Occasional Customers
15088,7,Large Families
15089,0,Regular Cutomers
15090,1,Gamers
15091,0,Regular Cutomers
15092,6,High-Value Customers
15093,4,Promotion Lovers
15094,5,Low-Value Occasional Customers
15095,0,Regular Cutomers
15096,6,High-Value Customers
15097,1,Gamers
15098,7,Large Families
15099,0,Regular Cutomers
15100,4,Promotion Lovers
15101,0,Regular Cutomers
15103,2,Clean & Green
15104,0,Regular Cutomers
15105,1,Gamers
15107,0,Regular Cutomers
15108,0,Regular Cutomers
15109,0,Regular Cutomers
15112,2,Clean & Green
15114,4,Promotion Lovers
15115,5,Low-Value Occasional Customers
15116,4,Promotion Lovers
15117,7,Large Families
15118,5,Low-Value Occasional Customers
15119,8,Young Karens
15120,0,Regular Cutomers
15121,6,High-Value Customers
15122,1,Gamers
15123,4,Promotion Lovers
15124,4,Promotion Lovers
15125,0,Regular Cutomers
15127,4,Promotion Lovers
15128,1,Gamers
15129,0,Regular Cutomers
15131,6,High-Value Customers
15132,1,Gamers
15133,5,Low-Value Occasional Customers
15134,6,High-Value Customers
15136,1,Gamers
15137,5,Low-Value Occasional Customers
15138,4,Promotion Lovers
15139,0,Regular Cutomers
15140,4,Promotion Lovers
15141,7,Large Families
15142,4,Promotion Lovers
15143,7,Large Families
15144,4,Promotion Lovers
15145,7,Large Families
15146,2,Clean & Green
15147,5,Low-Value Occasional Customers
15148,4,Promotion Lovers
15149,0,Regular Cutomers
15150,0,Regular Cutomers
15151,8,Young Karens
15152,1,Gamers
15153,2,Clean & Green
15154,4,Promotion Lovers
15155,2,Clean & Green
15156,4,Promotion Lovers
15157,1,Gamers
15158,4,Promotion Lovers
15159,0,Regular Cutomers
15160,5,Low-Value Occasional Customers
15162,6,High-Value Customers
15163,4,Promotion Lovers
15164,1,Gamers
15166,6,High-Value Customers
15168,1,Gamers
15170,0,Regular Cutomers
15171,3,Senior Karens
15172,4,Promotion Lovers
15173,5,Low-Value Occasional Customers
15175,7,Large Families
15176,6,High-Value Customers
15177,4,Promotion Lovers
15178,0,Regular Cutomers
15179,5,Low-Value Occasional Customers
15181,5,Low-Value Occasional Customers
15182,0,Regular Cutomers
15183,7,Large Families
15184,2,Clean & Green
15185,2,Clean & Green
15186,5,Low-Value Occasional Customers
15187,3,Senior Karens
15188,2,Clean & Green
15189,8,Young Karens
15190,4,Promotion Lovers
15191,4,Promotion Lovers
15192,4,Promotion Lovers
15193,0,Regular Cutomers
15194,0,Regular Cutomers
15196,6,High-Value Customers
15197,0,Regular Cutomers
15198,4,Promotion Lovers
15199,7,Large Families
15200,4,Promotion Lovers
15201,5,Low-Value Occasional Customers
15202,2,Clean & Green
15203,5,Low-Value Occasional Customers
15204,2,Clean & Green
15205,5,Low-Value Occasional Customers
15207,6,High-Value Customers
15208,4,Promotion Lovers
15209,6,High-Value Customers
15212,3,Senior Karens
15213,5,Low-Value Occasional Customers
15214,0,Regular Cutomers
15215,8,Young Karens
15216,6,High-Value Customers
15217,7,Large Families
15218,3,Senior Karens
15219,6,High-Value Customers
15220,4,Promotion Lovers
15221,1,Gamers
15222,5,Low-Value Occasional Customers
15223,0,Regular Cutomers
15225,7,Large Families
15226,7,Large Families
15227,7,Large Families
15228,5,Low-Value Occasional Customers
15229,8,Young Karens
15230,0,Regular Cutomers
15231,2,Clean & Green
15232,4,Promotion Lovers
15233,7,Large Families
15234,3,Senior Karens
15235,7,Large Families
15236,3,Senior Karens
15238,6,High-Value Customers
15241,7,Large Families
15242,0,Regular Cutomers
15243,2,Clean & Green
15245,5,Low-Value Occasional Customers
15246,5,Low-Value Occasional Customers
15247,6,High-Value Customers
15249,6,High-Value Customers
15250,0,Regular Cutomers
15251,0,Regular Cutomers
15252,6,High-Value Customers
15254,8,Young Karens
15255,7,Large Families
15256,8,Young Karens
15257,4,Promotion Lovers
15261,4,Promotion Lovers
15262,3,Senior Karens
15263,1,Gamers
15264,8,Young Karens
15265,0,Regular Cutomers
15266,0,Regular Cutomers
15267,2,Clean & Green
15268,8,Young Karens
15269,4,Promotion Lovers
15270,4,Promotion Lovers
15271,5,Low-Value Occasional Customers
15272,4,Promotion Lovers
15273,6,High-Value Customers
15274,2,Clean & Green
15275,4,Promotion Lovers
15276,8,Young Karens
15277,0,Regular Cutomers
15278,4,Promotion Lovers
15279,1,Gamers
15280,0,Regular Cutomers
15281,2,Clean & Green
15282,6,High-Value Customers
15283,4,Promotion Lovers
15284,1,Gamers
15285,4,Promotion Lovers
15287,6,High-Value Customers
15288,5,Low-Value Occasional Customers
15289,4,Promotion Lovers
15290,1,Gamers
15291,2,Clean & Green
15293,1,Gamers
15294,4,Promotion Lovers
15295,4,Promotion Lovers
15296,8,Young Karens
15297,0,Regular Cutomers
15298,2,Clean & Green
15299,4,Promotion Lovers
15301,5,Low-Value Occasional Customers
15302,3,Senior Karens
15303,5,Low-Value Occasional Customers
15304,0,Regular Cutomers
15305,4,Promotion Lovers
15306,7,Large Families
15308,8,Young Karens
15309,1,Gamers
15310,6,High-Value Customers
15311,7,Large Families
15312,6,High-Value Customers
15313,8,Young Karens
15314,5,Low-Value Occasional Customers
15315,4,Promotion Lovers
15316,1,Gamers
15317,4,Promotion Lovers
15318,5,Low-Value Occasional Customers
15319,7,Large Families
15321,5,Low-Value Occasional Customers
15322,1,Gamers
15323,0,Regular Cutomers
15324,0,Regular Cutomers
15325,2,Clean & Green
15326,7,Large Families
15327,4,Promotion Lovers
15329,8,Young Karens
15330,3,Senior Karens
15331,0,Regular Cutomers
15333,5,Low-Value Occasional Customers
15334,3,Senior Karens
15335,0,Regular Cutomers
15336,8,Young Karens
15337,5,Low-Value Occasional Customers
15339,4,Promotion Lovers
15340,5,Low-Value Occasional Customers
15341,4,Promotion Lovers
15343,1,Gamers
15346,4,Promotion Lovers
15347,2,Clean & Green
15348,3,Senior Karens
15349,8,Young Karens
15350,7,Large Families
15351,8,Young Karens
15352,2,Clean & Green
15353,8,Young Karens
15354,4,Promotion Lovers
15355,1,Gamers
15356,7,Large Families
15357,1,Gamers
15358,4,Promotion Lovers
15359,2,Clean & Green
15360,2,Clean & Green
15361,2,Clean & Green
15363,5,Low-Value Occasional Customers
15364,3,Senior Karens
15365,5,Low-Value Occasional Customers
15366,6,High-Value Customers
15367,0,Regular Cutomers
15368,0,Regular Cutomers
15370,4,Promotion Lovers
15372,7,Large Families
15373,6,High-Value Customers
15374,4,Promotion Lovers
15375,0,Regular Cutomers
15376,2,Clean & Green
15377,6,High-Value Customers
15378,0,Regular Cutomers
15379,5,Low-Value Occasional Customers
15380,8,Young Karens
15381,0,Regular Cutomers
15382,2,Clean & Green
15383,4,Promotion Lovers
15384,2,Clean & Green
15385,8,Young Karens
15386,5,Low-Value Occasional Customers
15387,0,Regular Cutomers
15388,1,Gamers
15389,3,Senior Karens
15390,6,High-Value Customers
15391,8,Young Karens
15392,7,Large Families
15393,8,Young Karens
15394,6,High-Value Customers
15395,0,Regular Cutomers
15399,4,Promotion Lovers
15400,6,High-Value Customers
15401,0,Regular Cutomers
15402,7,Large Families
15404,2,Clean & Green
15405,8,Young Karens
15406,6,High-Value Customers
15407,3,Senior Karens
15408,4,Promotion Lovers
15409,4,Promotion Lovers
15411,7,Large Families
15413,0,Regular Cutomers
15414,1,Gamers
15415,6,High-Value Customers
15416,0,Regular Cutomers
15418,6,High-Value Customers
15419,3,Senior Karens
15420,1,Gamers
15421,8,Young Karens
15422,6,High-Value Customers
15423,5,Low-Value Occasional Customers
15424,4,Promotion Lovers
15425,5,Low-Value Occasional Customers
15426,4,Promotion Lovers
15427,0,Regular Cutomers
15428,6,High-Value Customers
15429,0,Regular Cutomers
15431,1,Gamers
15432,0,Regular Cutomers
15433,5,Low-Value Occasional Customers
15434,4,Promotion Lovers
15435,3,Senior Karens
15436,2,Clean & Green
15437,0,Regular Cutomers
15438,0,Regular Cutomers
15442,5,Low-Value Occasional Customers
15444,6,High-Value Customers
15445,5,Low-Value Occasional Customers
15447,0,Regular Cutomers
15448,0,Regular Cutomers
15449,0,Regular Cutomers
15450,0,Regular Cutomers
15451,0,Regular Cutomers
15453,1,Gamers
15454,8,Young Karens
15456,4,Promotion Lovers
15457,0,Regular Cutomers
15459,6,High-Value Customers
15460,2,Clean & Green
15461,1,Gamers
15463,3,Senior Karens
15464,5,Low-Value Occasional Customers
15466,0,Regular Cutomers
15467,5,Low-Value Occasional Customers
15468,4,Promotion Lovers
15469,5,Low-Value Occasional Customers
15472,4,Promotion Lovers
15473,7,Large Families
15474,0,Regular Cutomers
15475,0,Regular Cutomers
15476,6,High-Value Customers
15477,0,Regular Cutomers
15478,4,Promotion Lovers
15479,6,High-Value Customers
15481,4,Promotion Lovers
15483,0,Regular Cutomers
15485,5,Low-Value Occasional Customers
15486,1,Gamers
15487,1,Gamers
15488,4,Promotion Lovers
15490,1,Gamers
15491,5,Low-Value Occasional Customers
15492,4,Promotion Lovers
15493,6,High-Value Customers
15494,0,Regular Cutomers
15495,0,Regular Cutomers
15496,4,Promotion Lovers
15498,2,Clean & Green
15499,2,Clean & Green
15500,2,Clean & Green
15501,7,Large Families
15502,0,Regular Cutomers
15503,8,Young Karens
15504,0,Regular Cutomers
15505,2,Clean & Green
15508,6,High-Value Customers
15509,5,Low-Value Occasional Customers
15510,5,Low-Value Occasional Customers
15511,4,Promotion Lovers
15512,2,Clean & Green
15513,0,Regular Cutomers
15514,6,High-Value Customers
15515,1,Gamers
15516,2,Clean & Green
15517,5,Low-Value Occasional Customers
15519,6,High-Value Customers
15520,6,High-Value Customers
15521,2,Clean & Green
15522,5,Low-Value Occasional Customers
15523,4,Promotion Lovers
15524,3,Senior Karens
15525,0,Regular Cutomers
15527,4,Promotion Lovers
15528,0,Regular Cutomers
15529,4,Promotion Lovers
15532,4,Promotion Lovers
15533,0,Regular Cutomers
15534,2,Clean & Green
15535,1,Gamers
15536,0,Regular Cutomers
15537,3,Senior Karens
15538,1,Gamers
15539,6,High-Value Customers
15540,7,Large Families
15543,2,Clean & Green
15544,7,Large Families
15545,7,Large Families
15546,4,Promotion Lovers
15547,7,Large Families
15548,0,Regular Cutomers
15549,6,High-Value Customers
15550,1,Gamers
15551,2,Clean & Green
15552,6,High-Value Customers
15553,8,Young Karens
15554,6,High-Value Customers
15555,2,Clean & Green
15556,0,Regular Cutomers
15557,3,Senior Karens
15558,2,Clean & Green
15559,4,Promotion Lovers
15560,0,Regular Cutomers
15561,4,Promotion Lovers
15563,5,Low-Value Occasional Customers
15564,8,Young Karens
15565,2,Clean & Green
15566,0,Regular Cutomers
15567,2,Clean & Green
15568,0,Regular Cutomers
15569,1,Gamers
15570,5,Low-Value Occasional Customers
15571,8,Young Karens
15572,4,Promotion Lovers
15573,0,Regular Cutomers
15574,1,Gamers
15575,5,Low-Value Occasional Customers
15576,0,Regular Cutomers
15579,3,Senior Karens
15582,2,Clean & Green
15583,4,Promotion Lovers
15584,2,Clean & Green
15585,2,Clean & Green
15587,4,Promotion Lovers
15588,4,Promotion Lovers
15590,0,Regular Cutomers
15591,4,Promotion Lovers
15592,4,Promotion Lovers
15594,4,Promotion Lovers
15595,6,High-Value Customers
15596,7,Large Families
15597,5,Low-Value Occasional Customers
15598,4,Promotion Lovers
15599,5,Low-Value Occasional Customers
15600,3,Senior Karens
15601,6,High-Value Customers
15602,7,Large Families
15603,1,Gamers
15604,4,Promotion Lovers
15605,0,Regular Cutomers
15607,7,Large Families
15608,8,Young Karens
15609,5,Low-Value Occasional Customers
15610,4,Promotion Lovers
15611,4,Promotion Lovers
15612,4,Promotion Lovers
15613,8,Young Karens
15614,1,Gamers
15615,1,Gamers
15616,1,Gamers
15617,2,Clean & Green
15618,0,Regular Cutomers
15619,5,Low-Value Occasional Customers
15620,7,Large Families
15621,2,Clean & Green
15622,0,Regular Cutomers
15624,2,Clean & Green
15625,3,Senior Karens
15626,0,Regular Cutomers
15628,1,Gamers
15629,6,High-Value Customers
15631,5,Low-Value Occasional Customers
15632,4,Promotion Lovers
15633,7,Large Families
15634,4,Promotion Lovers
15636,6,High-Value Customers
15637,6,High-Value Customers
15638,2,Clean & Green
15640,7,Large Families
15641,7,Large Families
15643,3,Senior Karens
15644,2,Clean & Green
15645,0,Regular Cutomers
15646,0,Regular Cutomers
15647,5,Low-Value Occasional Customers
15648,5,Low-Value Occasional Customers
15650,1,Gamers
15651,1,Gamers
15652,5,Low-Value Occasional Customers
15653,0,Regular Cutomers
15654,4,Promotion Lovers
15655,0,Regular Cutomers
15656,4,Promotion Lovers
15657,4,Promotion Lovers
15658,1,Gamers
15659,4,Promotion Lovers
15660,2,Clean & Green
15661,0,Regular Cutomers
15663,6,High-Value Customers
15664,7,Large Families
15665,0,Regular Cutomers
15666,3,Senior Karens
15667,7,Large Families
15668,4,Promotion Lovers
15669,0,Regular Cutomers
15670,0,Regular Cutomers
15671,4,Promotion Lovers
15672,0,Regular Cutomers
15675,6,High-Value Customers
15677,4,Promotion Lovers
15678,1,Gamers
15679,0,Regular Cutomers
15680,4,Promotion Lovers
15681,4,Promotion Lovers
15682,4,Promotion Lovers
15683,7,Large Families
15684,8,Young Karens
15687,1,Gamers
15688,3,Senior Karens
15689,0,Regular Cutomers
15691,2,Clean & Green
15692,2,Clean & Green
15693,3,Senior Karens
15694,0,Regular Cutomers
15696,7,Large Families
15697,0,Regular Cutomers
15698,0,Regular Cutomers
15700,0,Regular Cutomers
15701,0,Regular Cutomers
15702,7,Large Families
15703,7,Large Families
15704,0,Regular Cutomers
15705,5,Low-Value Occasional Customers
15706,0,Regular Cutomers
15707,4,Promotion Lovers
15708,7,Large Families
15709,5,Low-Value Occasional Customers
15710,0,Regular Cutomers
15711,0,Regular Cutomers
15712,1,Gamers
15713,0,Regular Cutomers
15714,1,Gamers
15716,4,Promotion Lovers
15717,1,Gamers
15718,5,Low-Value Occasional Customers
15719,4,Promotion Lovers
15720,0,Regular Cutomers
15721,0,Regular Cutomers
15722,2,Clean & Green
15723,0,Regular Cutomers
15724,6,High-Value Customers
15725,4,Promotion Lovers
15726,4,Promotion Lovers
15727,4,Promotion Lovers
15729,0,Regular Cutomers
15730,3,Senior Karens
15732,0,Regular Cutomers
15734,0,Regular Cutomers
15735,0,Regular Cutomers
15736,6,High-Value Customers
15737,2,Clean & Green
15738,1,Gamers
15739,0,Regular Cutomers
15741,5,Low-Value Occasional Customers
15743,5,Low-Value Occasional Customers
15744,4,Promotion Lovers
15745,1,Gamers
15746,1,Gamers
15747,5,Low-Value Occasional Customers
15750,4,Promotion Lovers
15751,2,Clean & Green
15752,3,Senior Karens
15753,2,Clean & Green
15754,6,High-Value Customers
15755,2,Clean & Green
15756,1,Gamers
15758,5,Low-Value Occasional Customers
15759,0,Regular Cutomers
15761,2,Clean & Green
15762,0,Regular Cutomers
15763,0,Regular Cutomers
15764,2,Clean & Green
15765,5,Low-Value Occasional Customers
15766,0,Regular Cutomers
15767,0,Regular Cutomers
15768,0,Regular Cutomers
15769,3,Senior Karens
15771,5,Low-Value Occasional Customers
15772,0,Regular Cutomers
15773,5,Low-Value Occasional Customers
15774,6,High-Value Customers
15775,0,Regular Cutomers
15776,7,Large Families
15777,7,Large Families
15778,6,High-Value Customers
15779,4,Promotion Lovers
15781,4,Promotion Lovers
15782,1,Gamers
15783,4,Promotion Lovers
15784,2,Clean & Green
15785,0,Regular Cutomers
15786,4,Promotion Lovers
15787,6,High-Value Customers
15788,8,Young Karens
15791,7,Large Families
15792,0,Regular Cutomers
15793,7,Large Families
15795,4,Promotion Lovers
15796,0,Regular Cutomers
15797,5,Low-Value Occasional Customers
15798,7,Large Families
15800,1,Gamers
15801,2,Clean & Green
15802,2,Clean & Green
15804,7,Large Families
15805,1,Gamers
15806,5,Low-Value Occasional Customers
15807,5,Low-Value Occasional Customers
15808,7,Large Families
15809,0,Regular Cutomers
15811,1,Gamers
15813,0,Regular Cutomers
15814,4,Promotion Lovers
15815,6,High-Value Customers
15816,4,Promotion Lovers
15817,5,Low-Value Occasional Customers
15818,5,Low-Value Occasional Customers
15819,4,Promotion Lovers
15820,7,Large Families
15821,0,Regular Cutomers
15822,2,Clean & Green
15823,4,Promotion Lovers
15824,4,Promotion Lovers
15825,2,Clean & Green
15826,1,Gamers
15828,4,Promotion Lovers
15830,2,Clean & Green
15831,0,Regular Cutomers
15832,2,Clean & Green
15833,5,Low-Value Occasional Customers
15834,1,Gamers
15835,0,Regular Cutomers
15838,0,Regular Cutomers
15839,8,Young Karens
15840,0,Regular Cutomers
15841,7,Large Families
15842,4,Promotion Lovers
15844,5,Low-Value Occasional Customers
15845,1,Gamers
15846,1,Gamers
15847,0,Regular Cutomers
15849,7,Large Families
15850,1,Gamers
15851,5,Low-Value Occasional Customers
15852,3,Senior Karens
15854,4,Promotion Lovers
15857,0,Regular Cutomers
15858,2,Clean & Green
15859,5,Low-Value Occasional Customers
15861,5,Low-Value Occasional Customers
15862,7,Large Families
15863,0,Regular Cutomers
15865,8,Young Karens
15866,2,Clean & Green
15867,0,Regular Cutomers
15868,6,High-Value Customers
15869,7,Large Families
15870,5,Low-Value Occasional Customers
15871,8,Young Karens
15872,6,High-Value Customers
15873,8,Young Karens
15874,7,Large Families
15875,0,Regular Cutomers
15876,0,Regular Cutomers
15877,0,Regular Cutomers
15878,4,Promotion Lovers
15879,2,Clean & Green
15880,0,Regular Cutomers
15881,2,Clean & Green
15883,4,Promotion Lovers
15884,4,Promotion Lovers
15885,6,High-Value Customers
15886,7,Large Families
15889,3,Senior Karens
15890,7,Large Families
15891,3,Senior Karens
15892,6,High-Value Customers
15893,7,Large Families
15894,5,Low-Value Occasional Customers
15896,2,Clean & Green
15897,6,High-Value Customers
15898,6,High-Value Customers
15899,4,Promotion Lovers
15900,0,Regular Cutomers
15902,5,Low-Value Occasional Customers
15903,0,Regular Cutomers
15904,0,Regular Cutomers
15906,6,High-Value Customers
15907,7,Large Families
15908,4,Promotion Lovers
15909,8,Young Karens
15910,4,Promotion Lovers
15912,6,High-Value Customers
15913,0,Regular Cutomers
15914,2,Clean & Green
15915,4,Promotion Lovers
15916,6,High-Value Customers
15917,0,Regular Cutomers
15919,5,Low-Value Occasional Customers
15920,5,Low-Value Occasional Customers
15921,8,Young Karens
15922,4,Promotion Lovers
15924,4,Promotion Lovers
15925,4,Promotion Lovers
15926,2,Clean & Green
15927,2,Clean & Green
15928,6,High-Value Customers
15930,0,Regular Cutomers
15931,4,Promotion Lovers
15932,7,Large Families
15933,0,Regular Cutomers
15934,1,Gamers
15935,6,High-Value Customers
15936,5,Low-Value Occasional Customers
15938,5,Low-Value Occasional Customers
15939,4,Promotion Lovers
15940,6,High-Value Customers
15941,2,Clean & Green
15942,0,Regular Cutomers
15943,4,Promotion Lovers
15944,7,Large Families
15945,5,Low-Value Occasional Customers
15946,1,Gamers
15947,5,Low-Value Occasional Customers
15948,2,Clean & Green
15949,8,Young Karens
15951,6,High-Value Customers
15952,2,Clean & Green
15953,0,Regular Cutomers
15954,4,Promotion Lovers
15955,0,Regular Cutomers
15956,5,Low-Value Occasional Customers
15957,4,Promotion Lovers
15959,1,Gamers
15960,6,High-Value Customers
15961,4,Promotion Lovers
15962,7,Large Families
15963,6,High-Value Customers
15964,2,Clean & Green
15965,0,Regular Cutomers
15966,4,Promotion Lovers
15967,0,Regular Cutomers
15968,2,Clean & Green
15969,2,Clean & Green
15970,8,Young Karens
15972,1,Gamers
15973,5,Low-Value Occasional Customers
15974,1,Gamers
15975,0,Regular Cutomers
15977,2,Clean & Green
15978,8,Young Karens
15979,1,Gamers
15980,0,Regular Cutomers
15983,0,Regular Cutomers
15984,0,Regular Cutomers
15985,4,Promotion Lovers
15986,7,Large Families
15987,0,Regular Cutomers
15988,6,High-Value Customers
15989,0,Regular Cutomers
15991,4,Promotion Lovers
15992,4,Promotion Lovers
15993,6,High-Value Customers
15994,4,Promotion Lovers
15995,2,Clean & Green
15997,5,Low-Value Occasional Customers
15998,6,High-Value Customers
16000,0,Regular Cutomers
16001,8,Young Karens
16002,5,Low-Value Occasional Customers
16003,6,High-Value Customers
16004,1,Gamers
16006,4,Promotion Lovers
16007,8,Young Karens
16008,4,Promotion Lovers
16009,5,Low-Value Occasional Customers
16010,8,Young Karens
16011,0,Regular Cutomers
16012,1,Gamers
16013,0,Regular Cutomers
16014,8,Young Karens
16015,4,Promotion Lovers
16016,6,High-Value Customers
16018,5,Low-Value Occasional Customers
16019,2,Clean & Green
16020,0,Regular Cutomers
16021,5,Low-Value Occasional Customers
16022,1,Gamers
16025,0,Regular Cutomers
16026,2,Clean & Green
16029,8,Young Karens
16030,4,Promotion Lovers
16031,1,Gamers
16033,0,Regular Cutomers
16034,2,Clean & Green
16035,8,Young Karens
16036,0,Regular Cutomers
16037,5,Low-Value Occasional Customers
16038,4,Promotion Lovers
16039,2,Clean & Green
16040,0,Regular Cutomers
16041,2,Clean & Green
16042,4,Promotion Lovers
16043,2,Clean & Green
16044,6,High-Value Customers
16045,8,Young Karens
16046,5,Low-Value Occasional Customers
16049,4,Promotion Lovers
16050,8,Young Karens
16051,0,Regular Cutomers
16052,6,High-Value Customers
16053,1,Gamers
16054,2,Clean & Green
16055,4,Promotion Lovers
16056,3,Senior Karens
16057,3,Senior Karens
16059,6,High-Value Customers
16060,4,Promotion Lovers
16062,1,Gamers
16063,5,Low-Value Occasional Customers
16064,3,Senior Karens
16065,0,Regular Cutomers
16066,3,Senior Karens
16067,8,Young Karens
16068,6,High-Value Customers
16070,1,Gamers
16071,2,Clean & Green
16073,3,Senior Karens
16074,7,Large Families
16075,4,Promotion Lovers
16076,4,Promotion Lovers
16077,5,Low-Value Occasional Customers
16078,0,Regular Cutomers
16079,4,Promotion Lovers
16080,6,High-Value Customers
16081,2,Clean & Green
16082,0,Regular Cutomers
16083,7,Large Families
16084,2,Clean & Green
16085,0,Regular Cutomers
16086,0,Regular Cutomers
16087,2,Clean & Green
16088,1,Gamers
16089,7,Large Families
16090,7,Large Families
16091,0,Regular Cutomers
16092,2,Clean & Green
16094,7,Large Families
16096,1,Gamers
16097,0,Regular Cutomers
16098,1,Gamers
16099,2,Clean & Green
16100,4,Promotion Lovers
16102,1,Gamers
16103,1,Gamers
16105,6,High-Value Customers
16106,4,Promotion Lovers
16107,0,Regular Cutomers
16108,4,Promotion Lovers
16109,0,Regular Cutomers
16110,3,Senior Karens
16111,7,Large Families
16112,4,Promotion Lovers
16113,0,Regular Cutomers
16114,5,Low-Value Occasional Customers
16115,7,Large Families
16116,1,Gamers
16117,2,Clean & Green
16118,0,Regular Cutomers
16119,8,Young Karens
16120,7,Large Families
16121,5,Low-Value Occasional Customers
16122,0,Regular Cutomers
16123,0,Regular Cutomers
16124,0,Regular Cutomers
16125,4,Promotion Lovers
16126,1,Gamers
16127,6,High-Value Customers
16128,2,Clean & Green
16129,0,Regular Cutomers
16130,2,Clean & Green
16131,0,Regular Cutomers
16132,0,Regular Cutomers
16133,1,Gamers
16134,4,Promotion Lovers
16135,7,Large Families
16137,0,Regular Cutomers
16138,4,Promotion Lovers
16139,5,Low-Value Occasional Customers
16140,0,Regular Cutomers
16141,4,Promotion Lovers
16142,8,Young Karens
16143,0,Regular Cutomers
16144,7,Large Families
16145,2,Clean & Green
16146,8,Young Karens
16147,2,Clean & Green
16148,6,High-Value Customers
16149,0,Regular Cutomers
16150,0,Regular Cutomers
16151,5,Low-Value Occasional Customers
16155,0,Regular Cutomers
16156,7,Large Families
16157,0,Regular Cutomers
16158,5,Low-Value Occasional Customers
16159,4,Promotion Lovers
16160,5,Low-Value Occasional Customers
16161,8,Young Karens
16163,1,Gamers
16164,8,Young Karens
16165,1,Gamers
16168,3,Senior Karens
16170,0,Regular Cutomers
16171,1,Gamers
16173,0,Regular Cutomers
16174,0,Regular Cutomers
16175,7,Large Families
16176,1,Gamers
16180,5,Low-Value Occasional Customers
16181,3,Senior Karens
16182,7,Large Families
16185,5,Low-Value Occasional Customers
16186,0,Regular Cutomers
16187,1,Gamers
16188,2,Clean & Green
16189,2,Clean & Green
16191,0,Regular Cutomers
16192,0,Regular Cutomers
16193,1,Gamers
16194,3,Senior Karens
16195,1,Gamers
16196,2,Clean & Green
16197,5,Low-Value Occasional Customers
16198,0,Regular Cutomers
16199,5,Low-Value Occasional Customers
16201,0,Regular Cutomers
16202,0,Regular Cutomers
16203,5,Low-Value Occasional Customers
16204,2,Clean & Green
16205,4,Promotion Lovers
16206,7,Large Families
16207,1,Gamers
16208,8,Young Karens
16209,4,Promotion Lovers
16211,5,Low-Value Occasional Customers
16213,2,Clean & Green
16215,0,Regular Cutomers
16217,0,Regular Cutomers
16218,2,Clean & Green
16219,7,Large Families
16220,2,Clean & Green
16221,5,Low-Value Occasional Customers
16223,0,Regular Cutomers
16224,5,Low-Value Occasional Customers
16225,8,Young Karens
16226,1,Gamers
16227,7,Large Families
16228,0,Regular Cutomers
16230,0,Regular Cutomers
16232,1,Gamers
16233,8,Young Karens
16235,7,Large Families
16236,3,Senior Karens
16237,0,Regular Cutomers
16238,0,Regular Cutomers
16239,5,Low-Value Occasional Customers
16240,0,Regular Cutomers
16241,2,Clean & Green
16242,3,Senior Karens
16243,0,Regular Cutomers
16244,2,Clean & Green
16246,2,Clean & Green
16247,3,Senior Karens
16248,0,Regular Cutomers
16249,4,Promotion Lovers
16250,6,High-Value Customers
16251,0,Regular Cutomers
16252,7,Large Families
16253,6,High-Value Customers
16255,4,Promotion Lovers
16256,7,Large Families
16257,7,Large Families
16258,4,Promotion Lovers
16259,4,Promotion Lovers
16260,1,Gamers
16261,4,Promotion Lovers
16262,8,Young Karens
16263,0,Regular Cutomers
16264,4,Promotion Lovers
16265,1,Gamers
16266,7,Large Families
16267,7,Large Families
16268,8,Young Karens
16269,5,Low-Value Occasional Customers
16271,5,Low-Value Occasional Customers
16272,0,Regular Cutomers
16273,0,Regular Cutomers
16274,0,Regular Cutomers
16277,4,Promotion Lovers
16278,0,Regular Cutomers
16279,5,Low-Value Occasional Customers
16280,0,Regular Cutomers
16281,0,Regular Cutomers
16282,0,Regular Cutomers
16283,0,Regular Cutomers
16284,0,Regular Cutomers
16285,3,Senior Karens
16286,0,Regular Cutomers
16287,1,Gamers
16288,3,Senior Karens
16289,0,Regular Cutomers
16291,8,Young Karens
16292,4,Promotion Lovers
16294,5,Low-Value Occasional Customers
16295,8,Young Karens
16297,1,Gamers
16298,1,Gamers
16299,7,Large Families
16300,8,Young Karens
16301,0,Regular Cutomers
16302,0,Regular Cutomers
16303,2,Clean & Green
16304,5,Low-Value Occasional Customers
16305,3,Senior Karens
16306,0,Regular Cutomers
16307,6,High-Value Customers
16308,1,Gamers
16309,0,Regular Cutomers
16311,0,Regular Cutomers
16312,6,High-Value Customers
16313,0,Regular Cutomers
16314,0,Regular Cutomers
16315,6,High-Value Customers
16317,1,Gamers
16318,0,Regular Cutomers
16319,4,Promotion Lovers
16320,5,Low-Value Occasional Customers
16322,0,Regular Cutomers
16323,4,Promotion Lovers
16324,1,Gamers
16325,2,Clean & Green
16328,6,High-Value Customers
16329,8,Young Karens
16330,7,Large Families
16334,3,Senior Karens
16335,4,Promotion Lovers
16336,6,High-Value Customers
16337,2,Clean & Green
16339,3,Senior Karens
16340,3,Senior Karens
16341,2,Clean & Green
16342,2,Clean & Green
16343,0,Regular Cutomers
16344,1,Gamers
16345,5,Low-Value Occasional Customers
16346,5,Low-Value Occasional Customers
16347,5,Low-Value Occasional Customers
16348,2,Clean & Green
16349,0,Regular Cutomers
16350,8,Young Karens
16352,0,Regular Cutomers
16353,7,Large Families
16354,0,Regular Cutomers
16355,7,Large Families
16356,0,Regular Cutomers
16357,4,Promotion Lovers
16359,5,Low-Value Occasional Customers
16360,7,Large Families
16361,4,Promotion Lovers
16362,8,Young Karens
16363,1,Gamers
16364,4,Promotion Lovers
16365,2,Clean & Green
16367,8,Young Karens
16368,4,Promotion Lovers
16369,8,Young Karens
16370,2,Clean & Green
16371,4,Promotion Lovers
16372,4,Promotion Lovers
16373,5,Low-Value Occasional Customers
16374,1,Gamers
16375,1,Gamers
16376,3,Senior Karens
16377,5,Low-Value Occasional Customers
16380,5,Low-Value Occasional Customers
16381,7,Large Families
16383,0,Regular Cutomers
16384,4,Promotion Lovers
16386,4,Promotion Lovers
16387,6,High-Value Customers
16388,0,Regular Cutomers
16389,2,Clean & Green
16390,8,Young Karens
16391,0,Regular Cutomers
16392,1,Gamers
16393,6,High-Value Customers
16394,0,Regular Cutomers
16395,4,Promotion Lovers
16396,7,Large Families
16397,0,Regular Cutomers
16399,8,Young Karens
16400,6,High-Value Customers
16401,4,Promotion Lovers
16402,5,Low-Value Occasional Customers
16403,4,Promotion Lovers
16404,4,Promotion Lovers
16405,4,Promotion Lovers
16406,5,Low-Value Occasional Customers
16408,0,Regular Cutomers
16409,4,Promotion Lovers
16412,6,High-Value Customers
16413,4,Promotion Lovers
16414,0,Regular Cutomers
16415,8,Young Karens
16418,4,Promotion Lovers
16420,7,Large Families
16424,5,Low-Value Occasional Customers
16426,5,Low-Value Occasional Customers
16428,5,Low-Value Occasional Customers
16429,5,Low-Value Occasional Customers
16430,8,Young Karens
16431,4,Promotion Lovers
16432,8,Young Karens
16433,1,Gamers
16434,6,High-Value Customers
16436,0,Regular Cutomers
16437,5,Low-Value Occasional Customers
16439,6,High-Value Customers
16441,0,Regular Cutomers
16442,0,Regular Cutomers
16443,5,Low-Value Occasional Customers
16444,7,Large Families
16446,1,Gamers
16447,7,Large Families
16448,1,Gamers
16449,0,Regular Cutomers
16451,6,High-Value Customers
16452,5,Low-Value Occasional Customers
16453,0,Regular Cutomers
16454,0,Regular Cutomers
16455,4,Promotion Lovers
16456,5,Low-Value Occasional Customers
16457,5,Low-Value Occasional Customers
16459,0,Regular Cutomers
16461,4,Promotion Lovers
16462,4,Promotion Lovers
16463,6,High-Value Customers
16464,2,Clean & Green
16465,0,Regular Cutomers
16467,7,Large Families
16468,0,Regular Cutomers
16469,8,Young Karens
16470,6,High-Value Customers
16471,6,High-Value Customers
16472,8,Young Karens
16473,0,Regular Cutomers
16474,0,Regular Cutomers
16475,0,Regular Cutomers
16476,7,Large Families
16477,0,Regular Cutomers
16478,2,Clean & Green
16480,8,Young Karens
16481,2,Clean & Green
16482,6,High-Value Customers
16483,7,Large Families
16484,0,Regular Cutomers
16485,6,High-Value Customers
16486,4,Promotion Lovers
16487,5,Low-Value Occasional Customers
16488,0,Regular Cutomers
16489,6,High-Value Customers
16490,1,Gamers
16491,4,Promotion Lovers
16492,1,Gamers
16493,8,Young Karens
16494,7,Large Families
16495,6,High-Value Customers
16496,1,Gamers
16497,0,Regular Cutomers
16498,4,Promotion Lovers
16499,1,Gamers
16501,8,Young Karens
16502,0,Regular Cutomers
16503,0,Regular Cutomers
16504,7,Large Families
16505,0,Regular Cutomers
16507,0,Regular Cutomers
16508,4,Promotion Lovers
16509,4,Promotion Lovers
16510,7,Large Families
16512,0,Regular Cutomers
16513,0,Regular Cutomers
16514,1,Gamers
16515,1,Gamers
16516,7,Large Families
16517,4,Promotion Lovers
16518,4,Promotion Lovers
16519,1,Gamers
16520,8,Young Karens
16521,4,Promotion Lovers
16522,8,Young Karens
16523,1,Gamers
16524,2,Clean & Green
16525,6,High-Value Customers
16527,2,Clean & Green
16528,0,Regular Cutomers
16529,4,Promotion Lovers
16530,4,Promotion Lovers
16531,5,Low-Value Occasional Customers
16532,5,Low-Value Occasional Customers
16533,6,High-Value Customers
16534,6,High-Value Customers
16536,4,Promotion Lovers
16538,5,Low-Value Occasional Customers
16539,5,Low-Value Occasional Customers
16540,2,Clean & Green
16541,0,Regular Cutomers
16542,0,Regular Cutomers
16543,4,Promotion Lovers
16544,6,High-Value Customers
16545,1,Gamers
16547,2,Clean & Green
16548,0,Regular Cutomers
16549,7,Large Families
16551,7,Large Families
16553,7,Large Families
16554,0,Regular Cutomers
16556,0,Regular Cutomers
16557,1,Gamers
16558,1,Gamers
16559,7,Large Families
16561,6,High-Value Customers
16563,4,Promotion Lovers
16564,4,Promotion Lovers
16566,4,Promotion Lovers
16568,1,Gamers
16569,3,Senior Karens
16571,0,Regular Cutomers
16572,5,Low-Value Occasional Customers
16573,4,Promotion Lovers
16575,0,Regular Cutomers
16576,0,Regular Cutomers
16578,4,Promotion Lovers
16579,5,Low-Value Occasional Customers
16581,2,Clean & Green
16582,0,Regular Cutomers
16583,6,High-Value Customers
16584,8,Young Karens
16585,4,Promotion Lovers
16586,0,Regular Cutomers
16587,0,Regular Cutomers
16588,2,Clean & Green
16589,0,Regular Cutomers
16591,8,Young Karens
16593,1,Gamers
16594,6,High-Value Customers
16595,8,Young Karens
16596,5,Low-Value Occasional Customers
16597,6,High-Value Customers
16598,0,Regular Cutomers
16599,8,Young Karens
16600,0,Regular Cutomers
16601,0,Regular Cutomers
16602,6,High-Value Customers
16603,1,Gamers
16604,5,Low-Value Occasional Customers
16606,0,Regular Cutomers
16607,8,Young Karens
16608,7,Large Families
16609,4,Promotion Lovers
16610,5,Low-Value Occasional Customers
16612,8,Young Karens
16615,6,High-Value Customers
16616,0,Regular Cutomers
16617,3,Senior Karens
16618,0,Regular Cutomers
16619,8,Young Karens
16620,3,Senior Karens
16621,5,Low-Value Occasional Customers
16622,4,Promotion Lovers
16623,0,Regular Cutomers
16625,7,Large Families
16626,1,Gamers
16627,2,Clean & Green
16628,0,Regular Cutomers
16629,0,Regular Cutomers
16630,6,High-Value Customers
16632,7,Large Families
16633,1,Gamers
16634,4,Promotion Lovers
16635,4,Promotion Lovers
16636,0,Regular Cutomers
16637,7,Large Families
16638,6,High-Value Customers
16639,0,Regular Cutomers
16640,6,High-Value Customers
16641,7,Large Families
16642,0,Regular Cutomers
16643,0,Regular Cutomers
16644,4,Promotion Lovers
16645,5,Low-Value Occasional Customers
16646,5,Low-Value Occasional Customers
16648,1,Gamers
16650,6,High-Value Customers
16652,7,Large Families
16653,3,Senior Karens
16654,5,Low-Value Occasional Customers
16655,0,Regular Cutomers
16656,4,Promotion Lovers
16657,4,Promotion Lovers
16658,1,Gamers
16659,5,Low-Value Occasional Customers
16660,8,Young Karens
16662,8,Young Karens
16664,2,Clean & Green
16665,2,Clean & Green
16666,5,Low-Value Occasional Customers
16667,7,Large Families
16669,0,Regular Cutomers
16670,4,Promotion Lovers
16671,2,Clean & Green
16672,3,Senior Karens
16673,0,Regular Cutomers
16675,1,Gamers
16677,1,Gamers
16678,2,Clean & Green
16680,2,Clean & Green
16681,2,Clean & Green
16682,1,Gamers
16683,4,Promotion Lovers
16684,2,Clean & Green
16685,2,Clean & Green
16686,2,Clean & Green
16687,0,Regular Cutomers
16688,2,Clean & Green
16690,8,Young Karens
16691,8,Young Karens
16692,2,Clean & Green
16693,0,Regular Cutomers
16697,1,Gamers
16699,4,Promotion Lovers
16700,6,High-Value Customers
16701,1,Gamers
16702,6,High-Value Customers
16703,4,Promotion Lovers
16705,0,Regular Cutomers
16706,0,Regular Cutomers
16707,4,Promotion Lovers
16708,6,High-Value Customers
16709,5,Low-Value Occasional Customers
16710,6,High-Value Customers
16711,2,Clean & Green
16712,2,Clean & Green
16713,4,Promotion Lovers
16715,0,Regular Cutomers
16716,0,Regular Cutomers
16717,5,Low-Value Occasional Customers
16718,8,Young Karens
16719,5,Low-Value Occasional Customers
16720,0,Regular Cutomers
16723,4,Promotion Lovers
16724,0,Regular Cutomers
16725,6,High-Value Customers
16726,8,Young Karens
16728,7,Large Families
16729,2,Clean & Green
16730,8,Young Karens
16731,2,Clean & Green
16732,0,Regular Cutomers
16733,5,Low-Value Occasional Customers
16734,1,Gamers
16736,5,Low-Value Occasional Customers
16737,1,Gamers
16738,0,Regular Cutomers
16740,3,Senior Karens
16742,7,Large Families
16743,2,Clean & Green
16744,4,Promotion Lovers
16745,2,Clean & Green
16746,1,Gamers
16747,5,Low-Value Occasional Customers
16748,1,Gamers
16749,8,Young Karens
16750,1,Gamers
16751,6,High-Value Customers
16752,4,Promotion Lovers
16753,0,Regular Cutomers
16754,5,Low-Value Occasional Customers
16755,0,Regular Cutomers
16758,7,Large Families
16759,7,Large Families
16760,0,Regular Cutomers
16761,1,Gamers
16762,1,Gamers
16764,2,Clean & Green
16765,1,Gamers
16768,4,Promotion Lovers
16769,0,Regular Cutomers
16770,6,High-Value Customers
16771,0,Regular Cutomers
16772,2,Clean & Green
16773,3,Senior Karens
16774,2,Clean & Green
16775,0,Regular Cutomers
16777,2,Clean & Green
16778,1,Gamers
16780,2,Clean & Green
16781,5,Low-Value Occasional Customers
16782,8,Young Karens
16783,5,Low-Value Occasional Customers
16786,1,Gamers
16787,0,Regular Cutomers
16788,5,Low-Value Occasional Customers
16789,8,Young Karens
16791,5,Low-Value Occasional Customers
16792,2,Clean & Green
16793,4,Promotion Lovers
16795,4,Promotion Lovers
16796,8,Young Karens
16797,0,Regular Cutomers
16798,4,Promotion Lovers
16799,2,Clean & Green
16800,8,Young Karens
16801,0,Regular Cutomers
16803,4,Promotion Lovers
16804,2,Clean & Green
16805,0,Regular Cutomers
16806,0,Regular Cutomers
16807,5,Low-Value Occasional Customers
16808,4,Promotion Lovers
16810,8,Young Karens
16811,8,Young Karens
16812,2,Clean & Green
16813,0,Regular Cutomers
16814,4,Promotion Lovers
16815,0,Regular Cutomers
16816,0,Regular Cutomers
16817,4,Promotion Lovers
16818,2,Clean & Green
16819,3,Senior Karens
16821,8,Young Karens
16823,0,Regular Cutomers
16824,4,Promotion Lovers
16826,7,Large Families
16827,0,Regular Cutomers
16828,4,Promotion Lovers
16829,0,Regular Cutomers
16830,3,Senior Karens
16831,4,Promotion Lovers
16832,5,Low-Value Occasional Customers
16833,7,Large Families
16834,1,Gamers
16835,4,Promotion Lovers
16836,8,Young Karens
16837,5,Low-Value Occasional Customers
16838,2,Clean & Green
16839,2,Clean & Green
16840,0,Regular Cutomers
16841,4,Promotion Lovers
16842,8,Young Karens
16844,0,Regular Cutomers
16846,7,Large Families
16847,0,Regular Cutomers
16848,1,Gamers
16849,8,Young Karens
16850,4,Promotion Lovers
16851,0,Regular Cutomers
16852,6,High-Value Customers
16853,4,Promotion Lovers
16854,0,Regular Cutomers
16856,2,Clean & Green
16857,5,Low-Value Occasional Customers
16859,4,Promotion Lovers
16862,4,Promotion Lovers
16863,1,Gamers
16864,6,High-Value Customers
16865,6,High-Value Customers
16866,4,Promotion Lovers
16868,3,Senior Karens
16869,6,High-Value Customers
16871,2,Clean & Green
16872,5,Low-Value Occasional Customers
16873,4,Promotion Lovers
16874,1,Gamers
16875,6,High-Value Customers
16876,4,Promotion Lovers
16877,7,Large Families
16878,8,Young Karens
16879,2,Clean & Green
16880,6,High-Value Customers
16881,7,Large Families
16882,8,Young Karens
16884,1,Gamers
16885,0,Regular Cutomers
16886,3,Senior Karens
16888,2,Clean & Green
16889,0,Regular Cutomers
16890,4,Promotion Lovers
16891,0,Regular Cutomers
16892,7,Large Families
16893,2,Clean & Green
16894,0,Regular Cutomers
16895,5,Low-Value Occasional Customers
16896,5,Low-Value Occasional Customers
16897,1,Gamers
16898,0,Regular Cutomers
16899,2,Clean & Green
16900,4,Promotion Lovers
16901,3,Senior Karens
16902,4,Promotion Lovers
16903,2,Clean & Green
16904,4,Promotion Lovers
16905,5,Low-Value Occasional Customers
16906,4,Promotion Lovers
16907,7,Large Families
16909,8,Young Karens
16910,1,Gamers
16911,0,Regular Cutomers
16912,6,High-Value Customers
16913,0,Regular Cutomers
16914,0,Regular Cutomers
16915,4,Promotion Lovers
16916,5,Low-Value Occasional Customers
16917,6,High-Value Customers
16920,0,Regular Cutomers
16921,6,High-Value Customers
16922,6,High-Value Customers
16923,6,High-Value Customers
16925,6,High-Value Customers
16926,5,Low-Value Occasional Customers
16927,8,Young Karens
16928,8,Young Karens
16929,7,Large Families
16930,6,High-Value Customers
16931,0,Regular Cutomers
16932,5,Low-Value Occasional Customers
16933,0,Regular Cutomers
16934,4,Promotion Lovers
16935,2,Clean & Green
16936,5,Low-Value Occasional Customers
16937,2,Clean & Green
16938,5,Low-Value Occasional Customers
16939,8,Young Karens
16940,4,Promotion Lovers
16941,4,Promotion Lovers
16942,1,Gamers
16943,0,Regular Cutomers
16944,1,Gamers
16945,2,Clean & Green
16946,6,High-Value Customers
16947,0,Regular Cutomers
16948,0,Regular Cutomers
16949,8,Young Karens
16950,7,Large Families
16951,2,Clean & Green
16952,8,Young Karens
16953,0,Regular Cutomers
16954,6,High-Value Customers
16956,0,Regular Cutomers
16957,2,Clean & Green
16958,1,Gamers
16959,0,Regular Cutomers
16960,4,Promotion Lovers
16962,5,Low-Value Occasional Customers
16963,0,Regular Cutomers
16964,8,Young Karens
16965,3,Senior Karens
16967,5,Low-Value Occasional Customers
16968,6,High-Value Customers
16969,1,Gamers
16970,4,Promotion Lovers
16971,5,Low-Value Occasional Customers
16972,7,Large Families
16973,8,Young Karens
16974,1,Gamers
16975,4,Promotion Lovers
16976,7,Large Families
16977,4,Promotion Lovers
16978,5,Low-Value Occasional Customers
16979,3,Senior Karens
16980,8,Young Karens
16982,6,High-Value Customers
16983,2,Clean & Green
16984,4,Promotion Lovers
16985,2,Clean & Green
16986,3,Senior Karens
16987,3,Senior Karens
16988,1,Gamers
16989,4,Promotion Lovers
16990,3,Senior Karens
16991,6,High-Value Customers
16992,5,Low-Value Occasional Customers
16993,0,Regular Cutomers
16994,8,Young Karens
16996,5,Low-Value Occasional Customers
16997,4,Promotion Lovers
16998,2,Clean & Green
16999,0,Regular Cutomers
17000,7,Large Families
17001,4,Promotion Lovers
17002,7,Large Families
17003,8,Young Karens
17004,5,Low-Value Occasional Customers
17006,0,Regular Cutomers
17007,5,Low-Value Occasional Customers
17008,6,High-Value Customers
17009,0,Regular Cutomers
17010,5,Low-Value Occasional Customers
17011,4,Promotion Lovers
17012,0,Regular Cutomers
17013,0,Regular Cutomers
17014,6,High-Value Customers
17015,4,Promotion Lovers
17016,2,Clean & Green
17017,5,Low-Value Occasional Customers
17018,2,Clean & Green
17019,0,Regular Cutomers
17020,5,Low-Value Occasional Customers
17022,5,Low-Value Occasional Customers
17023,4,Promotion Lovers
17024,2,Clean & Green
17025,8,Young Karens
17026,4,Promotion Lovers
17028,7,Large Families
17030,0,Regular Cutomers
17031,0,Regular Cutomers
17032,7,Large Families
17033,4,Promotion Lovers
17034,1,Gamers
17035,0,Regular Cutomers
17037,6,High-Value Customers
17038,6,High-Value Customers
17040,7,Large Families
17041,5,Low-Value Occasional Customers
17042,5,Low-Value Occasional Customers
17043,6,High-Value Customers
17044,0,Regular Cutomers
17045,0,Regular Cutomers
17046,5,Low-Value Occasional Customers
17047,0,Regular Cutomers
17048,4,Promotion Lovers
17049,4,Promotion Lovers
17050,2,Clean & Green
17051,0,Regular Cutomers
17052,0,Regular Cutomers
17053,1,Gamers
17055,0,Regular Cutomers
17058,8,Young Karens
17059,6,High-Value Customers
17060,5,Low-Value Occasional Customers
17061,4,Promotion Lovers
17062,3,Senior Karens
17063,6,High-Value Customers
17064,1,Gamers
17065,3,Senior Karens
17066,8,Young Karens
17067,2,Clean & Green
17068,0,Regular Cutomers
17069,4,Promotion Lovers
17070,4,Promotion Lovers
17072,4,Promotion Lovers
17073,4,Promotion Lovers
17074,1,Gamers
17075,0,Regular Cutomers
17076,8,Young Karens
17078,4,Promotion Lovers
17079,8,Young Karens
17080,6,High-Value Customers
17083,2,Clean & Green
17084,3,Senior Karens
17086,0,Regular Cutomers
17087,2,Clean & Green
17088,1,Gamers
17089,6,High-Value Customers
17090,2,Clean & Green
17091,0,Regular Cutomers
17092,4,Promotion Lovers
17093,8,Young Karens
17094,8,Young Karens
17095,4,Promotion Lovers
17096,2,Clean & Green
17097,4,Promotion Lovers
17098,6,High-Value Customers
17099,4,Promotion Lovers
17100,0,Regular Cutomers
17101,7,Large Families
17103,5,Low-Value Occasional Customers
17104,5,Low-Value Occasional Customers
17105,8,Young Karens
17107,0,Regular Cutomers
17108,4,Promotion Lovers
17109,0,Regular Cutomers
17110,1,Gamers
17111,4,Promotion Lovers
17112,7,Large Families
17113,1,Gamers
17114,0,Regular Cutomers
17115,2,Clean & Green
17116,0,Regular Cutomers
17117,8,Young Karens
17118,1,Gamers
17119,5,Low-Value Occasional Customers
17120,2,Clean & Green
17121,4,Promotion Lovers
17122,3,Senior Karens
17123,0,Regular Cutomers
17125,1,Gamers
17127,2,Clean & Green
17129,5,Low-Value Occasional Customers
17130,6,High-Value Customers
17131,6,High-Value Customers
17132,0,Regular Cutomers
17133,4,Promotion Lovers
17134,7,Large Families
17135,0,Regular Cutomers
17137,0,Regular Cutomers
17138,0,Regular Cutomers
17140,6,High-Value Customers
17141,4,Promotion Lovers
17142,0,Regular Cutomers
17143,1,Gamers
17145,5,Low-Value Occasional Customers
17146,5,Low-Value Occasional Customers
17147,0,Regular Cutomers
17148,2,Clean & Green
17149,5,Low-Value Occasional Customers
17150,6,High-Value Customers
17151,7,Large Families
17152,0,Regular Cutomers
17153,5,Low-Value Occasional Customers
17154,8,Young Karens
17155,8,Young Karens
17156,5,Low-Value Occasional Customers
17158,0,Regular Cutomers
17159,0,Regular Cutomers
17160,1,Gamers
17161,4,Promotion Lovers
17162,6,High-Value Customers
17163,5,Low-Value Occasional Customers
17165,0,Regular Cutomers
17166,2,Clean & Green
17167,1,Gamers
17169,4,Promotion Lovers
17170,6,High-Value Customers
17171,4,Promotion Lovers
17172,5,Low-Value Occasional Customers
17173,0,Regular Cutomers
17174,5,Low-Value Occasional Customers
17175,7,Large Families
17179,6,High-Value Customers
17180,2,Clean & Green
17183,4,Promotion Lovers
17184,5,Low-Value Occasional Customers
17185,5,Low-Value Occasional Customers
17186,8,Young Karens
17187,1,Gamers
17188,0,Regular Cutomers
17189,8,Young Karens
17191,5,Low-Value Occasional Customers
17192,0,Regular Cutomers
17193,4,Promotion Lovers
17194,1,Gamers
17195,0,Regular Cutomers
17196,2,Clean & Green
17197,7,Large Families
17198,2,Clean & Green
17199,4,Promotion Lovers
17200,4,Promotion Lovers
17201,6,High-Value Customers
17202,0,Regular Cutomers
17203,0,Regular Cutomers
17204,4,Promotion Lovers
17205,0,Regular Cutomers
17208,0,Regular Cutomers
17209,8,Young Karens
17210,5,Low-Value Occasional Customers
17211,7,Large Families
17212,8,Young Karens
17214,0,Regular Cutomers
17215,7,Large Families
17216,4,Promotion Lovers
17219,0,Regular Cutomers
17220,4,Promotion Lovers
17221,3,Senior Karens
17222,3,Senior Karens
17223,4,Promotion Lovers
17224,1,Gamers
17225,0,Regular Cutomers
17226,8,Young Karens
17228,0,Regular Cutomers
17230,4,Promotion Lovers
17231,2,Clean & Green
17232,7,Large Families
17233,8,Young Karens
17234,5,Low-Value Occasional Customers
17235,5,Low-Value Occasional Customers
17236,0,Regular Cutomers
17238,8,Young Karens
17239,4,Promotion Lovers
17240,4,Promotion Lovers
17241,5,Low-Value Occasional Customers
17242,8,Young Karens
17243,0,Regular Cutomers
17244,7,Large Families
17245,5,Low-Value Occasional Customers
17246,1,Gamers
17247,8,Young Karens
17248,1,Gamers
17250,5,Low-Value Occasional Customers
17253,2,Clean & Green
17254,4,Promotion Lovers
17256,0,Regular Cutomers
17257,4,Promotion Lovers
17258,2,Clean & Green
17259,7,Large Families
17260,6,High-Value Customers
17261,0,Regular Cutomers
17262,1,Gamers
17264,4,Promotion Lovers
17265,4,Promotion Lovers
17266,8,Young Karens
17267,8,Young Karens
17268,5,Low-Value Occasional Customers
17269,4,Promotion Lovers
17270,0,Regular Cutomers
17271,0,Regular Cutomers
17272,0,Regular Cutomers
17273,4,Promotion Lovers
17275,0,Regular Cutomers
17277,4,Promotion Lovers
17278,1,Gamers
17279,4,Promotion Lovers
17280,0,Regular Cutomers
17281,5,Low-Value Occasional Customers
17282,5,Low-Value Occasional Customers
17283,5,Low-Value Occasional Customers
17284,0,Regular Cutomers
17286,2,Clean & Green
17287,4,Promotion Lovers
17288,2,Clean & Green
17289,7,Large Families
17290,2,Clean & Green
17291,5,Low-Value Occasional Customers
17292,5,Low-Value Occasional Customers
17294,0,Regular Cutomers
17295,4,Promotion Lovers
17296,5,Low-Value Occasional Customers
17297,1,Gamers
17298,2,Clean & Green
17300,7,Large Families
17301,7,Large Families
17302,1,Gamers
17303,1,Gamers
17304,2,Clean & Green
17305,4,Promotion Lovers
17306,6,High-Value Customers
17307,3,Senior Karens
17308,0,Regular Cutomers
17309,1,Gamers
17311,3,Senior Karens
17312,4,Promotion Lovers
17313,4,Promotion Lovers
17314,0,Regular Cutomers
17315,8,Young Karens
17316,2,Clean & Green
17317,7,Large Families
17318,0,Regular Cutomers
17319,6,High-Value Customers
17321,1,Gamers
17322,5,Low-Value Occasional Customers
17325,1,Gamers
17326,6,High-Value Customers
17327,1,Gamers
17328,4,Promotion Lovers
17329,4,Promotion Lovers
17330,0,Regular Cutomers
17332,6,High-Value Customers
17333,0,Regular Cutomers
17334,0,Regular Cutomers
17335,8,Young Karens
17336,7,Large Families
17339,4,Promotion Lovers
17340,1,Gamers
17341,3,Senior Karens
17342,6,High-Value Customers
17343,4,Promotion Lovers
17344,6,High-Value Customers
17345,2,Clean & Green
17346,7,Large Families
17347,8,Young Karens
17348,7,Large Families
17350,1,Gamers
17352,0,Regular Cutomers
17353,0,Regular Cutomers
17354,7,Large Families
17355,8,Young Karens
17356,0,Regular Cutomers
17357,4,Promotion Lovers
17358,0,Regular Cutomers
17359,4,Promotion Lovers
17360,1,Gamers
17361,0,Regular Cutomers
17362,7,Large Families
17363,7,Large Families
17365,0,Regular Cutomers
17366,7,Large Families
17367,5,Low-Value Occasional Customers
17369,3,Senior Karens
17371,0,Regular Cutomers
17372,8,Young Karens
17374,5,Low-Value Occasional Customers
17375,2,Clean & Green
17377,0,Regular Cutomers
17378,4,Promotion Lovers
17379,2,Clean & Green
17380,6,High-Value Customers
17382,4,Promotion Lovers
17383,5,Low-Value Occasional Customers
17385,8,Young Karens
17387,1,Gamers
17388,0,Regular Cutomers
17390,4,Promotion Lovers
17391,7,Large Families
17392,0,Regular Cutomers
17395,4,Promotion Lovers
17397,5,Low-Value Occasional Customers
17398,5,Low-Value Occasional Customers
17399,7,Large Families
17400,1,Gamers
17401,6,High-Value Customers
17402,7,Large Families
17403,4,Promotion Lovers
17405,6,High-Value Customers
17406,0,Regular Cutomers
17407,4,Promotion Lovers
17408,8,Young Karens
17409,2,Clean & Green
17410,0,Regular Cutomers
17411,1,Gamers
17413,0,Regular Cutomers
17415,3,Senior Karens
17416,0,Regular Cutomers
17417,6,High-Value Customers
17418,8,Young Karens
17420,5,Low-Value Occasional Customers
17421,4,Promotion Lovers
17422,7,Large Families
17423,7,Large Families
17424,7,Large Families
17425,0,Regular Cutomers
17426,4,Promotion Lovers
17427,6,High-Value Customers
17428,4,Promotion Lovers
17429,1,Gamers
17430,2,Clean & Green
17432,2,Clean & Green
17434,0,Regular Cutomers
17435,2,Clean & Green
17436,4,Promotion Lovers
17437,0,Regular Cutomers
17438,0,Regular Cutomers
17439,7,Large Families
17440,4,Promotion Lovers
17441,2,Clean & Green
17442,1,Gamers
17443,0,Regular Cutomers
17446,0,Regular Cutomers
17447,0,Regular Cutomers
17448,8,Young Karens
17449,8,Young Karens
17450,2,Clean & Green
17451,6,High-Value Customers
17452,0,Regular Cutomers
17453,0,Regular Cutomers
17454,4,Promotion Lovers
17456,7,Large Families
17458,2,Clean & Green
17460,1,Gamers
17461,2,Clean & Green
17462,0,Regular Cutomers
17463,4,Promotion Lovers
17464,0,Regular Cutomers
17466,2,Clean & Green
17467,0,Regular Cutomers
17468,0,Regular Cutomers
17469,0,Regular Cutomers
17470,7,Large Families
17471,4,Promotion Lovers
17472,7,Large Families
17473,6,High-Value Customers
17474,4,Promotion Lovers
17475,7,Large Families
17476,6,High-Value Customers
17477,8,Young Karens
17478,0,Regular Cutomers
17479,0,Regular Cutomers
17480,2,Clean & Green
17481,1,Gamers
17482,5,Low-Value Occasional Customers
17483,1,Gamers
17484,3,Senior Karens
17485,2,Clean & Green
17486,5,Low-Value Occasional Customers
17487,0,Regular Cutomers
17488,3,Senior Karens
17489,5,Low-Value Occasional Customers
17490,5,Low-Value Occasional Customers
17491,0,Regular Cutomers
17492,4,Promotion Lovers
17494,0,Regular Cutomers
17496,7,Large Families
17497,4,Promotion Lovers
17498,6,High-Value Customers
17499,4,Promotion Lovers
17500,4,Promotion Lovers
17501,0,Regular Cutomers
17502,2,Clean & Green
17503,3,Senior Karens
17504,0,Regular Cutomers
17505,7,Large Families
17507,4,Promotion Lovers
17508,1,Gamers
17509,6,High-Value Customers
17510,8,Young Karens
17512,1,Gamers
17514,5,Low-Value Occasional Customers
17517,6,High-Value Customers
17518,7,Large Families
17519,5,Low-Value Occasional Customers
17520,1,Gamers
17521,5,Low-Value Occasional Customers
17523,3,Senior Karens
17524,0,Regular Cutomers
17525,0,Regular Cutomers
17527,4,Promotion Lovers
17528,3,Senior Karens
17529,2,Clean & Green
17530,5,Low-Value Occasional Customers
17531,1,Gamers
17532,0,Regular Cutomers
17533,5,Low-Value Occasional Customers
17535,5,Low-Value Occasional Customers
17536,6,High-Value Customers
17537,1,Gamers
17538,8,Young Karens
17540,5,Low-Value Occasional Customers
17541,0,Regular Cutomers
17542,4,Promotion Lovers
17543,4,Promotion Lovers
17546,1,Gamers
17547,8,Young Karens
17548,1,Gamers
17549,4,Promotion Lovers
17550,4,Promotion Lovers
17551,0,Regular Cutomers
17552,4,Promotion Lovers
17553,4,Promotion Lovers
17554,0,Regular Cutomers
17555,4,Promotion Lovers
17556,5,Low-Value Occasional Customers
17557,3,Senior Karens
17558,0,Regular Cutomers
17560,0,Regular Cutomers
17561,5,Low-Value Occasional Customers
17562,8,Young Karens
17563,0,Regular Cutomers
17564,7,Large Families
17565,6,High-Value Customers
17566,0,Regular Cutomers
17567,8,Young Karens
17568,2,Clean & Green
17570,2,Clean & Green
17571,7,Large Families
17572,4,Promotion Lovers
17573,4,Promotion Lovers
17574,0,Regular Cutomers
17575,1,Gamers
17577,4,Promotion Lovers
17578,1,Gamers
17579,5,Low-Value Occasional Customers
17580,5,Low-Value Occasional Customers
17582,8,Young Karens
17583,1,Gamers
17584,5,Low-Value Occasional Customers
17586,1,Gamers
17587,8,Young Karens
17588,4,Promotion Lovers
17589,5,Low-Value Occasional Customers
17590,6,High-Value Customers
17591,0,Regular Cutomers
17592,8,Young Karens
17594,8,Young Karens
17595,1,Gamers
17596,0,Regular Cutomers
17597,0,Regular Cutomers
17598,4,Promotion Lovers
17599,5,Low-Value Occasional Customers
17600,5,Low-Value Occasional Customers
17601,5,Low-Value Occasional Customers
17602,8,Young Karens
17603,0,Regular Cutomers
17604,7,Large Families
17605,7,Large Families
17606,5,Low-Value Occasional Customers
17607,4,Promotion Lovers
17609,7,Large Families
17610,8,Young Karens
17611,4,Promotion Lovers
17612,0,Regular Cutomers
17613,6,High-Value Customers
17614,5,Low-Value Occasional Customers
17615,1,Gamers
17617,5,Low-Value Occasional Customers
17618,0,Regular Cutomers
17619,6,High-Value Customers
17620,3,Senior Karens
17621,4,Promotion Lovers
17623,0,Regular Cutomers
17624,0,Regular Cutomers
17625,2,Clean & Green
17627,4,Promotion Lovers
17628,1,Gamers
17629,2,Clean & Green
17630,5,Low-Value Occasional Customers
17631,3,Senior Karens
17632,7,Large Families
17633,4,Promotion Lovers
17634,0,Regular Cutomers
17635,0,Regular Cutomers
17636,4,Promotion Lovers
17637,1,Gamers
17640,0,Regular Cutomers
17641,6,High-Value Customers
17642,5,Low-Value Occasional Customers
17643,3,Senior Karens
17644,0,Regular Cutomers
17645,5,Low-Value Occasional Customers
17646,0,Regular Cutomers
17647,2,Clean & Green
17648,0,Regular Cutomers
17649,1,Gamers
17651,5,Low-Value Occasional Customers
17653,1,Gamers
17654,4,Promotion Lovers
17655,8,Young Karens
17656,7,Large Families
17657,1,Gamers
17658,7,Large Families
17659,6,High-Value Customers
17660,3,Senior Karens
17661,4,Promotion Lovers
17663,2,Clean & Green
17664,4,Promotion Lovers
17666,8,Young Karens
17667,1,Gamers
17668,0,Regular Cutomers
17669,4,Promotion Lovers
17670,0,Regular Cutomers
17671,0,Regular Cutomers
17672,5,Low-Value Occasional Customers
17673,2,Clean & Green
17674,8,Young Karens
17676,0,Regular Cutomers
17677,5,Low-Value Occasional Customers
17678,1,Gamers
17679,6,High-Value Customers
17680,5,Low-Value Occasional Customers
17681,2,Clean & Green
17682,8,Young Karens
17683,0,Regular Cutomers
17684,6,High-Value Customers
17686,4,Promotion Lovers
17688,8,Young Karens
17689,2,Clean & Green
17690,0,Regular Cutomers
17691,0,Regular Cutomers
17693,6,High-Value Customers
17694,7,Large Families
17695,3,Senior Karens
17697,0,Regular Cutomers
17698,4,Promotion Lovers
17699,5,Low-Value Occasional Customers
17700,0,Regular Cutomers
17701,7,Large Families
17702,5,Low-Value Occasional Customers
17703,4,Promotion Lovers
17704,1,Gamers
17705,6,High-Value Customers
17706,6,High-Value Customers
17707,8,Young Karens
17708,1,Gamers
17709,0,Regular Cutomers
17711,1,Gamers
17712,1,Gamers
17713,4,Promotion Lovers
17714,0,Regular Cutomers
17715,6,High-Value Customers
17716,0,Regular Cutomers
17718,0,Regular Cutomers
17719,3,Senior Karens
17720,4,Promotion Lovers
17722,5,Low-Value Occasional Customers
17723,1,Gamers
17724,1,Gamers
17726,0,Regular Cutomers
17727,5,Low-Value Occasional Customers
17729,2,Clean & Green
17730,4,Promotion Lovers
17731,8,Young Karens
17732,0,Regular Cutomers
17733,2,Clean & Green
17734,0,Regular Cutomers
17735,2,Clean & Green
17736,6,High-Value Customers
17737,3,Senior Karens
17739,8,Young Karens
17740,7,Large Families
17741,2,Clean & Green
17742,6,High-Value Customers
17743,7,Large Families
17744,5,Low-Value Occasional Customers
17745,0,Regular Cutomers
17747,6,High-Value Customers
17749,2,Clean & Green
17750,0,Regular Cutomers
17751,0,Regular Cutomers
17752,3,Senior Karens
17753,5,Low-Value Occasional Customers
17754,7,Large Families
17755,1,Gamers
17756,2,Clean & Green
17757,4,Promotion Lovers
17758,4,Promotion Lovers
17759,4,Promotion Lovers
17761,5,Low-Value Occasional Customers
17762,4,Promotion Lovers
17763,6,High-Value Customers
17764,1,Gamers
17766,7,Large Families
17767,2,Clean & Green
17769,2,Clean & Green
17771,0,Regular Cutomers
17773,7,Large Families
17775,0,Regular Cutomers
17777,0,Regular Cutomers
17778,3,Senior Karens
17779,4,Promotion Lovers
17780,7,Large Families
17781,8,Young Karens
17782,5,Low-Value Occasional Customers
17783,4,Promotion Lovers
17784,1,Gamers
17785,4,Promotion Lovers
17788,0,Regular Cutomers
17789,4,Promotion Lovers
17790,0,Regular Cutomers
17791,6,High-Value Customers
17792,6,High-Value Customers
17793,4,Promotion Lovers
17794,4,Promotion Lovers
17795,4,Promotion Lovers
17796,4,Promotion Lovers
17798,3,Senior Karens
17799,4,Promotion Lovers
17800,2,Clean & Green
17801,5,Low-Value Occasional Customers
17802,4,Promotion Lovers
17803,1,Gamers
17804,8,Young Karens
17805,2,Clean & Green
17806,1,Gamers
17807,3,Senior Karens
17808,5,Low-Value Occasional Customers
17809,0,Regular Cutomers
17810,6,High-Value Customers
17811,1,Gamers
17812,7,Large Families
17813,0,Regular Cutomers
17815,1,Gamers
17816,7,Large Families
17818,1,Gamers
17819,0,Regular Cutomers
17820,1,Gamers
17821,0,Regular Cutomers
17822,5,Low-Value Occasional Customers
17824,6,High-Value Customers
17825,2,Clean & Green
17826,1,Gamers
17827,1,Gamers
17828,3,Senior Karens
17829,1,Gamers
17830,1,Gamers
17832,5,Low-Value Occasional Customers
17833,6,High-Value Customers
17834,2,Clean & Green
17835,1,Gamers
17836,5,Low-Value Occasional Customers
17837,0,Regular Cutomers
17838,5,Low-Value Occasional Customers
17839,6,High-Value Customers
17840,4,Promotion Lovers
17841,5,Low-Value Occasional Customers
17843,5,Low-Value Occasional Customers
17845,4,Promotion Lovers
17846,7,Large Families
17848,0,Regular Cutomers
17849,0,Regular Cutomers
17850,1,Gamers
17851,6,High-Value Customers
17852,1,Gamers
17853,1,Gamers
17854,2,Clean & Green
17858,3,Senior Karens
17859,2,Clean & Green
17860,7,Large Families
17862,0,Regular Cutomers
17863,0,Regular Cutomers
17865,4,Promotion Lovers
17866,8,Young Karens
17867,5,Low-Value Occasional Customers
17868,7,Large Families
17869,4,Promotion Lovers
17870,5,Low-Value Occasional Customers
17871,1,Gamers
17873,6,High-Value Customers
17874,6,High-Value Customers
17875,5,Low-Value Occasional Customers
17876,4,Promotion Lovers
17877,7,Large Families
17878,8,Young Karens
17879,8,Young Karens
17880,6,High-Value Customers
17881,0,Regular Cutomers
17882,8,Young Karens
17884,0,Regular Cutomers
17885,3,Senior Karens
17886,4,Promotion Lovers
17887,6,High-Value Customers
17888,1,Gamers
17889,1,Gamers
17891,6,High-Value Customers
17892,5,Low-Value Occasional Customers
17893,2,Clean & Green
17894,4,Promotion Lovers
17895,0,Regular Cutomers
17897,8,Young Karens
17899,8,Young Karens
17900,2,Clean & Green
17901,4,Promotion Lovers
17902,7,Large Families
17903,7,Large Families
17904,4,Promotion Lovers
17905,5,Low-Value Occasional Customers
17906,0,Regular Cutomers
17907,2,Clean & Green
17908,4,Promotion Lovers
17909,6,High-Value Customers
17910,6,High-Value Customers
17911,5,Low-Value Occasional Customers
17912,4,Promotion Lovers
17913,0,Regular Cutomers
17914,6,High-Value Customers
17916,0,Regular Cutomers
17917,2,Clean & Green
17918,2,Clean & Green
17919,5,Low-Value Occasional Customers
17920,8,Young Karens
17921,1,Gamers
17923,5,Low-Value Occasional Customers
17924,2,Clean & Green
17925,6,High-Value Customers
17926,3,Senior Karens
17927,6,High-Value Customers
17929,5,Low-Value Occasional Customers
17930,0,Regular Cutomers
17931,6,High-Value Customers
17933,0,Regular Cutomers
17934,0,Regular Cutomers
17935,0,Regular Cutomers
17937,0,Regular Cutomers
17938,4,Promotion Lovers
17940,0,Regular Cutomers
17941,2,Clean & Green
17942,1,Gamers
17943,1,Gamers
17944,0,Regular Cutomers
17945,4,Promotion Lovers
17946,6,High-Value Customers
17947,8,Young Karens
17949,6,High-Value Customers
17950,0,Regular Cutomers
17951,6,High-Value Customers
17952,6,High-Value Customers
17953,7,Large Families
17954,0,Regular Cutomers
17955,6,High-Value Customers
17956,7,Large Families
17957,3,Senior Karens
17958,5,Low-Value Occasional Customers
17960,4,Promotion Lovers
17961,2,Clean & Green
17962,7,Large Families
17963,4,Promotion Lovers
17964,7,Large Families
17965,4,Promotion Lovers
17966,4,Promotion Lovers
17967,5,Low-Value Occasional Customers
17968,4,Promotion Lovers
17969,0,Regular Cutomers
17971,0,Regular Cutomers
17972,5,Low-Value Occasional Customers
17974,4,Promotion Lovers
17975,1,Gamers
17977,1,Gamers
17978,4,Promotion Lovers
17979,0,Regular Cutomers
17980,6,High-Value Customers
17982,8,Young Karens
17984,7,Large Families
17987,7,Large Families
17988,0,Regular Cutomers
17989,8,Young Karens
17990,7,Large Families
17993,2,Clean & Green
17994,0,Regular Cutomers
17995,0,Regular Cutomers
17996,4,Promotion Lovers
17998,3,Senior Karens
18000,5,Low-Value Occasional Customers
18001,2,Clean & Green
18002,4,Promotion Lovers
18003,2,Clean & Green
18006,3,Senior Karens
18008,0,Regular Cutomers
18009,0,Regular Cutomers
18010,5,Low-Value Occasional Customers
18011,4,Promotion Lovers
18013,0,Regular Cutomers
18014,3,Senior Karens
18015,0,Regular Cutomers
18016,0,Regular Cutomers
18017,0,Regular Cutomers
18018,5,Low-Value Occasional Customers
18019,0,Regular Cutomers
18020,0,Regular Cutomers
18022,7,Large Families
18023,1,Gamers
18024,0,Regular Cutomers
18026,0,Regular Cutomers
18027,0,Regular Cutomers
18028,4,Promotion Lovers
18029,8,Young Karens
18030,0,Regular Cutomers
18031,0,Regular Cutomers
18033,8,Young Karens
18034,6,High-Value Customers
18035,4,Promotion Lovers
18036,1,Gamers
18037,0,Regular Cutomers
18038,7,Large Families
18039,4,Promotion Lovers
18040,0,Regular Cutomers
18042,0,Regular Cutomers
18043,4,Promotion Lovers
18044,1,Gamers
18046,1,Gamers
18047,7,Large Families
18048,6,High-Value Customers
18049,0,Regular Cutomers
18050,2,Clean & Green
18051,8,Young Karens
18052,1,Gamers
18053,3,Senior Karens
18054,7,Large Families
18055,1,Gamers
18056,4,Promotion Lovers
18057,1,Gamers
18058,7,Large Families
18059,0,Regular Cutomers
18060,1,Gamers
18061,3,Senior Karens
18062,6,High-Value Customers
18063,5,Low-Value Occasional Customers
18064,0,Regular Cutomers
18065,0,Regular Cutomers
18066,0,Regular Cutomers
18067,1,Gamers
18070,4,Promotion Lovers
18071,4,Promotion Lovers
18072,5,Low-Value Occasional Customers
18073,0,Regular Cutomers
18075,2,Clean & Green
18076,0,Regular Cutomers
18077,4,Promotion Lovers
18078,4,Promotion Lovers
18080,8,Young Karens
18081,5,Low-Value Occasional Customers
18083,2,Clean & Green
18085,3,Senior Karens
18086,8,Young Karens
18087,0,Regular Cutomers
18088,0,Regular Cutomers
18089,6,High-Value Customers
18090,7,Large Families
18091,0,Regular Cutomers
18093,4,Promotion Lovers
18094,6,High-Value Customers
18095,2,Clean & Green
18098,3,Senior Karens
18099,6,High-Value Customers
18100,5,Low-Value Occasional Customers
18102,7,Large Families
18103,8,Young Karens
18104,7,Large Families
18105,7,Large Families
18106,8,Young Karens
18108,0,Regular Cutomers
18109,6,High-Value Customers
18111,7,Large Families
18112,4,Promotion Lovers
18113,4,Promotion Lovers
18114,5,Low-Value Occasional Customers
18116,4,Promotion Lovers
18117,0,Regular Cutomers
18118,3,Senior Karens
18119,0,Regular Cutomers
18120,4,Promotion Lovers
18121,5,Low-Value Occasional Customers
18122,0,Regular Cutomers
18123,4,Promotion Lovers
18125,0,Regular Cutomers
18126,8,Young Karens
18127,6,High-Value Customers
18129,0,Regular Cutomers
18130,4,Promotion Lovers
18132,4,Promotion Lovers
18133,6,High-Value Customers
18134,7,Large Families
18135,5,Low-Value Occasional Customers
18136,4,Promotion Lovers
18137,0,Regular Cutomers
18138,7,Large Families
18139,5,Low-Value Occasional Customers
18140,6,High-Value Customers
18141,1,Gamers
18142,8,Young Karens
18143,0,Regular Cutomers
18144,8,Young Karens
18145,4,Promotion Lovers
18148,6,High-Value Customers
18149,5,Low-Value Occasional Customers
18150,8,Young Karens
18151,2,Clean & Green
18152,6,High-Value Customers
18153,0,Regular Cutomers
18154,3,Senior Karens
18155,1,Gamers
18157,1,Gamers
18158,0,Regular Cutomers
18159,8,Young Karens
18160,4,Promotion Lovers
18161,0,Regular Cutomers
18162,2,Clean & Green
18163,7,Large Families
18164,5,Low-Value Occasional Customers
18165,0,Regular Cutomers
18166,2,Clean & Green
18167,0,Regular Cutomers
18168,4,Promotion Lovers
18169,6,High-Value Customers
18170,4,Promotion Lovers
18171,2,Clean & Green
18172,1,Gamers
18174,4,Promotion Lovers
18175,0,Regular Cutomers
18176,5,Low-Value Occasional Customers
18177,5,Low-Value Occasional Customers
18178,1,Gamers
18179,2,Clean & Green
18181,7,Large Families
18184,3,Senior Karens
18185,0,Regular Cutomers
18186,4,Promotion Lovers
18187,8,Young Karens
18188,1,Gamers
18189,0,Regular Cutomers
18190,5,Low-Value Occasional Customers
18191,1,Gamers
18192,4,Promotion Lovers
18193,0,Regular Cutomers
18194,3,Senior Karens
18195,5,Low-Value Occasional Customers
18197,5,Low-Value Occasional Customers
18198,0,Regular Cutomers
18199,4,Promotion Lovers
18200,5,Low-Value Occasional Customers
18201,2,Clean & Green
18202,3,Senior Karens
18203,4,Promotion Lovers
18204,0,Regular Cutomers
18205,1,Gamers
18207,1,Gamers
18208,4,Promotion Lovers
18209,4,Promotion Lovers
18210,2,Clean & Green
18211,5,Low-Value Occasional Customers
18213,7,Large Families
18214,4,Promotion Lovers
18215,4,Promotion Lovers
18216,3,Senior Karens
18217,4,Promotion Lovers
18218,1,Gamers
18219,0,Regular Cutomers
18220,0,Regular Cutomers
18221,8,Young Karens
18222,1,Gamers
18223,1,Gamers
18224,4,Promotion Lovers
18225,5,Low-Value Occasional Customers
18227,5,Low-Value Occasional Customers
18228,1,Gamers
18229,4,Promotion Lovers
18230,0,Regular Cutomers
18231,7,Large Families
18232,0,Regular Cutomers
18234,0,Regular Cutomers
18235,5,Low-Value Occasional Customers
18236,4,Promotion Lovers
18238,4,Promotion Lovers
18241,3,Senior Karens
18244,2,Clean & Green
18245,1,Gamers
18246,6,High-Value Customers
18247,1,Gamers
18249,1,Gamers
18250,0,Regular Cutomers
18251,4,Promotion Lovers
18252,6,High-Value Customers
18254,5,Low-Value Occasional Customers
18256,4,Promotion Lovers
18257,5,Low-Value Occasional Customers
18258,4,Promotion Lovers
18260,5,Low-Value Occasional Customers
18261,1,Gamers
18262,0,Regular Cutomers
18263,6,High-Value Customers
18264,4,Promotion Lovers
18266,4,Promotion Lovers
18268,5,Low-Value Occasional Customers
18270,8,Young Karens
18272,5,Low-Value Occasional Customers
18273,7,Large Families
18275,0,Regular Cutomers
18276,0,Regular Cutomers
18277,4,Promotion Lovers
18278,4,Promotion Lovers
18279,0,Regular Cutomers
18284,0,Regular Cutomers
18285,5,Low-Value Occasional Customers
18286,2,Clean & Green
18287,5,Low-Value Occasional Customers
18288,4,Promotion Lovers
18289,7,Large Families
18290,1,Gamers
18291,5,Low-Value Occasional Customers
18292,8,Young Karens
18293,1,Gamers
18294,4,Promotion Lovers
18295,4,Promotion Lovers
18296,5,Low-Value Occasional Customers
18297,0,Regular Cutomers
18298,0,Regular Cutomers
18299,4,Promotion Lovers
18300,2,Clean & Green
18301,4,Promotion Lovers
18305,7,Large Families
18306,8,Young Karens
18307,6,High-Value Customers
18308,7,Large Families
18309,1,Gamers
18311,5,Low-Value Occasional Customers
18312,2,Clean & Green
18313,6,High-Value Customers
18314,4,Promotion Lovers
18315,2,Clean & Green
18316,2,Clean & Green
18317,6,High-Value Customers
18318,5,Low-Value Occasional Customers
18319,0,Regular Cutomers
18320,4,Promotion Lovers
18323,8,Young Karens
18324,4,Promotion Lovers
18327,0,Regular Cutomers
18328,5,Low-Value Occasional Customers
18329,4,Promotion Lovers
18330,2,Clean & Green
18331,3,Senior Karens
18332,6,High-Value Customers
18333,8,Young Karens
18334,0,Regular Cutomers
18335,6,High-Value Customers
18336,2,Clean & Green
18337,8,Young Karens
18338,7,Large Families
18339,8,Young Karens
18340,6,High-Value Customers
18341,2,Clean & Green
18343,3,Senior Karens
18344,5,Low-Value Occasional Customers
18345,8,Young Karens
18346,2,Clean & Green
18347,4,Promotion Lovers
18348,1,Gamers
18350,5,Low-Value Occasional Customers
18353,0,Regular Cutomers
18354,0,Regular Cutomers
18355,3,Senior Karens
18356,6,High-Value Customers
18357,0,Regular Cutomers
18358,4,Promotion Lovers
18359,0,Regular Cutomers
18360,7,Large Families
18361,4,Promotion Lovers
18362,6,High-Value Customers
18363,8,Young Karens
18364,4,Promotion Lovers
18366,4,Promotion Lovers
18367,8,Young Karens
18368,3,Senior Karens
18369,0,Regular Cutomers
18370,2,Clean & Green
18371,3,Senior Karens
18373,7,Large Families
18374,3,Senior Karens
18375,5,Low-Value Occasional Customers
18376,2,Clean & Green
18378,0,Regular Cutomers
18379,7,Large Families
18380,4,Promotion Lovers
18381,1,Gamers
18382,0,Regular Cutomers
18384,2,Clean & Green
18385,0,Regular Cutomers
18386,6,High-Value Customers
18387,0,Regular Cutomers
18388,3,Senior Karens
18389,6,High-Value Customers
18391,0,Regular Cutomers
18392,5,Low-Value Occasional Customers
18393,0,Regular Cutomers
18394,1,Gamers
18395,2,Clean & Green
18396,0,Regular Cutomers
18397,1,Gamers
18398,4,Promotion Lovers
18400,5,Low-Value Occasional Customers
18401,0,Regular Cutomers
18402,7,Large Families
18403,5,Low-Value Occasional Customers
18404,0,Regular Cutomers
18405,7,Large Families
18409,4,Promotion Lovers
18410,0,Regular Cutomers
18411,0,Regular Cutomers
18412,0,Regular Cutomers
18413,7,Large Families
18414,1,Gamers
18415,8,Young Karens
18416,0,Regular Cutomers
18418,7,Large Families
18419,7,Large Families
18421,0,Regular Cutomers
18422,4,Promotion Lovers
18423,4,Promotion Lovers
18424,8,Young Karens
18425,4,Promotion Lovers
18426,0,Regular Cutomers
18427,4,Promotion Lovers
18428,0,Regular Cutomers
18429,0,Regular Cutomers
18430,1,Gamers
18431,2,Clean & Green
18432,5,Low-Value Occasional Customers
18433,8,Young Karens
18435,2,Clean & Green
18436,0,Regular Cutomers
18437,4,Promotion Lovers
18438,1,Gamers
18440,7,Large Families
18441,1,Gamers
18442,1,Gamers
18443,0,Regular Cutomers
18444,1,Gamers
18445,1,Gamers
18446,0,Regular Cutomers
18447,0,Regular Cutomers
18448,4,Promotion Lovers
18449,6,High-Value Customers
18450,2,Clean & Green
18451,7,Large Families
18452,0,Regular Cutomers
18453,1,Gamers
18454,3,Senior Karens
18455,3,Senior Karens
18457,8,Young Karens
18458,7,Large Families
18460,8,Young Karens
18461,5,Low-Value Occasional Customers
18462,0,Regular Cutomers
18463,0,Regular Cutomers
18464,7,Large Families
18465,1,Gamers
18466,1,Gamers
18467,0,Regular Cutomers
18468,0,Regular Cutomers
18472,0,Regular Cutomers
18473,7,Large Families
18474,1,Gamers
18475,3,Senior Karens
18476,7,Large Families
18477,1,Gamers
18479,0,Regular Cutomers
18480,8,Young Karens
18481,0,Regular Cutomers
18482,4,Promotion Lovers
18484,4,Promotion Lovers
18485,5,Low-Value Occasional Customers
18486,0,Regular Cutomers
18487,2,Clean & Green
18489,7,Large Families
18490,0,Regular Cutomers
18492,2,Clean & Green
18493,4,Promotion Lovers
18495,0,Regular Cutomers
18497,5,Low-Value Occasional Customers
18499,0,Regular Cutomers
18500,0,Regular Cutomers
18501,0,Regular Cutomers
18503,3,Senior Karens
18504,0,Regular Cutomers
18505,2,Clean & Green
18507,6,High-Value Customers
18508,7,Large Families
18509,4,Promotion Lovers
18510,0,Regular Cutomers
18511,4,Promotion Lovers
18512,0,Regular Cutomers
18513,6,High-Value Customers
18514,0,Regular Cutomers
18515,0,Regular Cutomers
18517,0,Regular Cutomers
18518,2,Clean & Green
18519,1,Gamers
18520,0,Regular Cutomers
18521,5,Low-Value Occasional Customers
18522,6,High-Value Customers
18524,6,High-Value Customers
18525,1,Gamers
18526,1,Gamers
18527,2,Clean & Green
18528,0,Regular Cutomers
18529,4,Promotion Lovers
18530,1,Gamers
18531,8,Young Karens
18533,0,Regular Cutomers
18534,7,Large Families
18536,1,Gamers
18537,7,Large Families
18538,6,High-Value Customers
18539,8,Young Karens
18542,8,Young Karens
18544,4,Promotion Lovers
18545,0,Regular Cutomers
18547,3,Senior Karens
18548,4,Promotion Lovers
18549,7,Large Families
18550,0,Regular Cutomers
18551,6,High-Value Customers
18552,4,Promotion Lovers
18553,6,High-Value Customers
18554,7,Large Families
18555,8,Young Karens
18556,0,Regular Cutomers
18557,0,Regular Cutomers
18558,7,Large Families
18559,2,Clean & Green
18560,0,Regular Cutomers
18561,7,Large Families
18563,2,Clean & Green
18564,0,Regular Cutomers
18565,0,Regular Cutomers
18566,3,Senior Karens
18567,0,Regular Cutomers
18568,1,Gamers
18569,6,High-Value Customers
18570,0,Regular Cutomers
18571,4,Promotion Lovers
18572,8,Young Karens
18573,4,Promotion Lovers
18574,5,Low-Value Occasional Customers
18577,6,High-Value Customers
18578,0,Regular Cutomers
18579,2,Clean & Green
18580,2,Clean & Green
18581,1,Gamers
18582,5,Low-Value Occasional Customers
18583,1,Gamers
18584,0,Regular Cutomers
18586,0,Regular Cutomers
18587,5,Low-Value Occasional Customers
18588,5,Low-Value Occasional Customers
18589,5,Low-Value Occasional Customers
18590,0,Regular Cutomers
18591,5,Low-Value Occasional Customers
18592,0,Regular Cutomers
18593,5,Low-Value Occasional Customers
18594,0,Regular Cutomers
18595,0,Regular Cutomers
18596,5,Low-Value Occasional Customers
18597,0,Regular Cutomers
18600,1,Gamers
18601,8,Young Karens
18602,0,Regular Cutomers
18603,5,Low-Value Occasional Customers
18605,1,Gamers
18608,2,Clean & Green
18609,2,Clean & Green
18610,7,Large Families
18611,1,Gamers
18612,0,Regular Cutomers
18613,0,Regular Cutomers
18614,5,Low-Value Occasional Customers
18615,0,Regular Cutomers
18616,6,High-Value Customers
18617,2,Clean & Green
18618,5,Low-Value Occasional Customers
18620,5,Low-Value Occasional Customers
18621,4,Promotion Lovers
18622,4,Promotion Lovers
18624,7,Large Families
18625,1,Gamers
18626,0,Regular Cutomers
18627,2,Clean & Green
18628,0,Regular Cutomers
18629,7,Large Families
18631,0,Regular Cutomers
18632,0,Regular Cutomers
18633,4,Promotion Lovers
18634,4,Promotion Lovers
18636,0,Regular Cutomers
18637,8,Young Karens
18641,3,Senior Karens
18643,1,Gamers
18644,8,Young Karens
18645,7,Large Families
18646,5,Low-Value Occasional Customers
18647,0,Regular Cutomers
18648,0,Regular Cutomers
18650,8,Young Karens
18651,5,Low-Value Occasional Customers
18652,0,Regular Cutomers
18653,8,Young Karens
18654,6,High-Value Customers
18657,0,Regular Cutomers
18658,2,Clean & Green
18659,0,Regular Cutomers
18660,1,Gamers
18661,6,High-Value Customers
18662,0,Regular Cutomers
18664,1,Gamers
18665,1,Gamers
18666,5,Low-Value Occasional Customers
18667,8,Young Karens
18668,6,High-Value Customers
18669,8,Young Karens
18671,4,Promotion Lovers
18672,0,Regular Cutomers
18673,0,Regular Cutomers
18674,4,Promotion Lovers
18675,4,Promotion Lovers
18676,0,Regular Cutomers
18677,4,Promotion Lovers
18678,1,Gamers
18680,1,Gamers
18681,3,Senior Karens
18682,5,Low-Value Occasional Customers
18683,0,Regular Cutomers
18684,8,Young Karens
18685,6,High-Value Customers
18687,4,Promotion Lovers
18688,7,Large Families
18689,1,Gamers
18690,0,Regular Cutomers
18691,7,Large Families
18692,7,Large Families
18693,1,Gamers
18694,1,Gamers
18695,4,Promotion Lovers
18696,5,Low-Value Occasional Customers
18697,3,Senior Karens
18698,2,Clean & Green
18699,7,Large Families
18700,6,High-Value Customers
18701,0,Regular Cutomers
18702,6,High-Value Customers
18703,5,Low-Value Occasional Customers
18705,0,Regular Cutomers
18707,0,Regular Cutomers
18708,5,Low-Value Occasional Customers
18709,2,Clean & Green
18710,8,Young Karens
18711,6,High-Value Customers
18712,0,Regular Cutomers
18713,2,Clean & Green
18715,0,Regular Cutomers
18716,8,Young Karens
18717,2,Clean & Green
18718,0,Regular Cutomers
18719,1,Gamers
18720,0,Regular Cutomers
18722,0,Regular Cutomers
18723,7,Large Families
18724,8,Young Karens
18725,3,Senior Karens
18726,6,High-Value Customers
18727,5,Low-Value Occasional Customers
18728,0,Regular Cutomers
18729,4,Promotion Lovers
18730,5,Low-Value Occasional Customers
18731,6,High-Value Customers
18732,2,Clean & Green
18733,4,Promotion Lovers
18734,0,Regular Cutomers
18735,6,High-Value Customers
18738,0,Regular Cutomers
18739,8,Young Karens
18742,3,Senior Karens
18743,2,Clean & Green
18745,2,Clean & Green
18746,7,Large Families
18747,0,Regular Cutomers
18748,7,Large Families
18749,5,Low-Value Occasional Customers
18750,1,Gamers
18751,6,High-Value Customers
18752,7,Large Families
18754,1,Gamers
18755,0,Regular Cutomers
18756,4,Promotion Lovers
18757,4,Promotion Lovers
18758,4,Promotion Lovers
18759,1,Gamers
18760,1,Gamers
18761,3,Senior Karens
18762,7,Large Families
18763,5,Low-Value Occasional Customers
18765,0,Regular Cutomers
18766,2,Clean & Green
18767,8,Young Karens
18768,7,Large Families
18769,7,Large Families
18770,0,Regular Cutomers
18772,7,Large Families
18773,5,Low-Value Occasional Customers
18774,2,Clean & Green
18775,4,Promotion Lovers
18776,0,Regular Cutomers
18777,7,Large Families
18778,0,Regular Cutomers
18779,0,Regular Cutomers
18780,5,Low-Value Occasional Customers
18781,3,Senior Karens
18782,0,Regular Cutomers
18783,4,Promotion Lovers
18785,7,Large Families
18786,7,Large Families
18787,0,Regular Cutomers
18788,6,High-Value Customers
18789,0,Regular Cutomers
18790,3,Senior Karens
18791,0,Regular Cutomers
18794,0,Regular Cutomers
18795,6,High-Value Customers
18796,8,Young Karens
18797,1,Gamers
18798,0,Regular Cutomers
18799,4,Promotion Lovers
18800,0,Regular Cutomers
18801,5,Low-Value Occasional Customers
18802,0,Regular Cutomers
18803,0,Regular Cutomers
18804,1,Gamers
18805,0,Regular Cutomers
18806,4,Promotion Lovers
18807,4,Promotion Lovers
18808,4,Promotion Lovers
18809,3,Senior Karens
18810,2,Clean & Green
18811,0,Regular Cutomers
18812,4,Promotion Lovers
18814,2,Clean & Green
18815,3,Senior Karens
18816,0,Regular Cutomers
18817,0,Regular Cutomers
18818,2,Clean & Green
18820,8,Young Karens
18821,0,Regular Cutomers
18822,0,Regular Cutomers
18823,8,Young Karens
18824,0,Regular Cutomers
18825,1,Gamers
18826,2,Clean & Green
18827,7,Large Families
18828,0,Regular Cutomers
18830,5,Low-Value Occasional Customers
18831,8,Young Karens
18837,5,Low-Value Occasional Customers
18838,3,Senior Karens
18839,6,High-Value Customers
18840,5,Low-Value Occasional Customers
18841,3,Senior Karens
18842,1,Gamers
18843,4,Promotion Lovers
18844,0,Regular Cutomers
18845,1,Gamers
18846,5,Low-Value Occasional Customers
18847,8,Young Karens
18849,1,Gamers
18850,5,Low-Value Occasional Customers
18851,6,High-Value Customers
18852,2,Clean & Green
18853,6,High-Value Customers
18854,0,Regular Cutomers
18855,7,Large Families
18857,4,Promotion Lovers
18859,0,Regular Cutomers
18860,5,Low-Value Occasional Customers
18861,2,Clean & Green
18862,5,Low-Value Occasional Customers
18863,8,Young Karens
18864,4,Promotion Lovers
18865,2,Clean & Green
18866,6,High-Value Customers
18867,0,Regular Cutomers
18868,4,Promotion Lovers
18869,6,High-Value Customers
18870,5,Low-Value Occasional Customers
18872,6,High-Value Customers
18874,8,Young Karens
18875,0,Regular Cutomers
18879,8,Young Karens
18880,0,Regular Cutomers
18881,2,Clean & Green
18883,3,Senior Karens
18884,0,Regular Cutomers
18885,1,Gamers
18886,4,Promotion Lovers
18887,2,Clean & Green
18888,6,High-Value Customers
18889,7,Large Families
18890,1,Gamers
18891,0,Regular Cutomers
18892,8,Young Karens
18893,4,Promotion Lovers
18894,8,Young Karens
18895,1,Gamers
18896,0,Regular Cutomers
18897,4,Promotion Lovers
18898,7,Large Families
18899,5,Low-Value Occasional Customers
18900,4,Promotion Lovers
18901,1,Gamers
18902,0,Regular Cutomers
18903,8,Young Karens
18904,6,High-Value Customers
18905,2,Clean & Green
18906,0,Regular Cutomers
18908,8,Young Karens
18909,6,High-Value Customers
18910,0,Regular Cutomers
18911,0,Regular Cutomers
18914,0,Regular Cutomers
18915,0,Regular Cutomers
18916,5,Low-Value Occasional Customers
18917,1,Gamers
18918,1,Gamers
18919,5,Low-Value Occasional Customers
18920,8,Young Karens
18921,0,Regular Cutomers
18922,1,Gamers
18923,5,Low-Value Occasional Customers
18924,0,Regular Cutomers
18925,5,Low-Value Occasional Customers
18926,0,Regular Cutomers
18928,8,Young Karens
18929,8,Young Karens
18930,2,Clean & Green
18931,5,Low-Value Occasional Customers
18932,6,High-Value Customers
18933,4,Promotion Lovers
18934,6,High-Value Customers
18935,6,High-Value Customers
18936,4,Promotion Lovers
18937,2,Clean & Green
18939,2,Clean & Green
18940,4,Promotion Lovers
18941,0,Regular Cutomers
18942,4,Promotion Lovers
18943,4,Promotion Lovers
18945,5,Low-Value Occasional Customers
18946,7,Large Families
18947,7,Large Families
18948,5,Low-Value Occasional Customers
18949,0,Regular Cutomers
18950,7,Large Families
18951,7,Large Families
18952,0,Regular Cutomers
18953,6,High-Value Customers
18954,6,High-Value Customers
18955,1,Gamers
18957,4,Promotion Lovers
18958,3,Senior Karens
18960,6,High-Value Customers
18961,0,Regular Cutomers
18962,2,Clean & Green
18963,0,Regular Cutomers
18964,3,Senior Karens
18965,0,Regular Cutomers
18966,8,Young Karens
18967,5,Low-Value Occasional Customers
18968,7,Large Families
18969,2,Clean & Green
18971,6,High-Value Customers
18972,3,Senior Karens
18973,4,Promotion Lovers
18974,2,Clean & Green
18975,4,Promotion Lovers
18977,1,Gamers
18978,6,High-Value Customers
18979,4,Promotion Lovers
18980,8,Young Karens
18981,4,Promotion Lovers
18982,4,Promotion Lovers
18983,2,Clean & Green
18984,3,Senior Karens
18985,5,Low-Value Occasional Customers
18986,5,Low-Value Occasional Customers
18988,2,Clean & Green
18989,1,Gamers
18990,2,Clean & Green
18991,5,Low-Value Occasional Customers
18992,6,High-Value Customers
18993,0,Regular Cutomers
18994,4,Promotion Lovers
18995,0,Regular Cutomers
18996,6,High-Value Customers
18997,5,Low-Value Occasional Customers
18998,0,Regular Cutomers
18999,2,Clean & Green
19000,0,Regular Cutomers
19001,2,Clean & Green
19002,0,Regular Cutomers
19003,6,High-Value Customers
19004,6,High-Value Customers
19005,4,Promotion Lovers
19006,5,Low-Value Occasional Customers
19007,0,Regular Cutomers
19008,4,Promotion Lovers
19009,2,Clean & Green
19010,5,Low-Value Occasional Customers
19013,7,Large Families
19014,4,Promotion Lovers
19015,0,Regular Cutomers
19016,6,High-Value Customers
19017,5,Low-Value Occasional Customers
19018,4,Promotion Lovers
19019,1,Gamers
19020,7,Large Families
19021,0,Regular Cutomers
19022,7,Large Families
19025,1,Gamers
19029,4,Promotion Lovers
19030,1,Gamers
19031,4,Promotion Lovers
19032,0,Regular Cutomers
19033,1,Gamers
19034,2,Clean & Green
19035,1,Gamers
19036,0,Regular Cutomers
19037,4,Promotion Lovers
19038,4,Promotion Lovers
19039,5,Low-Value Occasional Customers
19040,0,Regular Cutomers
19041,0,Regular Cutomers
19042,0,Regular Cutomers
19043,4,Promotion Lovers
19045,2,Clean & Green
19046,5,Low-Value Occasional Customers
19047,5,Low-Value Occasional Customers
19048,2,Clean & Green
19049,0,Regular Cutomers
19050,2,Clean & Green
19051,0,Regular Cutomers
19052,0,Regular Cutomers
19053,0,Regular Cutomers
19054,4,Promotion Lovers
19055,1,Gamers
19056,4,Promotion Lovers
19057,2,Clean & Green
19058,6,High-Value Customers
19060,4,Promotion Lovers
19061,6,High-Value Customers
19062,1,Gamers
19063,1,Gamers
19064,4,Promotion Lovers
19065,7,Large Families
19066,4,Promotion Lovers
19068,4,Promotion Lovers
19069,5,Low-Value Occasional Customers
19070,1,Gamers
19071,7,Large Families
19072,5,Low-Value Occasional Customers
19073,5,Low-Value Occasional Customers
19074,3,Senior Karens
19076,2,Clean & Green
19077,4,Promotion Lovers
19078,6,High-Value Customers
19080,2,Clean & Green
19084,3,Senior Karens
19086,7,Large Families
19087,4,Promotion Lovers
19088,6,High-Value Customers
19090,4,Promotion Lovers
19092,3,Senior Karens
19093,0,Regular Cutomers
19094,0,Regular Cutomers
19095,0,Regular Cutomers
19096,1,Gamers
19097,0,Regular Cutomers
19098,7,Large Families
19099,0,Regular Cutomers
19100,2,Clean & Green
19101,4,Promotion Lovers
19102,0,Regular Cutomers
19103,4,Promotion Lovers
19106,2,Clean & Green
19107,1,Gamers
19108,8,Young Karens
19109,5,Low-Value Occasional Customers
19110,0,Regular Cutomers
19112,4,Promotion Lovers
19113,1,Gamers
19114,7,Large Families
19115,0,Regular Cutomers
19117,1,Gamers
19118,0,Regular Cutomers
19119,8,Young Karens
19120,6,High-Value Customers
19121,6,High-Value Customers
19122,5,Low-Value Occasional Customers
19123,7,Large Families
19125,8,Young Karens
19126,0,Regular Cutomers
19127,0,Regular Cutomers
19129,0,Regular Cutomers
19131,7,Large Families
19132,7,Large Families
19133,4,Promotion Lovers
19134,5,Low-Value Occasional Customers
19135,1,Gamers
19136,4,Promotion Lovers
19137,1,Gamers
19138,0,Regular Cutomers
19139,1,Gamers
19140,6,High-Value Customers
19141,5,Low-Value Occasional Customers
19142,0,Regular Cutomers
19143,4,Promotion Lovers
19144,5,Low-Value Occasional Customers
19145,2,Clean & Green
19146,4,Promotion Lovers
19147,8,Young Karens
19148,7,Large Families
19150,7,Large Families
19151,0,Regular Cutomers
19152,4,Promotion Lovers
19153,4,Promotion Lovers
19154,5,Low-Value Occasional Customers
19155,8,Young Karens
19156,0,Regular Cutomers
19158,1,Gamers
19159,0,Regular Cutomers
19160,5,Low-Value Occasional Customers
19161,2,Clean & Green
19162,0,Regular Cutomers
19164,6,High-Value Customers
19167,7,Large Families
19168,8,Young Karens
19169,0,Regular Cutomers
19171,3,Senior Karens
19173,0,Regular Cutomers
19174,6,High-Value Customers
19175,0,Regular Cutomers
19176,8,Young Karens
19177,4,Promotion Lovers
19178,2,Clean & Green
19179,3,Senior Karens
19182,5,Low-Value Occasional Customers
19183,7,Large Families
19185,6,High-Value Customers
19186,7,Large Families
19187,4,Promotion Lovers
19188,2,Clean & Green
19189,0,Regular Cutomers
19190,4,Promotion Lovers
19191,0,Regular Cutomers
19192,1,Gamers
19194,4,Promotion Lovers
19195,4,Promotion Lovers
19197,0,Regular Cutomers
19198,0,Regular Cutomers
19199,0,Regular Cutomers
19200,0,Regular Cutomers
19201,0,Regular Cutomers
19202,2,Clean & Green
19204,4,Promotion Lovers
19205,3,Senior Karens
19206,2,Clean & Green
19207,0,Regular Cutomers
19208,2,Clean & Green
19209,0,Regular Cutomers
19210,0,Regular Cutomers
19211,0,Regular Cutomers
19212,6,High-Value Customers
19213,0,Regular Cutomers
19214,3,Senior Karens
19215,6,High-Value Customers
19218,4,Promotion Lovers
19219,5,Low-Value Occasional Customers
19220,6,High-Value Customers
19221,6,High-Value Customers
19223,1,Gamers
19224,7,Large Families
19225,5,Low-Value Occasional Customers
19226,8,Young Karens
19227,8,Young Karens
19228,5,Low-Value Occasional Customers
19230,8,Young Karens
19231,4,Promotion Lovers
19232,5,Low-Value Occasional Customers
19233,2,Clean & Green
19234,6,High-Value Customers
19235,7,Large Families
19236,7,Large Families
19238,5,Low-Value Occasional Customers
19240,5,Low-Value Occasional Customers
19241,4,Promotion Lovers
19242,0,Regular Cutomers
19243,3,Senior Karens
19244,1,Gamers
19245,3,Senior Karens
19246,7,Large Families
19247,4,Promotion Lovers
19248,2,Clean & Green
19249,0,Regular Cutomers
19250,1,Gamers
19251,0,Regular Cutomers
19252,0,Regular Cutomers
19253,2,Clean & Green
19255,7,Large Families
19256,3,Senior Karens
19257,7,Large Families
19258,4,Promotion Lovers
19259,0,Regular Cutomers
19261,8,Young Karens
19262,0,Regular Cutomers
19263,0,Regular Cutomers
19264,0,Regular Cutomers
19265,4,Promotion Lovers
19266,8,Young Karens
19268,1,Gamers
19269,4,Promotion Lovers
19270,0,Regular Cutomers
19272,3,Senior Karens
19273,6,High-Value Customers
19275,4,Promotion Lovers
19276,0,Regular Cutomers
19277,3,Senior Karens
19278,7,Large Families
19279,4,Promotion Lovers
19280,7,Large Families
19281,2,Clean & Green
19282,0,Regular Cutomers
19283,8,Young Karens
19284,7,Large Families
19285,5,Low-Value Occasional Customers
19287,1,Gamers
19288,2,Clean & Green
19289,5,Low-Value Occasional Customers
19290,0,Regular Cutomers
19292,7,Large Families
19293,7,Large Families
19295,1,Gamers
19296,5,Low-Value Occasional Customers
19297,8,Young Karens
19298,6,High-Value Customers
19299,0,Regular Cutomers
19300,1,Gamers
19301,1,Gamers
19302,1,Gamers
19303,4,Promotion Lovers
19305,1,Gamers
19306,7,Large Families
19308,4,Promotion Lovers
19309,0,Regular Cutomers
19310,0,Regular Cutomers
19311,4,Promotion Lovers
19312,8,Young Karens
19313,1,Gamers
19314,0,Regular Cutomers
19315,5,Low-Value Occasional Customers
19316,2,Clean & Green
19317,3,Senior Karens
19318,0,Regular Cutomers
19319,4,Promotion Lovers
19321,0,Regular Cutomers
19322,4,Promotion Lovers
19323,7,Large Families
19324,4,Promotion Lovers
19325,5,Low-Value Occasional Customers
19327,2,Clean & Green
19328,2,Clean & Green
19329,6,High-Value Customers
19330,0,Regular Cutomers
19331,4,Promotion Lovers
19332,7,Large Families
19333,2,Clean & Green
19334,7,Large Families
19335,4,Promotion Lovers
19336,5,Low-Value Occasional Customers
19337,1,Gamers
19339,4,Promotion Lovers
19342,5,Low-Value Occasional Customers
19343,1,Gamers
19344,8,Young Karens
19345,0,Regular Cutomers
19346,4,Promotion Lovers
19347,0,Regular Cutomers
19349,0,Regular Cutomers
19350,4,Promotion Lovers
19351,4,Promotion Lovers
19352,6,High-Value Customers
19353,7,Large Families
19354,4,Promotion Lovers
19355,1,Gamers
19356,7,Large Families
19357,5,Low-Value Occasional Customers
19358,0,Regular Cutomers
19359,0,Regular Cutomers
19360,5,Low-Value Occasional Customers
19362,4,Promotion Lovers
19363,6,High-Value Customers
19367,7,Large Families
19368,4,Promotion Lovers
19369,1,Gamers
19370,4,Promotion Lovers
19371,0,Regular Cutomers
19372,4,Promotion Lovers
19374,4,Promotion Lovers
19375,6,High-Value Customers
19377,8,Young Karens
19378,2,Clean & Green
19379,0,Regular Cutomers
19380,5,Low-Value Occasional Customers
19381,5,Low-Value Occasional Customers
19383,7,Large Families
19385,1,Gamers
19386,3,Senior Karens
19387,6,High-Value Customers
19388,0,Regular Cutomers
19390,0,Regular Cutomers
19392,7,Large Families
19394,2,Clean & Green
19396,0,Regular Cutomers
19397,2,Clean & Green
19398,0,Regular Cutomers
19399,0,Regular Cutomers
19400,7,Large Families
19401,0,Regular Cutomers
19402,1,Gamers
19403,3,Senior Karens
19407,7,Large Families
19409,6,High-Value Customers
19410,6,High-Value Customers
19411,0,Regular Cutomers
19412,0,Regular Cutomers
19414,5,Low-Value Occasional Customers
19415,8,Young Karens
19416,6,High-Value Customers
19417,6,High-Value Customers
19419,1,Gamers
19420,8,Young Karens
19421,0,Regular Cutomers
19422,1,Gamers
19423,4,Promotion Lovers
19424,2,Clean & Green
19425,4,Promotion Lovers
19426,0,Regular Cutomers
19427,0,Regular Cutomers
19428,7,Large Families
19429,2,Clean & Green
19431,2,Clean & Green
19432,5,Low-Value Occasional Customers
19433,2,Clean & Green
19434,0,Regular Cutomers
19435,1,Gamers
19436,4,Promotion Lovers
19438,6,High-Value Customers
19439,4,Promotion Lovers
19441,6,High-Value Customers
19442,7,Large Families
19444,7,Large Families
19446,6,High-Value Customers
19448,0,Regular Cutomers
19449,0,Regular Cutomers
19450,5,Low-Value Occasional Customers
19452,0,Regular Cutomers
19453,8,Young Karens
19454,4,Promotion Lovers
19455,5,Low-Value Occasional Customers
19457,5,Low-Value Occasional Customers
19458,4,Promotion Lovers
19459,1,Gamers
19461,5,Low-Value Occasional Customers
19462,4,Promotion Lovers
19463,0,Regular Cutomers
19464,5,Low-Value Occasional Customers
19465,0,Regular Cutomers
19466,5,Low-Value Occasional Customers
19467,4,Promotion Lovers
19468,5,Low-Value Occasional Customers
19469,4,Promotion Lovers
19470,7,Large Families
19471,6,High-Value Customers
19472,4,Promotion Lovers
19473,0,Regular Cutomers
19474,6,High-Value Customers
19476,6,High-Value Customers
19477,5,Low-Value Occasional Customers
19478,7,Large Families
19479,4,Promotion Lovers
19480,4,Promotion Lovers
19481,4,Promotion Lovers
19482,8,Young Karens
19483,0,Regular Cutomers
19484,5,Low-Value Occasional Customers
19485,4,Promotion Lovers
19486,0,Regular Cutomers
19487,6,High-Value Customers
19489,0,Regular Cutomers
19490,2,Clean & Green
19492,2,Clean & Green
19493,4,Promotion Lovers
19494,4,Promotion Lovers
19495,0,Regular Cutomers
19496,5,Low-Value Occasional Customers
19497,4,Promotion Lovers
19498,0,Regular Cutomers
19499,0,Regular Cutomers
19500,0,Regular Cutomers
19501,0,Regular Cutomers
19502,0,Regular Cutomers
19503,7,Large Families
19504,4,Promotion Lovers
19505,5,Low-Value Occasional Customers
19506,0,Regular Cutomers
19507,0,Regular Cutomers
19508,6,High-Value Customers
19509,5,Low-Value Occasional Customers
19510,0,Regular Cutomers
19511,0,Regular Cutomers
19513,6,High-Value Customers
19514,8,Young Karens
19515,6,High-Value Customers
19516,4,Promotion Lovers
19517,7,Large Families
19518,5,Low-Value Occasional Customers
19519,0,Regular Cutomers
19520,1,Gamers
19522,8,Young Karens
19523,0,Regular Cutomers
19524,8,Young Karens
19525,8,Young Karens
19526,3,Senior Karens
19527,0,Regular Cutomers
19528,1,Gamers
19530,3,Senior Karens
19531,4,Promotion Lovers
19532,4,Promotion Lovers
19533,2,Clean & Green
19534,5,Low-Value Occasional Customers
19535,8,Young Karens
19536,0,Regular Cutomers
19537,6,High-Value Customers
19538,2,Clean & Green
19539,0,Regular Cutomers
19540,0,Regular Cutomers
19541,0,Regular Cutomers
19542,0,Regular Cutomers
19544,7,Large Families
19545,0,Regular Cutomers
19546,5,Low-Value Occasional Customers
19547,5,Low-Value Occasional Customers
19548,1,Gamers
19549,5,Low-Value Occasional Customers
19550,0,Regular Cutomers
19551,3,Senior Karens
19552,0,Regular Cutomers
19553,4,Promotion Lovers
19554,5,Low-Value Occasional Customers
19555,7,Large Families
19556,0,Regular Cutomers
19558,4,Promotion Lovers
19559,0,Regular Cutomers
19560,5,Low-Value Occasional Customers
19561,4,Promotion Lovers
19562,4,Promotion Lovers
19563,3,Senior Karens
19564,2,Clean & Green
19566,1,Gamers
19567,1,Gamers
19569,2,Clean & Green
19570,4,Promotion Lovers
19571,5,Low-Value Occasional Customers
19572,4,Promotion Lovers
19573,0,Regular Cutomers
19574,5,Low-Value Occasional Customers
19575,0,Regular Cutomers
19576,4,Promotion Lovers
19577,5,Low-Value Occasional Customers
19578,4,Promotion Lovers
19579,7,Large Families
19580,0,Regular Cutomers
19581,8,Young Karens
19582,6,High-Value Customers
19583,3,Senior Karens
19584,4,Promotion Lovers
19585,0,Regular Cutomers
19586,2,Clean & Green
19587,3,Senior Karens
19588,4,Promotion Lovers
19590,3,Senior Karens
19591,0,Regular Cutomers
19592,7,Large Families
19593,3,Senior Karens
19594,0,Regular Cutomers
19595,2,Clean & Green
19596,4,Promotion Lovers
19597,8,Young Karens
19598,4,Promotion Lovers
19599,4,Promotion Lovers
19600,6,High-Value Customers
19601,0,Regular Cutomers
19602,5,Low-Value Occasional Customers
19603,4,Promotion Lovers
19604,0,Regular Cutomers
19605,1,Gamers
19606,0,Regular Cutomers
19607,0,Regular Cutomers
19608,4,Promotion Lovers
19609,6,High-Value Customers
19610,4,Promotion Lovers
19613,0,Regular Cutomers
19614,1,Gamers
19615,0,Regular Cutomers
19616,4,Promotion Lovers
19618,0,Regular Cutomers
19619,1,Gamers
19621,3,Senior Karens
19622,4,Promotion Lovers
19624,0,Regular Cutomers
19625,0,Regular Cutomers
19626,0,Regular Cutomers
19627,0,Regular Cutomers
19628,7,Large Families
19629,2,Clean & Green
19630,5,Low-Value Occasional Customers
19631,4,Promotion Lovers
19632,2,Clean & Green
19633,7,Large Families
19635,4,Promotion Lovers
19636,1,Gamers
19638,1,Gamers
19639,6,High-Value Customers
19642,3,Senior Karens
19643,0,Regular Cutomers
19644,2,Clean & Green
19645,5,Low-Value Occasional Customers
19646,6,High-Value Customers
19647,2,Clean & Green
19648,5,Low-Value Occasional Customers
19649,7,Large Families
19650,5,Low-Value Occasional Customers
19651,8,Young Karens
19653,0,Regular Cutomers
19655,0,Regular Cutomers
19656,2,Clean & Green
19657,5,Low-Value Occasional Customers
19658,0,Regular Cutomers
19659,0,Regular Cutomers
19660,4,Promotion Lovers
19662,4,Promotion Lovers
19663,0,Regular Cutomers
19664,2,Clean & Green
19665,4,Promotion Lovers
19666,2,Clean & Green
19667,3,Senior Karens
19668,8,Young Karens
19669,5,Low-Value Occasional Customers
19670,1,Gamers
19671,0,Regular Cutomers
19673,5,Low-Value Occasional Customers
19675,0,Regular Cutomers
19676,0,Regular Cutomers
19678,4,Promotion Lovers
19679,7,Large Families
19680,0,Regular Cutomers
19681,4,Promotion Lovers
19682,5,Low-Value Occasional Customers
19683,4,Promotion Lovers
19684,3,Senior Karens
19685,0,Regular Cutomers
19686,2,Clean & Green
19687,0,Regular Cutomers
19688,0,Regular Cutomers
19689,8,Young Karens
19690,4,Promotion Lovers
19691,5,Low-Value Occasional Customers
19692,8,Young Karens
19694,5,Low-Value Occasional Customers
19695,8,Young Karens
19697,2,Clean & Green
19698,0,Regular Cutomers
19699,3,Senior Karens
19700,0,Regular Cutomers
19702,4,Promotion Lovers
19703,1,Gamers
19704,0,Regular Cutomers
19705,0,Regular Cutomers
19706,2,Clean & Green
19707,3,Senior Karens
19709,4,Promotion Lovers
19710,7,Large Families
19711,2,Clean & Green
19712,2,Clean & Green
19713,1,Gamers
19714,1,Gamers
19716,0,Regular Cutomers
19717,0,Regular Cutomers
19719,0,Regular Cutomers
19720,5,Low-Value Occasional Customers
19721,6,High-Value Customers
19722,7,Large Families
19723,7,Large Families
19724,2,Clean & Green
19725,6,High-Value Customers
19727,4,Promotion Lovers
19728,6,High-Value Customers
19729,5,Low-Value Occasional Customers
19730,0,Regular Cutomers
19731,6,High-Value Customers
19732,0,Regular Cutomers
19734,0,Regular Cutomers
19735,5,Low-Value Occasional Customers
19736,8,Young Karens
19737,2,Clean & Green
19738,2,Clean & Green
19740,4,Promotion Lovers
19741,0,Regular Cutomers
19742,5,Low-Value Occasional Customers
19743,5,Low-Value Occasional Customers
19744,6,High-Value Customers
19745,3,Senior Karens
19750,0,Regular Cutomers
19751,0,Regular Cutomers
19752,2,Clean & Green
19754,7,Large Families
19755,4,Promotion Lovers
19756,2,Clean & Green
19757,2,Clean & Green
19758,3,Senior Karens
19759,8,Young Karens
19760,1,Gamers
19761,8,Young Karens
19762,0,Regular Cutomers
19764,2,Clean & Green
19765,0,Regular Cutomers
19766,7,Large Families
19769,8,Young Karens
19770,1,Gamers
19772,5,Low-Value Occasional Customers
19773,7,Large Families
19774,1,Gamers
19775,4,Promotion Lovers
19776,0,Regular Cutomers
19778,1,Gamers
19779,0,Regular Cutomers
19780,0,Regular Cutomers
19781,8,Young Karens
19785,1,Gamers
19786,4,Promotion Lovers
19787,7,Large Families
19788,4,Promotion Lovers
19789,0,Regular Cutomers
19790,4,Promotion Lovers
19792,0,Regular Cutomers
19793,4,Promotion Lovers
19794,0,Regular Cutomers
19795,0,Regular Cutomers
19796,6,High-Value Customers
19797,5,Low-Value Occasional Customers
19799,5,Low-Value Occasional Customers
19800,2,Clean & Green
19801,0,Regular Cutomers
19802,5,Low-Value Occasional Customers
19803,2,Clean & Green
19804,2,Clean & Green
19805,2,Clean & Green
19806,5,Low-Value Occasional Customers
19808,6,High-Value Customers
19809,0,Regular Cutomers
19811,2,Clean & Green
19813,0,Regular Cutomers
19815,0,Regular Cutomers
19816,0,Regular Cutomers
19817,4,Promotion Lovers
19818,8,Young Karens
19819,4,Promotion Lovers
19820,5,Low-Value Occasional Customers
19821,0,Regular Cutomers
19822,4,Promotion Lovers
19823,3,Senior Karens
19824,7,Large Families
19825,8,Young Karens
19826,6,High-Value Customers
19827,0,Regular Cutomers
19828,4,Promotion Lovers
19830,7,Large Families
19831,1,Gamers
19832,5,Low-Value Occasional Customers
19833,2,Clean & Green
19834,2,Clean & Green
19835,1,Gamers
19836,4,Promotion Lovers
19837,5,Low-Value Occasional Customers
19838,1,Gamers
19840,2,Clean & Green
19841,2,Clean & Green
19842,6,High-Value Customers
19843,2,Clean & Green
19844,4,Promotion Lovers
19846,0,Regular Cutomers
19847,6,High-Value Customers
19848,8,Young Karens
19849,6,High-Value Customers
19850,4,Promotion Lovers
19851,7,Large Families
19853,4,Promotion Lovers
19855,6,High-Value Customers
19857,6,High-Value Customers
19858,6,High-Value Customers
19860,5,Low-Value Occasional Customers
19861,1,Gamers
19863,7,Large Families
19864,3,Senior Karens
19866,1,Gamers
19867,0,Regular Cutomers
19868,7,Large Families
19869,6,High-Value Customers
19870,1,Gamers
19871,2,Clean & Green
19872,2,Clean & Green
19873,0,Regular Cutomers
19874,0,Regular Cutomers
19875,4,Promotion Lovers
19876,4,Promotion Lovers
19877,7,Large Families
19878,0,Regular Cutomers
19879,0,Regular Cutomers
19880,6,High-Value Customers
19881,6,High-Value Customers
19883,0,Regular Cutomers
19884,1,Gamers
19885,1,Gamers
19886,0,Regular Cutomers
19887,8,Young Karens
19888,8,Young Karens
19890,0,Regular Cutomers
19891,0,Regular Cutomers
19892,4,Promotion Lovers
19893,0,Regular Cutomers
19894,7,Large Families
19895,0,Regular Cutomers
19896,2,Clean & Green
19897,0,Regular Cutomers
19898,2,Clean & Green
19899,6,High-Value Customers
19900,8,Young Karens
19902,6,High-Value Customers
19903,6,High-Value Customers
19904,0,Regular Cutomers
19905,5,Low-Value Occasional Customers
19906,4,Promotion Lovers
19907,0,Regular Cutomers
19909,0,Regular Cutomers
19910,7,Large Families
19912,4,Promotion Lovers
19913,2,Clean & Green
19914,1,Gamers
19915,7,Large Families
19916,5,Low-Value Occasional Customers
19917,3,Senior Karens
19918,1,Gamers
19919,4,Promotion Lovers
19920,6,High-Value Customers
19921,3,Senior Karens
19922,8,Young Karens
19923,2,Clean & Green
19924,4,Promotion Lovers
19925,7,Large Families
19926,5,Low-Value Occasional Customers
19927,6,High-Value Customers
19928,0,Regular Cutomers
19929,2,Clean & Green
19930,1,Gamers
19931,0,Regular Cutomers
19932,8,Young Karens
19934,8,Young Karens
19935,1,Gamers
19936,5,Low-Value Occasional Customers
19937,6,High-Value Customers
19939,1,Gamers
19940,0,Regular Cutomers
19941,0,Regular Cutomers
19944,6,High-Value Customers
19946,0,Regular Cutomers
19947,4,Promotion Lovers
19948,5,Low-Value Occasional Customers
19949,2,Clean & Green
19950,8,Young Karens
19953,5,Low-Value Occasional Customers
19954,0,Regular Cutomers
19955,1,Gamers
19956,1,Gamers
19957,1,Gamers
19958,6,High-Value Customers
19959,0,Regular Cutomers
19960,2,Clean & Green
19961,2,Clean & Green
19962,8,Young Karens
19963,8,Young Karens
19965,8,Young Karens
19966,4,Promotion Lovers
19967,0,Regular Cutomers
19969,5,Low-Value Occasional Customers
19970,7,Large Families
19972,7,Large Families
19973,0,Regular Cutomers
19974,7,Large Families
19975,6,High-Value Customers
19976,2,Clean & Green
19978,6,High-Value Customers
19979,0,Regular Cutomers
19980,4,Promotion Lovers
19982,5,Low-Value Occasional Customers
19983,1,Gamers
19984,8,Young Karens
19985,4,Promotion Lovers
19986,1,Gamers
19987,4,Promotion Lovers
19989,4,Promotion Lovers
19990,0,Regular Cutomers
19991,4,Promotion Lovers
19992,2,Clean & Green
19993,1,Gamers
19994,5,Low-Value Occasional Customers
19995,3,Senior Karens
19996,8,Young Karens
19997,5,Low-Value Occasional Customers
19998,0,Regular Cutomers
19999,2,Clean & Green
20001,2,Clean & Green
20002,4,Promotion Lovers
20003,7,Large Families
20004,6,High-Value Customers
20006,8,Young Karens
20007,7,Large Families
20008,2,Clean & Green
20009,0,Regular Cutomers
20010,0,Regular Cutomers
20012,6,High-Value Customers
20013,5,Low-Value Occasional Customers
20014,4,Promotion Lovers
20015,4,Promotion Lovers
20016,4,Promotion Lovers
20017,5,Low-Value Occasional Customers
20018,0,Regular Cutomers
20019,0,Regular Cutomers
20020,4,Promotion Lovers
20021,4,Promotion Lovers
20022,5,Low-Value Occasional Customers
20023,0,Regular Cutomers
20025,5,Low-Value Occasional Customers
20027,0,Regular Cutomers
20029,7,Large Families
20030,7,Large Families
20031,3,Senior Karens
20032,4,Promotion Lovers
20033,8,Young Karens
20034,1,Gamers
20035,0,Regular Cutomers
20036,0,Regular Cutomers
20037,1,Gamers
20038,0,Regular Cutomers
20039,7,Large Families
20040,2,Clean & Green
20041,2,Clean & Green
20042,7,Large Families
20043,4,Promotion Lovers
20044,3,Senior Karens
20045,0,Regular Cutomers
20046,0,Regular Cutomers
20047,1,Gamers
20048,7,Large Families
20049,0,Regular Cutomers
20050,2,Clean & Green
20051,6,High-Value Customers
20052,0,Regular Cutomers
20053,5,Low-Value Occasional Customers
20054,7,Large Families
20056,7,Large Families
20059,4,Promotion Lovers
20060,6,High-Value Customers
20061,7,Large Families
20062,4,Promotion Lovers
20064,8,Young Karens
20065,1,Gamers
20066,8,Young Karens
20068,3,Senior Karens
20070,4,Promotion Lovers
20072,0,Regular Cutomers
20073,4,Promotion Lovers
20074,1,Gamers
20075,5,Low-Value Occasional Customers
20077,4,Promotion Lovers
20078,0,Regular Cutomers
20079,4,Promotion Lovers
20080,6,High-Value Customers
20081,5,Low-Value Occasional Customers
20082,6,High-Value Customers
20083,5,Low-Value Occasional Customers
20084,0,Regular Cutomers
20085,0,Regular Cutomers
20086,5,Low-Value Occasional Customers
20087,6,High-Value Customers
20088,0,Regular Cutomers
20089,2,Clean & Green
20091,7,Large Families
20092,0,Regular Cutomers
20093,8,Young Karens
20095,0,Regular Cutomers
20096,2,Clean & Green
20097,1,Gamers
20098,8,Young Karens
20099,2,Clean & Green
20101,5,Low-Value Occasional Customers
20102,6,High-Value Customers
20103,5,Low-Value Occasional Customers
20104,8,Young Karens
20105,0,Regular Cutomers
20106,4,Promotion Lovers
20107,0,Regular Cutomers
20108,0,Regular Cutomers
20109,2,Clean & Green
20110,0,Regular Cutomers
20111,5,Low-Value Occasional Customers
20112,5,Low-Value Occasional Customers
20113,5,Low-Value Occasional Customers
20114,4,Promotion Lovers
20115,7,Large Families
20116,2,Clean & Green
20117,7,Large Families
20118,0,Regular Cutomers
20119,3,Senior Karens
20120,5,Low-Value Occasional Customers
20121,2,Clean & Green
20122,6,High-Value Customers
20123,4,Promotion Lovers
20124,5,Low-Value Occasional Customers
20125,0,Regular Cutomers
20126,0,Regular Cutomers
20128,0,Regular Cutomers
20129,8,Young Karens
20130,5,Low-Value Occasional Customers
20131,1,Gamers
20132,3,Senior Karens
20133,7,Large Families
20134,5,Low-Value Occasional Customers
20135,0,Regular Cutomers
20137,0,Regular Cutomers
20139,4,Promotion Lovers
20140,7,Large Families
20141,2,Clean & Green
20142,5,Low-Value Occasional Customers
20144,8,Young Karens
20145,4,Promotion Lovers
20146,4,Promotion Lovers
20147,4,Promotion Lovers
20148,1,Gamers
20149,4,Promotion Lovers
20150,8,Young Karens
20151,2,Clean & Green
20152,2,Clean & Green
20153,6,High-Value Customers
20154,5,Low-Value Occasional Customers
20155,0,Regular Cutomers
20156,7,Large Families
20157,6,High-Value Customers
20160,4,Promotion Lovers
20161,5,Low-Value Occasional Customers
20162,3,Senior Karens
20164,4,Promotion Lovers
20165,8,Young Karens
20166,5,Low-Value Occasional Customers
20167,7,Large Families
20168,7,Large Families
20169,0,Regular Cutomers
20170,2,Clean & Green
20171,5,Low-Value Occasional Customers
20172,4,Promotion Lovers
20173,5,Low-Value Occasional Customers
20174,1,Gamers
20175,0,Regular Cutomers
20176,3,Senior Karens
20177,6,High-Value Customers
20178,4,Promotion Lovers
20179,4,Promotion Lovers
20180,2,Clean & Green
20181,4,Promotion Lovers
20182,0,Regular Cutomers
20183,0,Regular Cutomers
20184,1,Gamers
20187,4,Promotion Lovers
20188,6,High-Value Customers
20189,2,Clean & Green
20190,4,Promotion Lovers
20192,4,Promotion Lovers
20193,7,Large Families
20195,0,Regular Cutomers
20198,6,High-Value Customers
20199,2,Clean & Green
20200,6,High-Value Customers
20201,0,Regular Cutomers
20204,5,Low-Value Occasional Customers
20205,5,Low-Value Occasional Customers
20207,5,Low-Value Occasional Customers
20208,5,Low-Value Occasional Customers
20209,4,Promotion Lovers
20211,3,Senior Karens
20212,4,Promotion Lovers
20213,0,Regular Cutomers
20214,4,Promotion Lovers
20215,2,Clean & Green
20216,2,Clean & Green
20217,6,High-Value Customers
20221,0,Regular Cutomers
20223,2,Clean & Green
20224,2,Clean & Green
20225,0,Regular Cutomers
20226,0,Regular Cutomers
20227,0,Regular Cutomers
20229,0,Regular Cutomers
20230,6,High-Value Customers
20231,0,Regular Cutomers
20232,5,Low-Value Occasional Customers
20233,6,High-Value Customers
20234,4,Promotion Lovers
20235,4,Promotion Lovers
20236,6,High-Value Customers
20237,0,Regular Cutomers
20238,4,Promotion Lovers
20239,1,Gamers
20240,4,Promotion Lovers
20241,1,Gamers
20243,4,Promotion Lovers
20245,8,Young Karens
20246,2,Clean & Green
20247,5,Low-Value Occasional Customers
20248,6,High-Value Customers
20250,4,Promotion Lovers
20252,6,High-Value Customers
20254,1,Gamers
20255,0,Regular Cutomers
20256,4,Promotion Lovers
20257,5,Low-Value Occasional Customers
20258,5,Low-Value Occasional Customers
20259,4,Promotion Lovers
20260,7,Large Families
20261,1,Gamers
20262,0,Regular Cutomers
20263,0,Regular Cutomers
20264,1,Gamers
20265,0,Regular Cutomers
20266,0,Regular Cutomers
20268,6,High-Value Customers
20269,4,Promotion Lovers
20271,1,Gamers
20272,4,Promotion Lovers
20273,6,High-Value Customers
20274,6,High-Value Customers
20275,1,Gamers
20276,0,Regular Cutomers
20277,0,Regular Cutomers
20279,7,Large Families
20280,5,Low-Value Occasional Customers
20281,0,Regular Cutomers
20283,7,Large Families
20285,7,Large Families
20287,0,Regular Cutomers
20288,3,Senior Karens
20289,5,Low-Value Occasional Customers
20290,4,Promotion Lovers
20291,0,Regular Cutomers
20292,1,Gamers
20293,8,Young Karens
20294,0,Regular Cutomers
20295,5,Low-Value Occasional Customers
20298,4,Promotion Lovers
20300,1,Gamers
20301,1,Gamers
20302,1,Gamers
20303,6,High-Value Customers
20304,0,Regular Cutomers
20306,1,Gamers
20307,7,Large Families
20309,7,Large Families
20310,7,Large Families
20312,0,Regular Cutomers
20313,4,Promotion Lovers
20314,1,Gamers
20315,6,High-Value Customers
20316,0,Regular Cutomers
20317,2,Clean & Green
20318,1,Gamers
20319,4,Promotion Lovers
20320,4,Promotion Lovers
20321,4,Promotion Lovers
20322,4,Promotion Lovers
20323,6,High-Value Customers
20324,2,Clean & Green
20325,1,Gamers
20326,2,Clean & Green
20327,1,Gamers
20328,4,Promotion Lovers
20329,5,Low-Value Occasional Customers
20331,8,Young Karens
20332,7,Large Families
20333,6,High-Value Customers
20334,2,Clean & Green
20335,4,Promotion Lovers
20337,7,Large Families
20338,3,Senior Karens
20339,7,Large Families
20340,7,Large Families
20341,2,Clean & Green
20342,7,Large Families
20343,4,Promotion Lovers
20344,4,Promotion Lovers
20345,0,Regular Cutomers
20346,6,High-Value Customers
20347,6,High-Value Customers
20348,4,Promotion Lovers
20349,2,Clean & Green
20352,4,Promotion Lovers
20353,5,Low-Value Occasional Customers
20355,8,Young Karens
20356,5,Low-Value Occasional Customers
20357,7,Large Families
20358,0,Regular Cutomers
20359,0,Regular Cutomers
20360,0,Regular Cutomers
20361,0,Regular Cutomers
20364,8,Young Karens
20365,6,High-Value Customers
20366,6,High-Value Customers
20367,2,Clean & Green
20369,0,Regular Cutomers
20371,2,Clean & Green
20372,7,Large Families
20373,6,High-Value Customers
20374,2,Clean & Green
20375,4,Promotion Lovers
20378,2,Clean & Green
20379,0,Regular Cutomers
20380,5,Low-Value Occasional Customers
20381,4,Promotion Lovers
20383,4,Promotion Lovers
20384,4,Promotion Lovers
20385,4,Promotion Lovers
20386,1,Gamers
20387,0,Regular Cutomers
20389,7,Large Families
20390,7,Large Families
20391,2,Clean & Green
20392,6,High-Value Customers
20393,4,Promotion Lovers
20394,0,Regular Cutomers
20395,5,Low-Value Occasional Customers
20396,7,Large Families
20397,2,Clean & Green
20398,5,Low-Value Occasional Customers
20399,4,Promotion Lovers
20400,7,Large Families
20401,4,Promotion Lovers
20402,0,Regular Cutomers
20404,0,Regular Cutomers
20405,0,Regular Cutomers
20406,7,Large Families
20407,1,Gamers
20408,0,Regular Cutomers
20410,0,Regular Cutomers
20411,7,Large Families
20413,5,Low-Value Occasional Customers
20414,4,Promotion Lovers
20415,0,Regular Cutomers
20417,0,Regular Cutomers
20419,0,Regular Cutomers
20420,5,Low-Value Occasional Customers
20421,1,Gamers
20422,5,Low-Value Occasional Customers
20423,4,Promotion Lovers
20424,0,Regular Cutomers
20425,0,Regular Cutomers
20426,6,High-Value Customers
20428,2,Clean & Green
20429,0,Regular Cutomers
20430,0,Regular Cutomers
20431,0,Regular Cutomers
20433,0,Regular Cutomers
20434,1,Gamers
20436,1,Gamers
20437,7,Large Families
20438,7,Large Families
20439,5,Low-Value Occasional Customers
20440,1,Gamers
20441,6,High-Value Customers
20442,5,Low-Value Occasional Customers
20443,1,Gamers
20444,3,Senior Karens
20445,4,Promotion Lovers
20446,1,Gamers
20447,5,Low-Value Occasional Customers
20448,7,Large Families
20449,4,Promotion Lovers
20450,7,Large Families
20451,6,High-Value Customers
20452,4,Promotion Lovers
20453,4,Promotion Lovers
20454,4,Promotion Lovers
20456,8,Young Karens
20457,0,Regular Cutomers
20458,0,Regular Cutomers
20459,2,Clean & Green
20460,8,Young Karens
20461,4,Promotion Lovers
20462,4,Promotion Lovers
20463,0,Regular Cutomers
20465,0,Regular Cutomers
20466,8,Young Karens
20468,8,Young Karens
20469,4,Promotion Lovers
20470,4,Promotion Lovers
20471,0,Regular Cutomers
20472,2,Clean & Green
20473,4,Promotion Lovers
20474,1,Gamers
20475,7,Large Families
20476,4,Promotion Lovers
20477,1,Gamers
20478,3,Senior Karens
20479,4,Promotion Lovers
20482,3,Senior Karens
20483,5,Low-Value Occasional Customers
20486,0,Regular Cutomers
20487,1,Gamers
20488,4,Promotion Lovers
20489,0,Regular Cutomers
20490,2,Clean & Green
20492,0,Regular Cutomers
20493,7,Large Families
20494,7,Large Families
20495,7,Large Families
20496,0,Regular Cutomers
20497,1,Gamers
20498,5,Low-Value Occasional Customers
20501,1,Gamers
20502,0,Regular Cutomers
20504,7,Large Families
20505,5,Low-Value Occasional Customers
20507,0,Regular Cutomers
20509,7,Large Families
20510,5,Low-Value Occasional Customers
20511,1,Gamers
20512,4,Promotion Lovers
20513,7,Large Families
20514,6,High-Value Customers
20516,6,High-Value Customers
20517,4,Promotion Lovers
20518,8,Young Karens
20519,5,Low-Value Occasional Customers
20520,4,Promotion Lovers
20521,8,Young Karens
20522,6,High-Value Customers
20524,1,Gamers
20525,0,Regular Cutomers
20526,6,High-Value Customers
20527,6,High-Value Customers
20528,2,Clean & Green
20529,2,Clean & Green
20530,0,Regular Cutomers
20533,3,Senior Karens
20534,8,Young Karens
20535,0,Regular Cutomers
20536,0,Regular Cutomers
20537,2,Clean & Green
20538,0,Regular Cutomers
20539,0,Regular Cutomers
20540,6,High-Value Customers
20541,3,Senior Karens
20542,4,Promotion Lovers
20543,8,Young Karens
20544,0,Regular Cutomers
20545,0,Regular Cutomers
20546,3,Senior Karens
20547,0,Regular Cutomers
20549,3,Senior Karens
20551,0,Regular Cutomers
20553,5,Low-Value Occasional Customers
20554,8,Young Karens
20556,5,Low-Value Occasional Customers
20557,0,Regular Cutomers
20558,7,Large Families
20559,4,Promotion Lovers
20560,4,Promotion Lovers
20561,7,Large Families
20562,6,High-Value Customers
20563,0,Regular Cutomers
20564,6,High-Value Customers
20565,2,Clean & Green
20566,5,Low-Value Occasional Customers
20567,4,Promotion Lovers
20568,1,Gamers
20569,4,Promotion Lovers
20570,4,Promotion Lovers
20571,0,Regular Cutomers
20572,2,Clean & Green
20574,2,Clean & Green
20575,5,Low-Value Occasional Customers
20576,6,High-Value Customers
20577,6,High-Value Customers
20578,6,High-Value Customers
20581,0,Regular Cutomers
20583,0,Regular Cutomers
20584,6,High-Value Customers
20585,8,Young Karens
20586,6,High-Value Customers
20587,1,Gamers
20588,2,Clean & Green
20589,7,Large Families
20590,8,Young Karens
20591,1,Gamers
20592,4,Promotion Lovers
20593,0,Regular Cutomers
20594,4,Promotion Lovers
20595,1,Gamers
20597,7,Large Families
20598,4,Promotion Lovers
20599,0,Regular Cutomers
20600,5,Low-Value Occasional Customers
20601,7,Large Families
20603,2,Clean & Green
20605,5,Low-Value Occasional Customers
20606,0,Regular Cutomers
20607,0,Regular Cutomers
20609,1,Gamers
20610,1,Gamers
20613,0,Regular Cutomers
20614,4,Promotion Lovers
20615,7,Large Families
20616,0,Regular Cutomers
20617,5,Low-Value Occasional Customers
20618,4,Promotion Lovers
20619,7,Large Families
20620,0,Regular Cutomers
20623,0,Regular Cutomers
20624,4,Promotion Lovers
20625,7,Large Families
20626,3,Senior Karens
20627,6,High-Value Customers
20628,1,Gamers
20629,4,Promotion Lovers
20630,2,Clean & Green
20631,8,Young Karens
20632,2,Clean & Green
20633,6,High-Value Customers
20634,5,Low-Value Occasional Customers
20635,7,Large Families
20636,7,Large Families
20638,7,Large Families
20639,1,Gamers
20640,0,Regular Cutomers
20641,6,High-Value Customers
20642,0,Regular Cutomers
20643,4,Promotion Lovers
20644,0,Regular Cutomers
20645,0,Regular Cutomers
20647,0,Regular Cutomers
20648,4,Promotion Lovers
20649,0,Regular Cutomers
20650,0,Regular Cutomers
20653,1,Gamers
20655,1,Gamers
20657,1,Gamers
20659,0,Regular Cutomers
20660,0,Regular Cutomers
20661,5,Low-Value Occasional Customers
20662,4,Promotion Lovers
20663,7,Large Families
20664,7,Large Families
20665,6,High-Value Customers
20666,6,High-Value Customers
20667,7,Large Families
20668,1,Gamers
20670,4,Promotion Lovers
20671,3,Senior Karens
20672,4,Promotion Lovers
20674,0,Regular Cutomers
20675,8,Young Karens
20676,3,Senior Karens
20677,4,Promotion Lovers
20678,0,Regular Cutomers
20679,0,Regular Cutomers
20680,7,Large Families
20681,0,Regular Cutomers
20682,7,Large Families
20683,4,Promotion Lovers
20684,0,Regular Cutomers
20686,0,Regular Cutomers
20689,3,Senior Karens
20690,2,Clean & Green
20691,6,High-Value Customers
20692,0,Regular Cutomers
20693,1,Gamers
20694,0,Regular Cutomers
20695,4,Promotion Lovers
20696,6,High-Value Customers
20697,7,Large Families
20698,6,High-Value Customers
20699,1,Gamers
20700,4,Promotion Lovers
20701,0,Regular Cutomers
20703,2,Clean & Green
20704,3,Senior Karens
20705,1,Gamers
20707,4,Promotion Lovers
20708,1,Gamers
20710,4,Promotion Lovers
20711,6,High-Value Customers
20713,2,Clean & Green
20714,7,Large Families
20715,0,Regular Cutomers
20716,4,Promotion Lovers
20717,5,Low-Value Occasional Customers
20718,4,Promotion Lovers
20719,5,Low-Value Occasional Customers
20722,1,Gamers
20723,0,Regular Cutomers
20724,7,Large Families
20725,7,Large Families
20728,1,Gamers
20729,8,Young Karens
20730,4,Promotion Lovers
20731,4,Promotion Lovers
20732,1,Gamers
20733,5,Low-Value Occasional Customers
20734,5,Low-Value Occasional Customers
20735,4,Promotion Lovers
20736,1,Gamers
20737,0,Regular Cutomers
20739,2,Clean & Green
20741,7,Large Families
20742,0,Regular Cutomers
20743,0,Regular Cutomers
20744,4,Promotion Lovers
20745,7,Large Families
20746,5,Low-Value Occasional Customers
20747,7,Large Families
20748,2,Clean & Green
20750,0,Regular Cutomers
20751,4,Promotion Lovers
20752,4,Promotion Lovers
20753,5,Low-Value Occasional Customers
20754,5,Low-Value Occasional Customers
20755,4,Promotion Lovers
20756,0,Regular Cutomers
20757,0,Regular Cutomers
20759,0,Regular Cutomers
20760,4,Promotion Lovers
20761,4,Promotion Lovers
20762,0,Regular Cutomers
20763,0,Regular Cutomers
20764,4,Promotion Lovers
20765,8,Young Karens
20766,4,Promotion Lovers
20767,8,Young Karens
20768,1,Gamers
20769,7,Large Families
20770,6,High-Value Customers
20772,0,Regular Cutomers
20773,6,High-Value Customers
20774,5,Low-Value Occasional Customers
20775,4,Promotion Lovers
20776,1,Gamers
20777,0,Regular Cutomers
20778,5,Low-Value Occasional Customers
20779,5,Low-Value Occasional Customers
20780,0,Regular Cutomers
20781,4,Promotion Lovers
20782,4,Promotion Lovers
20783,0,Regular Cutomers
20784,6,High-Value Customers
20786,3,Senior Karens
20787,7,Large Families
20788,5,Low-Value Occasional Customers
20789,6,High-Value Customers
20790,3,Senior Karens
20791,1,Gamers
20792,0,Regular Cutomers
20793,5,Low-Value Occasional Customers
20794,2,Clean & Green
20795,0,Regular Cutomers
20796,0,Regular Cutomers
20797,8,Young Karens
20798,0,Regular Cutomers
20799,6,High-Value Customers
20801,7,Large Families
20802,8,Young Karens
20803,0,Regular Cutomers
20804,0,Regular Cutomers
20805,8,Young Karens
20806,2,Clean & Green
20807,0,Regular Cutomers
20808,0,Regular Cutomers
20810,2,Clean & Green
20811,7,Large Families
20812,5,Low-Value Occasional Customers
20814,5,Low-Value Occasional Customers
20816,8,Young Karens
20817,7,Large Families
20818,7,Large Families
20819,2,Clean & Green
20821,0,Regular Cutomers
20822,5,Low-Value Occasional Customers
20823,6,High-Value Customers
20824,0,Regular Cutomers
20825,4,Promotion Lovers
20826,4,Promotion Lovers
20827,4,Promotion Lovers
20828,7,Large Families
20829,3,Senior Karens
20830,0,Regular Cutomers
20831,0,Regular Cutomers
20832,0,Regular Cutomers
20833,0,Regular Cutomers
20835,0,Regular Cutomers
20836,4,Promotion Lovers
20837,4,Promotion Lovers
20840,1,Gamers
20841,0,Regular Cutomers
20843,0,Regular Cutomers
20845,1,Gamers
20848,4,Promotion Lovers
20849,2,Clean & Green
20850,8,Young Karens
20851,1,Gamers
20852,4,Promotion Lovers
20853,0,Regular Cutomers
20854,1,Gamers
20855,6,High-Value Customers
20856,0,Regular Cutomers
20857,1,Gamers
20858,5,Low-Value Occasional Customers
20859,1,Gamers
20861,4,Promotion Lovers
20864,7,Large Families
20866,2,Clean & Green
20867,4,Promotion Lovers
20869,2,Clean & Green
20870,1,Gamers
20871,7,Large Families
20872,4,Promotion Lovers
20876,0,Regular Cutomers
20877,0,Regular Cutomers
20878,2,Clean & Green
20879,6,High-Value Customers
20880,4,Promotion Lovers
20881,4,Promotion Lovers
20882,4,Promotion Lovers
20883,8,Young Karens
20884,6,High-Value Customers
20885,0,Regular Cutomers
20886,4,Promotion Lovers
20887,2,Clean & Green
20889,8,Young Karens
20890,4,Promotion Lovers
20891,8,Young Karens
20892,6,High-Value Customers
20893,8,Young Karens
20894,5,Low-Value Occasional Customers
20895,2,Clean & Green
20897,6,High-Value Customers
20898,8,Young Karens
20899,0,Regular Cutomers
20901,4,Promotion Lovers
20902,7,Large Families
20903,0,Regular Cutomers
20904,0,Regular Cutomers
20905,1,Gamers
20906,0,Regular Cutomers
20907,5,Low-Value Occasional Customers
20909,0,Regular Cutomers
20910,4,Promotion Lovers
20911,2,Clean & Green
20912,5,Low-Value Occasional Customers
20913,0,Regular Cutomers
20914,1,Gamers
20915,8,Young Karens
20916,0,Regular Cutomers
20918,4,Promotion Lovers
20919,4,Promotion Lovers
20920,5,Low-Value Occasional Customers
20923,5,Low-Value Occasional Customers
20925,1,Gamers
20926,3,Senior Karens
20927,1,Gamers
20928,4,Promotion Lovers
20929,4,Promotion Lovers
20930,3,Senior Karens
20931,2,Clean & Green
20932,2,Clean & Green
20933,2,Clean & Green
20934,6,High-Value Customers
20935,5,Low-Value Occasional Customers
20936,1,Gamers
20938,5,Low-Value Occasional Customers
20939,0,Regular Cutomers
20940,0,Regular Cutomers
20942,0,Regular Cutomers
20943,8,Young Karens
20944,2,Clean & Green
20945,4,Promotion Lovers
20947,7,Large Families
20948,6,High-Value Customers
20949,0,Regular Cutomers
20952,7,Large Families
20953,7,Large Families
20954,0,Regular Cutomers
20955,8,Young Karens
20956,5,Low-Value Occasional Customers
20958,4,Promotion Lovers
20959,4,Promotion Lovers
20960,0,Regular Cutomers
20961,6,High-Value Customers
20962,1,Gamers
20963,4,Promotion Lovers
20965,5,Low-Value Occasional Customers
20966,6,High-Value Customers
20967,0,Regular Cutomers
20968,0,Regular Cutomers
20969,5,Low-Value Occasional Customers
20970,0,Regular Cutomers
20972,5,Low-Value Occasional Customers
20974,6,High-Value Customers
20975,4,Promotion Lovers
20976,4,Promotion Lovers
20977,4,Promotion Lovers
20978,5,Low-Value Occasional Customers
20979,0,Regular Cutomers
20980,2,Clean & Green
20981,1,Gamers
20982,5,Low-Value Occasional Customers
20983,8,Young Karens
20984,2,Clean & Green
20985,0,Regular Cutomers
20986,6,High-Value Customers
20987,6,High-Value Customers
20988,6,High-Value Customers
20989,1,Gamers
20990,0,Regular Cutomers
20991,0,Regular Cutomers
20992,2,Clean & Green
20993,4,Promotion Lovers
20994,4,Promotion Lovers
20995,1,Gamers
20996,2,Clean & Green
20997,1,Gamers
20998,6,High-Value Customers
20999,0,Regular Cutomers
21000,0,Regular Cutomers
21001,0,Regular Cutomers
21002,5,Low-Value Occasional Customers
21003,4,Promotion Lovers
21004,4,Promotion Lovers
21006,4,Promotion Lovers
21008,5,Low-Value Occasional Customers
21011,4,Promotion Lovers
21013,2,Clean & Green
21014,2,Clean & Green
21015,2,Clean & Green
21016,0,Regular Cutomers
21018,4,Promotion Lovers
21020,2,Clean & Green
21022,4,Promotion Lovers
21023,6,High-Value Customers
21024,0,Regular Cutomers
21025,2,Clean & Green
21026,7,Large Families
21028,1,Gamers
21030,2,Clean & Green
21031,5,Low-Value Occasional Customers
21032,3,Senior Karens
21034,1,Gamers
21035,7,Large Families
21039,0,Regular Cutomers
21040,4,Promotion Lovers
21041,2,Clean & Green
21043,5,Low-Value Occasional Customers
21044,2,Clean & Green
21046,4,Promotion Lovers
21047,6,High-Value Customers
21048,6,High-Value Customers
21049,5,Low-Value Occasional Customers
21050,1,Gamers
21051,5,Low-Value Occasional Customers
21052,4,Promotion Lovers
21053,6,High-Value Customers
21054,4,Promotion Lovers
21055,0,Regular Cutomers
21056,4,Promotion Lovers
21057,7,Large Families
21058,0,Regular Cutomers
21059,2,Clean & Green
21060,2,Clean & Green
21061,1,Gamers
21062,1,Gamers
21063,2,Clean & Green
21065,1,Gamers
21066,8,Young Karens
21067,1,Gamers
21068,0,Regular Cutomers
21069,7,Large Families
21070,0,Regular Cutomers
21071,2,Clean & Green
21072,0,Regular Cutomers
21073,2,Clean & Green
21074,6,High-Value Customers
21076,5,Low-Value Occasional Customers
21077,1,Gamers
21078,7,Large Families
21079,1,Gamers
21080,4,Promotion Lovers
21081,4,Promotion Lovers
21082,0,Regular Cutomers
21084,6,High-Value Customers
21085,8,Young Karens
21086,2,Clean & Green
21087,6,High-Value Customers
21089,0,Regular Cutomers
21090,0,Regular Cutomers
21091,1,Gamers
21092,2,Clean & Green
21093,0,Regular Cutomers
21094,1,Gamers
21095,0,Regular Cutomers
21096,3,Senior Karens
21097,6,High-Value Customers
21098,8,Young Karens
21100,5,Low-Value Occasional Customers
21102,3,Senior Karens
21103,0,Regular Cutomers
21105,3,Senior Karens
21107,5,Low-Value Occasional Customers
21108,0,Regular Cutomers
21110,7,Large Families
21111,4,Promotion Lovers
21112,6,High-Value Customers
21113,0,Regular Cutomers
21114,7,Large Families
21115,4,Promotion Lovers
21116,4,Promotion Lovers
21117,4,Promotion Lovers
21118,8,Young Karens
21119,4,Promotion Lovers
21122,5,Low-Value Occasional Customers
21123,4,Promotion Lovers
21124,4,Promotion Lovers
21125,4,Promotion Lovers
21126,0,Regular Cutomers
21129,2,Clean & Green
21130,1,Gamers
21131,7,Large Families
21132,0,Regular Cutomers
21133,2,Clean & Green
21135,6,High-Value Customers
21136,2,Clean & Green
21137,5,Low-Value Occasional Customers
21138,5,Low-Value Occasional Customers
21139,7,Large Families
21140,5,Low-Value Occasional Customers
21141,1,Gamers
21142,7,Large Families
21143,2,Clean & Green
21144,4,Promotion Lovers
21145,1,Gamers
21147,4,Promotion Lovers
21148,4,Promotion Lovers
21150,6,High-Value Customers
21151,0,Regular Cutomers
21152,2,Clean & Green
21153,0,Regular Cutomers
21154,4,Promotion Lovers
21155,8,Young Karens
21156,1,Gamers
21157,0,Regular Cutomers
21158,1,Gamers
21159,4,Promotion Lovers
21160,0,Regular Cutomers
21161,1,Gamers
21162,2,Clean & Green
21163,7,Large Families
21164,0,Regular Cutomers
21165,1,Gamers
21166,0,Regular Cutomers
21167,0,Regular Cutomers
21168,2,Clean & Green
21169,1,Gamers
21170,8,Young Karens
21171,0,Regular Cutomers
21172,1,Gamers
21173,7,Large Families
21174,5,Low-Value Occasional Customers
21175,3,Senior Karens
21176,4,Promotion Lovers
21177,7,Large Families
21180,5,Low-Value Occasional Customers
21181,4,Promotion Lovers
21182,3,Senior Karens
21183,7,Large Families
21184,1,Gamers
21185,0,Regular Cutomers
21186,4,Promotion Lovers
21187,6,High-Value Customers
21188,1,Gamers
21190,4,Promotion Lovers
21191,5,Low-Value Occasional Customers
21192,1,Gamers
21193,2,Clean & Green
21194,4,Promotion Lovers
21195,0,Regular Cutomers
21196,1,Gamers
21197,0,Regular Cutomers
21198,5,Low-Value Occasional Customers
21199,4,Promotion Lovers
21200,5,Low-Value Occasional Customers
21201,7,Large Families
21203,3,Senior Karens
21204,7,Large Families
21205,1,Gamers
21206,1,Gamers
21207,2,Clean & Green
21208,5,Low-Value Occasional Customers
21209,1,Gamers
21210,7,Large Families
21211,5,Low-Value Occasional Customers
21212,4,Promotion Lovers
21213,1,Gamers
21215,0,Regular Cutomers
21216,6,High-Value Customers
21217,6,High-Value Customers
21218,2,Clean & Green
21220,5,Low-Value Occasional Customers
21221,0,Regular Cutomers
21222,4,Promotion Lovers
21223,8,Young Karens
21224,7,Large Families
21225,5,Low-Value Occasional Customers
21226,4,Promotion Lovers
21227,4,Promotion Lovers
21228,1,Gamers
21229,0,Regular Cutomers
21230,4,Promotion Lovers
21231,4,Promotion Lovers
21232,0,Regular Cutomers
21233,0,Regular Cutomers
21237,8,Young Karens
21238,6,High-Value Customers
21239,0,Regular Cutomers
21242,1,Gamers
21243,5,Low-Value Occasional Customers
21244,7,Large Families
21245,0,Regular Cutomers
21246,1,Gamers
21247,4,Promotion Lovers
21248,2,Clean & Green
21250,7,Large Families
21251,5,Low-Value Occasional Customers
21254,5,Low-Value Occasional Customers
21255,7,Large Families
21256,6,High-Value Customers
21257,0,Regular Cutomers
21258,1,Gamers
21260,6,High-Value Customers
21261,7,Large Families
21262,1,Gamers
21263,1,Gamers
21267,0,Regular Cutomers
21268,6,High-Value Customers
21269,7,Large Families
21270,4,Promotion Lovers
21271,4,Promotion Lovers
21272,5,Low-Value Occasional Customers
21273,5,Low-Value Occasional Customers
21274,4,Promotion Lovers
21275,5,Low-Value Occasional Customers
21276,3,Senior Karens
21277,8,Young Karens
21279,7,Large Families
21280,6,High-Value Customers
21281,3,Senior Karens
21282,1,Gamers
21284,8,Young Karens
21285,4,Promotion Lovers
21286,5,Low-Value Occasional Customers
21288,8,Young Karens
21289,3,Senior Karens
21290,2,Clean & Green
21291,6,High-Value Customers
21292,5,Low-Value Occasional Customers
21293,5,Low-Value Occasional Customers
21294,0,Regular Cutomers
21295,1,Gamers
21296,0,Regular Cutomers
21297,0,Regular Cutomers
21298,1,Gamers
21299,6,High-Value Customers
21300,0,Regular Cutomers
21301,3,Senior Karens
21302,4,Promotion Lovers
21303,3,Senior Karens
21304,5,Low-Value Occasional Customers
21305,8,Young Karens
21306,8,Young Karens
21307,4,Promotion Lovers
21308,0,Regular Cutomers
21309,7,Large Families
21310,4,Promotion Lovers
21311,8,Young Karens
21312,6,High-Value Customers
21313,6,High-Value Customers
21314,6,High-Value Customers
21315,7,Large Families
21316,5,Low-Value Occasional Customers
21317,0,Regular Cutomers
21318,5,Low-Value Occasional Customers
21320,5,Low-Value Occasional Customers
21322,5,Low-Value Occasional Customers
21323,0,Regular Cutomers
21324,1,Gamers
21326,4,Promotion Lovers
21328,4,Promotion Lovers
21329,4,Promotion Lovers
21331,4,Promotion Lovers
21332,1,Gamers
21333,0,Regular Cutomers
21334,1,Gamers
21335,0,Regular Cutomers
21337,4,Promotion Lovers
21338,2,Clean & Green
21339,4,Promotion Lovers
21340,4,Promotion Lovers
21342,6,High-Value Customers
21343,7,Large Families
21344,0,Regular Cutomers
21345,4,Promotion Lovers
21346,6,High-Value Customers
21347,2,Clean & Green
21349,5,Low-Value Occasional Customers
21350,0,Regular Cutomers
21351,0,Regular Cutomers
21352,0,Regular Cutomers
21355,8,Young Karens
21356,7,Large Families
21357,0,Regular Cutomers
21358,7,Large Families
21359,2,Clean & Green
21360,5,Low-Value Occasional Customers
21363,5,Low-Value Occasional Customers
21364,6,High-Value Customers
21366,8,Young Karens
21368,2,Clean & Green
21369,2,Clean & Green
21370,4,Promotion Lovers
21371,1,Gamers
21372,7,Large Families
21373,5,Low-Value Occasional Customers
21374,5,Low-Value Occasional Customers
21375,5,Low-Value Occasional Customers
21376,5,Low-Value Occasional Customers
21379,6,High-Value Customers
21380,8,Young Karens
21381,4,Promotion Lovers
21382,4,Promotion Lovers
21383,5,Low-Value Occasional Customers
21384,6,High-Value Customers
21385,6,High-Value Customers
21386,7,Large Families
21388,0,Regular Cutomers
21389,1,Gamers
21390,6,High-Value Customers
21391,4,Promotion Lovers
21393,2,Clean & Green
21394,2,Clean & Green
21396,8,Young Karens
21397,2,Clean & Green
21398,5,Low-Value Occasional Customers
21399,4,Promotion Lovers
21401,7,Large Families
21402,0,Regular Cutomers
21403,1,Gamers
21404,5,Low-Value Occasional Customers
21405,5,Low-Value Occasional Customers
21406,5,Low-Value Occasional Customers
21407,0,Regular Cutomers
21408,0,Regular Cutomers
21409,4,Promotion Lovers
21410,6,High-Value Customers
21412,7,Large Families
21413,4,Promotion Lovers
21415,0,Regular Cutomers
21416,0,Regular Cutomers
21417,4,Promotion Lovers
21418,2,Clean & Green
21419,7,Large Families
21420,4,Promotion Lovers
21421,1,Gamers
21422,7,Large Families
21423,2,Clean & Green
21424,0,Regular Cutomers
21426,6,High-Value Customers
21427,2,Clean & Green
21428,0,Regular Cutomers
21430,2,Clean & Green
21431,8,Young Karens
21432,4,Promotion Lovers
21433,4,Promotion Lovers
21434,0,Regular Cutomers
21435,0,Regular Cutomers
21436,6,High-Value Customers
21438,0,Regular Cutomers
21441,4,Promotion Lovers
21442,1,Gamers
21443,4,Promotion Lovers
21444,2,Clean & Green
21445,8,Young Karens
21446,3,Senior Karens
21447,4,Promotion Lovers
21448,6,High-Value Customers
21449,0,Regular Cutomers
21450,0,Regular Cutomers
21451,7,Large Families
21452,7,Large Families
21453,4,Promotion Lovers
21454,5,Low-Value Occasional Customers
21455,2,Clean & Green
21456,2,Clean & Green
21457,5,Low-Value Occasional Customers
21458,1,Gamers
21460,4,Promotion Lovers
21461,4,Promotion Lovers
21462,0,Regular Cutomers
21464,0,Regular Cutomers
21465,6,High-Value Customers
21466,5,Low-Value Occasional Customers
21467,7,Large Families
21468,1,Gamers
21469,0,Regular Cutomers
21470,0,Regular Cutomers
21472,6,High-Value Customers
21473,0,Regular Cutomers
21474,4,Promotion Lovers
21475,6,High-Value Customers
21476,4,Promotion Lovers
21477,3,Senior Karens
21479,0,Regular Cutomers
21480,7,Large Families
21483,6,High-Value Customers
21486,6,High-Value Customers
21487,1,Gamers
21488,2,Clean & Green
21490,2,Clean & Green
21491,5,Low-Value Occasional Customers
21492,6,High-Value Customers
21493,3,Senior Karens
21495,6,High-Value Customers
21496,0,Regular Cutomers
21497,3,Senior Karens
21498,6,High-Value Customers
21499,7,Large Families
21500,0,Regular Cutomers
21501,6,High-Value Customers
21503,1,Gamers
21504,4,Promotion Lovers
21506,5,Low-Value Occasional Customers
21507,5,Low-Value Occasional Customers
21508,0,Regular Cutomers
21510,4,Promotion Lovers
21511,0,Regular Cutomers
21512,4,Promotion Lovers
21515,4,Promotion Lovers
21516,2,Clean & Green
21517,0,Regular Cutomers
21519,6,High-Value Customers
21520,1,Gamers
21521,8,Young Karens
21522,7,Large Families
21523,5,Low-Value Occasional Customers
21524,0,Regular Cutomers
21525,4,Promotion Lovers
21527,4,Promotion Lovers
21528,2,Clean & Green
21529,1,Gamers
21531,4,Promotion Lovers
21532,8,Young Karens
21533,1,Gamers
21534,2,Clean & Green
21535,0,Regular Cutomers
21536,6,High-Value Customers
21537,2,Clean & Green
21538,5,Low-Value Occasional Customers
21539,5,Low-Value Occasional Customers
21540,1,Gamers
21542,2,Clean & Green
21544,1,Gamers
21545,0,Regular Cutomers
21546,0,Regular Cutomers
21547,4,Promotion Lovers
21548,0,Regular Cutomers
21549,7,Large Families
21550,0,Regular Cutomers
21551,0,Regular Cutomers
21552,4,Promotion Lovers
21553,0,Regular Cutomers
21554,6,High-Value Customers
21555,6,High-Value Customers
21556,4,Promotion Lovers
21558,4,Promotion Lovers
21559,3,Senior Karens
21560,5,Low-Value Occasional Customers
21561,0,Regular Cutomers
21562,3,Senior Karens
21563,6,High-Value Customers
21564,2,Clean & Green
21565,0,Regular Cutomers
21567,4,Promotion Lovers
21568,7,Large Families
21569,4,Promotion Lovers
21571,6,High-Value Customers
21572,1,Gamers
21573,4,Promotion Lovers
21574,2,Clean & Green
21575,0,Regular Cutomers
21576,0,Regular Cutomers
21577,7,Large Families
21578,4,Promotion Lovers
21579,3,Senior Karens
21580,5,Low-Value Occasional Customers
21581,6,High-Value Customers
21582,1,Gamers
21583,0,Regular Cutomers
21584,0,Regular Cutomers
21585,4,Promotion Lovers
21586,5,Low-Value Occasional Customers
21587,1,Gamers
21588,0,Regular Cutomers
21589,8,Young Karens
21590,5,Low-Value Occasional Customers
21592,5,Low-Value Occasional Customers
21593,2,Clean & Green
21594,5,Low-Value Occasional Customers
21595,0,Regular Cutomers
21596,5,Low-Value Occasional Customers
21597,2,Clean & Green
21598,5,Low-Value Occasional Customers
21599,1,Gamers
21601,1,Gamers
21602,0,Regular Cutomers
21603,8,Young Karens
21604,7,Large Families
21606,2,Clean & Green
21607,7,Large Families
21608,8,Young Karens
21609,0,Regular Cutomers
21610,1,Gamers
21611,3,Senior Karens
21612,5,Low-Value Occasional Customers
21613,0,Regular Cutomers
21615,0,Regular Cutomers
21616,1,Gamers
21617,4,Promotion Lovers
21619,8,Young Karens
21620,0,Regular Cutomers
21622,8,Young Karens
21624,0,Regular Cutomers
21625,5,Low-Value Occasional Customers
21626,5,Low-Value Occasional Customers
21627,4,Promotion Lovers
21628,3,Senior Karens
21629,0,Regular Cutomers
21630,5,Low-Value Occasional Customers
21631,4,Promotion Lovers
21632,6,High-Value Customers
21634,1,Gamers
21635,8,Young Karens
21636,0,Regular Cutomers
21637,3,Senior Karens
21639,4,Promotion Lovers
21640,0,Regular Cutomers
21642,0,Regular Cutomers
21643,6,High-Value Customers
21644,8,Young Karens
21645,0,Regular Cutomers
21646,0,Regular Cutomers
21647,6,High-Value Customers
21648,0,Regular Cutomers
21649,0,Regular Cutomers
21650,4,Promotion Lovers
21651,6,High-Value Customers
21652,7,Large Families
21653,4,Promotion Lovers
21654,4,Promotion Lovers
21660,5,Low-Value Occasional Customers
21661,7,Large Families
21662,2,Clean & Green
21663,3,Senior Karens
21664,7,Large Families
21666,1,Gamers
21667,0,Regular Cutomers
21668,4,Promotion Lovers
21669,4,Promotion Lovers
21670,5,Low-Value Occasional Customers
21672,2,Clean & Green
21673,1,Gamers
21674,4,Promotion Lovers
21675,4,Promotion Lovers
21676,3,Senior Karens
21677,6,High-Value Customers
21678,7,Large Families
21679,6,High-Value Customers
21680,1,Gamers
21681,2,Clean & Green
21683,0,Regular Cutomers
21684,0,Regular Cutomers
21685,5,Low-Value Occasional Customers
21686,6,High-Value Customers
21687,7,Large Families
21688,4,Promotion Lovers
21689,7,Large Families
21690,5,Low-Value Occasional Customers
21691,4,Promotion Lovers
21692,0,Regular Cutomers
21693,2,Clean & Green
21694,5,Low-Value Occasional Customers
21695,0,Regular Cutomers
21696,8,Young Karens
21697,6,High-Value Customers
21698,8,Young Karens
21700,0,Regular Cutomers
21702,4,Promotion Lovers
21703,0,Regular Cutomers
21704,6,High-Value Customers
21705,0,Regular Cutomers
21706,7,Large Families
21707,6,High-Value Customers
21708,7,Large Families
21709,1,Gamers
21710,4,Promotion Lovers
21711,5,Low-Value Occasional Customers
21713,5,Low-Value Occasional Customers
21714,6,High-Value Customers
21715,0,Regular Cutomers
21716,0,Regular Cutomers
21717,2,Clean & Green
21718,0,Regular Cutomers
21719,0,Regular Cutomers
21721,7,Large Families
21722,7,Large Families
21724,4,Promotion Lovers
21725,5,Low-Value Occasional Customers
21727,0,Regular Cutomers
21728,5,Low-Value Occasional Customers
21729,6,High-Value Customers
21732,4,Promotion Lovers
21733,0,Regular Cutomers
21734,4,Promotion Lovers
21735,4,Promotion Lovers
21736,8,Young Karens
21737,4,Promotion Lovers
21738,2,Clean & Green
21740,4,Promotion Lovers
21741,1,Gamers
21742,0,Regular Cutomers
21743,1,Gamers
21744,0,Regular Cutomers
21745,0,Regular Cutomers
21746,3,Senior Karens
21747,2,Clean & Green
21748,5,Low-Value Occasional Customers
21749,0,Regular Cutomers
21750,0,Regular Cutomers
21751,7,Large Families
21752,0,Regular Cutomers
21753,0,Regular Cutomers
21755,2,Clean & Green
21756,7,Large Families
21757,5,Low-Value Occasional Customers
21758,4,Promotion Lovers
21759,6,High-Value Customers
21760,4,Promotion Lovers
21761,6,High-Value Customers
21762,0,Regular Cutomers
21763,7,Large Families
21764,5,Low-Value Occasional Customers
21765,0,Regular Cutomers
21766,4,Promotion Lovers
21768,3,Senior Karens
21769,4,Promotion Lovers
21770,0,Regular Cutomers
21771,0,Regular Cutomers
21772,6,High-Value Customers
21773,6,High-Value Customers
21774,3,Senior Karens
21775,5,Low-Value Occasional Customers
21776,1,Gamers
21777,4,Promotion Lovers
21778,0,Regular Cutomers
21779,2,Clean & Green
21780,7,Large Families
21781,2,Clean & Green
21782,7,Large Families
21783,0,Regular Cutomers
21784,0,Regular Cutomers
21786,0,Regular Cutomers
21787,0,Regular Cutomers
21788,0,Regular Cutomers
21789,0,Regular Cutomers
21790,2,Clean & Green
21791,4,Promotion Lovers
21792,5,Low-Value Occasional Customers
21793,0,Regular Cutomers
21794,1,Gamers
21795,5,Low-Value Occasional Customers
21797,4,Promotion Lovers
21798,0,Regular Cutomers
21799,2,Clean & Green
21800,7,Large Families
21801,6,High-Value Customers
21802,0,Regular Cutomers
21804,0,Regular Cutomers
21806,8,Young Karens
21807,7,Large Families
21808,8,Young Karens
21809,1,Gamers
21810,6,High-Value Customers
21811,4,Promotion Lovers
21812,6,High-Value Customers
21813,6,High-Value Customers
21814,4,Promotion Lovers
21815,0,Regular Cutomers
21816,0,Regular Cutomers
21817,2,Clean & Green
21818,3,Senior Karens
21819,6,High-Value Customers
21821,8,Young Karens
21822,7,Large Families
21823,0,Regular Cutomers
21824,7,Large Families
21825,0,Regular Cutomers
21826,5,Low-Value Occasional Customers
21828,2,Clean & Green
21829,0,Regular Cutomers
21831,4,Promotion Lovers
21832,8,Young Karens
21833,1,Gamers
21835,0,Regular Cutomers
21836,0,Regular Cutomers
21837,1,Gamers
21838,5,Low-Value Occasional Customers
21839,0,Regular Cutomers
21840,4,Promotion Lovers
21841,0,Regular Cutomers
21842,0,Regular Cutomers
21843,7,Large Families
21844,8,Young Karens
21845,0,Regular Cutomers
21849,4,Promotion Lovers
21850,7,Large Families
21851,0,Regular Cutomers
21852,0,Regular Cutomers
21853,5,Low-Value Occasional Customers
21854,6,High-Value Customers
21855,4,Promotion Lovers
21856,6,High-Value Customers
21857,0,Regular Cutomers
21858,0,Regular Cutomers
21860,6,High-Value Customers
21861,6,High-Value Customers
21862,4,Promotion Lovers
21863,0,Regular Cutomers
21864,2,Clean & Green
21867,2,Clean & Green
21868,3,Senior Karens
21870,4,Promotion Lovers
21873,0,Regular Cutomers
21874,4,Promotion Lovers
21875,2,Clean & Green
21876,0,Regular Cutomers
21877,5,Low-Value Occasional Customers
21878,7,Large Families
21880,6,High-Value Customers
21881,6,High-Value Customers
21883,4,Promotion Lovers
21884,4,Promotion Lovers
21885,4,Promotion Lovers
21886,4,Promotion Lovers
21887,7,Large Families
21889,0,Regular Cutomers
21890,2,Clean & Green
21891,2,Clean & Green
21892,3,Senior Karens
21893,6,High-Value Customers
21894,0,Regular Cutomers
21895,0,Regular Cutomers
21896,0,Regular Cutomers
21897,7,Large Families
21899,0,Regular Cutomers
21900,7,Large Families
21901,0,Regular Cutomers
21902,0,Regular Cutomers
21903,8,Young Karens
21904,1,Gamers
21905,3,Senior Karens
21907,1,Gamers
21908,2,Clean & Green
21909,7,Large Families
21910,6,High-Value Customers
21911,1,Gamers
21912,6,High-Value Customers
21914,2,Clean & Green
21915,6,High-Value Customers
21916,0,Regular Cutomers
21917,0,Regular Cutomers
21918,2,Clean & Green
21920,6,High-Value Customers
21921,5,Low-Value Occasional Customers
21923,4,Promotion Lovers
21924,4,Promotion Lovers
21926,0,Regular Cutomers
21927,4,Promotion Lovers
21929,1,Gamers
21930,0,Regular Cutomers
21933,8,Young Karens
21934,4,Promotion Lovers
21935,2,Clean & Green
21936,5,Low-Value Occasional Customers
21937,0,Regular Cutomers
21938,0,Regular Cutomers
21939,8,Young Karens
21940,0,Regular Cutomers
21941,4,Promotion Lovers
21942,1,Gamers
21943,0,Regular Cutomers
21944,8,Young Karens
21945,0,Regular Cutomers
21946,1,Gamers
21947,2,Clean & Green
21948,4,Promotion Lovers
21949,6,High-Value Customers
21950,0,Regular Cutomers
21952,6,High-Value Customers
21953,8,Young Karens
21954,0,Regular Cutomers
21955,8,Young Karens
21956,2,Clean & Green
21959,6,High-Value Customers
21960,4,Promotion Lovers
21961,4,Promotion Lovers
21962,3,Senior Karens
21963,6,High-Value Customers
21964,7,Large Families
21966,0,Regular Cutomers
21967,6,High-Value Customers
21968,5,Low-Value Occasional Customers
21970,4,Promotion Lovers
21971,0,Regular Cutomers
21972,5,Low-Value Occasional Customers
21973,0,Regular Cutomers
21974,0,Regular Cutomers
21975,6,High-Value Customers
21976,6,High-Value Customers
21977,6,High-Value Customers
21982,1,Gamers
21983,1,Gamers
21984,0,Regular Cutomers
21986,8,Young Karens
21987,1,Gamers
21988,5,Low-Value Occasional Customers
21990,6,High-Value Customers
21991,0,Regular Cutomers
21993,1,Gamers
21994,4,Promotion Lovers
21995,7,Large Families
21996,8,Young Karens
21997,3,Senior Karens
21998,4,Promotion Lovers
22000,1,Gamers
22001,4,Promotion Lovers
22002,5,Low-Value Occasional Customers
22003,0,Regular Cutomers
22004,5,Low-Value Occasional Customers
22005,2,Clean & Green
22006,5,Low-Value Occasional Customers
22007,4,Promotion Lovers
22008,4,Promotion Lovers
22009,0,Regular Cutomers
22010,5,Low-Value Occasional Customers
22011,7,Large Families
22012,2,Clean & Green
22013,7,Large Families
22014,0,Regular Cutomers
22015,3,Senior Karens
22016,0,Regular Cutomers
22017,6,High-Value Customers
22018,8,Young Karens
22019,4,Promotion Lovers
22020,6,High-Value Customers
22021,0,Regular Cutomers
22023,1,Gamers
22027,1,Gamers
22029,0,Regular Cutomers
22031,5,Low-Value Occasional Customers
22032,4,Promotion Lovers
22034,3,Senior Karens
22035,0,Regular Cutomers
22036,0,Regular Cutomers
22037,0,Regular Cutomers
22038,7,Large Families
22039,7,Large Families
22040,0,Regular Cutomers
22041,0,Regular Cutomers
22042,2,Clean & Green
22043,5,Low-Value Occasional Customers
22044,4,Promotion Lovers
22045,1,Gamers
22046,6,High-Value Customers
22047,0,Regular Cutomers
22048,5,Low-Value Occasional Customers
22049,6,High-Value Customers
22051,5,Low-Value Occasional Customers
22052,7,Large Families
22053,4,Promotion Lovers
22054,0,Regular Cutomers
22055,5,Low-Value Occasional Customers
22056,4,Promotion Lovers
22057,5,Low-Value Occasional Customers
22058,4,Promotion Lovers
22059,4,Promotion Lovers
22060,1,Gamers
22062,6,High-Value Customers
22063,7,Large Families
22064,0,Regular Cutomers
22065,4,Promotion Lovers
22066,8,Young Karens
22067,2,Clean & Green
22070,5,Low-Value Occasional Customers
22071,6,High-Value Customers
22072,4,Promotion Lovers
22073,5,Low-Value Occasional Customers
22074,7,Large Families
22075,0,Regular Cutomers
22076,5,Low-Value Occasional Customers
22077,4,Promotion Lovers
22078,5,Low-Value Occasional Customers
22080,2,Clean & Green
22081,0,Regular Cutomers
22082,4,Promotion Lovers
22083,1,Gamers
22086,5,Low-Value Occasional Customers
22087,0,Regular Cutomers
22088,2,Clean & Green
22089,5,Low-Value Occasional Customers
22090,7,Large Families
22091,1,Gamers
22092,7,Large Families
22093,6,High-Value Customers
22095,2,Clean & Green
22096,2,Clean & Green
22098,8,Young Karens
22099,6,High-Value Customers
22100,0,Regular Cutomers
22101,6,High-Value Customers
22102,5,Low-Value Occasional Customers
22106,0,Regular Cutomers
22107,6,High-Value Customers
22108,5,Low-Value Occasional Customers
22109,7,Large Families
22110,0,Regular Cutomers
22111,5,Low-Value Occasional Customers
22112,8,Young Karens
22114,4,Promotion Lovers
22116,5,Low-Value Occasional Customers
22117,5,Low-Value Occasional Customers
22118,6,High-Value Customers
22119,7,Large Families
22121,2,Clean & Green
22122,5,Low-Value Occasional Customers
22125,8,Young Karens
22126,7,Large Families
22127,4,Promotion Lovers
22128,1,Gamers
22129,1,Gamers
22131,5,Low-Value Occasional Customers
22132,0,Regular Cutomers
22133,6,High-Value Customers
22134,0,Regular Cutomers
22135,4,Promotion Lovers
22136,0,Regular Cutomers
22137,6,High-Value Customers
22138,0,Regular Cutomers
22140,2,Clean & Green
22141,0,Regular Cutomers
22142,0,Regular Cutomers
22143,4,Promotion Lovers
22144,5,Low-Value Occasional Customers
22145,7,Large Families
22149,2,Clean & Green
22150,0,Regular Cutomers
22151,4,Promotion Lovers
22152,4,Promotion Lovers
22153,2,Clean & Green
22154,6,High-Value Customers
22156,1,Gamers
22157,1,Gamers
22158,2,Clean & Green
22159,0,Regular Cutomers
22160,8,Young Karens
22161,5,Low-Value Occasional Customers
22162,1,Gamers
22163,1,Gamers
22164,1,Gamers
22165,0,Regular Cutomers
22166,4,Promotion Lovers
22168,4,Promotion Lovers
22171,8,Young Karens
22172,5,Low-Value Occasional Customers
22173,2,Clean & Green
22176,4,Promotion Lovers
22177,8,Young Karens
22179,8,Young Karens
22180,6,High-Value Customers
22181,4,Promotion Lovers
22182,8,Young Karens
22183,3,Senior Karens
22184,2,Clean & Green
22185,0,Regular Cutomers
22188,6,High-Value Customers
22190,0,Regular Cutomers
22192,8,Young Karens
22193,6,High-Value Customers
22194,7,Large Families
22196,0,Regular Cutomers
22197,5,Low-Value Occasional Customers
22198,7,Large Families
22199,1,Gamers
22200,2,Clean & Green
22202,5,Low-Value Occasional Customers
22203,3,Senior Karens
22204,0,Regular Cutomers
22205,1,Gamers
22206,4,Promotion Lovers
22207,6,High-Value Customers
22208,5,Low-Value Occasional Customers
22209,1,Gamers
22210,2,Clean & Green
22211,5,Low-Value Occasional Customers
22212,8,Young Karens
22213,2,Clean & Green
22215,4,Promotion Lovers
22216,6,High-Value Customers
22217,5,Low-Value Occasional Customers
22218,4,Promotion Lovers
22219,1,Gamers
22220,1,Gamers
22221,4,Promotion Lovers
22222,4,Promotion Lovers
22223,0,Regular Cutomers
22224,4,Promotion Lovers
22225,4,Promotion Lovers
22227,0,Regular Cutomers
22228,0,Regular Cutomers
22229,0,Regular Cutomers
22230,0,Regular Cutomers
22231,5,Low-Value Occasional Customers
22232,2,Clean & Green
22235,5,Low-Value Occasional Customers
22236,2,Clean & Green
22237,3,Senior Karens
22238,8,Young Karens
22240,4,Promotion Lovers
22241,1,Gamers
22242,2,Clean & Green
22243,1,Gamers
22244,1,Gamers
22245,6,High-Value Customers
22248,2,Clean & Green
22249,1,Gamers
22250,3,Senior Karens
22251,7,Large Families
22254,4,Promotion Lovers
22255,6,High-Value Customers
22257,1,Gamers
22258,2,Clean & Green
22259,5,Low-Value Occasional Customers
22260,5,Low-Value Occasional Customers
22261,0,Regular Cutomers
22263,4,Promotion Lovers
22264,0,Regular Cutomers
22265,5,Low-Value Occasional Customers
22266,2,Clean & Green
22267,4,Promotion Lovers
22268,5,Low-Value Occasional Customers
22269,0,Regular Cutomers
22270,8,Young Karens
22271,2,Clean & Green
22273,7,Large Families
22274,4,Promotion Lovers
22275,7,Large Families
22276,1,Gamers
22277,4,Promotion Lovers
22278,0,Regular Cutomers
22279,2,Clean & Green
22280,0,Regular Cutomers
22281,4,Promotion Lovers
22282,0,Regular Cutomers
22284,0,Regular Cutomers
22285,1,Gamers
22288,2,Clean & Green
22289,5,Low-Value Occasional Customers
22290,1,Gamers
22291,4,Promotion Lovers
22293,2,Clean & Green
22294,6,High-Value Customers
22296,0,Regular Cutomers
22297,7,Large Families
22298,6,High-Value Customers
22300,3,Senior Karens
22301,1,Gamers
22302,6,High-Value Customers
22303,8,Young Karens
22304,0,Regular Cutomers
22305,4,Promotion Lovers
22307,4,Promotion Lovers
22308,1,Gamers
22309,0,Regular Cutomers
22310,4,Promotion Lovers
22313,0,Regular Cutomers
22314,0,Regular Cutomers
22315,0,Regular Cutomers
22316,2,Clean & Green
22318,2,Clean & Green
22320,3,Senior Karens
22322,8,Young Karens
22323,6,High-Value Customers
22324,5,Low-Value Occasional Customers
22326,0,Regular Cutomers
22327,4,Promotion Lovers
22328,5,Low-Value Occasional Customers
22329,7,Large Families
22330,4,Promotion Lovers
22331,4,Promotion Lovers
22332,5,Low-Value Occasional Customers
22333,5,Low-Value Occasional Customers
22334,4,Promotion Lovers
22335,4,Promotion Lovers
22337,0,Regular Cutomers
22338,0,Regular Cutomers
22339,6,High-Value Customers
22340,7,Large Families
22341,0,Regular Cutomers
22342,4,Promotion Lovers
22343,7,Large Families
22344,6,High-Value Customers
22345,0,Regular Cutomers
22348,0,Regular Cutomers
22350,2,Clean & Green
22351,6,High-Value Customers
22352,6,High-Value Customers
22353,1,Gamers
22354,4,Promotion Lovers
22355,1,Gamers
22356,4,Promotion Lovers
22357,4,Promotion Lovers
22358,0,Regular Cutomers
22360,6,High-Value Customers
22361,5,Low-Value Occasional Customers
22362,2,Clean & Green
22363,2,Clean & Green
22364,6,High-Value Customers
22365,3,Senior Karens
22366,3,Senior Karens
22367,5,Low-Value Occasional Customers
22368,1,Gamers
22369,5,Low-Value Occasional Customers
22371,1,Gamers
22372,3,Senior Karens
22373,5,Low-Value Occasional Customers
22374,4,Promotion Lovers
22376,7,Large Families
22377,4,Promotion Lovers
22378,2,Clean & Green
22379,0,Regular Cutomers
22380,8,Young Karens
22381,8,Young Karens
22382,7,Large Families
22383,4,Promotion Lovers
22384,2,Clean & Green
22386,1,Gamers
22387,7,Large Families
22388,4,Promotion Lovers
22389,4,Promotion Lovers
22390,6,High-Value Customers
22391,0,Regular Cutomers
22393,4,Promotion Lovers
22394,4,Promotion Lovers
22395,7,Large Families
22396,2,Clean & Green
22398,0,Regular Cutomers
22399,0,Regular Cutomers
22400,5,Low-Value Occasional Customers
22401,3,Senior Karens
22402,8,Young Karens
22403,5,Low-Value Occasional Customers
22404,6,High-Value Customers
22405,0,Regular Cutomers
22406,0,Regular Cutomers
22408,0,Regular Cutomers
22409,0,Regular Cutomers
22410,8,Young Karens
22411,4,Promotion Lovers
22413,0,Regular Cutomers
22414,1,Gamers
22416,4,Promotion Lovers
22417,5,Low-Value Occasional Customers
22418,7,Large Families
22419,8,Young Karens
22420,4,Promotion Lovers
22421,4,Promotion Lovers
22422,0,Regular Cutomers
22424,0,Regular Cutomers
22425,2,Clean & Green
22426,4,Promotion Lovers
22427,0,Regular Cutomers
22428,4,Promotion Lovers
22429,5,Low-Value Occasional Customers
22432,5,Low-Value Occasional Customers
22434,5,Low-Value Occasional Customers
22435,7,Large Families
22436,5,Low-Value Occasional Customers
22438,5,Low-Value Occasional Customers
22439,6,High-Value Customers
22440,4,Promotion Lovers
22441,1,Gamers
22442,0,Regular Cutomers
22443,2,Clean & Green
22444,0,Regular Cutomers
22445,4,Promotion Lovers
22446,7,Large Families
22447,7,Large Families
22448,5,Low-Value Occasional Customers
22449,3,Senior Karens
22450,2,Clean & Green
22451,1,Gamers
22452,6,High-Value Customers
22453,0,Regular Cutomers
22454,1,Gamers
22455,0,Regular Cutomers
22456,0,Regular Cutomers
22458,2,Clean & Green
22459,6,High-Value Customers
22460,8,Young Karens
22461,5,Low-Value Occasional Customers
22462,3,Senior Karens
22463,2,Clean & Green
22464,6,High-Value Customers
22467,3,Senior Karens
22468,8,Young Karens
22472,8,Young Karens
22473,8,Young Karens
22474,7,Large Families
22475,0,Regular Cutomers
22476,4,Promotion Lovers
22477,5,Low-Value Occasional Customers
22478,8,Young Karens
22479,4,Promotion Lovers
22480,4,Promotion Lovers
22481,0,Regular Cutomers
22483,3,Senior Karens
22487,3,Senior Karens
22488,4,Promotion Lovers
22489,4,Promotion Lovers
22490,6,High-Value Customers
22491,1,Gamers
22492,5,Low-Value Occasional Customers
22494,7,Large Families
22495,0,Regular Cutomers
22496,7,Large Families
22498,0,Regular Cutomers
22499,6,High-Value Customers
22500,8,Young Karens
22501,0,Regular Cutomers
22502,6,High-Value Customers
22503,5,Low-Value Occasional Customers
22504,8,Young Karens
22505,2,Clean & Green
22506,0,Regular Cutomers
22507,0,Regular Cutomers
22508,6,High-Value Customers
22509,7,Large Families
22510,4,Promotion Lovers
22511,7,Large Families
22512,4,Promotion Lovers
22513,8,Young Karens
22514,4,Promotion Lovers
22515,1,Gamers
22516,4,Promotion Lovers
22517,4,Promotion Lovers
22520,2,Clean & Green
22524,4,Promotion Lovers
22525,5,Low-Value Occasional Customers
22526,5,Low-Value Occasional Customers
22527,8,Young Karens
22528,0,Regular Cutomers
22529,0,Regular Cutomers
22530,3,Senior Karens
22531,4,Promotion Lovers
22532,6,High-Value Customers
22534,2,Clean & Green
22536,4,Promotion Lovers
22537,0,Regular Cutomers
22538,7,Large Families
22539,6,High-Value Customers
22542,0,Regular Cutomers
22543,0,Regular Cutomers
22544,0,Regular Cutomers
22547,2,Clean & Green
22548,8,Young Karens
22549,6,High-Value Customers
22550,0,Regular Cutomers
22551,0,Regular Cutomers
22553,2,Clean & Green
22554,4,Promotion Lovers
22555,8,Young Karens
22556,0,Regular Cutomers
22557,5,Low-Value Occasional Customers
22558,4,Promotion Lovers
22559,0,Regular Cutomers
22560,0,Regular Cutomers
22561,2,Clean & Green
22562,5,Low-Value Occasional Customers
22563,1,Gamers
22564,5,Low-Value Occasional Customers
22566,3,Senior Karens
22567,0,Regular Cutomers
22569,2,Clean & Green
22570,0,Regular Cutomers
22571,4,Promotion Lovers
22572,3,Senior Karens
22573,3,Senior Karens
22574,5,Low-Value Occasional Customers
22575,5,Low-Value Occasional Customers
22576,2,Clean & Green
22578,7,Large Families
22580,4,Promotion Lovers
22581,4,Promotion Lovers
22582,5,Low-Value Occasional Customers
22583,4,Promotion Lovers
22584,7,Large Families
22585,4,Promotion Lovers
22587,0,Regular Cutomers
22588,1,Gamers
22590,4,Promotion Lovers
22591,4,Promotion Lovers
22592,4,Promotion Lovers
22593,5,Low-Value Occasional Customers
22594,5,Low-Value Occasional Customers
22595,5,Low-Value Occasional Customers
22596,8,Young Karens
22598,7,Large Families
22599,1,Gamers
22601,8,Young Karens
22602,5,Low-Value Occasional Customers
22603,1,Gamers
22604,0,Regular Cutomers
22605,4,Promotion Lovers
22606,2,Clean & Green
22607,6,High-Value Customers
22608,0,Regular Cutomers
22609,6,High-Value Customers
22610,5,Low-Value Occasional Customers
22611,0,Regular Cutomers
22612,7,Large Families
22613,4,Promotion Lovers
22614,4,Promotion Lovers
22615,4,Promotion Lovers
22616,1,Gamers
22617,0,Regular Cutomers
22618,6,High-Value Customers
22619,8,Young Karens
22620,0,Regular Cutomers
22621,5,Low-Value Occasional Customers
22622,0,Regular Cutomers
22623,4,Promotion Lovers
22624,5,Low-Value Occasional Customers
22625,8,Young Karens
22626,6,High-Value Customers
22627,4,Promotion Lovers
22628,2,Clean & Green
22630,2,Clean & Green
22631,2,Clean & Green
22633,7,Large Families
22634,0,Regular Cutomers
22635,3,Senior Karens
22636,4,Promotion Lovers
22637,4,Promotion Lovers
22639,3,Senior Karens
22641,6,High-Value Customers
22642,4,Promotion Lovers
22644,0,Regular Cutomers
22645,4,Promotion Lovers
22647,0,Regular Cutomers
22648,5,Low-Value Occasional Customers
22649,0,Regular Cutomers
22650,7,Large Families
22651,4,Promotion Lovers
22652,6,High-Value Customers
22653,0,Regular Cutomers
22654,4,Promotion Lovers
22656,2,Clean & Green
22657,4,Promotion Lovers
22658,7,Large Families
22660,1,Gamers
22661,4,Promotion Lovers
22663,0,Regular Cutomers
22664,0,Regular Cutomers
22666,0,Regular Cutomers
22668,6,High-Value Customers
22669,5,Low-Value Occasional Customers
22670,0,Regular Cutomers
22671,4,Promotion Lovers
22672,8,Young Karens
22673,8,Young Karens
22674,2,Clean & Green
22675,0,Regular Cutomers
22676,0,Regular Cutomers
22677,2,Clean & Green
22678,1,Gamers
22679,0,Regular Cutomers
22680,4,Promotion Lovers
22682,2,Clean & Green
22683,0,Regular Cutomers
22684,1,Gamers
22685,0,Regular Cutomers
22686,0,Regular Cutomers
22687,8,Young Karens
22689,3,Senior Karens
22690,4,Promotion Lovers
22691,4,Promotion Lovers
22692,0,Regular Cutomers
22694,5,Low-Value Occasional Customers
22696,8,Young Karens
22697,2,Clean & Green
22701,1,Gamers
22702,2,Clean & Green
22703,0,Regular Cutomers
22704,1,Gamers
22705,5,Low-Value Occasional Customers
22706,8,Young Karens
22709,0,Regular Cutomers
22710,0,Regular Cutomers
22711,2,Clean & Green
22712,4,Promotion Lovers
22714,4,Promotion Lovers
22715,4,Promotion Lovers
22716,6,High-Value Customers
22717,8,Young Karens
22718,5,Low-Value Occasional Customers
22719,0,Regular Cutomers
22720,0,Regular Cutomers
22723,4,Promotion Lovers
22724,3,Senior Karens
22725,0,Regular Cutomers
22726,4,Promotion Lovers
22728,3,Senior Karens
22729,4,Promotion Lovers
22730,0,Regular Cutomers
22731,8,Young Karens
22732,8,Young Karens
22733,5,Low-Value Occasional Customers
22735,4,Promotion Lovers
22736,6,High-Value Customers
22739,0,Regular Cutomers
22740,7,Large Families
22741,0,Regular Cutomers
22742,5,Low-Value Occasional Customers
22744,0,Regular Cutomers
22745,4,Promotion Lovers
22746,3,Senior Karens
22748,1,Gamers
22750,6,High-Value Customers
22752,4,Promotion Lovers
22753,8,Young Karens
22754,6,High-Value Customers
22755,5,Low-Value Occasional Customers
22756,2,Clean & Green
22757,4,Promotion Lovers
22758,7,Large Families
22759,7,Large Families
22760,4,Promotion Lovers
22761,4,Promotion Lovers
22763,1,Gamers
22765,0,Regular Cutomers
22766,0,Regular Cutomers
22767,6,High-Value Customers
22768,0,Regular Cutomers
22770,2,Clean & Green
22772,7,Large Families
22773,1,Gamers
22774,3,Senior Karens
22775,1,Gamers
22776,2,Clean & Green
22777,6,High-Value Customers
22778,5,Low-Value Occasional Customers
22779,5,Low-Value Occasional Customers
22780,0,Regular Cutomers
22782,1,Gamers
22784,8,Young Karens
22785,3,Senior Karens
22786,0,Regular Cutomers
22787,5,Low-Value Occasional Customers
22788,8,Young Karens
22790,1,Gamers
22791,0,Regular Cutomers
22793,1,Gamers
22794,4,Promotion Lovers
22795,5,Low-Value Occasional Customers
22796,0,Regular Cutomers
22797,4,Promotion Lovers
22799,8,Young Karens
22800,7,Large Families
22801,2,Clean & Green
22802,7,Large Families
22803,0,Regular Cutomers
22804,1,Gamers
22805,5,Low-Value Occasional Customers
22806,4,Promotion Lovers
22807,0,Regular Cutomers
22808,0,Regular Cutomers
22809,5,Low-Value Occasional Customers
22810,4,Promotion Lovers
22811,7,Large Families
22812,5,Low-Value Occasional Customers
22813,2,Clean & Green
22814,8,Young Karens
22815,5,Low-Value Occasional Customers
22816,5,Low-Value Occasional Customers
22817,0,Regular Cutomers
22818,5,Low-Value Occasional Customers
22819,2,Clean & Green
22820,4,Promotion Lovers
22821,2,Clean & Green
22822,0,Regular Cutomers
22823,3,Senior Karens
22824,0,Regular Cutomers
22825,1,Gamers
22826,5,Low-Value Occasional Customers
22827,0,Regular Cutomers
22828,5,Low-Value Occasional Customers
22829,7,Large Families
22830,0,Regular Cutomers
22831,0,Regular Cutomers
22832,2,Clean & Green
22833,8,Young Karens
22834,0,Regular Cutomers
22835,7,Large Families
22836,8,Young Karens
22837,8,Young Karens
22838,5,Low-Value Occasional Customers
22839,0,Regular Cutomers
22840,2,Clean & Green
22841,0,Regular Cutomers
22842,6,High-Value Customers
22843,4,Promotion Lovers
22844,0,Regular Cutomers
22845,1,Gamers
22846,0,Regular Cutomers
22847,4,Promotion Lovers
22848,7,Large Families
22850,1,Gamers
22851,7,Large Families
22852,2,Clean & Green
22853,4,Promotion Lovers
22854,7,Large Families
22855,4,Promotion Lovers
22856,3,Senior Karens
22857,0,Regular Cutomers
22859,1,Gamers
22860,4,Promotion Lovers
22861,2,Clean & Green
22862,7,Large Families
22863,0,Regular Cutomers
22866,2,Clean & Green
22867,5,Low-Value Occasional Customers
22868,0,Regular Cutomers
22869,2,Clean & Green
22870,2,Clean & Green
22871,5,Low-Value Occasional Customers
22872,4,Promotion Lovers
22873,4,Promotion Lovers
22874,4,Promotion Lovers
22875,0,Regular Cutomers
22877,4,Promotion Lovers
22878,0,Regular Cutomers
22879,0,Regular Cutomers
22880,5,Low-Value Occasional Customers
22881,0,Regular Cutomers
22882,6,High-Value Customers
22883,4,Promotion Lovers
22884,4,Promotion Lovers
22886,2,Clean & Green
22887,3,Senior Karens
22890,4,Promotion Lovers
22892,4,Promotion Lovers
22893,5,Low-Value Occasional Customers
22895,8,Young Karens
22896,1,Gamers
22897,0,Regular Cutomers
22898,0,Regular Cutomers
22899,2,Clean & Green
22900,1,Gamers
22901,0,Regular Cutomers
22902,6,High-Value Customers
22903,1,Gamers
22904,8,Young Karens
22905,4,Promotion Lovers
22906,2,Clean & Green
22907,4,Promotion Lovers
22908,4,Promotion Lovers
22909,0,Regular Cutomers
22910,3,Senior Karens
22913,8,Young Karens
22914,8,Young Karens
22915,5,Low-Value Occasional Customers
22916,5,Low-Value Occasional Customers
22917,0,Regular Cutomers
22918,5,Low-Value Occasional Customers
22919,6,High-Value Customers
22920,7,Large Families
22921,4,Promotion Lovers
22922,1,Gamers
22923,4,Promotion Lovers
22924,6,High-Value Customers
22925,2,Clean & Green
22926,5,Low-Value Occasional Customers
22927,0,Regular Cutomers
22929,1,Gamers
22930,7,Large Families
22931,3,Senior Karens
22932,4,Promotion Lovers
22933,7,Large Families
22935,8,Young Karens
22936,4,Promotion Lovers
22937,1,Gamers
22941,6,High-Value Customers
22942,1,Gamers
22943,4,Promotion Lovers
22944,2,Clean & Green
22945,0,Regular Cutomers
22946,2,Clean & Green
22947,5,Low-Value Occasional Customers
22948,5,Low-Value Occasional Customers
22950,3,Senior Karens
22951,8,Young Karens
22952,0,Regular Cutomers
22953,2,Clean & Green
22955,3,Senior Karens
22956,8,Young Karens
22957,2,Clean & Green
22958,2,Clean & Green
22959,4,Promotion Lovers
22960,0,Regular Cutomers
22961,5,Low-Value Occasional Customers
22962,0,Regular Cutomers
22963,4,Promotion Lovers
22964,3,Senior Karens
22965,7,Large Families
22968,0,Regular Cutomers
22969,7,Large Families
22970,1,Gamers
22971,5,Low-Value Occasional Customers
22972,8,Young Karens
22973,5,Low-Value Occasional Customers
22976,2,Clean & Green
22977,0,Regular Cutomers
22978,7,Large Families
22979,0,Regular Cutomers
22980,0,Regular Cutomers
22981,0,Regular Cutomers
22982,5,Low-Value Occasional Customers
22983,0,Regular Cutomers
22984,4,Promotion Lovers
22985,0,Regular Cutomers
22986,6,High-Value Customers
22987,5,Low-Value Occasional Customers
22990,1,Gamers
22992,0,Regular Cutomers
22993,0,Regular Cutomers
22994,8,Young Karens
22995,4,Promotion Lovers
22996,1,Gamers
22997,7,Large Families
22998,5,Low-Value Occasional Customers
22999,3,Senior Karens
23001,0,Regular Cutomers
23002,4,Promotion Lovers
23003,0,Regular Cutomers
23004,3,Senior Karens
23005,4,Promotion Lovers
23008,3,Senior Karens
23009,0,Regular Cutomers
23010,0,Regular Cutomers
23011,5,Low-Value Occasional Customers
23012,0,Regular Cutomers
23013,4,Promotion Lovers
23014,4,Promotion Lovers
23015,4,Promotion Lovers
23016,6,High-Value Customers
23018,7,Large Families
23019,5,Low-Value Occasional Customers
23020,0,Regular Cutomers
23021,5,Low-Value Occasional Customers
23022,0,Regular Cutomers
23023,0,Regular Cutomers
23024,5,Low-Value Occasional Customers
23026,6,High-Value Customers
23027,0,Regular Cutomers
23028,7,Large Families
23030,0,Regular Cutomers
23032,8,Young Karens
23033,4,Promotion Lovers
23034,1,Gamers
23035,0,Regular Cutomers
23037,8,Young Karens
23040,0,Regular Cutomers
23041,0,Regular Cutomers
23042,7,Large Families
23043,4,Promotion Lovers
23044,2,Clean & Green
23045,2,Clean & Green
23046,1,Gamers
23048,1,Gamers
23049,5,Low-Value Occasional Customers
23050,0,Regular Cutomers
23051,0,Regular Cutomers
23052,8,Young Karens
23053,5,Low-Value Occasional Customers
23054,7,Large Families
23055,4,Promotion Lovers
23056,3,Senior Karens
23057,6,High-Value Customers
23058,4,Promotion Lovers
23059,1,Gamers
23060,3,Senior Karens
23061,6,High-Value Customers
23062,6,High-Value Customers
23063,8,Young Karens
23065,1,Gamers
23066,4,Promotion Lovers
23067,4,Promotion Lovers
23068,3,Senior Karens
23069,2,Clean & Green
23070,4,Promotion Lovers
23071,8,Young Karens
23072,5,Low-Value Occasional Customers
23073,2,Clean & Green
23074,7,Large Families
23075,4,Promotion Lovers
23077,4,Promotion Lovers
23078,0,Regular Cutomers
23079,5,Low-Value Occasional Customers
23080,8,Young Karens
23082,6,High-Value Customers
23083,0,Regular Cutomers
23084,0,Regular Cutomers
23085,8,Young Karens
23086,1,Gamers
23087,0,Regular Cutomers
23088,7,Large Families
23089,5,Low-Value Occasional Customers
23090,7,Large Families
23091,4,Promotion Lovers
23092,5,Low-Value Occasional Customers
23093,8,Young Karens
23094,1,Gamers
23095,3,Senior Karens
23097,7,Large Families
23098,6,High-Value Customers
23099,5,Low-Value Occasional Customers
23100,0,Regular Cutomers
23101,7,Large Families
23102,0,Regular Cutomers
23103,7,Large Families
23104,7,Large Families
23105,5,Low-Value Occasional Customers
23106,7,Large Families
23107,8,Young Karens
23108,5,Low-Value Occasional Customers
23109,4,Promotion Lovers
23110,4,Promotion Lovers
23111,3,Senior Karens
23112,2,Clean & Green
23113,4,Promotion Lovers
23114,4,Promotion Lovers
23115,4,Promotion Lovers
23116,2,Clean & Green
23117,4,Promotion Lovers
23119,2,Clean & Green
23120,3,Senior Karens
23122,4,Promotion Lovers
23123,0,Regular Cutomers
23124,8,Young Karens
23125,5,Low-Value Occasional Customers
23126,2,Clean & Green
23127,6,High-Value Customers
23128,4,Promotion Lovers
23129,1,Gamers
23130,8,Young Karens
23132,4,Promotion Lovers
23133,5,Low-Value Occasional Customers
23134,1,Gamers
23135,4,Promotion Lovers
23136,4,Promotion Lovers
23137,4,Promotion Lovers
23138,6,High-Value Customers
23139,5,Low-Value Occasional Customers
23140,2,Clean & Green
23141,2,Clean & Green
23143,0,Regular Cutomers
23144,2,Clean & Green
23145,2,Clean & Green
23146,7,Large Families
23147,7,Large Families
23148,0,Regular Cutomers
23149,0,Regular Cutomers
23151,6,High-Value Customers
23152,8,Young Karens
23153,7,Large Families
23154,8,Young Karens
23155,2,Clean & Green
23156,4,Promotion Lovers
23157,6,High-Value Customers
23159,6,High-Value Customers
23160,3,Senior Karens
23161,6,High-Value Customers
23162,8,Young Karens
23163,7,Large Families
23164,6,High-Value Customers
23165,7,Large Families
23166,6,High-Value Customers
23167,0,Regular Cutomers
23168,0,Regular Cutomers
23169,4,Promotion Lovers
23170,7,Large Families
23171,5,Low-Value Occasional Customers
23172,0,Regular Cutomers
23173,6,High-Value Customers
23174,8,Young Karens
23175,0,Regular Cutomers
23176,1,Gamers
23177,2,Clean & Green
23178,6,High-Value Customers
23180,1,Gamers
23181,4,Promotion Lovers
23182,8,Young Karens
23184,8,Young Karens
23185,5,Low-Value Occasional Customers
23186,3,Senior Karens
23189,2,Clean & Green
23190,3,Senior Karens
23191,1,Gamers
23192,0,Regular Cutomers
23194,3,Senior Karens
23195,2,Clean & Green
23196,7,Large Families
23197,1,Gamers
23198,0,Regular Cutomers
23199,8,Young Karens
23200,2,Clean & Green
23201,4,Promotion Lovers
23202,0,Regular Cutomers
23203,2,Clean & Green
23205,8,Young Karens
23206,0,Regular Cutomers
23207,1,Gamers
23208,1,Gamers
23209,5,Low-Value Occasional Customers
23210,4,Promotion Lovers
23211,2,Clean & Green
23212,4,Promotion Lovers
23213,4,Promotion Lovers
23214,0,Regular Cutomers
23215,5,Low-Value Occasional Customers
23216,6,High-Value Customers
23217,7,Large Families
23219,2,Clean & Green
23220,5,Low-Value Occasional Customers
23221,6,High-Value Customers
23222,4,Promotion Lovers
23223,2,Clean & Green
23224,0,Regular Cutomers
23225,1,Gamers
23226,4,Promotion Lovers
23227,4,Promotion Lovers
23228,6,High-Value Customers
23230,5,Low-Value Occasional Customers
23231,1,Gamers
23232,3,Senior Karens
23233,7,Large Families
23234,0,Regular Cutomers
23235,3,Senior Karens
23236,0,Regular Cutomers
23237,2,Clean & Green
23238,4,Promotion Lovers
23239,0,Regular Cutomers
23240,1,Gamers
23241,8,Young Karens
23242,6,High-Value Customers
23243,6,High-Value Customers
23244,3,Senior Karens
23245,6,High-Value Customers
23246,2,Clean & Green
23247,6,High-Value Customers
23249,0,Regular Cutomers
23250,1,Gamers
23252,4,Promotion Lovers
23253,4,Promotion Lovers
23254,3,Senior Karens
23255,2,Clean & Green
23256,5,Low-Value Occasional Customers
23257,6,High-Value Customers
23258,4,Promotion Lovers
23259,4,Promotion Lovers
23260,4,Promotion Lovers
23261,3,Senior Karens
23262,5,Low-Value Occasional Customers
23264,0,Regular Cutomers
23265,5,Low-Value Occasional Customers
23266,5,Low-Value Occasional Customers
23267,1,Gamers
23268,0,Regular Cutomers
23269,6,High-Value Customers
23270,7,Large Families
23271,0,Regular Cutomers
23272,4,Promotion Lovers
23273,0,Regular Cutomers
23274,0,Regular Cutomers
23275,4,Promotion Lovers
23276,0,Regular Cutomers
23277,6,High-Value Customers
23278,7,Large Families
23279,1,Gamers
23280,5,Low-Value Occasional Customers
23281,7,Large Families
23283,6,High-Value Customers
23284,0,Regular Cutomers
23285,3,Senior Karens
23286,4,Promotion Lovers
23287,5,Low-Value Occasional Customers
23288,1,Gamers
23290,6,High-Value Customers
23291,0,Regular Cutomers
23292,0,Regular Cutomers
23293,4,Promotion Lovers
23294,1,Gamers
23295,8,Young Karens
23296,6,High-Value Customers
23297,4,Promotion Lovers
23298,6,High-Value Customers
23299,8,Young Karens
23300,4,Promotion Lovers
23302,0,Regular Cutomers
23303,5,Low-Value Occasional Customers
23304,2,Clean & Green
23305,4,Promotion Lovers
23306,0,Regular Cutomers
23307,0,Regular Cutomers
23308,5,Low-Value Occasional Customers
23310,2,Clean & Green
23312,0,Regular Cutomers
23313,0,Regular Cutomers
23314,8,Young Karens
23315,6,High-Value Customers
23317,0,Regular Cutomers
23319,8,Young Karens
23320,4,Promotion Lovers
23321,0,Regular Cutomers
23322,0,Regular Cutomers
23323,0,Regular Cutomers
23324,7,Large Families
23325,0,Regular Cutomers
23326,4,Promotion Lovers
23327,2,Clean & Green
23328,0,Regular Cutomers
23330,6,High-Value Customers
23331,7,Large Families
23334,8,Young Karens
23335,3,Senior Karens
23336,7,Large Families
23337,0,Regular Cutomers
23338,1,Gamers
23339,2,Clean & Green
23340,0,Regular Cutomers
23341,6,High-Value Customers
23342,1,Gamers
23343,0,Regular Cutomers
23344,7,Large Families
23345,4,Promotion Lovers
23346,5,Low-Value Occasional Customers
23347,4,Promotion Lovers
23348,5,Low-Value Occasional Customers
23349,4,Promotion Lovers
23350,8,Young Karens
23351,4,Promotion Lovers
23352,0,Regular Cutomers
23353,1,Gamers
23354,4,Promotion Lovers
23355,6,High-Value Customers
23356,6,High-Value Customers
23358,1,Gamers
23360,4,Promotion Lovers
23362,6,High-Value Customers
23363,0,Regular Cutomers
23364,4,Promotion Lovers
23365,4,Promotion Lovers
23366,2,Clean & Green
23368,1,Gamers
23369,1,Gamers
23370,8,Young Karens
23371,5,Low-Value Occasional Customers
23373,4,Promotion Lovers
23374,4,Promotion Lovers
23375,5,Low-Value Occasional Customers
23376,1,Gamers
23377,4,Promotion Lovers
23378,0,Regular Cutomers
23379,0,Regular Cutomers
23380,3,Senior Karens
23381,0,Regular Cutomers
23382,5,Low-Value Occasional Customers
23383,4,Promotion Lovers
23384,1,Gamers
23385,4,Promotion Lovers
23387,4,Promotion Lovers
23388,0,Regular Cutomers
23389,2,Clean & Green
23390,1,Gamers
23391,4,Promotion Lovers
23392,0,Regular Cutomers
23393,0,Regular Cutomers
23394,2,Clean & Green
23395,2,Clean & Green
23396,0,Regular Cutomers
23397,4,Promotion Lovers
23398,4,Promotion Lovers
23399,4,Promotion Lovers
23400,5,Low-Value Occasional Customers
23401,0,Regular Cutomers
23402,4,Promotion Lovers
23404,2,Clean & Green
23405,4,Promotion Lovers
23406,8,Young Karens
23407,6,High-Value Customers
23408,0,Regular Cutomers
23409,4,Promotion Lovers
23410,4,Promotion Lovers
23411,0,Regular Cutomers
23412,7,Large Families
23413,4,Promotion Lovers
23414,7,Large Families
23415,4,Promotion Lovers
23416,0,Regular Cutomers
23417,6,High-Value Customers
23418,6,High-Value Customers
23419,0,Regular Cutomers
23422,0,Regular Cutomers
23423,7,Large Families
23424,5,Low-Value Occasional Customers
23426,4,Promotion Lovers
23427,8,Young Karens
23429,0,Regular Cutomers
23430,2,Clean & Green
23431,0,Regular Cutomers
23432,4,Promotion Lovers
23433,6,High-Value Customers
23434,4,Promotion Lovers
23435,7,Large Families
23436,6,High-Value Customers
23437,3,Senior Karens
23438,4,Promotion Lovers
23439,5,Low-Value Occasional Customers
23440,2,Clean & Green
23442,5,Low-Value Occasional Customers
23444,4,Promotion Lovers
23445,0,Regular Cutomers
23447,5,Low-Value Occasional Customers
23448,1,Gamers
23449,4,Promotion Lovers
23450,5,Low-Value Occasional Customers
23451,3,Senior Karens
23452,5,Low-Value Occasional Customers
23453,5,Low-Value Occasional Customers
23454,4,Promotion Lovers
23455,1,Gamers
23457,4,Promotion Lovers
23458,4,Promotion Lovers
23459,4,Promotion Lovers
23460,5,Low-Value Occasional Customers
23461,1,Gamers
23462,7,Large Families
23464,2,Clean & Green
23465,0,Regular Cutomers
23468,5,Low-Value Occasional Customers
23469,0,Regular Cutomers
23471,2,Clean & Green
23472,0,Regular Cutomers
23473,5,Low-Value Occasional Customers
23475,7,Large Families
23476,5,Low-Value Occasional Customers
23477,6,High-Value Customers
23478,0,Regular Cutomers
23479,4,Promotion Lovers
23480,7,Large Families
23481,6,High-Value Customers
23482,3,Senior Karens
23483,1,Gamers
23485,0,Regular Cutomers
23486,8,Young Karens
23487,6,High-Value Customers
23489,5,Low-Value Occasional Customers
23490,1,Gamers
23492,3,Senior Karens
23493,4,Promotion Lovers
23494,2,Clean & Green
23495,4,Promotion Lovers
23496,5,Low-Value Occasional Customers
23497,4,Promotion Lovers
23498,6,High-Value Customers
23499,1,Gamers
23500,2,Clean & Green
23502,6,High-Value Customers
23503,5,Low-Value Occasional Customers
23506,6,High-Value Customers
23507,2,Clean & Green
23508,7,Large Families
23511,2,Clean & Green
23512,0,Regular Cutomers
23514,6,High-Value Customers
23515,6,High-Value Customers
23516,6,High-Value Customers
23519,5,Low-Value Occasional Customers
23520,2,Clean & Green
23522,0,Regular Cutomers
23523,1,Gamers
23524,5,Low-Value Occasional Customers
23526,1,Gamers
23527,7,Large Families
23528,0,Regular Cutomers
23529,0,Regular Cutomers
23530,3,Senior Karens
23533,0,Regular Cutomers
23535,0,Regular Cutomers
23536,7,Large Families
23537,4,Promotion Lovers
23538,0,Regular Cutomers
23539,6,High-Value Customers
23542,7,Large Families
23543,2,Clean & Green
23545,7,Large Families
23546,0,Regular Cutomers
23547,2,Clean & Green
23548,4,Promotion Lovers
23549,8,Young Karens
23550,4,Promotion Lovers
23551,8,Young Karens
23553,5,Low-Value Occasional Customers
23554,0,Regular Cutomers
23555,5,Low-Value Occasional Customers
23556,2,Clean & Green
23557,4,Promotion Lovers
23558,5,Low-Value Occasional Customers
23560,0,Regular Cutomers
23561,4,Promotion Lovers
23562,0,Regular Cutomers
23563,3,Senior Karens
23564,0,Regular Cutomers
23566,7,Large Families
23567,0,Regular Cutomers
23568,4,Promotion Lovers
23569,7,Large Families
23570,5,Low-Value Occasional Customers
23571,4,Promotion Lovers
23572,8,Young Karens
23573,0,Regular Cutomers
23575,2,Clean & Green
23576,4,Promotion Lovers
23577,3,Senior Karens
23578,8,Young Karens
23579,2,Clean & Green
23580,4,Promotion Lovers
23581,0,Regular Cutomers
23582,0,Regular Cutomers
23584,4,Promotion Lovers
23585,1,Gamers
23586,4,Promotion Lovers
23587,2,Clean & Green
23588,6,High-Value Customers
23589,4,Promotion Lovers
23590,6,High-Value Customers
23592,6,High-Value Customers
23593,6,High-Value Customers
23594,8,Young Karens
23595,0,Regular Cutomers
23596,2,Clean & Green
23597,2,Clean & Green
23599,5,Low-Value Occasional Customers
23600,8,Young Karens
23602,3,Senior Karens
23603,7,Large Families
23604,4,Promotion Lovers
23605,2,Clean & Green
23606,4,Promotion Lovers
23608,2,Clean & Green
23609,3,Senior Karens
23610,0,Regular Cutomers
23611,8,Young Karens
23612,0,Regular Cutomers
23613,0,Regular Cutomers
23614,0,Regular Cutomers
23615,7,Large Families
23616,0,Regular Cutomers
23617,1,Gamers
23618,1,Gamers
23619,0,Regular Cutomers
23620,0,Regular Cutomers
23621,1,Gamers
23622,1,Gamers
23624,5,Low-Value Occasional Customers
23625,3,Senior Karens
23626,5,Low-Value Occasional Customers
23627,6,High-Value Customers
23628,2,Clean & Green
23629,4,Promotion Lovers
23630,8,Young Karens
23631,6,High-Value Customers
23632,1,Gamers
23634,8,Young Karens
23635,7,Large Families
23636,7,Large Families
23637,0,Regular Cutomers
23638,0,Regular Cutomers
23639,5,Low-Value Occasional Customers
23640,4,Promotion Lovers
23641,1,Gamers
23642,5,Low-Value Occasional Customers
23643,3,Senior Karens
23644,2,Clean & Green
23645,5,Low-Value Occasional Customers
23647,6,High-Value Customers
23648,0,Regular Cutomers
23649,3,Senior Karens
23650,8,Young Karens
23651,0,Regular Cutomers
23652,7,Large Families
23653,4,Promotion Lovers
23655,4,Promotion Lovers
23657,6,High-Value Customers
23658,8,Young Karens
23659,0,Regular Cutomers
23660,1,Gamers
23661,4,Promotion Lovers
23663,8,Young Karens
23664,4,Promotion Lovers
23665,4,Promotion Lovers
23666,3,Senior Karens
23667,2,Clean & Green
23668,0,Regular Cutomers
23669,0,Regular Cutomers
23670,4,Promotion Lovers
23672,0,Regular Cutomers
23673,0,Regular Cutomers
23674,5,Low-Value Occasional Customers
23677,0,Regular Cutomers
23678,5,Low-Value Occasional Customers
23679,0,Regular Cutomers
23680,7,Large Families
23681,2,Clean & Green
23683,6,High-Value Customers
23684,4,Promotion Lovers
23685,8,Young Karens
23686,0,Regular Cutomers
23688,0,Regular Cutomers
23690,1,Gamers
23691,0,Regular Cutomers
23692,7,Large Families
23693,0,Regular Cutomers
23694,7,Large Families
23695,4,Promotion Lovers
23696,7,Large Families
23697,8,Young Karens
23698,4,Promotion Lovers
23699,5,Low-Value Occasional Customers
23700,3,Senior Karens
23701,1,Gamers
23702,4,Promotion Lovers
23703,5,Low-Value Occasional Customers
23704,0,Regular Cutomers
23705,5,Low-Value Occasional Customers
23706,1,Gamers
23707,2,Clean & Green
23708,7,Large Families
23709,8,Young Karens
23710,4,Promotion Lovers
23711,6,High-Value Customers
23712,4,Promotion Lovers
23713,8,Young Karens
23714,7,Large Families
23715,1,Gamers
23716,0,Regular Cutomers
23717,6,High-Value Customers
23718,7,Large Families
23720,0,Regular Cutomers
23721,4,Promotion Lovers
23722,0,Regular Cutomers
23723,0,Regular Cutomers
23724,5,Low-Value Occasional Customers
23725,4,Promotion Lovers
23726,4,Promotion Lovers
23727,7,Large Families
23728,8,Young Karens
23729,5,Low-Value Occasional Customers
23730,6,High-Value Customers
23732,6,High-Value Customers
23733,4,Promotion Lovers
23734,7,Large Families
23735,8,Young Karens
23736,0,Regular Cutomers
23737,2,Clean & Green
23739,1,Gamers
23742,0,Regular Cutomers
23744,0,Regular Cutomers
23746,7,Large Families
23747,0,Regular Cutomers
23749,0,Regular Cutomers
23750,1,Gamers
23751,0,Regular Cutomers
23752,1,Gamers
23753,4,Promotion Lovers
23754,0,Regular Cutomers
23755,4,Promotion Lovers
23757,1,Gamers
23758,8,Young Karens
23760,5,Low-Value Occasional Customers
23761,3,Senior Karens
23762,8,Young Karens
23763,6,High-Value Customers
23764,5,Low-Value Occasional Customers
23765,5,Low-Value Occasional Customers
23766,5,Low-Value Occasional Customers
23767,4,Promotion Lovers
23768,3,Senior Karens
23769,4,Promotion Lovers
23770,0,Regular Cutomers
23771,2,Clean & Green
23772,0,Regular Cutomers
23773,1,Gamers
23774,4,Promotion Lovers
23775,1,Gamers
23776,8,Young Karens
23777,4,Promotion Lovers
23778,4,Promotion Lovers
23779,4,Promotion Lovers
23780,0,Regular Cutomers
23781,7,Large Families
23782,5,Low-Value Occasional Customers
23783,4,Promotion Lovers
23784,6,High-Value Customers
23785,0,Regular Cutomers
23786,0,Regular Cutomers
23787,4,Promotion Lovers
23789,1,Gamers
23790,2,Clean & Green
23791,7,Large Families
23793,4,Promotion Lovers
23794,0,Regular Cutomers
23795,0,Regular Cutomers
23796,7,Large Families
23797,0,Regular Cutomers
23798,4,Promotion Lovers
23799,6,High-Value Customers
23800,4,Promotion Lovers
23801,5,Low-Value Occasional Customers
23802,0,Regular Cutomers
23803,7,Large Families
23804,0,Regular Cutomers
23805,0,Regular Cutomers
23806,0,Regular Cutomers
23807,1,Gamers
23808,7,Large Families
23809,1,Gamers
23810,4,Promotion Lovers
23811,4,Promotion Lovers
23812,4,Promotion Lovers
23813,7,Large Families
23814,5,Low-Value Occasional Customers
23815,0,Regular Cutomers
23816,0,Regular Cutomers
23817,6,High-Value Customers
23818,6,High-Value Customers
23819,0,Regular Cutomers
23820,0,Regular Cutomers
23821,4,Promotion Lovers
23822,0,Regular Cutomers
23823,4,Promotion Lovers
23824,6,High-Value Customers
23826,8,Young Karens
23828,4,Promotion Lovers
23830,4,Promotion Lovers
23831,2,Clean & Green
23832,2,Clean & Green
23833,4,Promotion Lovers
23835,5,Low-Value Occasional Customers
23836,5,Low-Value Occasional Customers
23837,6,High-Value Customers
23838,6,High-Value Customers
23839,2,Clean & Green
23840,0,Regular Cutomers
23842,7,Large Families
23843,4,Promotion Lovers
23844,0,Regular Cutomers
23845,0,Regular Cutomers
23846,0,Regular Cutomers
23847,7,Large Families
23848,1,Gamers
23850,1,Gamers
23851,4,Promotion Lovers
23852,0,Regular Cutomers
23853,8,Young Karens
23855,4,Promotion Lovers
23856,4,Promotion Lovers
23857,5,Low-Value Occasional Customers
23860,3,Senior Karens
23861,7,Large Families
23863,2,Clean & Green
23865,2,Clean & Green
23867,7,Large Families
23868,5,Low-Value Occasional Customers
23869,4,Promotion Lovers
23870,7,Large Families
23871,5,Low-Value Occasional Customers
23872,8,Young Karens
23876,4,Promotion Lovers
23878,5,Low-Value Occasional Customers
23879,0,Regular Cutomers
23880,4,Promotion Lovers
23881,4,Promotion Lovers
23882,8,Young Karens
23885,1,Gamers
23886,2,Clean & Green
23887,0,Regular Cutomers
23888,0,Regular Cutomers
23890,4,Promotion Lovers
23891,8,Young Karens
23892,6,High-Value Customers
23893,7,Large Families
23894,6,High-Value Customers
23895,6,High-Value Customers
23896,0,Regular Cutomers
23897,6,High-Value Customers
23898,4,Promotion Lovers
23899,1,Gamers
23900,3,Senior Karens
23901,4,Promotion Lovers
23902,5,Low-Value Occasional Customers
23903,5,Low-Value Occasional Customers
23904,4,Promotion Lovers
23905,0,Regular Cutomers
23906,8,Young Karens
23907,0,Regular Cutomers
23908,6,High-Value Customers
23909,3,Senior Karens
23910,4,Promotion Lovers
23911,0,Regular Cutomers
23912,7,Large Families
23913,2,Clean & Green
23914,2,Clean & Green
23915,1,Gamers
23917,4,Promotion Lovers
23918,6,High-Value Customers
23919,0,Regular Cutomers
23921,4,Promotion Lovers
23923,7,Large Families
23924,2,Clean & Green
23925,8,Young Karens
23926,5,Low-Value Occasional Customers
23928,8,Young Karens
23929,0,Regular Cutomers
23930,3,Senior Karens
23932,3,Senior Karens
23933,4,Promotion Lovers
23934,6,High-Value Customers
23935,4,Promotion Lovers
23936,7,Large Families
23937,2,Clean & Green
23939,1,Gamers
23940,3,Senior Karens
23941,6,High-Value Customers
23942,2,Clean & Green
23943,4,Promotion Lovers
23945,7,Large Families
23946,2,Clean & Green
23947,0,Regular Cutomers
23948,8,Young Karens
23951,2,Clean & Green
23952,7,Large Families
23954,1,Gamers
23956,0,Regular Cutomers
23957,4,Promotion Lovers
23958,4,Promotion Lovers
23959,1,Gamers
23960,6,High-Value Customers
23961,2,Clean & Green
23963,0,Regular Cutomers
23964,8,Young Karens
23966,2,Clean & Green
23967,2,Clean & Green
23968,5,Low-Value Occasional Customers
23969,1,Gamers
23971,7,Large Families
23972,5,Low-Value Occasional Customers
23973,2,Clean & Green
23974,2,Clean & Green
23975,1,Gamers
23976,0,Regular Cutomers
23977,6,High-Value Customers
23978,0,Regular Cutomers
23981,2,Clean & Green
23982,0,Regular Cutomers
23983,4,Promotion Lovers
23984,6,High-Value Customers
23985,8,Young Karens
23986,6,High-Value Customers
23987,6,High-Value Customers
23988,6,High-Value Customers
23989,0,Regular Cutomers
23991,4,Promotion Lovers
23993,1,Gamers
23994,0,Regular Cutomers
23996,5,Low-Value Occasional Customers
23998,0,Regular Cutomers
23999,8,Young Karens
24000,2,Clean & Green
24001,6,High-Value Customers
24002,4,Promotion Lovers
24003,6,High-Value Customers
24004,1,Gamers
24005,6,High-Value Customers
24006,4,Promotion Lovers
24007,5,Low-Value Occasional Customers
24008,0,Regular Cutomers
24009,1,Gamers
24011,6,High-Value Customers
24013,3,Senior Karens
24014,1,Gamers
24015,5,Low-Value Occasional Customers
24017,6,High-Value Customers
24020,4,Promotion Lovers
24021,0,Regular Cutomers
24022,8,Young Karens
24024,7,Large Families
24025,3,Senior Karens
24026,6,High-Value Customers
24027,8,Young Karens
24028,4,Promotion Lovers
24029,7,Large Families
24030,0,Regular Cutomers
24031,0,Regular Cutomers
24032,7,Large Families
24033,6,High-Value Customers
24034,4,Promotion Lovers
24035,4,Promotion Lovers
24036,4,Promotion Lovers
24037,6,High-Value Customers
24038,6,High-Value Customers
24040,8,Young Karens
24041,2,Clean & Green
24042,4,Promotion Lovers
24043,2,Clean & Green
24044,4,Promotion Lovers
24045,6,High-Value Customers
24046,4,Promotion Lovers
24048,6,High-Value Customers
24049,2,Clean & Green
24050,0,Regular Cutomers
24051,1,Gamers
24052,2,Clean & Green
24053,8,Young Karens
24054,8,Young Karens
24055,0,Regular Cutomers
24056,5,Low-Value Occasional Customers
24057,8,Young Karens
24058,1,Gamers
24059,3,Senior Karens
24060,7,Large Families
24061,6,High-Value Customers
24063,7,Large Families
24064,6,High-Value Customers
24065,6,High-Value Customers
24066,7,Large Families
24067,2,Clean & Green
24068,5,Low-Value Occasional Customers
24069,1,Gamers
24070,6,High-Value Customers
24071,4,Promotion Lovers
24072,7,Large Families
24073,0,Regular Cutomers
24074,5,Low-Value Occasional Customers
24076,1,Gamers
24080,4,Promotion Lovers
24081,4,Promotion Lovers
24082,0,Regular Cutomers
24084,5,Low-Value Occasional Customers
24085,3,Senior Karens
24086,7,Large Families
24087,4,Promotion Lovers
24088,5,Low-Value Occasional Customers
24089,5,Low-Value Occasional Customers
24090,7,Large Families
24092,6,High-Value Customers
24093,7,Large Families
24094,2,Clean & Green
24095,4,Promotion Lovers
24096,0,Regular Cutomers
24097,3,Senior Karens
24098,0,Regular Cutomers
24099,5,Low-Value Occasional Customers
24100,2,Clean & Green
24101,4,Promotion Lovers
24103,3,Senior Karens
24104,8,Young Karens
24105,3,Senior Karens
24106,5,Low-Value Occasional Customers
24107,3,Senior Karens
24108,6,High-Value Customers
24109,1,Gamers
24110,3,Senior Karens
24111,0,Regular Cutomers
24112,7,Large Families
24113,6,High-Value Customers
24114,0,Regular Cutomers
24115,1,Gamers
24117,4,Promotion Lovers
24119,7,Large Families
24120,8,Young Karens
24121,0,Regular Cutomers
24123,6,High-Value Customers
24124,1,Gamers
24125,4,Promotion Lovers
24127,6,High-Value Customers
24128,0,Regular Cutomers
24129,2,Clean & Green
24130,6,High-Value Customers
24131,7,Large Families
24133,4,Promotion Lovers
24134,5,Low-Value Occasional Customers
24135,0,Regular Cutomers
24136,2,Clean & Green
24137,1,Gamers
24138,2,Clean & Green
24139,5,Low-Value Occasional Customers
24140,8,Young Karens
24141,5,Low-Value Occasional Customers
24143,0,Regular Cutomers
24144,4,Promotion Lovers
24146,4,Promotion Lovers
24148,1,Gamers
24149,1,Gamers
24150,0,Regular Cutomers
24151,0,Regular Cutomers
24153,5,Low-Value Occasional Customers
24154,0,Regular Cutomers
24157,6,High-Value Customers
24158,2,Clean & Green
24159,1,Gamers
24160,3,Senior Karens
24162,7,Large Families
24164,8,Young Karens
24165,1,Gamers
24166,2,Clean & Green
24167,8,Young Karens
24168,2,Clean & Green
24169,4,Promotion Lovers
24170,6,High-Value Customers
24171,4,Promotion Lovers
24173,3,Senior Karens
24174,0,Regular Cutomers
24175,6,High-Value Customers
24176,5,Low-Value Occasional Customers
24177,8,Young Karens
24178,6,High-Value Customers
24179,6,High-Value Customers
24180,0,Regular Cutomers
24182,2,Clean & Green
24183,8,Young Karens
24184,1,Gamers
24185,6,High-Value Customers
24186,4,Promotion Lovers
24187,2,Clean & Green
24188,0,Regular Cutomers
24189,1,Gamers
24190,4,Promotion Lovers
24191,4,Promotion Lovers
24192,5,Low-Value Occasional Customers
24193,3,Senior Karens
24194,5,Low-Value Occasional Customers
24195,1,Gamers
24196,0,Regular Cutomers
24197,0,Regular Cutomers
24198,6,High-Value Customers
24199,1,Gamers
24201,1,Gamers
24203,2,Clean & Green
24204,0,Regular Cutomers
24205,7,Large Families
24206,8,Young Karens
24209,2,Clean & Green
24210,6,High-Value Customers
24211,8,Young Karens
24212,3,Senior Karens
24213,3,Senior Karens
24214,0,Regular Cutomers
24216,7,Large Families
24217,5,Low-Value Occasional Customers
24218,6,High-Value Customers
24219,8,Young Karens
24220,6,High-Value Customers
24221,8,Young Karens
24222,6,High-Value Customers
24223,8,Young Karens
24224,3,Senior Karens
24225,2,Clean & Green
24226,0,Regular Cutomers
24228,6,High-Value Customers
24229,2,Clean & Green
24230,0,Regular Cutomers
24231,6,High-Value Customers
24232,0,Regular Cutomers
24233,1,Gamers
24234,8,Young Karens
24235,3,Senior Karens
24236,5,Low-Value Occasional Customers
24237,1,Gamers
24238,5,Low-Value Occasional Customers
24239,1,Gamers
24240,8,Young Karens
24241,1,Gamers
24242,0,Regular Cutomers
24243,8,Young Karens
24244,0,Regular Cutomers
24245,5,Low-Value Occasional Customers
24246,0,Regular Cutomers
24247,1,Gamers
24250,5,Low-Value Occasional Customers
24252,6,High-Value Customers
24253,0,Regular Cutomers
24254,1,Gamers
24255,0,Regular Cutomers
24256,4,Promotion Lovers
24257,6,High-Value Customers
24258,0,Regular Cutomers
24259,0,Regular Cutomers
24260,8,Young Karens
24262,0,Regular Cutomers
24264,4,Promotion Lovers
24265,0,Regular Cutomers
24266,1,Gamers
24267,7,Large Families
24268,4,Promotion Lovers
24269,8,Young Karens
24270,4,Promotion Lovers
24271,8,Young Karens
24272,0,Regular Cutomers
24273,3,Senior Karens
24274,4,Promotion Lovers
24275,0,Regular Cutomers
24278,8,Young Karens
24279,5,Low-Value Occasional Customers
24280,5,Low-Value Occasional Customers
24282,0,Regular Cutomers
24283,5,Low-Value Occasional Customers
24285,0,Regular Cutomers
24286,6,High-Value Customers
24287,0,Regular Cutomers
24288,8,Young Karens
24290,8,Young Karens
24291,0,Regular Cutomers
24292,6,High-Value Customers
24294,8,Young Karens
24295,0,Regular Cutomers
24296,5,Low-Value Occasional Customers
24298,0,Regular Cutomers
24299,1,Gamers
24300,1,Gamers
24301,6,High-Value Customers
24302,6,High-Value Customers
24303,8,Young Karens
24304,4,Promotion Lovers
24305,5,Low-Value Occasional Customers
24307,7,Large Families
24308,2,Clean & Green
24309,8,Young Karens
24310,6,High-Value Customers
24312,7,Large Families
24313,7,Large Families
24314,2,Clean & Green
24316,2,Clean & Green
24317,5,Low-Value Occasional Customers
24318,3,Senior Karens
24319,4,Promotion Lovers
24320,7,Large Families
24321,6,High-Value Customers
24322,2,Clean & Green
24323,6,High-Value Customers
24324,0,Regular Cutomers
24325,2,Clean & Green
24327,8,Young Karens
24328,2,Clean & Green
24329,4,Promotion Lovers
24330,2,Clean & Green
24331,5,Low-Value Occasional Customers
24332,4,Promotion Lovers
24333,0,Regular Cutomers
24334,0,Regular Cutomers
24335,4,Promotion Lovers
24336,3,Senior Karens
24337,5,Low-Value Occasional Customers
24338,4,Promotion Lovers
24339,6,High-Value Customers
24341,3,Senior Karens
24342,0,Regular Cutomers
24343,2,Clean & Green
24344,7,Large Families
24347,0,Regular Cutomers
24349,4,Promotion Lovers
24350,5,Low-Value Occasional Customers
24351,4,Promotion Lovers
24353,4,Promotion Lovers
24354,2,Clean & Green
24355,3,Senior Karens
24356,1,Gamers
24357,4,Promotion Lovers
24359,5,Low-Value Occasional Customers
24360,1,Gamers
24361,8,Young Karens
24362,1,Gamers
24363,4,Promotion Lovers
24364,0,Regular Cutomers
24365,2,Clean & Green
24367,6,High-Value Customers
24368,6,High-Value Customers
24369,0,Regular Cutomers
24371,1,Gamers
24372,4,Promotion Lovers
24374,8,Young Karens
24375,2,Clean & Green
24376,0,Regular Cutomers
24378,3,Senior Karens
24380,6,High-Value Customers
24381,5,Low-Value Occasional Customers
24383,2,Clean & Green
24384,0,Regular Cutomers
24386,0,Regular Cutomers
24387,0,Regular Cutomers
24388,0,Regular Cutomers
24389,3,Senior Karens
24390,0,Regular Cutomers
24392,6,High-Value Customers
24393,0,Regular Cutomers
24396,4,Promotion Lovers
24397,0,Regular Cutomers
24398,0,Regular Cutomers
24399,8,Young Karens
24400,7,Large Families
24401,7,Large Families
24402,4,Promotion Lovers
24404,3,Senior Karens
24405,8,Young Karens
24406,0,Regular Cutomers
24409,2,Clean & Green
24411,1,Gamers
24412,2,Clean & Green
24413,4,Promotion Lovers
24414,3,Senior Karens
24415,4,Promotion Lovers
24416,0,Regular Cutomers
24418,1,Gamers
24419,7,Large Families
24420,7,Large Families
24421,1,Gamers
24423,7,Large Families
24424,4,Promotion Lovers
24425,5,Low-Value Occasional Customers
24426,8,Young Karens
24427,4,Promotion Lovers
24428,8,Young Karens
24430,0,Regular Cutomers
24431,0,Regular Cutomers
24432,6,High-Value Customers
24434,5,Low-Value Occasional Customers
24435,0,Regular Cutomers
24436,7,Large Families
24438,4,Promotion Lovers
24439,2,Clean & Green
24440,8,Young Karens
24441,1,Gamers
24443,0,Regular Cutomers
24446,4,Promotion Lovers
24448,3,Senior Karens
24449,0,Regular Cutomers
24450,1,Gamers
24451,4,Promotion Lovers
24452,4,Promotion Lovers
24453,4,Promotion Lovers
24454,1,Gamers
24455,0,Regular Cutomers
24456,7,Large Families
24457,4,Promotion Lovers
24459,5,Low-Value Occasional Customers
24460,5,Low-Value Occasional Customers
24461,4,Promotion Lovers
24462,0,Regular Cutomers
24463,5,Low-Value Occasional Customers
24464,2,Clean & Green
24465,7,Large Families
24466,0,Regular Cutomers
24469,4,Promotion Lovers
24471,4,Promotion Lovers
24473,4,Promotion Lovers
24475,0,Regular Cutomers
24476,1,Gamers
24477,4,Promotion Lovers
24478,7,Large Families
24479,4,Promotion Lovers
24480,5,Low-Value Occasional Customers
24481,2,Clean & Green
24482,4,Promotion Lovers
24483,0,Regular Cutomers
24484,0,Regular Cutomers
24485,5,Low-Value Occasional Customers
24486,6,High-Value Customers
24487,4,Promotion Lovers
24488,0,Regular Cutomers
24489,2,Clean & Green
24490,0,Regular Cutomers
24491,2,Clean & Green
24492,2,Clean & Green
24493,1,Gamers
24494,5,Low-Value Occasional Customers
24495,4,Promotion Lovers
24496,7,Large Families
24497,0,Regular Cutomers
24498,0,Regular Cutomers
24499,4,Promotion Lovers
24500,1,Gamers
24501,1,Gamers
24502,2,Clean & Green
24503,4,Promotion Lovers
24504,4,Promotion Lovers
24505,2,Clean & Green
24506,0,Regular Cutomers
24507,1,Gamers
24508,7,Large Families
24509,4,Promotion Lovers
24510,1,Gamers
24512,7,Large Families
24513,5,Low-Value Occasional Customers
24515,4,Promotion Lovers
24516,0,Regular Cutomers
24517,0,Regular Cutomers
24518,2,Clean & Green
24519,8,Young Karens
24520,5,Low-Value Occasional Customers
24521,0,Regular Cutomers
24522,0,Regular Cutomers
24523,8,Young Karens
24524,3,Senior Karens
24525,4,Promotion Lovers
24526,2,Clean & Green
24527,0,Regular Cutomers
24528,5,Low-Value Occasional Customers
24529,0,Regular Cutomers
24531,0,Regular Cutomers
24532,4,Promotion Lovers
24533,2,Clean & Green
24534,8,Young Karens
24535,4,Promotion Lovers
24536,8,Young Karens
24537,6,High-Value Customers
24538,3,Senior Karens
24539,0,Regular Cutomers
24540,4,Promotion Lovers
24541,0,Regular Cutomers
24542,1,Gamers
24543,4,Promotion Lovers
24545,7,Large Families
24546,8,Young Karens
24547,5,Low-Value Occasional Customers
24548,4,Promotion Lovers
24549,0,Regular Cutomers
24550,5,Low-Value Occasional Customers
24552,3,Senior Karens
24553,4,Promotion Lovers
24555,6,High-Value Customers
24557,7,Large Families
24558,7,Large Families
24559,5,Low-Value Occasional Customers
24560,0,Regular Cutomers
24561,8,Young Karens
24562,7,Large Families
24563,4,Promotion Lovers
24564,0,Regular Cutomers
24566,2,Clean & Green
24567,4,Promotion Lovers
24568,6,High-Value Customers
24569,7,Large Families
24570,2,Clean & Green
24572,0,Regular Cutomers
24573,4,Promotion Lovers
24574,0,Regular Cutomers
24575,4,Promotion Lovers
24576,1,Gamers
24577,4,Promotion Lovers
24578,0,Regular Cutomers
24580,3,Senior Karens
24581,1,Gamers
24582,4,Promotion Lovers
24583,4,Promotion Lovers
24584,0,Regular Cutomers
24585,4,Promotion Lovers
24587,7,Large Families
24588,8,Young Karens
24590,2,Clean & Green
24591,8,Young Karens
24592,0,Regular Cutomers
24594,0,Regular Cutomers
24595,6,High-Value Customers
24596,7,Large Families
24597,6,High-Value Customers
24598,8,Young Karens
24600,0,Regular Cutomers
24603,1,Gamers
24605,5,Low-Value Occasional Customers
24606,7,Large Families
24607,0,Regular Cutomers
24608,5,Low-Value Occasional Customers
24610,0,Regular Cutomers
24611,4,Promotion Lovers
24613,7,Large Families
24614,2,Clean & Green
24615,0,Regular Cutomers
24616,7,Large Families
24618,5,Low-Value Occasional Customers
24619,7,Large Families
24620,0,Regular Cutomers
24621,8,Young Karens
24622,7,Large Families
24623,8,Young Karens
24625,7,Large Families
24627,8,Young Karens
24628,0,Regular Cutomers
24629,1,Gamers
24632,1,Gamers
24633,4,Promotion Lovers
24634,4,Promotion Lovers
24635,0,Regular Cutomers
24636,0,Regular Cutomers
24637,2,Clean & Green
24640,1,Gamers
24641,0,Regular Cutomers
24643,8,Young Karens
24644,5,Low-Value Occasional Customers
24645,6,High-Value Customers
24647,5,Low-Value Occasional Customers
24648,1,Gamers
24649,6,High-Value Customers
24650,5,Low-Value Occasional Customers
24652,5,Low-Value Occasional Customers
24654,7,Large Families
24655,1,Gamers
24656,8,Young Karens
24657,0,Regular Cutomers
24658,4,Promotion Lovers
24659,4,Promotion Lovers
24660,5,Low-Value Occasional Customers
24661,0,Regular Cutomers
24662,8,Young Karens
24663,0,Regular Cutomers
24664,4,Promotion Lovers
24665,2,Clean & Green
24666,4,Promotion Lovers
24667,7,Large Families
24668,1,Gamers
24669,2,Clean & Green
24670,0,Regular Cutomers
24671,5,Low-Value Occasional Customers
24672,5,Low-Value Occasional Customers
24673,6,High-Value Customers
24674,8,Young Karens
24675,0,Regular Cutomers
24677,2,Clean & Green
24678,0,Regular Cutomers
24680,5,Low-Value Occasional Customers
24681,4,Promotion Lovers
24685,2,Clean & Green
24686,4,Promotion Lovers
24687,5,Low-Value Occasional Customers
24688,7,Large Families
24689,0,Regular Cutomers
24690,4,Promotion Lovers
24691,5,Low-Value Occasional Customers
24692,4,Promotion Lovers
24693,2,Clean & Green
24694,0,Regular Cutomers
24696,5,Low-Value Occasional Customers
24697,4,Promotion Lovers
24698,0,Regular Cutomers
24700,7,Large Families
24701,0,Regular Cutomers
24703,0,Regular Cutomers
24704,4,Promotion Lovers
24705,4,Promotion Lovers
24707,4,Promotion Lovers
24708,0,Regular Cutomers
24709,1,Gamers
24710,0,Regular Cutomers
24711,0,Regular Cutomers
24712,0,Regular Cutomers
24713,6,High-Value Customers
24714,6,High-Value Customers
24715,2,Clean & Green
24717,0,Regular Cutomers
24718,0,Regular Cutomers
24719,7,Large Families
24720,5,Low-Value Occasional Customers
24721,4,Promotion Lovers
24722,0,Regular Cutomers
24723,8,Young Karens
24724,7,Large Families
24727,6,High-Value Customers
24728,2,Clean & Green
24731,2,Clean & Green
24732,7,Large Families
24734,8,Young Karens
24735,6,High-Value Customers
24736,8,Young Karens
24737,0,Regular Cutomers
24738,5,Low-Value Occasional Customers
24739,7,Large Families
24740,8,Young Karens
24741,7,Large Families
24742,3,Senior Karens
24743,4,Promotion Lovers
24745,0,Regular Cutomers
24746,6,High-Value Customers
24747,0,Regular Cutomers
24748,5,Low-Value Occasional Customers
24749,4,Promotion Lovers
24750,5,Low-Value Occasional Customers
24751,6,High-Value Customers
24752,0,Regular Cutomers
24753,4,Promotion Lovers
24754,7,Large Families
24755,0,Regular Cutomers
24757,1,Gamers
24758,6,High-Value Customers
24759,5,Low-Value Occasional Customers
24762,7,Large Families
24765,4,Promotion Lovers
24766,4,Promotion Lovers
24767,5,Low-Value Occasional Customers
24768,3,Senior Karens
24769,7,Large Families
24770,0,Regular Cutomers
24771,0,Regular Cutomers
24772,7,Large Families
24773,2,Clean & Green
24774,0,Regular Cutomers
24775,7,Large Families
24776,5,Low-Value Occasional Customers
24777,0,Regular Cutomers
24778,4,Promotion Lovers
24779,0,Regular Cutomers
24782,6,High-Value Customers
24783,0,Regular Cutomers
24784,0,Regular Cutomers
24785,4,Promotion Lovers
24786,0,Regular Cutomers
24787,0,Regular Cutomers
24788,2,Clean & Green
24789,8,Young Karens
24790,7,Large Families
24791,2,Clean & Green
24793,0,Regular Cutomers
24794,8,Young Karens
24796,7,Large Families
24797,6,High-Value Customers
24798,0,Regular Cutomers
24800,7,Large Families
24801,4,Promotion Lovers
24802,5,Low-Value Occasional Customers
24803,7,Large Families
24805,7,Large Families
24807,7,Large Families
24808,4,Promotion Lovers
24809,0,Regular Cutomers
24810,1,Gamers
24811,2,Clean & Green
24812,0,Regular Cutomers
24813,4,Promotion Lovers
24814,8,Young Karens
24815,6,High-Value Customers
24816,7,Large Families
24817,8,Young Karens
24818,0,Regular Cutomers
24819,5,Low-Value Occasional Customers
24820,0,Regular Cutomers
24821,5,Low-Value Occasional Customers
24827,4,Promotion Lovers
24828,7,Large Families
24829,5,Low-Value Occasional Customers
24830,0,Regular Cutomers
24831,0,Regular Cutomers
24833,0,Regular Cutomers
24835,0,Regular Cutomers
24836,0,Regular Cutomers
24837,5,Low-Value Occasional Customers
24838,4,Promotion Lovers
24839,0,Regular Cutomers
24840,7,Large Families
24841,3,Senior Karens
24842,0,Regular Cutomers
24844,1,Gamers
24845,2,Clean & Green
24846,0,Regular Cutomers
24847,0,Regular Cutomers
24848,3,Senior Karens
24849,6,High-Value Customers
24850,5,Low-Value Occasional Customers
24852,0,Regular Cutomers
24853,0,Regular Cutomers
24854,4,Promotion Lovers
24855,0,Regular Cutomers
24858,5,Low-Value Occasional Customers
24859,4,Promotion Lovers
24860,2,Clean & Green
24862,1,Gamers
24863,8,Young Karens
24864,4,Promotion Lovers
24865,8,Young Karens
24866,0,Regular Cutomers
24867,0,Regular Cutomers
24868,8,Young Karens
24869,0,Regular Cutomers
24870,3,Senior Karens
24871,0,Regular Cutomers
24872,8,Young Karens
24874,6,High-Value Customers
24875,7,Large Families
24876,7,Large Families
24877,4,Promotion Lovers
24878,4,Promotion Lovers
24880,2,Clean & Green
24881,4,Promotion Lovers
24882,1,Gamers
24883,0,Regular Cutomers
24885,4,Promotion Lovers
24886,2,Clean & Green
24887,0,Regular Cutomers
24888,5,Low-Value Occasional Customers
24889,3,Senior Karens
24891,2,Clean & Green
24892,0,Regular Cutomers
24893,8,Young Karens
24894,0,Regular Cutomers
24897,1,Gamers
24899,0,Regular Cutomers
24900,0,Regular Cutomers
24901,0,Regular Cutomers
24904,5,Low-Value Occasional Customers
24905,5,Low-Value Occasional Customers
24906,5,Low-Value Occasional Customers
24907,7,Large Families
24908,0,Regular Cutomers
24909,1,Gamers
24911,0,Regular Cutomers
24912,0,Regular Cutomers
24913,4,Promotion Lovers
24914,0,Regular Cutomers
24916,7,Large Families
24917,5,Low-Value Occasional Customers
24918,1,Gamers
24919,7,Large Families
24920,1,Gamers
24921,8,Young Karens
24922,1,Gamers
24923,8,Young Karens
24924,0,Regular Cutomers
24925,7,Large Families
24926,7,Large Families
24927,5,Low-Value Occasional Customers
24928,7,Large Families
24929,2,Clean & Green
24930,7,Large Families
24931,4,Promotion Lovers
24932,3,Senior Karens
24933,8,Young Karens
24934,1,Gamers
24935,5,Low-Value Occasional Customers
24936,6,High-Value Customers
24937,6,High-Value Customers
24938,7,Large Families
24939,4,Promotion Lovers
24941,0,Regular Cutomers
24942,0,Regular Cutomers
24943,2,Clean & Green
24944,0,Regular Cutomers
24945,2,Clean & Green
24948,6,High-Value Customers
24950,1,Gamers
24951,6,High-Value Customers
24952,2,Clean & Green
24953,2,Clean & Green
24954,5,Low-Value Occasional Customers
24956,7,Large Families
24957,7,Large Families
24958,0,Regular Cutomers
24959,2,Clean & Green
24960,2,Clean & Green
24961,1,Gamers
24963,4,Promotion Lovers
24964,0,Regular Cutomers
24965,4,Promotion Lovers
24967,5,Low-Value Occasional Customers
24969,6,High-Value Customers
24970,0,Regular Cutomers
24971,7,Large Families
24973,0,Regular Cutomers
24974,2,Clean & Green
24975,7,Large Families
24976,4,Promotion Lovers
24978,4,Promotion Lovers
24979,5,Low-Value Occasional Customers
24980,8,Young Karens
24981,0,Regular Cutomers
24982,0,Regular Cutomers
24983,4,Promotion Lovers
24984,4,Promotion Lovers
24985,2,Clean & Green
24987,0,Regular Cutomers
24989,4,Promotion Lovers
24990,8,Young Karens
24991,4,Promotion Lovers
24993,4,Promotion Lovers
24994,4,Promotion Lovers
24995,5,Low-Value Occasional Customers
24998,7,Large Families
25000,0,Regular Cutomers
25001,7,Large Families
25003,4,Promotion Lovers
25006,0,Regular Cutomers
25008,0,Regular Cutomers
25009,2,Clean & Green
25010,6,High-Value Customers
25011,2,Clean & Green
25012,0,Regular Cutomers
25013,0,Regular Cutomers
25014,2,Clean & Green
25015,5,Low-Value Occasional Customers
25016,5,Low-Value Occasional Customers
25017,5,Low-Value Occasional Customers
25018,0,Regular Cutomers
25019,0,Regular Cutomers
25020,5,Low-Value Occasional Customers
25021,8,Young Karens
25022,1,Gamers
25023,5,Low-Value Occasional Customers
25024,7,Large Families
25025,4,Promotion Lovers
25027,0,Regular Cutomers
25028,2,Clean & Green
25029,1,Gamers
25031,5,Low-Value Occasional Customers
25032,4,Promotion Lovers
25035,6,High-Value Customers
25036,6,High-Value Customers
25037,1,Gamers
25040,7,Large Families
25042,8,Young Karens
25045,7,Large Families
25047,2,Clean & Green
25048,4,Promotion Lovers
25049,0,Regular Cutomers
25050,0,Regular Cutomers
25053,7,Large Families
25054,5,Low-Value Occasional Customers
25055,8,Young Karens
25056,0,Regular Cutomers
25057,1,Gamers
25058,8,Young Karens
25059,4,Promotion Lovers
25060,0,Regular Cutomers
25065,8,Young Karens
25066,1,Gamers
25067,5,Low-Value Occasional Customers
25068,8,Young Karens
25069,2,Clean & Green
25070,5,Low-Value Occasional Customers
25071,4,Promotion Lovers
25072,5,Low-Value Occasional Customers
25073,0,Regular Cutomers
25075,3,Senior Karens
25077,0,Regular Cutomers
25078,4,Promotion Lovers
25079,0,Regular Cutomers
25080,3,Senior Karens
25081,2,Clean & Green
25082,0,Regular Cutomers
25083,0,Regular Cutomers
25084,1,Gamers
25085,5,Low-Value Occasional Customers
25086,0,Regular Cutomers
25087,7,Large Families
25088,0,Regular Cutomers
25089,8,Young Karens
25090,4,Promotion Lovers
25093,6,High-Value Customers
25095,0,Regular Cutomers
25096,1,Gamers
25097,7,Large Families
25098,0,Regular Cutomers
25099,7,Large Families
25100,7,Large Families
25103,5,Low-Value Occasional Customers
25104,0,Regular Cutomers
25105,2,Clean & Green
25106,1,Gamers
25107,0,Regular Cutomers
25108,0,Regular Cutomers
25109,7,Large Families
25110,0,Regular Cutomers
25111,0,Regular Cutomers
25112,6,High-Value Customers
25113,4,Promotion Lovers
25114,4,Promotion Lovers
25115,8,Young Karens
25116,0,Regular Cutomers
25117,4,Promotion Lovers
25118,1,Gamers
25119,4,Promotion Lovers
25120,3,Senior Karens
25121,1,Gamers
25122,0,Regular Cutomers
25123,2,Clean & Green
25124,4,Promotion Lovers
25125,5,Low-Value Occasional Customers
25126,4,Promotion Lovers
25127,7,Large Families
25129,0,Regular Cutomers
25130,8,Young Karens
25131,6,High-Value Customers
25132,4,Promotion Lovers
25133,0,Regular Cutomers
25134,6,High-Value Customers
25135,7,Large Families
25136,4,Promotion Lovers
25137,8,Young Karens
25138,0,Regular Cutomers
25139,0,Regular Cutomers
25140,4,Promotion Lovers
25141,1,Gamers
25143,0,Regular Cutomers
25144,0,Regular Cutomers
25146,0,Regular Cutomers
25147,4,Promotion Lovers
25148,2,Clean & Green
25149,8,Young Karens
25150,5,Low-Value Occasional Customers
25152,4,Promotion Lovers
25153,0,Regular Cutomers
25154,7,Large Families
25155,7,Large Families
25156,1,Gamers
25157,6,High-Value Customers
25158,0,Regular Cutomers
25159,2,Clean & Green
25160,0,Regular Cutomers
25161,7,Large Families
25162,1,Gamers
25163,8,Young Karens
25164,1,Gamers
25165,1,Gamers
25166,0,Regular Cutomers
25168,0,Regular Cutomers
25169,2,Clean & Green
25170,4,Promotion Lovers
25171,8,Young Karens
25172,2,Clean & Green
25173,5,Low-Value Occasional Customers
25174,0,Regular Cutomers
25175,0,Regular Cutomers
25176,0,Regular Cutomers
25177,6,High-Value Customers
25178,5,Low-Value Occasional Customers
25179,0,Regular Cutomers
25180,6,High-Value Customers
25182,4,Promotion Lovers
25183,7,Large Families
25184,1,Gamers
25187,5,Low-Value Occasional Customers
25188,5,Low-Value Occasional Customers
25189,5,Low-Value Occasional Customers
25190,4,Promotion Lovers
25191,0,Regular Cutomers
25192,1,Gamers
25193,0,Regular Cutomers
25194,4,Promotion Lovers
25195,0,Regular Cutomers
25196,1,Gamers
25197,1,Gamers
25198,1,Gamers
25199,2,Clean & Green
25200,5,Low-Value Occasional Customers
25201,1,Gamers
25202,4,Promotion Lovers
25203,3,Senior Karens
25204,6,High-Value Customers
25205,2,Clean & Green
25206,4,Promotion Lovers
25207,1,Gamers
25209,2,Clean & Green
25210,2,Clean & Green
25211,7,Large Families
25212,0,Regular Cutomers
25213,4,Promotion Lovers
25214,0,Regular Cutomers
25216,5,Low-Value Occasional Customers
25217,0,Regular Cutomers
25218,5,Low-Value Occasional Customers
25220,6,High-Value Customers
25221,4,Promotion Lovers
25222,4,Promotion Lovers
25223,2,Clean & Green
25224,0,Regular Cutomers
25225,1,Gamers
25226,1,Gamers
25228,8,Young Karens
25229,4,Promotion Lovers
25231,1,Gamers
25232,2,Clean & Green
25233,4,Promotion Lovers
25234,0,Regular Cutomers
25235,8,Young Karens
25236,3,Senior Karens
25237,5,Low-Value Occasional Customers
25238,0,Regular Cutomers
25239,6,High-Value Customers
25240,4,Promotion Lovers
25241,1,Gamers
25242,0,Regular Cutomers
25243,0,Regular Cutomers
25244,2,Clean & Green
25245,4,Promotion Lovers
25247,4,Promotion Lovers
25248,1,Gamers
25249,7,Large Families
25251,0,Regular Cutomers
25254,0,Regular Cutomers
25255,8,Young Karens
25256,0,Regular Cutomers
25257,4,Promotion Lovers
25258,6,High-Value Customers
25259,4,Promotion Lovers
25260,6,High-Value Customers
25261,4,Promotion Lovers
25262,4,Promotion Lovers
25264,6,High-Value Customers
25265,0,Regular Cutomers
25267,0,Regular Cutomers
25268,4,Promotion Lovers
25269,0,Regular Cutomers
25271,1,Gamers
25272,5,Low-Value Occasional Customers
25273,0,Regular Cutomers
25274,4,Promotion Lovers
25275,4,Promotion Lovers
25276,2,Clean & Green
25277,7,Large Families
25278,3,Senior Karens
25279,7,Large Families
25280,8,Young Karens
25281,4,Promotion Lovers
25282,0,Regular Cutomers
25283,4,Promotion Lovers
25284,1,Gamers
25285,5,Low-Value Occasional Customers
25286,6,High-Value Customers
25287,1,Gamers
25288,0,Regular Cutomers
25289,2,Clean & Green
25290,4,Promotion Lovers
25291,4,Promotion Lovers
25292,2,Clean & Green
25293,0,Regular Cutomers
25294,1,Gamers
25295,6,High-Value Customers
25296,2,Clean & Green
25297,0,Regular Cutomers
25298,7,Large Families
25300,2,Clean & Green
25301,4,Promotion Lovers
25302,2,Clean & Green
25304,8,Young Karens
25306,5,Low-Value Occasional Customers
25307,0,Regular Cutomers
25308,5,Low-Value Occasional Customers
25309,2,Clean & Green
25310,0,Regular Cutomers
25311,6,High-Value Customers
25312,3,Senior Karens
25313,3,Senior Karens
25314,1,Gamers
25315,7,Large Families
25316,4,Promotion Lovers
25317,7,Large Families
25318,8,Young Karens
25319,8,Young Karens
25321,0,Regular Cutomers
25323,2,Clean & Green
25324,4,Promotion Lovers
25325,4,Promotion Lovers
25326,0,Regular Cutomers
25327,4,Promotion Lovers
25328,7,Large Families
25329,6,High-Value Customers
25330,5,Low-Value Occasional Customers
25331,0,Regular Cutomers
25332,2,Clean & Green
25333,4,Promotion Lovers
25334,0,Regular Cutomers
25335,6,High-Value Customers
25336,7,Large Families
25337,6,High-Value Customers
25338,6,High-Value Customers
25340,7,Large Families
25341,1,Gamers
25343,4,Promotion Lovers
25344,6,High-Value Customers
25345,5,Low-Value Occasional Customers
25346,7,Large Families
25347,4,Promotion Lovers
25348,6,High-Value Customers
25349,8,Young Karens
25350,0,Regular Cutomers
25351,6,High-Value Customers
25353,1,Gamers
25354,8,Young Karens
25355,5,Low-Value Occasional Customers
25356,6,High-Value Customers
25357,0,Regular Cutomers
25358,2,Clean & Green
25359,1,Gamers
25360,6,High-Value Customers
25361,6,High-Value Customers
25362,4,Promotion Lovers
25363,4,Promotion Lovers
25364,5,Low-Value Occasional Customers
25366,4,Promotion Lovers
25367,0,Regular Cutomers
25368,7,Large Families
25370,7,Large Families
25373,4,Promotion Lovers
25374,5,Low-Value Occasional Customers
25375,1,Gamers
25376,4,Promotion Lovers
25377,1,Gamers
25379,7,Large Families
25380,8,Young Karens
25381,7,Large Families
25382,2,Clean & Green
25383,6,High-Value Customers
25384,4,Promotion Lovers
25385,6,High-Value Customers
25386,1,Gamers
25387,3,Senior Karens
25390,4,Promotion Lovers
25391,0,Regular Cutomers
25395,4,Promotion Lovers
25396,0,Regular Cutomers
25398,5,Low-Value Occasional Customers
25399,0,Regular Cutomers
25402,2,Clean & Green
25403,5,Low-Value Occasional Customers
25404,3,Senior Karens
25405,1,Gamers
25408,3,Senior Karens
25409,2,Clean & Green
25410,1,Gamers
25412,4,Promotion Lovers
25414,7,Large Families
25415,4,Promotion Lovers
25417,0,Regular Cutomers
25418,0,Regular Cutomers
25419,4,Promotion Lovers
25421,0,Regular Cutomers
25422,6,High-Value Customers
25424,0,Regular Cutomers
25425,0,Regular Cutomers
25426,1,Gamers
25427,5,Low-Value Occasional Customers
25428,6,High-Value Customers
25429,1,Gamers
25430,0,Regular Cutomers
25431,7,Large Families
25433,0,Regular Cutomers
25434,1,Gamers
25436,4,Promotion Lovers
25437,8,Young Karens
25438,8,Young Karens
25439,8,Young Karens
25440,2,Clean & Green
25441,4,Promotion Lovers
25442,0,Regular Cutomers
25443,4,Promotion Lovers
25445,5,Low-Value Occasional Customers
25446,0,Regular Cutomers
25447,1,Gamers
25448,0,Regular Cutomers
25449,6,High-Value Customers
25450,4,Promotion Lovers
25451,2,Clean & Green
25452,8,Young Karens
25453,2,Clean & Green
25454,1,Gamers
25455,5,Low-Value Occasional Customers
25456,0,Regular Cutomers
25457,7,Large Families
25458,0,Regular Cutomers
25459,5,Low-Value Occasional Customers
25461,3,Senior Karens
25463,6,High-Value Customers
25464,0,Regular Cutomers
25465,8,Young Karens
25466,0,Regular Cutomers
25467,8,Young Karens
25469,0,Regular Cutomers
25470,7,Large Families
25471,6,High-Value Customers
25472,3,Senior Karens
25473,1,Gamers
25474,8,Young Karens
25475,7,Large Families
25476,2,Clean & Green
25477,7,Large Families
25478,0,Regular Cutomers
25479,2,Clean & Green
25480,1,Gamers
25482,0,Regular Cutomers
25485,5,Low-Value Occasional Customers
25486,4,Promotion Lovers
25488,4,Promotion Lovers
25489,3,Senior Karens
25490,0,Regular Cutomers
25491,4,Promotion Lovers
25492,0,Regular Cutomers
25493,1,Gamers
25494,1,Gamers
25495,0,Regular Cutomers
25496,7,Large Families
25498,8,Young Karens
25499,7,Large Families
25500,3,Senior Karens
25502,2,Clean & Green
25503,7,Large Families
25504,0,Regular Cutomers
25505,0,Regular Cutomers
25506,2,Clean & Green
25507,2,Clean & Green
25508,0,Regular Cutomers
25509,5,Low-Value Occasional Customers
25511,3,Senior Karens
25512,0,Regular Cutomers
25513,0,Regular Cutomers
25514,1,Gamers
25515,1,Gamers
25516,7,Large Families
25517,5,Low-Value Occasional Customers
25518,0,Regular Cutomers
25519,6,High-Value Customers
25520,0,Regular Cutomers
25521,1,Gamers
25522,2,Clean & Green
25523,4,Promotion Lovers
25524,5,Low-Value Occasional Customers
25525,1,Gamers
25527,5,Low-Value Occasional Customers
25528,8,Young Karens
25529,0,Regular Cutomers
25530,5,Low-Value Occasional Customers
25533,8,Young Karens
25534,4,Promotion Lovers
25535,2,Clean & Green
25537,1,Gamers
25538,0,Regular Cutomers
25539,8,Young Karens
25540,7,Large Families
25541,0,Regular Cutomers
25543,4,Promotion Lovers
25544,8,Young Karens
25545,6,High-Value Customers
25546,7,Large Families
25547,3,Senior Karens
25548,4,Promotion Lovers
25549,4,Promotion Lovers
25550,0,Regular Cutomers
25551,7,Large Families
25552,1,Gamers
25553,0,Regular Cutomers
25555,4,Promotion Lovers
25556,0,Regular Cutomers
25557,7,Large Families
25558,4,Promotion Lovers
25559,8,Young Karens
25560,1,Gamers
25561,6,High-Value Customers
25562,0,Regular Cutomers
25563,8,Young Karens
25564,5,Low-Value Occasional Customers
25565,4,Promotion Lovers
25566,8,Young Karens
25567,1,Gamers
25568,4,Promotion Lovers
25570,0,Regular Cutomers
25571,2,Clean & Green
25573,5,Low-Value Occasional Customers
25574,1,Gamers
25575,5,Low-Value Occasional Customers
25577,4,Promotion Lovers
25578,7,Large Families
25579,0,Regular Cutomers
25580,0,Regular Cutomers
25582,4,Promotion Lovers
25585,3,Senior Karens
25586,3,Senior Karens
25587,3,Senior Karens
25588,7,Large Families
25589,4,Promotion Lovers
25590,5,Low-Value Occasional Customers
25591,0,Regular Cutomers
25592,7,Large Families
25593,0,Regular Cutomers
25594,0,Regular Cutomers
25595,5,Low-Value Occasional Customers
25596,8,Young Karens
25597,4,Promotion Lovers
25598,2,Clean & Green
25599,5,Low-Value Occasional Customers
25601,7,Large Families
25602,0,Regular Cutomers
25603,7,Large Families
25604,8,Young Karens
25605,4,Promotion Lovers
25606,2,Clean & Green
25607,5,Low-Value Occasional Customers
25608,4,Promotion Lovers
25610,8,Young Karens
25611,1,Gamers
25613,0,Regular Cutomers
25616,4,Promotion Lovers
25617,6,High-Value Customers
25619,5,Low-Value Occasional Customers
25620,4,Promotion Lovers
25622,3,Senior Karens
25623,1,Gamers
25624,8,Young Karens
25625,7,Large Families
25626,0,Regular Cutomers
25627,1,Gamers
25629,8,Young Karens
25630,6,High-Value Customers
25631,0,Regular Cutomers
25633,7,Large Families
25634,3,Senior Karens
25635,7,Large Families
25636,1,Gamers
25637,6,High-Value Customers
25639,4,Promotion Lovers
25640,0,Regular Cutomers
25641,6,High-Value Customers
25642,4,Promotion Lovers
25643,1,Gamers
25644,5,Low-Value Occasional Customers
25645,0,Regular Cutomers
25646,0,Regular Cutomers
25647,1,Gamers
25648,4,Promotion Lovers
25649,7,Large Families
25650,8,Young Karens
25651,3,Senior Karens
25652,1,Gamers
25653,7,Large Families
25654,7,Large Families
25655,1,Gamers
25656,6,High-Value Customers
25657,5,Low-Value Occasional Customers
25658,7,Large Families
25659,1,Gamers
25660,0,Regular Cutomers
25661,8,Young Karens
25662,0,Regular Cutomers
25663,6,High-Value Customers
25664,1,Gamers
25665,1,Gamers
25666,2,Clean & Green
25668,3,Senior Karens
25669,5,Low-Value Occasional Customers
25670,0,Regular Cutomers
25671,7,Large Families
25672,5,Low-Value Occasional Customers
25673,2,Clean & Green
25674,7,Large Families
25675,5,Low-Value Occasional Customers
25676,5,Low-Value Occasional Customers
25677,4,Promotion Lovers
25678,0,Regular Cutomers
25679,2,Clean & Green
25680,4,Promotion Lovers
25682,8,Young Karens
25683,5,Low-Value Occasional Customers
25684,6,High-Value Customers
25685,0,Regular Cutomers
25686,7,Large Families
25687,2,Clean & Green
25689,4,Promotion Lovers
25692,2,Clean & Green
25694,7,Large Families
25695,0,Regular Cutomers
25696,6,High-Value Customers
25697,7,Large Families
25698,4,Promotion Lovers
25699,0,Regular Cutomers
25700,0,Regular Cutomers
25701,0,Regular Cutomers
25702,1,Gamers
25704,4,Promotion Lovers
25705,1,Gamers
25708,0,Regular Cutomers
25709,0,Regular Cutomers
25710,5,Low-Value Occasional Customers
25711,1,Gamers
25712,5,Low-Value Occasional Customers
25713,6,High-Value Customers
25714,4,Promotion Lovers
25715,8,Young Karens
25717,0,Regular Cutomers
25718,1,Gamers
25719,6,High-Value Customers
25720,4,Promotion Lovers
25721,0,Regular Cutomers
25722,1,Gamers
25723,0,Regular Cutomers
25724,5,Low-Value Occasional Customers
25725,0,Regular Cutomers
25727,4,Promotion Lovers
25728,6,High-Value Customers
25730,7,Large Families
25731,5,Low-Value Occasional Customers
25732,0,Regular Cutomers
25733,0,Regular Cutomers
25734,1,Gamers
25735,0,Regular Cutomers
25736,5,Low-Value Occasional Customers
25737,3,Senior Karens
25738,0,Regular Cutomers
25739,0,Regular Cutomers
25741,0,Regular Cutomers
25742,5,Low-Value Occasional Customers
25743,6,High-Value Customers
25744,2,Clean & Green
25745,1,Gamers
25746,1,Gamers
25747,0,Regular Cutomers
25748,8,Young Karens
25750,0,Regular Cutomers
25751,4,Promotion Lovers
25752,8,Young Karens
25754,0,Regular Cutomers
25755,4,Promotion Lovers
25756,7,Large Families
25758,2,Clean & Green
25759,7,Large Families
25761,2,Clean & Green
25762,2,Clean & Green
25763,4,Promotion Lovers
25764,7,Large Families
25766,3,Senior Karens
25767,1,Gamers
25768,6,High-Value Customers
25769,4,Promotion Lovers
25771,6,High-Value Customers
25772,2,Clean & Green
25773,0,Regular Cutomers
25774,0,Regular Cutomers
25776,0,Regular Cutomers
25777,6,High-Value Customers
25778,5,Low-Value Occasional Customers
25780,4,Promotion Lovers
25781,4,Promotion Lovers
25783,4,Promotion Lovers
25784,0,Regular Cutomers
25785,0,Regular Cutomers
25786,6,High-Value Customers
25790,7,Large Families
25791,1,Gamers
25792,4,Promotion Lovers
25793,0,Regular Cutomers
25794,3,Senior Karens
25795,5,Low-Value Occasional Customers
25796,3,Senior Karens
25797,0,Regular Cutomers
25798,1,Gamers
25799,1,Gamers
25800,0,Regular Cutomers
25801,8,Young Karens
25802,2,Clean & Green
25803,2,Clean & Green
25804,0,Regular Cutomers
25805,5,Low-Value Occasional Customers
25806,8,Young Karens
25807,4,Promotion Lovers
25808,2,Clean & Green
25810,0,Regular Cutomers
25811,7,Large Families
25813,1,Gamers
25814,4,Promotion Lovers
25815,0,Regular Cutomers
25816,2,Clean & Green
25817,4,Promotion Lovers
25818,4,Promotion Lovers
25819,2,Clean & Green
25820,6,High-Value Customers
25821,3,Senior Karens
25822,0,Regular Cutomers
25824,6,High-Value Customers
25826,2,Clean & Green
25827,2,Clean & Green
25828,2,Clean & Green
25829,4,Promotion Lovers
25830,7,Large Families
25831,7,Large Families
25832,0,Regular Cutomers
25834,5,Low-Value Occasional Customers
25835,4,Promotion Lovers
25836,0,Regular Cutomers
25837,2,Clean & Green
25838,6,High-Value Customers
25839,0,Regular Cutomers
25840,1,Gamers
25841,2,Clean & Green
25842,0,Regular Cutomers
25843,0,Regular Cutomers
25844,4,Promotion Lovers
25845,4,Promotion Lovers
25846,4,Promotion Lovers
25847,3,Senior Karens
25848,4,Promotion Lovers
25849,6,High-Value Customers
25850,4,Promotion Lovers
25853,5,Low-Value Occasional Customers
25854,1,Gamers
25855,0,Regular Cutomers
25857,6,High-Value Customers
25858,7,Large Families
25859,5,Low-Value Occasional Customers
25860,1,Gamers
25861,0,Regular Cutomers
25862,8,Young Karens
25863,6,High-Value Customers
25864,1,Gamers
25865,1,Gamers
25867,7,Large Families
25869,6,High-Value Customers
25871,0,Regular Cutomers
25872,0,Regular Cutomers
25874,3,Senior Karens
25875,0,Regular Cutomers
25876,7,Large Families
25877,7,Large Families
25878,4,Promotion Lovers
25879,8,Young Karens
25880,5,Low-Value Occasional Customers
25881,4,Promotion Lovers
25882,5,Low-Value Occasional Customers
25883,5,Low-Value Occasional Customers
25884,5,Low-Value Occasional Customers
25886,7,Large Families
25887,2,Clean & Green
25888,1,Gamers
25889,4,Promotion Lovers
25890,5,Low-Value Occasional Customers
25891,7,Large Families
25892,7,Large Families
25893,4,Promotion Lovers
25894,4,Promotion Lovers
25895,6,High-Value Customers
25896,5,Low-Value Occasional Customers
25897,1,Gamers
25898,0,Regular Cutomers
25900,4,Promotion Lovers
25902,0,Regular Cutomers
25903,0,Regular Cutomers
25904,2,Clean & Green
25905,2,Clean & Green
25907,7,Large Families
25908,1,Gamers
25909,2,Clean & Green
25910,1,Gamers
25911,8,Young Karens
25912,6,High-Value Customers
25913,4,Promotion Lovers
25914,5,Low-Value Occasional Customers
25915,7,Large Families
25916,2,Clean & Green
25917,5,Low-Value Occasional Customers
25921,0,Regular Cutomers
25922,7,Large Families
25924,1,Gamers
25925,0,Regular Cutomers
25926,0,Regular Cutomers
25927,5,Low-Value Occasional Customers
25928,4,Promotion Lovers
25930,0,Regular Cutomers
25931,1,Gamers
25932,8,Young Karens
25933,8,Young Karens
25934,1,Gamers
25935,6,High-Value Customers
25936,4,Promotion Lovers
25937,0,Regular Cutomers
25938,5,Low-Value Occasional Customers
25939,0,Regular Cutomers
25940,7,Large Families
25941,0,Regular Cutomers
25942,1,Gamers
25943,6,High-Value Customers
25944,0,Regular Cutomers
25946,0,Regular Cutomers
25947,6,High-Value Customers
25949,8,Young Karens
25950,6,High-Value Customers
25951,5,Low-Value Occasional Customers
25952,0,Regular Cutomers
25953,5,Low-Value Occasional Customers
25954,0,Regular Cutomers
25955,6,High-Value Customers
25957,3,Senior Karens
25958,1,Gamers
25959,8,Young Karens
25960,7,Large Families
25961,0,Regular Cutomers
25962,3,Senior Karens
25963,0,Regular Cutomers
25964,5,Low-Value Occasional Customers
25965,0,Regular Cutomers
25967,4,Promotion Lovers
25968,6,High-Value Customers
25969,2,Clean & Green
25970,4,Promotion Lovers
25971,4,Promotion Lovers
25972,2,Clean & Green
25973,6,High-Value Customers
25974,5,Low-Value Occasional Customers
25975,0,Regular Cutomers
25976,1,Gamers
25977,0,Regular Cutomers
25978,3,Senior Karens
25979,3,Senior Karens
25980,4,Promotion Lovers
25981,7,Large Families
25983,2,Clean & Green
25984,7,Large Families
25985,4,Promotion Lovers
25987,6,High-Value Customers
25988,0,Regular Cutomers
25989,3,Senior Karens
25990,0,Regular Cutomers
25991,5,Low-Value Occasional Customers
25993,7,Large Families
25994,5,Low-Value Occasional Customers
25996,0,Regular Cutomers
25997,8,Young Karens
25998,6,High-Value Customers
25999,0,Regular Cutomers
26000,0,Regular Cutomers
26001,4,Promotion Lovers
26002,0,Regular Cutomers
26003,3,Senior Karens
26004,6,High-Value Customers
26005,6,High-Value Customers
26006,7,Large Families
26007,7,Large Families
26008,6,High-Value Customers
26009,5,Low-Value Occasional Customers
26011,0,Regular Cutomers
26012,4,Promotion Lovers
26013,0,Regular Cutomers
26014,5,Low-Value Occasional Customers
26015,7,Large Families
26016,5,Low-Value Occasional Customers
26017,4,Promotion Lovers
26018,6,High-Value Customers
26019,3,Senior Karens
26020,4,Promotion Lovers
26023,6,High-Value Customers
26024,5,Low-Value Occasional Customers
26026,5,Low-Value Occasional Customers
26027,3,Senior Karens
26028,6,High-Value Customers
26029,0,Regular Cutomers
26030,4,Promotion Lovers
26031,0,Regular Cutomers
26032,3,Senior Karens
26033,4,Promotion Lovers
26035,7,Large Families
26036,2,Clean & Green
26037,5,Low-Value Occasional Customers
26038,5,Low-Value Occasional Customers
26039,2,Clean & Green
26041,8,Young Karens
26043,6,High-Value Customers
26044,6,High-Value Customers
26045,4,Promotion Lovers
26046,2,Clean & Green
26047,0,Regular Cutomers
26048,0,Regular Cutomers
26049,2,Clean & Green
26050,4,Promotion Lovers
26051,1,Gamers
26052,2,Clean & Green
26053,0,Regular Cutomers
26054,4,Promotion Lovers
26055,5,Low-Value Occasional Customers
26057,0,Regular Cutomers
26058,8,Young Karens
26059,5,Low-Value Occasional Customers
26060,6,High-Value Customers
26061,4,Promotion Lovers
26062,0,Regular Cutomers
26065,5,Low-Value Occasional Customers
26066,4,Promotion Lovers
26067,0,Regular Cutomers
26068,6,High-Value Customers
26069,4,Promotion Lovers
26070,0,Regular Cutomers
26071,0,Regular Cutomers
26072,6,High-Value Customers
26073,4,Promotion Lovers
26074,4,Promotion Lovers
26075,0,Regular Cutomers
26076,3,Senior Karens
26077,8,Young Karens
26078,4,Promotion Lovers
26079,0,Regular Cutomers
26080,6,High-Value Customers
26081,4,Promotion Lovers
26082,4,Promotion Lovers
26083,5,Low-Value Occasional Customers
26084,8,Young Karens
26085,6,High-Value Customers
26086,0,Regular Cutomers
26087,5,Low-Value Occasional Customers
26089,4,Promotion Lovers
26090,6,High-Value Customers
26092,6,High-Value Customers
26093,7,Large Families
26095,7,Large Families
26097,6,High-Value Customers
26098,6,High-Value Customers
26099,7,Large Families
26100,3,Senior Karens
26101,2,Clean & Green
26102,6,High-Value Customers
26103,7,Large Families
26104,2,Clean & Green
26105,6,High-Value Customers
26106,5,Low-Value Occasional Customers
26107,8,Young Karens
26108,4,Promotion Lovers
26109,7,Large Families
26110,0,Regular Cutomers
26111,4,Promotion Lovers
26112,0,Regular Cutomers
26113,4,Promotion Lovers
26115,7,Large Families
26116,4,Promotion Lovers
26118,7,Large Families
26119,0,Regular Cutomers
26120,6,High-Value Customers
26121,0,Regular Cutomers
26122,7,Large Families
26123,0,Regular Cutomers
26124,0,Regular Cutomers
26125,2,Clean & Green
26126,7,Large Families
26127,1,Gamers
26129,7,Large Families
26130,0,Regular Cutomers
26131,4,Promotion Lovers
26132,8,Young Karens
26133,0,Regular Cutomers
26135,6,High-Value Customers
26136,1,Gamers
26137,1,Gamers
26139,0,Regular Cutomers
26140,0,Regular Cutomers
26141,6,High-Value Customers
26142,0,Regular Cutomers
26143,3,Senior Karens
26144,0,Regular Cutomers
26145,8,Young Karens
26147,0,Regular Cutomers
26148,8,Young Karens
26149,1,Gamers
26150,4,Promotion Lovers
26151,4,Promotion Lovers
26152,0,Regular Cutomers
26153,1,Gamers
26154,5,Low-Value Occasional Customers
26155,2,Clean & Green
26156,5,Low-Value Occasional Customers
26157,6,High-Value Customers
26158,4,Promotion Lovers
26159,8,Young Karens
26160,6,High-Value Customers
26162,4,Promotion Lovers
26163,8,Young Karens
26164,1,Gamers
26165,5,Low-Value Occasional Customers
26166,2,Clean & Green
26167,4,Promotion Lovers
26169,0,Regular Cutomers
26170,4,Promotion Lovers
26171,0,Regular Cutomers
26172,3,Senior Karens
26173,4,Promotion Lovers
26174,2,Clean & Green
26175,6,High-Value Customers
26176,1,Gamers
26177,6,High-Value Customers
26178,0,Regular Cutomers
26179,2,Clean & Green
26180,0,Regular Cutomers
26181,5,Low-Value Occasional Customers
26182,8,Young Karens
26183,5,Low-Value Occasional Customers
26185,4,Promotion Lovers
26187,6,High-Value Customers
26188,7,Large Families
26189,1,Gamers
26190,5,Low-Value Occasional Customers
26191,5,Low-Value Occasional Customers
26192,4,Promotion Lovers
26193,0,Regular Cutomers
26194,8,Young Karens
26195,5,Low-Value Occasional Customers
26198,4,Promotion Lovers
26200,7,Large Families
26201,7,Large Families
26202,5,Low-Value Occasional Customers
26203,4,Promotion Lovers
26204,2,Clean & Green
26205,3,Senior Karens
26206,4,Promotion Lovers
26208,8,Young Karens
26209,6,High-Value Customers
26210,3,Senior Karens
26211,2,Clean & Green
26212,5,Low-Value Occasional Customers
26213,7,Large Families
26214,7,Large Families
26215,2,Clean & Green
26216,7,Large Families
26217,4,Promotion Lovers
26219,1,Gamers
26220,4,Promotion Lovers
26222,7,Large Families
26223,0,Regular Cutomers
26224,0,Regular Cutomers
26226,8,Young Karens
26227,7,Large Families
26228,7,Large Families
26229,1,Gamers
26230,5,Low-Value Occasional Customers
26231,7,Large Families
26234,0,Regular Cutomers
26235,3,Senior Karens
26236,0,Regular Cutomers
26237,3,Senior Karens
26239,4,Promotion Lovers
26240,4,Promotion Lovers
26242,0,Regular Cutomers
26243,7,Large Families
26244,1,Gamers
26245,5,Low-Value Occasional Customers
26246,0,Regular Cutomers
26247,4,Promotion Lovers
26248,1,Gamers
26249,1,Gamers
26250,0,Regular Cutomers
26251,4,Promotion Lovers
26252,2,Clean & Green
26253,0,Regular Cutomers
26254,5,Low-Value Occasional Customers
26255,4,Promotion Lovers
26256,3,Senior Karens
26257,5,Low-Value Occasional Customers
26258,5,Low-Value Occasional Customers
26259,1,Gamers
26260,1,Gamers
26262,2,Clean & Green
26264,0,Regular Cutomers
26265,0,Regular Cutomers
26266,2,Clean & Green
26268,3,Senior Karens
26269,6,High-Value Customers
26272,7,Large Families
26273,5,Low-Value Occasional Customers
26274,4,Promotion Lovers
26275,1,Gamers
26276,4,Promotion Lovers
26277,4,Promotion Lovers
26280,3,Senior Karens
26281,6,High-Value Customers
26282,4,Promotion Lovers
26283,0,Regular Cutomers
26284,5,Low-Value Occasional Customers
26285,0,Regular Cutomers
26286,5,Low-Value Occasional Customers
26287,4,Promotion Lovers
26288,7,Large Families
26290,2,Clean & Green
26291,2,Clean & Green
26292,0,Regular Cutomers
26293,0,Regular Cutomers
26294,5,Low-Value Occasional Customers
26295,5,Low-Value Occasional Customers
26296,1,Gamers
26297,4,Promotion Lovers
26298,5,Low-Value Occasional Customers
26299,8,Young Karens
26300,7,Large Families
26301,8,Young Karens
26302,2,Clean & Green
26303,2,Clean & Green
26304,0,Regular Cutomers
26305,1,Gamers
26306,6,High-Value Customers
26307,0,Regular Cutomers
26308,5,Low-Value Occasional Customers
26309,7,Large Families
26310,5,Low-Value Occasional Customers
26311,0,Regular Cutomers
26312,4,Promotion Lovers
26314,4,Promotion Lovers
26315,4,Promotion Lovers
26316,3,Senior Karens
26318,5,Low-Value Occasional Customers
26319,5,Low-Value Occasional Customers
26320,1,Gamers
26321,4,Promotion Lovers
26322,2,Clean & Green
26323,2,Clean & Green
26324,8,Young Karens
26326,7,Large Families
26327,6,High-Value Customers
26328,2,Clean & Green
26329,1,Gamers
26330,5,Low-Value Occasional Customers
26331,4,Promotion Lovers
26332,4,Promotion Lovers
26333,8,Young Karens
26334,1,Gamers
26335,5,Low-Value Occasional Customers
26336,0,Regular Cutomers
26337,8,Young Karens
26340,4,Promotion Lovers
26343,1,Gamers
26344,7,Large Families
26345,0,Regular Cutomers
26346,6,High-Value Customers
26347,4,Promotion Lovers
26348,7,Large Families
26350,4,Promotion Lovers
26351,8,Young Karens
26352,5,Low-Value Occasional Customers
26353,0,Regular Cutomers
26354,8,Young Karens
26355,4,Promotion Lovers
26356,8,Young Karens
26357,4,Promotion Lovers
26359,7,Large Families
26360,0,Regular Cutomers
26362,6,High-Value Customers
26363,7,Large Families
26365,4,Promotion Lovers
26366,0,Regular Cutomers
26367,6,High-Value Customers
26368,0,Regular Cutomers
26369,7,Large Families
26370,0,Regular Cutomers
26371,0,Regular Cutomers
26372,0,Regular Cutomers
26373,4,Promotion Lovers
26375,0,Regular Cutomers
26376,2,Clean & Green
26377,2,Clean & Green
26378,2,Clean & Green
26379,0,Regular Cutomers
26380,4,Promotion Lovers
26381,4,Promotion Lovers
26382,6,High-Value Customers
26383,2,Clean & Green
26384,0,Regular Cutomers
26385,0,Regular Cutomers
26386,1,Gamers
26387,1,Gamers
26388,5,Low-Value Occasional Customers
26389,0,Regular Cutomers
26390,3,Senior Karens
26392,1,Gamers
26393,4,Promotion Lovers
26396,0,Regular Cutomers
26397,2,Clean & Green
26398,8,Young Karens
26399,0,Regular Cutomers
26400,4,Promotion Lovers
26401,1,Gamers
26403,1,Gamers
26404,8,Young Karens
26405,7,Large Families
26407,7,Large Families
26408,4,Promotion Lovers
26409,5,Low-Value Occasional Customers
26411,1,Gamers
26412,0,Regular Cutomers
26413,7,Large Families
26414,3,Senior Karens
26417,7,Large Families
26418,4,Promotion Lovers
26419,0,Regular Cutomers
26420,7,Large Families
26421,0,Regular Cutomers
26422,5,Low-Value Occasional Customers
26423,1,Gamers
26424,0,Regular Cutomers
26425,0,Regular Cutomers
26426,0,Regular Cutomers
26427,5,Low-Value Occasional Customers
26428,7,Large Families
26429,5,Low-Value Occasional Customers
26430,0,Regular Cutomers
26431,8,Young Karens
26433,4,Promotion Lovers
26434,0,Regular Cutomers
26435,1,Gamers
26436,5,Low-Value Occasional Customers
26437,8,Young Karens
26438,7,Large Families
26439,8,Young Karens
26440,0,Regular Cutomers
26441,2,Clean & Green
26442,4,Promotion Lovers
26443,2,Clean & Green
26444,8,Young Karens
26446,5,Low-Value Occasional Customers
26447,4,Promotion Lovers
26448,4,Promotion Lovers
26449,4,Promotion Lovers
26450,6,High-Value Customers
26451,2,Clean & Green
26452,1,Gamers
26453,0,Regular Cutomers
26454,6,High-Value Customers
26455,5,Low-Value Occasional Customers
26456,0,Regular Cutomers
26459,6,High-Value Customers
26463,2,Clean & Green
26465,4,Promotion Lovers
26467,0,Regular Cutomers
26468,1,Gamers
26469,8,Young Karens
26470,5,Low-Value Occasional Customers
26471,4,Promotion Lovers
26474,4,Promotion Lovers
26475,2,Clean & Green
26476,8,Young Karens
26477,5,Low-Value Occasional Customers
26478,2,Clean & Green
26479,2,Clean & Green
26481,2,Clean & Green
26482,7,Large Families
26483,0,Regular Cutomers
26484,0,Regular Cutomers
26485,7,Large Families
26488,1,Gamers
26489,4,Promotion Lovers
26490,3,Senior Karens
26491,1,Gamers
26492,4,Promotion Lovers
26493,2,Clean & Green
26494,5,Low-Value Occasional Customers
26495,2,Clean & Green
26496,0,Regular Cutomers
26497,5,Low-Value Occasional Customers
26498,2,Clean & Green
26500,1,Gamers
26501,1,Gamers
26502,0,Regular Cutomers
26504,4,Promotion Lovers
26505,6,High-Value Customers
26506,3,Senior Karens
26507,0,Regular Cutomers
26508,0,Regular Cutomers
26509,8,Young Karens
26510,0,Regular Cutomers
26511,3,Senior Karens
26512,0,Regular Cutomers
26513,0,Regular Cutomers
26514,4,Promotion Lovers
26515,5,Low-Value Occasional Customers
26516,5,Low-Value Occasional Customers
26517,1,Gamers
26519,0,Regular Cutomers
26520,0,Regular Cutomers
26521,0,Regular Cutomers
26523,0,Regular Cutomers
26524,7,Large Families
26525,8,Young Karens
26526,0,Regular Cutomers
26527,0,Regular Cutomers
26528,5,Low-Value Occasional Customers
26529,0,Regular Cutomers
26530,1,Gamers
26532,3,Senior Karens
26533,4,Promotion Lovers
26534,0,Regular Cutomers
26535,6,High-Value Customers
26536,1,Gamers
26537,1,Gamers
26538,0,Regular Cutomers
26539,1,Gamers
26540,8,Young Karens
26541,0,Regular Cutomers
26542,3,Senior Karens
26543,7,Large Families
26544,8,Young Karens
26546,4,Promotion Lovers
26547,1,Gamers
26549,5,Low-Value Occasional Customers
26550,2,Clean & Green
26551,8,Young Karens
26552,7,Large Families
26553,4,Promotion Lovers
26554,0,Regular Cutomers
26555,2,Clean & Green
26556,0,Regular Cutomers
26557,5,Low-Value Occasional Customers
26558,0,Regular Cutomers
26559,4,Promotion Lovers
26560,4,Promotion Lovers
26561,8,Young Karens
26562,6,High-Value Customers
26563,1,Gamers
26564,6,High-Value Customers
26565,5,Low-Value Occasional Customers
26566,6,High-Value Customers
26567,7,Large Families
26569,1,Gamers
26570,8,Young Karens
26571,0,Regular Cutomers
26572,5,Low-Value Occasional Customers
26573,4,Promotion Lovers
26576,4,Promotion Lovers
26577,7,Large Families
26578,0,Regular Cutomers
26579,5,Low-Value Occasional Customers
26580,4,Promotion Lovers
26581,7,Large Families
26582,4,Promotion Lovers
26583,2,Clean & Green
26584,4,Promotion Lovers
26585,0,Regular Cutomers
26586,2,Clean & Green
26588,5,Low-Value Occasional Customers
26589,5,Low-Value Occasional Customers
26590,1,Gamers
26591,6,High-Value Customers
26592,3,Senior Karens
26593,8,Young Karens
26594,0,Regular Cutomers
26595,1,Gamers
26596,2,Clean & Green
26597,8,Young Karens
26598,0,Regular Cutomers
26599,0,Regular Cutomers
26600,0,Regular Cutomers
26602,5,Low-Value Occasional Customers
26603,7,Large Families
26604,2,Clean & Green
26605,1,Gamers
26606,0,Regular Cutomers
26608,4,Promotion Lovers
26609,7,Large Families
26610,5,Low-Value Occasional Customers
26612,3,Senior Karens
26613,6,High-Value Customers
26614,0,Regular Cutomers
26615,0,Regular Cutomers
26616,8,Young Karens
26618,5,Low-Value Occasional Customers
26619,3,Senior Karens
26620,1,Gamers
26622,1,Gamers
26623,8,Young Karens
26624,7,Large Families
26626,1,Gamers
26627,6,High-Value Customers
26628,0,Regular Cutomers
26630,1,Gamers
26631,0,Regular Cutomers
26632,1,Gamers
26633,1,Gamers
26634,3,Senior Karens
26637,4,Promotion Lovers
26638,6,High-Value Customers
26639,7,Large Families
26640,6,High-Value Customers
26641,3,Senior Karens
26643,3,Senior Karens
26645,5,Low-Value Occasional Customers
26646,3,Senior Karens
26647,2,Clean & Green
26648,6,High-Value Customers
26649,0,Regular Cutomers
26650,0,Regular Cutomers
26651,2,Clean & Green
26655,1,Gamers
26656,1,Gamers
26657,5,Low-Value Occasional Customers
26658,2,Clean & Green
26659,5,Low-Value Occasional Customers
26660,8,Young Karens
26661,5,Low-Value Occasional Customers
26662,6,High-Value Customers
26663,7,Large Families
26664,6,High-Value Customers
26666,7,Large Families
26668,5,Low-Value Occasional Customers
26669,3,Senior Karens
26670,1,Gamers
26672,0,Regular Cutomers
26673,5,Low-Value Occasional Customers
26675,1,Gamers
26676,5,Low-Value Occasional Customers
26677,0,Regular Cutomers
26678,0,Regular Cutomers
26679,8,Young Karens
26680,5,Low-Value Occasional Customers
26681,4,Promotion Lovers
26682,2,Clean & Green
26683,4,Promotion Lovers
26684,0,Regular Cutomers
26685,4,Promotion Lovers
26686,2,Clean & Green
26687,2,Clean & Green
26689,7,Large Families
26690,4,Promotion Lovers
26691,5,Low-Value Occasional Customers
26692,8,Young Karens
26693,1,Gamers
26694,2,Clean & Green
26695,5,Low-Value Occasional Customers
26696,0,Regular Cutomers
26697,4,Promotion Lovers
26698,7,Large Families
26699,1,Gamers
26700,0,Regular Cutomers
26701,7,Large Families
26703,5,Low-Value Occasional Customers
26704,3,Senior Karens
26706,2,Clean & Green
26707,8,Young Karens
26709,4,Promotion Lovers
26710,6,High-Value Customers
26711,4,Promotion Lovers
26712,4,Promotion Lovers
26713,0,Regular Cutomers
26714,0,Regular Cutomers
26716,1,Gamers
26717,4,Promotion Lovers
26718,0,Regular Cutomers
26720,5,Low-Value Occasional Customers
26721,2,Clean & Green
26722,0,Regular Cutomers
26723,5,Low-Value Occasional Customers
26724,8,Young Karens
26725,5,Low-Value Occasional Customers
26726,1,Gamers
26727,4,Promotion Lovers
26729,1,Gamers
26730,0,Regular Cutomers
26731,8,Young Karens
26732,7,Large Families
26733,3,Senior Karens
26735,7,Large Families
26736,2,Clean & Green
26737,2,Clean & Green
26738,0,Regular Cutomers
26739,0,Regular Cutomers
26740,6,High-Value Customers
26741,0,Regular Cutomers
26742,1,Gamers
26743,7,Large Families
26744,2,Clean & Green
26745,0,Regular Cutomers
26746,8,Young Karens
26747,1,Gamers
26748,0,Regular Cutomers
26749,7,Large Families
26751,7,Large Families
26753,4,Promotion Lovers
26754,5,Low-Value Occasional Customers
26755,0,Regular Cutomers
26756,8,Young Karens
26760,7,Large Families
26761,7,Large Families
26762,7,Large Families
26763,8,Young Karens
26764,3,Senior Karens
26765,0,Regular Cutomers
26766,7,Large Families
26767,0,Regular Cutomers
26768,5,Low-Value Occasional Customers
26769,8,Young Karens
26771,0,Regular Cutomers
26772,4,Promotion Lovers
26773,6,High-Value Customers
26774,3,Senior Karens
26775,0,Regular Cutomers
26776,0,Regular Cutomers
26778,6,High-Value Customers
26779,0,Regular Cutomers
26780,0,Regular Cutomers
26781,1,Gamers
26782,4,Promotion Lovers
26783,8,Young Karens
26785,0,Regular Cutomers
26786,5,Low-Value Occasional Customers
26789,4,Promotion Lovers
26791,5,Low-Value Occasional Customers
26792,3,Senior Karens
26793,8,Young Karens
26794,1,Gamers
26795,0,Regular Cutomers
26796,4,Promotion Lovers
26798,1,Gamers
26799,6,High-Value Customers
26800,2,Clean & Green
26803,4,Promotion Lovers
26804,2,Clean & Green
26806,1,Gamers
26808,4,Promotion Lovers
26809,4,Promotion Lovers
26810,0,Regular Cutomers
26811,1,Gamers
26812,4,Promotion Lovers
26813,6,High-Value Customers
26815,1,Gamers
26816,5,Low-Value Occasional Customers
26817,0,Regular Cutomers
26818,7,Large Families
26819,4,Promotion Lovers
26820,2,Clean & Green
26822,1,Gamers
26823,0,Regular Cutomers
26824,4,Promotion Lovers
26825,0,Regular Cutomers
26826,5,Low-Value Occasional Customers
26827,1,Gamers
26828,4,Promotion Lovers
26829,5,Low-Value Occasional Customers
26830,2,Clean & Green
26832,0,Regular Cutomers
26834,7,Large Families
26835,0,Regular Cutomers
26837,0,Regular Cutomers
26839,1,Gamers
26840,1,Gamers
26841,2,Clean & Green
26843,6,High-Value Customers
26845,3,Senior Karens
26846,4,Promotion Lovers
26847,1,Gamers
26849,1,Gamers
26850,3,Senior Karens
26852,0,Regular Cutomers
26853,8,Young Karens
26855,0,Regular Cutomers
26857,0,Regular Cutomers
26858,7,Large Families
26861,0,Regular Cutomers
26862,4,Promotion Lovers
26864,6,High-Value Customers
26866,7,Large Families
26867,7,Large Families
26868,0,Regular Cutomers
26869,0,Regular Cutomers
26870,4,Promotion Lovers
26871,0,Regular Cutomers
26872,7,Large Families
26874,5,Low-Value Occasional Customers
26875,4,Promotion Lovers
26876,1,Gamers
26878,6,High-Value Customers
26879,5,Low-Value Occasional Customers
26880,2,Clean & Green
26881,7,Large Families
26882,7,Large Families
26883,4,Promotion Lovers
26884,1,Gamers
26885,5,Low-Value Occasional Customers
26886,3,Senior Karens
26889,0,Regular Cutomers
26890,2,Clean & Green
26891,2,Clean & Green
26893,2,Clean & Green
26894,3,Senior Karens
26896,0,Regular Cutomers
26897,8,Young Karens
26898,0,Regular Cutomers
26899,4,Promotion Lovers
26900,7,Large Families
26901,1,Gamers
26902,0,Regular Cutomers
26903,5,Low-Value Occasional Customers
26904,0,Regular Cutomers
26906,0,Regular Cutomers
26907,0,Regular Cutomers
26908,6,High-Value Customers
26909,7,Large Families
26910,6,High-Value Customers
26911,4,Promotion Lovers
26913,3,Senior Karens
26914,0,Regular Cutomers
26915,0,Regular Cutomers
26916,0,Regular Cutomers
26918,6,High-Value Customers
26919,0,Regular Cutomers
26921,2,Clean & Green
26922,3,Senior Karens
26923,4,Promotion Lovers
26924,1,Gamers
26926,7,Large Families
26928,4,Promotion Lovers
26930,4,Promotion Lovers
26931,8,Young Karens
26932,1,Gamers
26933,7,Large Families
26934,6,High-Value Customers
26935,8,Young Karens
26936,0,Regular Cutomers
26937,0,Regular Cutomers
26938,6,High-Value Customers
26939,0,Regular Cutomers
26940,5,Low-Value Occasional Customers
26941,0,Regular Cutomers
26942,7,Large Families
26945,0,Regular Cutomers
26946,6,High-Value Customers
26948,4,Promotion Lovers
26949,5,Low-Value Occasional Customers
26950,7,Large Families
26952,4,Promotion Lovers
26953,2,Clean & Green
26954,2,Clean & Green
26955,0,Regular Cutomers
26956,3,Senior Karens
26957,3,Senior Karens
26958,0,Regular Cutomers
26960,1,Gamers
26961,5,Low-Value Occasional Customers
26964,4,Promotion Lovers
26965,0,Regular Cutomers
26968,0,Regular Cutomers
26969,7,Large Families
26970,0,Regular Cutomers
26972,5,Low-Value Occasional Customers
26973,1,Gamers
26974,5,Low-Value Occasional Customers
26976,7,Large Families
26977,0,Regular Cutomers
26979,5,Low-Value Occasional Customers
26980,8,Young Karens
26982,0,Regular Cutomers
26983,6,High-Value Customers
26984,1,Gamers
26986,4,Promotion Lovers
26987,5,Low-Value Occasional Customers
26988,7,Large Families
26990,1,Gamers
26991,8,Young Karens
26992,4,Promotion Lovers
26993,6,High-Value Customers
26994,7,Large Families
26995,4,Promotion Lovers
26996,8,Young Karens
26997,5,Low-Value Occasional Customers
26998,2,Clean & Green
26999,1,Gamers
27000,7,Large Families
27001,0,Regular Cutomers
27003,1,Gamers
27004,7,Large Families
27005,1,Gamers
27006,4,Promotion Lovers
27007,4,Promotion Lovers
27008,4,Promotion Lovers
27009,1,Gamers
27010,5,Low-Value Occasional Customers
27011,0,Regular Cutomers
27012,6,High-Value Customers
27013,1,Gamers
27014,5,Low-Value Occasional Customers
27015,8,Young Karens
27016,4,Promotion Lovers
27017,0,Regular Cutomers
27018,8,Young Karens
27019,4,Promotion Lovers
27020,1,Gamers
27021,2,Clean & Green
27022,1,Gamers
27023,1,Gamers
27024,0,Regular Cutomers
27026,6,High-Value Customers
27027,7,Large Families
27028,2,Clean & Green
27029,5,Low-Value Occasional Customers
27030,5,Low-Value Occasional Customers
27031,7,Large Families
27032,4,Promotion Lovers
27033,4,Promotion Lovers
27034,4,Promotion Lovers
27035,3,Senior Karens
27036,4,Promotion Lovers
27037,0,Regular Cutomers
27038,3,Senior Karens
27039,4,Promotion Lovers
27040,8,Young Karens
27041,0,Regular Cutomers
27042,5,Low-Value Occasional Customers
27044,4,Promotion Lovers
27045,1,Gamers
27046,1,Gamers
27047,2,Clean & Green
27048,7,Large Families
27049,4,Promotion Lovers
27050,8,Young Karens
27051,2,Clean & Green
27052,7,Large Families
27053,3,Senior Karens
27054,4,Promotion Lovers
27055,5,Low-Value Occasional Customers
27056,1,Gamers
27057,0,Regular Cutomers
27058,0,Regular Cutomers
27059,3,Senior Karens
27060,4,Promotion Lovers
27062,4,Promotion Lovers
27063,1,Gamers
27064,4,Promotion Lovers
27065,5,Low-Value Occasional Customers
27066,6,High-Value Customers
27067,4,Promotion Lovers
27068,5,Low-Value Occasional Customers
27069,0,Regular Cutomers
27070,5,Low-Value Occasional Customers
27071,1,Gamers
27072,2,Clean & Green
27073,2,Clean & Green
27076,6,High-Value Customers
27077,0,Regular Cutomers
27078,1,Gamers
27079,0,Regular Cutomers
27080,0,Regular Cutomers
27081,0,Regular Cutomers
27082,4,Promotion Lovers
27083,3,Senior Karens
27084,2,Clean & Green
27086,0,Regular Cutomers
27087,2,Clean & Green
27088,5,Low-Value Occasional Customers
27089,8,Young Karens
27091,8,Young Karens
27092,5,Low-Value Occasional Customers
27093,2,Clean & Green
27094,0,Regular Cutomers
27095,7,Large Families
27096,8,Young Karens
27097,6,High-Value Customers
27098,0,Regular Cutomers
27099,2,Clean & Green
27100,6,High-Value Customers
27101,6,High-Value Customers
27102,2,Clean & Green
27103,6,High-Value Customers
27104,0,Regular Cutomers
27106,4,Promotion Lovers
27107,0,Regular Cutomers
27108,5,Low-Value Occasional Customers
27110,0,Regular Cutomers
27111,0,Regular Cutomers
27112,8,Young Karens
27113,4,Promotion Lovers
27114,5,Low-Value Occasional Customers
27115,5,Low-Value Occasional Customers
27116,2,Clean & Green
27117,3,Senior Karens
27119,1,Gamers
27120,0,Regular Cutomers
27121,1,Gamers
27122,0,Regular Cutomers
27123,2,Clean & Green
27124,7,Large Families
27125,2,Clean & Green
27126,8,Young Karens
27128,3,Senior Karens
27129,1,Gamers
27130,1,Gamers
27133,0,Regular Cutomers
27134,2,Clean & Green
27135,4,Promotion Lovers
27136,5,Low-Value Occasional Customers
27137,5,Low-Value Occasional Customers
27138,2,Clean & Green
27140,7,Large Families
27141,6,High-Value Customers
27142,4,Promotion Lovers
27143,5,Low-Value Occasional Customers
27144,0,Regular Cutomers
27145,4,Promotion Lovers
27146,7,Large Families
27147,0,Regular Cutomers
27148,8,Young Karens
27149,1,Gamers
27150,7,Large Families
27151,4,Promotion Lovers
27152,5,Low-Value Occasional Customers
27153,3,Senior Karens
27154,0,Regular Cutomers
27155,5,Low-Value Occasional Customers
27157,2,Clean & Green
27158,7,Large Families
27159,0,Regular Cutomers
27161,0,Regular Cutomers
27163,7,Large Families
27164,7,Large Families
27165,6,High-Value Customers
27167,7,Large Families
27169,1,Gamers
27170,4,Promotion Lovers
27171,2,Clean & Green
27172,0,Regular Cutomers
27173,4,Promotion Lovers
27174,4,Promotion Lovers
27175,0,Regular Cutomers
27176,0,Regular Cutomers
27177,4,Promotion Lovers
27178,7,Large Families
27179,6,High-Value Customers
27180,5,Low-Value Occasional Customers
27181,8,Young Karens
27182,2,Clean & Green
27184,2,Clean & Green
27186,7,Large Families
27187,0,Regular Cutomers
27188,1,Gamers
27189,4,Promotion Lovers
27190,0,Regular Cutomers
27191,6,High-Value Customers
27192,3,Senior Karens
27193,0,Regular Cutomers
27194,0,Regular Cutomers
27195,5,Low-Value Occasional Customers
27196,5,Low-Value Occasional Customers
27199,4,Promotion Lovers
27200,4,Promotion Lovers
27202,0,Regular Cutomers
27203,0,Regular Cutomers
27206,1,Gamers
27207,8,Young Karens
27209,4,Promotion Lovers
27210,1,Gamers
27211,7,Large Families
27212,0,Regular Cutomers
27213,6,High-Value Customers
27214,6,High-Value Customers
27215,5,Low-Value Occasional Customers
27216,2,Clean & Green
27217,2,Clean & Green
27218,2,Clean & Green
27219,6,High-Value Customers
27221,2,Clean & Green
27222,1,Gamers
27223,4,Promotion Lovers
27224,0,Regular Cutomers
27226,4,Promotion Lovers
27228,4,Promotion Lovers
27230,4,Promotion Lovers
27231,1,Gamers
27232,5,Low-Value Occasional Customers
27234,1,Gamers
27236,4,Promotion Lovers
27237,3,Senior Karens
27239,0,Regular Cutomers
27240,0,Regular Cutomers
27241,1,Gamers
27243,4,Promotion Lovers
27247,1,Gamers
27248,6,High-Value Customers
27249,4,Promotion Lovers
27251,6,High-Value Customers
27252,2,Clean & Green
27253,5,Low-Value Occasional Customers
27254,4,Promotion Lovers
27255,5,Low-Value Occasional Customers
27257,2,Clean & Green
27258,5,Low-Value Occasional Customers
27259,6,High-Value Customers
27260,6,High-Value Customers
27261,2,Clean & Green
27262,6,High-Value Customers
27263,7,Large Families
27264,8,Young Karens
27265,1,Gamers
27266,4,Promotion Lovers
27267,1,Gamers
27268,5,Low-Value Occasional Customers
27269,1,Gamers
27270,6,High-Value Customers
27271,6,High-Value Customers
27272,8,Young Karens
27273,8,Young Karens
27274,4,Promotion Lovers
27275,2,Clean & Green
27276,1,Gamers
27277,5,Low-Value Occasional Customers
27279,6,High-Value Customers
27281,4,Promotion Lovers
27282,6,High-Value Customers
27283,4,Promotion Lovers
27285,0,Regular Cutomers
27287,7,Large Families
27289,0,Regular Cutomers
27290,5,Low-Value Occasional Customers
27291,5,Low-Value Occasional Customers
27292,0,Regular Cutomers
27293,6,High-Value Customers
27294,6,High-Value Customers
27295,4,Promotion Lovers
27296,6,High-Value Customers
27297,6,High-Value Customers
27299,5,Low-Value Occasional Customers
27301,3,Senior Karens
27302,0,Regular Cutomers
27303,5,Low-Value Occasional Customers
27305,0,Regular Cutomers
27306,5,Low-Value Occasional Customers
27307,1,Gamers
27308,0,Regular Cutomers
27309,4,Promotion Lovers
27310,0,Regular Cutomers
27311,6,High-Value Customers
27312,2,Clean & Green
27313,3,Senior Karens
27315,0,Regular Cutomers
27316,8,Young Karens
27317,7,Large Families
27320,6,High-Value Customers
27322,5,Low-Value Occasional Customers
27323,0,Regular Cutomers
27326,4,Promotion Lovers
27327,5,Low-Value Occasional Customers
27328,0,Regular Cutomers
27329,0,Regular Cutomers
27330,1,Gamers
27331,7,Large Families
27332,0,Regular Cutomers
27333,4,Promotion Lovers
27334,5,Low-Value Occasional Customers
27335,0,Regular Cutomers
27336,1,Gamers
27337,4,Promotion Lovers
27338,8,Young Karens
27339,6,High-Value Customers
27340,5,Low-Value Occasional Customers
27341,3,Senior Karens
27342,8,Young Karens
27343,1,Gamers
27344,0,Regular Cutomers
27345,7,Large Families
27347,7,Large Families
27348,6,High-Value Customers
27349,6,High-Value Customers
27351,4,Promotion Lovers
27353,8,Young Karens
27354,4,Promotion Lovers
27355,2,Clean & Green
27356,1,Gamers
27357,0,Regular Cutomers
27358,6,High-Value Customers
27359,3,Senior Karens
27363,0,Regular Cutomers
27364,6,High-Value Customers
27365,4,Promotion Lovers
27366,6,High-Value Customers
27367,0,Regular Cutomers
27369,4,Promotion Lovers
27370,0,Regular Cutomers
27371,6,High-Value Customers
27372,5,Low-Value Occasional Customers
27373,8,Young Karens
27374,6,High-Value Customers
27375,6,High-Value Customers
27376,7,Large Families
27377,4,Promotion Lovers
27379,7,Large Families
27380,8,Young Karens
27381,0,Regular Cutomers
27382,1,Gamers
27383,5,Low-Value Occasional Customers
27384,5,Low-Value Occasional Customers
27385,6,High-Value Customers
27386,0,Regular Cutomers
27387,3,Senior Karens
27388,5,Low-Value Occasional Customers
27389,0,Regular Cutomers
27390,8,Young Karens
27391,5,Low-Value Occasional Customers
27392,5,Low-Value Occasional Customers
27394,1,Gamers
27395,1,Gamers
27396,1,Gamers
27397,0,Regular Cutomers
27401,7,Large Families
27402,5,Low-Value Occasional Customers
27403,4,Promotion Lovers
27404,4,Promotion Lovers
27405,1,Gamers
27406,8,Young Karens
27407,3,Senior Karens
27408,4,Promotion Lovers
27410,7,Large Families
27411,0,Regular Cutomers
27412,0,Regular Cutomers
27413,0,Regular Cutomers
27415,8,Young Karens
27416,0,Regular Cutomers
27417,7,Large Families
27418,7,Large Families
27419,2,Clean & Green
27420,0,Regular Cutomers
27421,0,Regular Cutomers
27422,0,Regular Cutomers
27424,6,High-Value Customers
27425,3,Senior Karens
27426,5,Low-Value Occasional Customers
27427,0,Regular Cutomers
27428,5,Low-Value Occasional Customers
27429,0,Regular Cutomers
27431,1,Gamers
27432,5,Low-Value Occasional Customers
27434,3,Senior Karens
27435,0,Regular Cutomers
27436,5,Low-Value Occasional Customers
27438,1,Gamers
27439,0,Regular Cutomers
27440,0,Regular Cutomers
27441,2,Clean & Green
27442,5,Low-Value Occasional Customers
27444,0,Regular Cutomers
27445,0,Regular Cutomers
27446,7,Large Families
27448,0,Regular Cutomers
27449,1,Gamers
27450,4,Promotion Lovers
27451,5,Low-Value Occasional Customers
27452,6,High-Value Customers
27453,7,Large Families
27454,5,Low-Value Occasional Customers
27455,7,Large Families
27456,4,Promotion Lovers
27458,2,Clean & Green
27459,0,Regular Cutomers
27461,4,Promotion Lovers
27462,5,Low-Value Occasional Customers
27463,6,High-Value Customers
27465,4,Promotion Lovers
27466,8,Young Karens
27467,2,Clean & Green
27468,0,Regular Cutomers
27469,2,Clean & Green
27470,5,Low-Value Occasional Customers
27471,6,High-Value Customers
27472,2,Clean & Green
27473,2,Clean & Green
27474,2,Clean & Green
27475,0,Regular Cutomers
27476,0,Regular Cutomers
27477,7,Large Families
27478,6,High-Value Customers
27479,2,Clean & Green
27481,2,Clean & Green
27482,3,Senior Karens
27483,0,Regular Cutomers
27484,1,Gamers
27485,4,Promotion Lovers
27486,8,Young Karens
27487,5,Low-Value Occasional Customers
27488,0,Regular Cutomers
27489,5,Low-Value Occasional Customers
27490,0,Regular Cutomers
27491,2,Clean & Green
27493,0,Regular Cutomers
27494,6,High-Value Customers
27495,1,Gamers
27496,3,Senior Karens
27497,4,Promotion Lovers
27498,6,High-Value Customers
27499,8,Young Karens
27500,8,Young Karens
27501,1,Gamers
27502,4,Promotion Lovers
27505,5,Low-Value Occasional Customers
27506,8,Young Karens
27507,2,Clean & Green
27508,0,Regular Cutomers
27513,7,Large Families
27514,6,High-Value Customers
27515,4,Promotion Lovers
27516,4,Promotion Lovers
27517,2,Clean & Green
27518,4,Promotion Lovers
27519,4,Promotion Lovers
27520,5,Low-Value Occasional Customers
27521,4,Promotion Lovers
27522,1,Gamers
27523,5,Low-Value Occasional Customers
27525,1,Gamers
27526,4,Promotion Lovers
27527,8,Young Karens
27528,0,Regular Cutomers
27529,7,Large Families
27530,7,Large Families
27531,0,Regular Cutomers
27532,8,Young Karens
27533,0,Regular Cutomers
27535,6,High-Value Customers
27536,0,Regular Cutomers
27537,1,Gamers
27538,0,Regular Cutomers
27539,4,Promotion Lovers
27541,8,Young Karens
27542,3,Senior Karens
27543,8,Young Karens
27544,6,High-Value Customers
27545,4,Promotion Lovers
27546,5,Low-Value Occasional Customers
27548,2,Clean & Green
27549,4,Promotion Lovers
27550,8,Young Karens
27551,6,High-Value Customers
27552,2,Clean & Green
27553,5,Low-Value Occasional Customers
27554,6,High-Value Customers
27555,0,Regular Cutomers
27557,8,Young Karens
27558,0,Regular Cutomers
27559,1,Gamers
27560,1,Gamers
27561,7,Large Families
27562,5,Low-Value Occasional Customers
27563,0,Regular Cutomers
27564,5,Low-Value Occasional Customers
27565,0,Regular Cutomers
27566,0,Regular Cutomers
27567,4,Promotion Lovers
27568,8,Young Karens
27569,8,Young Karens
27570,4,Promotion Lovers
27571,6,High-Value Customers
27573,6,High-Value Customers
27574,0,Regular Cutomers
27575,4,Promotion Lovers
27576,4,Promotion Lovers
27577,4,Promotion Lovers
27578,0,Regular Cutomers
27579,0,Regular Cutomers
27580,3,Senior Karens
27582,0,Regular Cutomers
27584,0,Regular Cutomers
27585,0,Regular Cutomers
27587,4,Promotion Lovers
27588,4,Promotion Lovers
27589,1,Gamers
27590,0,Regular Cutomers
27591,0,Regular Cutomers
27592,0,Regular Cutomers
27593,0,Regular Cutomers
27594,0,Regular Cutomers
27595,8,Young Karens
27596,0,Regular Cutomers
27598,7,Large Families
27599,0,Regular Cutomers
27600,3,Senior Karens
27601,3,Senior Karens
27602,4,Promotion Lovers
27603,6,High-Value Customers
27604,5,Low-Value Occasional Customers
27605,5,Low-Value Occasional Customers
27606,6,High-Value Customers
27607,4,Promotion Lovers
27608,4,Promotion Lovers
27609,2,Clean & Green
27610,1,Gamers
27613,6,High-Value Customers
27614,4,Promotion Lovers
27616,0,Regular Cutomers
27617,0,Regular Cutomers
27618,7,Large Families
27619,4,Promotion Lovers
27620,6,High-Value Customers
27621,6,High-Value Customers
27622,4,Promotion Lovers
27623,1,Gamers
27624,4,Promotion Lovers
27626,5,Low-Value Occasional Customers
27628,1,Gamers
27629,3,Senior Karens
27631,7,Large Families
27633,4,Promotion Lovers
27636,6,High-Value Customers
27637,7,Large Families
27638,8,Young Karens
27639,2,Clean & Green
27640,7,Large Families
27641,2,Clean & Green
27642,0,Regular Cutomers
27643,0,Regular Cutomers
27644,1,Gamers
27646,1,Gamers
27647,0,Regular Cutomers
27648,1,Gamers
27649,4,Promotion Lovers
27650,4,Promotion Lovers
27651,5,Low-Value Occasional Customers
27652,7,Large Families
27654,0,Regular Cutomers
27655,1,Gamers
27656,4,Promotion Lovers
27657,4,Promotion Lovers
27658,8,Young Karens
27659,7,Large Families
27661,0,Regular Cutomers
27662,0,Regular Cutomers
27663,1,Gamers
27664,0,Regular Cutomers
27666,5,Low-Value Occasional Customers
27667,0,Regular Cutomers
27668,6,High-Value Customers
27670,4,Promotion Lovers
27672,0,Regular Cutomers
27674,5,Low-Value Occasional Customers
27675,2,Clean & Green
27676,4,Promotion Lovers
27678,0,Regular Cutomers
27679,0,Regular Cutomers
27680,0,Regular Cutomers
27681,3,Senior Karens
27682,2,Clean & Green
27684,1,Gamers
27685,6,High-Value Customers
27686,5,Low-Value Occasional Customers
27687,4,Promotion Lovers
27688,8,Young Karens
27689,7,Large Families
27690,3,Senior Karens
27691,0,Regular Cutomers
27692,7,Large Families
27693,3,Senior Karens
27694,3,Senior Karens
27695,0,Regular Cutomers
27697,1,Gamers
27698,6,High-Value Customers
27699,0,Regular Cutomers
27700,5,Low-Value Occasional Customers
27701,6,High-Value Customers
27702,2,Clean & Green
27703,6,High-Value Customers
27704,0,Regular Cutomers
27706,8,Young Karens
27707,0,Regular Cutomers
27708,7,Large Families
27709,5,Low-Value Occasional Customers
27710,4,Promotion Lovers
27711,7,Large Families
27712,4,Promotion Lovers
27713,0,Regular Cutomers
27714,1,Gamers
27715,2,Clean & Green
27716,0,Regular Cutomers
27717,5,Low-Value Occasional Customers
27718,0,Regular Cutomers
27719,0,Regular Cutomers
27720,0,Regular Cutomers
27722,5,Low-Value Occasional Customers
27724,1,Gamers
27725,1,Gamers
27726,5,Low-Value Occasional Customers
27727,4,Promotion Lovers
27728,4,Promotion Lovers
27729,2,Clean & Green
27730,0,Regular Cutomers
27731,7,Large Families
27732,0,Regular Cutomers
27733,2,Clean & Green
27734,8,Young Karens
27736,6,High-Value Customers
27737,2,Clean & Green
27738,4,Promotion Lovers
27739,0,Regular Cutomers
27740,0,Regular Cutomers
27741,8,Young Karens
27742,7,Large Families
27743,8,Young Karens
27744,0,Regular Cutomers
27745,0,Regular Cutomers
27746,0,Regular Cutomers
27747,0,Regular Cutomers
27748,5,Low-Value Occasional Customers
27749,8,Young Karens
27750,1,Gamers
27752,1,Gamers
27755,4,Promotion Lovers
27756,0,Regular Cutomers
27757,4,Promotion Lovers
27758,0,Regular Cutomers
27759,4,Promotion Lovers
27761,8,Young Karens
27763,5,Low-Value Occasional Customers
27764,0,Regular Cutomers
27765,0,Regular Cutomers
27766,1,Gamers
27767,8,Young Karens
27769,5,Low-Value Occasional Customers
27771,7,Large Families
27772,0,Regular Cutomers
27774,0,Regular Cutomers
27776,4,Promotion Lovers
27777,0,Regular Cutomers
27779,3,Senior Karens
27780,4,Promotion Lovers
27781,0,Regular Cutomers
27782,8,Young Karens
27783,5,Low-Value Occasional Customers
27784,0,Regular Cutomers
27785,2,Clean & Green
27788,8,Young Karens
27789,7,Large Families
27790,1,Gamers
27792,4,Promotion Lovers
27793,2,Clean & Green
27794,4,Promotion Lovers
27796,4,Promotion Lovers
27797,3,Senior Karens
27798,5,Low-Value Occasional Customers
27799,0,Regular Cutomers
27800,1,Gamers
27801,7,Large Families
27802,5,Low-Value Occasional Customers
27803,5,Low-Value Occasional Customers
27804,4,Promotion Lovers
27805,4,Promotion Lovers
27807,7,Large Families
27808,8,Young Karens
27809,3,Senior Karens
27811,0,Regular Cutomers
27814,0,Regular Cutomers
27815,1,Gamers
27816,8,Young Karens
27817,4,Promotion Lovers
27818,5,Low-Value Occasional Customers
27819,6,High-Value Customers
27821,7,Large Families
27822,6,High-Value Customers
27823,1,Gamers
27824,4,Promotion Lovers
27825,4,Promotion Lovers
27826,7,Large Families
27828,7,Large Families
27830,0,Regular Cutomers
27831,4,Promotion Lovers
27832,0,Regular Cutomers
27833,2,Clean & Green
27834,0,Regular Cutomers
27835,1,Gamers
27837,7,Large Families
27839,4,Promotion Lovers
27840,4,Promotion Lovers
27841,0,Regular Cutomers
27842,0,Regular Cutomers
27844,4,Promotion Lovers
27846,1,Gamers
27848,2,Clean & Green
27849,2,Clean & Green
27850,4,Promotion Lovers
27851,0,Regular Cutomers
27852,8,Young Karens
27853,7,Large Families
27855,8,Young Karens
27856,4,Promotion Lovers
27857,5,Low-Value Occasional Customers
27858,4,Promotion Lovers
27859,0,Regular Cutomers
27860,2,Clean & Green
27861,7,Large Families
27863,6,High-Value Customers
27864,5,Low-Value Occasional Customers
27867,0,Regular Cutomers
27868,6,High-Value Customers
27869,0,Regular Cutomers
27871,5,Low-Value Occasional Customers
27872,5,Low-Value Occasional Customers
27873,0,Regular Cutomers
27875,4,Promotion Lovers
27877,0,Regular Cutomers
27878,7,Large Families
27879,0,Regular Cutomers
27880,1,Gamers
27881,5,Low-Value Occasional Customers
27882,2,Clean & Green
27883,0,Regular Cutomers
27884,4,Promotion Lovers
27885,6,High-Value Customers
27887,5,Low-Value Occasional Customers
27889,0,Regular Cutomers
27890,7,Large Families
27891,7,Large Families
27892,4,Promotion Lovers
27893,4,Promotion Lovers
27894,5,Low-Value Occasional Customers
27895,0,Regular Cutomers
27898,1,Gamers
27899,3,Senior Karens
27900,4,Promotion Lovers
27901,0,Regular Cutomers
27904,6,High-Value Customers
27905,4,Promotion Lovers
27906,6,High-Value Customers
27907,2,Clean & Green
27908,6,High-Value Customers
27910,5,Low-Value Occasional Customers
27911,8,Young Karens
27912,3,Senior Karens
27913,5,Low-Value Occasional Customers
27914,4,Promotion Lovers
27916,7,Large Families
27917,3,Senior Karens
27918,4,Promotion Lovers
27919,7,Large Families
27921,2,Clean & Green
27922,4,Promotion Lovers
27923,4,Promotion Lovers
27924,0,Regular Cutomers
27925,4,Promotion Lovers
27926,4,Promotion Lovers
27927,7,Large Families
27928,4,Promotion Lovers
27931,1,Gamers
27932,5,Low-Value Occasional Customers
27933,6,High-Value Customers
27934,4,Promotion Lovers
27935,2,Clean & Green
27937,4,Promotion Lovers
27938,6,High-Value Customers
27939,8,Young Karens
27940,7,Large Families
27942,6,High-Value Customers
27943,5,Low-Value Occasional Customers
27945,8,Young Karens
27946,4,Promotion Lovers
27947,8,Young Karens
27948,3,Senior Karens
27949,7,Large Families
27950,6,High-Value Customers
27951,1,Gamers
27952,6,High-Value Customers
27953,8,Young Karens
27954,5,Low-Value Occasional Customers
27955,2,Clean & Green
27956,4,Promotion Lovers
27959,4,Promotion Lovers
27961,4,Promotion Lovers
27965,4,Promotion Lovers
27966,0,Regular Cutomers
27967,3,Senior Karens
27969,4,Promotion Lovers
27970,2,Clean & Green
27971,4,Promotion Lovers
27974,0,Regular Cutomers
27975,3,Senior Karens
27976,1,Gamers
27977,8,Young Karens
27979,0,Regular Cutomers
27980,5,Low-Value Occasional Customers
27982,0,Regular Cutomers
27983,0,Regular Cutomers
27984,6,High-Value Customers
27985,0,Regular Cutomers
27986,6,High-Value Customers
27987,2,Clean & Green
27988,2,Clean & Green
27989,3,Senior Karens
27990,3,Senior Karens
27992,2,Clean & Green
27993,0,Regular Cutomers
27994,6,High-Value Customers
27996,0,Regular Cutomers
27997,7,Large Families
27998,0,Regular Cutomers
28000,0,Regular Cutomers
28001,0,Regular Cutomers
28002,2,Clean & Green
28005,2,Clean & Green
28006,5,Low-Value Occasional Customers
28007,0,Regular Cutomers
28008,2,Clean & Green
28009,7,Large Families
28010,1,Gamers
28011,4,Promotion Lovers
28012,4,Promotion Lovers
28013,4,Promotion Lovers
28014,1,Gamers
28018,0,Regular Cutomers
28020,5,Low-Value Occasional Customers
28021,2,Clean & Green
28022,2,Clean & Green
28023,0,Regular Cutomers
28024,0,Regular Cutomers
28026,4,Promotion Lovers
28028,0,Regular Cutomers
28029,3,Senior Karens
28030,0,Regular Cutomers
28031,4,Promotion Lovers
28032,0,Regular Cutomers
28033,0,Regular Cutomers
28034,0,Regular Cutomers
28036,5,Low-Value Occasional Customers
28037,6,High-Value Customers
28038,1,Gamers
28039,0,Regular Cutomers
28040,4,Promotion Lovers
28041,6,High-Value Customers
28042,0,Regular Cutomers
28044,4,Promotion Lovers
28045,0,Regular Cutomers
28046,4,Promotion Lovers
28047,4,Promotion Lovers
28049,8,Young Karens
28050,3,Senior Karens
28052,3,Senior Karens
28053,8,Young Karens
28054,4,Promotion Lovers
28055,2,Clean & Green
28056,4,Promotion Lovers
28057,2,Clean & Green
28058,6,High-Value Customers
28059,2,Clean & Green
28060,6,High-Value Customers
28061,6,High-Value Customers
28063,2,Clean & Green
28065,4,Promotion Lovers
28066,0,Regular Cutomers
28067,7,Large Families
28068,4,Promotion Lovers
28069,1,Gamers
28072,5,Low-Value Occasional Customers
28073,0,Regular Cutomers
28074,2,Clean & Green
28075,0,Regular Cutomers
28076,7,Large Families
28078,4,Promotion Lovers
28079,6,High-Value Customers
28080,0,Regular Cutomers
28081,1,Gamers
28082,6,High-Value Customers
28083,6,High-Value Customers
28085,2,Clean & Green
28087,5,Low-Value Occasional Customers
28089,0,Regular Cutomers
28091,2,Clean & Green
28092,5,Low-Value Occasional Customers
28093,6,High-Value Customers
28094,6,High-Value Customers
28095,0,Regular Cutomers
28097,5,Low-Value Occasional Customers
28098,0,Regular Cutomers
28100,4,Promotion Lovers
28101,0,Regular Cutomers
28102,0,Regular Cutomers
28103,0,Regular Cutomers
28104,2,Clean & Green
28105,7,Large Families
28106,1,Gamers
28107,2,Clean & Green
28108,5,Low-Value Occasional Customers
28110,3,Senior Karens
28111,0,Regular Cutomers
28112,1,Gamers
28113,4,Promotion Lovers
28114,6,High-Value Customers
28116,0,Regular Cutomers
28117,6,High-Value Customers
28118,7,Large Families
28120,0,Regular Cutomers
28121,8,Young Karens
28122,1,Gamers
28123,4,Promotion Lovers
28124,1,Gamers
28125,6,High-Value Customers
28126,4,Promotion Lovers
28130,7,Large Families
28131,2,Clean & Green
28132,5,Low-Value Occasional Customers
28133,0,Regular Cutomers
28134,0,Regular Cutomers
28135,5,Low-Value Occasional Customers
28137,5,Low-Value Occasional Customers
28138,0,Regular Cutomers
28140,0,Regular Cutomers
28141,1,Gamers
28142,6,High-Value Customers
28143,4,Promotion Lovers
28144,8,Young Karens
28146,7,Large Families
28147,7,Large Families
28148,0,Regular Cutomers
28149,6,High-Value Customers
28150,5,Low-Value Occasional Customers
28151,7,Large Families
28152,7,Large Families
28153,8,Young Karens
28154,3,Senior Karens
28155,5,Low-Value Occasional Customers
28157,5,Low-Value Occasional Customers
28158,6,High-Value Customers
28161,2,Clean & Green
28162,6,High-Value Customers
28164,2,Clean & Green
28165,4,Promotion Lovers
28166,8,Young Karens
28167,0,Regular Cutomers
28168,7,Large Families
28169,7,Large Families
28170,5,Low-Value Occasional Customers
28171,4,Promotion Lovers
28172,1,Gamers
28173,2,Clean & Green
28174,5,Low-Value Occasional Customers
28175,1,Gamers
28176,4,Promotion Lovers
28177,7,Large Families
28178,0,Regular Cutomers
28180,5,Low-Value Occasional Customers
28181,2,Clean & Green
28182,3,Senior Karens
28183,0,Regular Cutomers
28184,4,Promotion Lovers
28185,4,Promotion Lovers
28186,7,Large Families
28187,1,Gamers
28191,0,Regular Cutomers
28192,8,Young Karens
28193,0,Regular Cutomers
28194,5,Low-Value Occasional Customers
28195,0,Regular Cutomers
28196,0,Regular Cutomers
28198,4,Promotion Lovers
28199,1,Gamers
28200,3,Senior Karens
28201,1,Gamers
28202,7,Large Families
28203,4,Promotion Lovers
28204,0,Regular Cutomers
28205,4,Promotion Lovers
28206,5,Low-Value Occasional Customers
28208,2,Clean & Green
28209,8,Young Karens
28210,3,Senior Karens
28211,0,Regular Cutomers
28212,6,High-Value Customers
28213,8,Young Karens
28214,8,Young Karens
28215,8,Young Karens
28216,5,Low-Value Occasional Customers
28217,2,Clean & Green
28218,2,Clean & Green
28219,1,Gamers
28220,5,Low-Value Occasional Customers
28221,4,Promotion Lovers
28223,4,Promotion Lovers
28224,0,Regular Cutomers
28225,4,Promotion Lovers
28226,5,Low-Value Occasional Customers
28227,4,Promotion Lovers
28228,5,Low-Value Occasional Customers
28229,2,Clean & Green
28230,8,Young Karens
28231,1,Gamers
28232,5,Low-Value Occasional Customers
28233,5,Low-Value Occasional Customers
28234,4,Promotion Lovers
28235,5,Low-Value Occasional Customers
28236,0,Regular Cutomers
28238,0,Regular Cutomers
28239,1,Gamers
28240,2,Clean & Green
28241,8,Young Karens
28242,1,Gamers
28243,2,Clean & Green
28244,0,Regular Cutomers
28245,6,High-Value Customers
28246,8,Young Karens
28247,6,High-Value Customers
28248,7,Large Families
28249,2,Clean & Green
28250,4,Promotion Lovers
28252,6,High-Value Customers
28253,2,Clean & Green
28254,4,Promotion Lovers
28255,2,Clean & Green
28256,1,Gamers
28257,3,Senior Karens
28258,8,Young Karens
28259,4,Promotion Lovers
28260,7,Large Families
28261,2,Clean & Green
28262,2,Clean & Green
28263,2,Clean & Green
28264,0,Regular Cutomers
28265,8,Young Karens
28266,0,Regular Cutomers
28267,6,High-Value Customers
28269,3,Senior Karens
28270,0,Regular Cutomers
28271,7,Large Families
28272,3,Senior Karens
28273,8,Young Karens
28274,2,Clean & Green
28275,5,Low-Value Occasional Customers
28276,7,Large Families
28277,2,Clean & Green
28278,6,High-Value Customers
28279,2,Clean & Green
28280,0,Regular Cutomers
28282,0,Regular Cutomers
28283,1,Gamers
28284,0,Regular Cutomers
28285,6,High-Value Customers
28286,6,High-Value Customers
28288,2,Clean & Green
28289,0,Regular Cutomers
28290,2,Clean & Green
28293,0,Regular Cutomers
28294,7,Large Families
28295,5,Low-Value Occasional Customers
28296,0,Regular Cutomers
28297,4,Promotion Lovers
28298,6,High-Value Customers
28299,0,Regular Cutomers
28300,6,High-Value Customers
28301,4,Promotion Lovers
28302,6,High-Value Customers
28303,5,Low-Value Occasional Customers
28304,0,Regular Cutomers
28305,8,Young Karens
28306,1,Gamers
28307,7,Large Families
28308,3,Senior Karens
28309,4,Promotion Lovers
28310,8,Young Karens
28311,0,Regular Cutomers
28312,0,Regular Cutomers
28313,1,Gamers
28314,5,Low-Value Occasional Customers
28315,0,Regular Cutomers
28316,3,Senior Karens
28317,1,Gamers
28318,5,Low-Value Occasional Customers
28321,0,Regular Cutomers
28322,4,Promotion Lovers
28323,4,Promotion Lovers
28325,6,High-Value Customers
28326,7,Large Families
28327,2,Clean & Green
28328,8,Young Karens
28329,1,Gamers
28330,5,Low-Value Occasional Customers
28331,3,Senior Karens
28332,8,Young Karens
28334,8,Young Karens
28335,7,Large Families
28337,4,Promotion Lovers
28339,1,Gamers
28341,5,Low-Value Occasional Customers
28342,2,Clean & Green
28343,4,Promotion Lovers
28344,8,Young Karens
28345,0,Regular Cutomers
28346,5,Low-Value Occasional Customers
28348,2,Clean & Green
28349,3,Senior Karens
28350,0,Regular Cutomers
28352,5,Low-Value Occasional Customers
28353,8,Young Karens
28354,5,Low-Value Occasional Customers
28355,0,Regular Cutomers
28358,6,High-Value Customers
28359,1,Gamers
28360,0,Regular Cutomers
28362,1,Gamers
28363,6,High-Value Customers
28364,4,Promotion Lovers
28365,1,Gamers
28366,4,Promotion Lovers
28367,5,Low-Value Occasional Customers
28369,5,Low-Value Occasional Customers
28370,6,High-Value Customers
28371,6,High-Value Customers
28372,0,Regular Cutomers
28374,4,Promotion Lovers
28375,1,Gamers
28376,6,High-Value Customers
28377,0,Regular Cutomers
28379,1,Gamers
28380,3,Senior Karens
28381,0,Regular Cutomers
28382,5,Low-Value Occasional Customers
28383,5,Low-Value Occasional Customers
28384,4,Promotion Lovers
28385,5,Low-Value Occasional Customers
28387,0,Regular Cutomers
28388,0,Regular Cutomers
28389,6,High-Value Customers
28391,0,Regular Cutomers
28395,0,Regular Cutomers
28397,2,Clean & Green
28398,0,Regular Cutomers
28399,0,Regular Cutomers
28400,6,High-Value Customers
28402,2,Clean & Green
28403,4,Promotion Lovers
28404,8,Young Karens
28405,4,Promotion Lovers
28406,5,Low-Value Occasional Customers
28407,5,Low-Value Occasional Customers
28409,3,Senior Karens
28410,8,Young Karens
28411,1,Gamers
28412,1,Gamers
28413,1,Gamers
28414,0,Regular Cutomers
28415,8,Young Karens
28417,2,Clean & Green
28418,1,Gamers
28419,4,Promotion Lovers
28420,7,Large Families
28421,7,Large Families
28422,6,High-Value Customers
28423,4,Promotion Lovers
28424,4,Promotion Lovers
28425,7,Large Families
28427,4,Promotion Lovers
28428,2,Clean & Green
28429,0,Regular Cutomers
28430,1,Gamers
28431,4,Promotion Lovers
28433,6,High-Value Customers
28434,5,Low-Value Occasional Customers
28435,1,Gamers
28436,4,Promotion Lovers
28437,6,High-Value Customers
28439,5,Low-Value Occasional Customers
28440,7,Large Families
28441,5,Low-Value Occasional Customers
28442,1,Gamers
28444,0,Regular Cutomers
28445,0,Regular Cutomers
28446,7,Large Families
28447,8,Young Karens
28448,5,Low-Value Occasional Customers
28450,0,Regular Cutomers
28451,1,Gamers
28452,0,Regular Cutomers
28453,1,Gamers
28454,4,Promotion Lovers
28455,5,Low-Value Occasional Customers
28456,5,Low-Value Occasional Customers
28459,4,Promotion Lovers
28461,7,Large Families
28462,7,Large Families
28463,0,Regular Cutomers
28464,5,Low-Value Occasional Customers
28465,1,Gamers
28466,4,Promotion Lovers
28468,0,Regular Cutomers
28469,0,Regular Cutomers
28470,0,Regular Cutomers
28471,3,Senior Karens
28472,7,Large Families
28473,0,Regular Cutomers
28474,8,Young Karens
28476,4,Promotion Lovers
28478,7,Large Families
28479,0,Regular Cutomers
28481,2,Clean & Green
28482,0,Regular Cutomers
28483,5,Low-Value Occasional Customers
28485,6,High-Value Customers
28486,1,Gamers
28487,7,Large Families
28489,5,Low-Value Occasional Customers
28491,0,Regular Cutomers
28492,4,Promotion Lovers
28493,4,Promotion Lovers
28495,8,Young Karens
28496,1,Gamers
28497,6,High-Value Customers
28498,2,Clean & Green
28499,2,Clean & Green
28501,0,Regular Cutomers
28502,0,Regular Cutomers
28504,7,Large Families
28505,8,Young Karens
28506,0,Regular Cutomers
28507,4,Promotion Lovers
28508,1,Gamers
28509,4,Promotion Lovers
28510,0,Regular Cutomers
28511,4,Promotion Lovers
28512,6,High-Value Customers
28514,6,High-Value Customers
28515,3,Senior Karens
28516,8,Young Karens
28517,6,High-Value Customers
28518,5,Low-Value Occasional Customers
28521,2,Clean & Green
28522,7,Large Families
28525,4,Promotion Lovers
28526,0,Regular Cutomers
28527,8,Young Karens
28528,0,Regular Cutomers
28529,8,Young Karens
28530,4,Promotion Lovers
28531,4,Promotion Lovers
28532,2,Clean & Green
28533,4,Promotion Lovers
28535,7,Large Families
28536,1,Gamers
28537,0,Regular Cutomers
28539,0,Regular Cutomers
28540,6,High-Value Customers
28541,0,Regular Cutomers
28542,4,Promotion Lovers
28543,4,Promotion Lovers
28544,0,Regular Cutomers
28545,4,Promotion Lovers
28547,0,Regular Cutomers
28548,0,Regular Cutomers
28549,4,Promotion Lovers
28550,0,Regular Cutomers
28551,7,Large Families
28552,5,Low-Value Occasional Customers
28553,4,Promotion Lovers
28555,7,Large Families
28556,5,Low-Value Occasional Customers
28557,5,Low-Value Occasional Customers
28558,0,Regular Cutomers
28559,1,Gamers
28560,4,Promotion Lovers
28561,1,Gamers
28562,8,Young Karens
28563,4,Promotion Lovers
28564,0,Regular Cutomers
28565,2,Clean & Green
28566,0,Regular Cutomers
28567,7,Large Families
28569,4,Promotion Lovers
28570,7,Large Families
28572,6,High-Value Customers
28573,0,Regular Cutomers
28574,1,Gamers
28575,5,Low-Value Occasional Customers
28576,5,Low-Value Occasional Customers
28577,0,Regular Cutomers
28578,3,Senior Karens
28579,1,Gamers
28582,7,Large Families
28583,1,Gamers
28584,7,Large Families
28585,2,Clean & Green
28586,4,Promotion Lovers
28587,5,Low-Value Occasional Customers
28588,4,Promotion Lovers
28590,6,High-Value Customers
28591,0,Regular Cutomers
28592,0,Regular Cutomers
28593,1,Gamers
28594,1,Gamers
28595,3,Senior Karens
28596,3,Senior Karens
28597,2,Clean & Green
28599,0,Regular Cutomers
28600,7,Large Families
28601,6,High-Value Customers
28602,5,Low-Value Occasional Customers
28603,1,Gamers
28604,2,Clean & Green
28605,0,Regular Cutomers
28607,6,High-Value Customers
28608,0,Regular Cutomers
28609,7,Large Families
28612,4,Promotion Lovers
28613,2,Clean & Green
28614,3,Senior Karens
28615,7,Large Families
28617,5,Low-Value Occasional Customers
28618,6,High-Value Customers
28619,4,Promotion Lovers
28620,0,Regular Cutomers
28621,4,Promotion Lovers
28622,7,Large Families
28623,5,Low-Value Occasional Customers
28624,2,Clean & Green
28625,0,Regular Cutomers
28626,4,Promotion Lovers
28628,5,Low-Value Occasional Customers
28629,5,Low-Value Occasional Customers
28630,0,Regular Cutomers
28631,7,Large Families
28632,0,Regular Cutomers
28633,0,Regular Cutomers
28634,4,Promotion Lovers
28635,6,High-Value Customers
28636,8,Young Karens
28637,4,Promotion Lovers
28639,1,Gamers
28640,1,Gamers
28642,1,Gamers
28643,4,Promotion Lovers
28644,4,Promotion Lovers
28645,0,Regular Cutomers
28646,5,Low-Value Occasional Customers
28647,3,Senior Karens
28648,2,Clean & Green
28649,4,Promotion Lovers
28650,4,Promotion Lovers
28652,6,High-Value Customers
28653,7,Large Families
28655,0,Regular Cutomers
28656,7,Large Families
28658,0,Regular Cutomers
28659,7,Large Families
28660,0,Regular Cutomers
28661,0,Regular Cutomers
28662,6,High-Value Customers
28663,3,Senior Karens
28664,6,High-Value Customers
28666,0,Regular Cutomers
28667,4,Promotion Lovers
28668,5,Low-Value Occasional Customers
28669,5,Low-Value Occasional Customers
28670,0,Regular Cutomers
28671,1,Gamers
28672,2,Clean & Green
28673,1,Gamers
28674,1,Gamers
28675,1,Gamers
28676,0,Regular Cutomers
28678,4,Promotion Lovers
28679,4,Promotion Lovers
28680,4,Promotion Lovers
28681,0,Regular Cutomers
28682,1,Gamers
28684,1,Gamers
28685,4,Promotion Lovers
28686,7,Large Families
28688,0,Regular Cutomers
28689,1,Gamers
28690,1,Gamers
28691,2,Clean & Green
28693,6,High-Value Customers
28694,5,Low-Value Occasional Customers
28695,4,Promotion Lovers
28696,7,Large Families
28697,5,Low-Value Occasional Customers
28698,1,Gamers
28699,7,Large Families
28700,2,Clean & Green
28701,4,Promotion Lovers
28702,7,Large Families
28703,6,High-Value Customers
28706,0,Regular Cutomers
28707,2,Clean & Green
28708,6,High-Value Customers
28709,3,Senior Karens
28710,0,Regular Cutomers
28711,4,Promotion Lovers
28712,2,Clean & Green
28713,5,Low-Value Occasional Customers
28714,5,Low-Value Occasional Customers
28717,4,Promotion Lovers
28718,8,Young Karens
28720,1,Gamers
28721,4,Promotion Lovers
28722,2,Clean & Green
28723,7,Large Families
28724,7,Large Families
28725,0,Regular Cutomers
28727,3,Senior Karens
28728,2,Clean & Green
28729,5,Low-Value Occasional Customers
28730,5,Low-Value Occasional Customers
28731,6,High-Value Customers
28732,6,High-Value Customers
28733,5,Low-Value Occasional Customers
28734,8,Young Karens
28735,2,Clean & Green
28736,4,Promotion Lovers
28737,5,Low-Value Occasional Customers
28738,7,Large Families
28739,4,Promotion Lovers
28740,0,Regular Cutomers
28742,0,Regular Cutomers
28743,8,Young Karens
28744,5,Low-Value Occasional Customers
28746,6,High-Value Customers
28747,5,Low-Value Occasional Customers
28748,8,Young Karens
28749,4,Promotion Lovers
28750,4,Promotion Lovers
28751,0,Regular Cutomers
28752,6,High-Value Customers
28753,7,Large Families
28754,5,Low-Value Occasional Customers
28755,5,Low-Value Occasional Customers
28757,8,Young Karens
28758,5,Low-Value Occasional Customers
28759,4,Promotion Lovers
28760,6,High-Value Customers
28761,5,Low-Value Occasional Customers
28762,0,Regular Cutomers
28763,2,Clean & Green
28764,2,Clean & Green
28765,0,Regular Cutomers
28766,7,Large Families
28767,7,Large Families
28768,5,Low-Value Occasional Customers
28769,3,Senior Karens
28771,0,Regular Cutomers
28772,6,High-Value Customers
28773,0,Regular Cutomers
28775,0,Regular Cutomers
28776,1,Gamers
28777,4,Promotion Lovers
28778,1,Gamers
28779,0,Regular Cutomers
28780,8,Young Karens
28781,2,Clean & Green
28782,4,Promotion Lovers
28783,3,Senior Karens
28785,7,Large Families
28786,6,High-Value Customers
28787,1,Gamers
28788,5,Low-Value Occasional Customers
28789,0,Regular Cutomers
28790,0,Regular Cutomers
28791,1,Gamers
28793,8,Young Karens
28795,0,Regular Cutomers
28796,0,Regular Cutomers
28798,8,Young Karens
28799,0,Regular Cutomers
28802,7,Large Families
28804,4,Promotion Lovers
28806,8,Young Karens
28807,7,Large Families
28809,8,Young Karens
28810,3,Senior Karens
28811,1,Gamers
28814,8,Young Karens
28815,0,Regular Cutomers
28816,0,Regular Cutomers
28817,5,Low-Value Occasional Customers
28818,7,Large Families
28819,4,Promotion Lovers
28820,5,Low-Value Occasional Customers
28822,1,Gamers
28823,1,Gamers
28824,5,Low-Value Occasional Customers
28825,4,Promotion Lovers
28826,5,Low-Value Occasional Customers
28827,4,Promotion Lovers
28828,8,Young Karens
28829,8,Young Karens
28831,1,Gamers
28832,4,Promotion Lovers
28833,2,Clean & Green
28834,6,High-Value Customers
28836,2,Clean & Green
28837,7,Large Families
28839,0,Regular Cutomers
28840,3,Senior Karens
28841,0,Regular Cutomers
28843,4,Promotion Lovers
28844,5,Low-Value Occasional Customers
28845,2,Clean & Green
28846,2,Clean & Green
28847,8,Young Karens
28848,8,Young Karens
28850,6,High-Value Customers
28851,3,Senior Karens
28853,4,Promotion Lovers
28854,0,Regular Cutomers
28856,4,Promotion Lovers
28857,0,Regular Cutomers
28859,2,Clean & Green
28860,6,High-Value Customers
28863,8,Young Karens
28864,8,Young Karens
28866,5,Low-Value Occasional Customers
28867,7,Large Families
28869,6,High-Value Customers
28871,0,Regular Cutomers
28872,0,Regular Cutomers
28873,0,Regular Cutomers
28874,1,Gamers
28875,0,Regular Cutomers
28876,7,Large Families
28877,1,Gamers
28878,1,Gamers
28879,0,Regular Cutomers
28880,0,Regular Cutomers
28881,1,Gamers
28882,0,Regular Cutomers
28883,4,Promotion Lovers
28884,2,Clean & Green
28885,8,Young Karens
28886,7,Large Families
28887,7,Large Families
28888,7,Large Families
28889,4,Promotion Lovers
28890,5,Low-Value Occasional Customers
28891,4,Promotion Lovers
28893,5,Low-Value Occasional Customers
28894,6,High-Value Customers
28895,4,Promotion Lovers
28897,4,Promotion Lovers
28899,8,Young Karens
28900,4,Promotion Lovers
28901,1,Gamers
28903,0,Regular Cutomers
28904,7,Large Families
28906,1,Gamers
28908,2,Clean & Green
28909,4,Promotion Lovers
28910,5,Low-Value Occasional Customers
28911,0,Regular Cutomers
28913,0,Regular Cutomers
28915,6,High-Value Customers
28916,2,Clean & Green
28917,0,Regular Cutomers
28918,0,Regular Cutomers
28919,0,Regular Cutomers
28921,4,Promotion Lovers
28922,5,Low-Value Occasional Customers
28923,5,Low-Value Occasional Customers
28924,2,Clean & Green
28926,6,High-Value Customers
28927,0,Regular Cutomers
28928,3,Senior Karens
28929,5,Low-Value Occasional Customers
28931,5,Low-Value Occasional Customers
28932,2,Clean & Green
28933,3,Senior Karens
28934,4,Promotion Lovers
28935,1,Gamers
28936,3,Senior Karens
28938,4,Promotion Lovers
28939,4,Promotion Lovers
28941,7,Large Families
28942,6,High-Value Customers
28943,6,High-Value Customers
28944,0,Regular Cutomers
28947,1,Gamers
28948,0,Regular Cutomers
28949,4,Promotion Lovers
28950,5,Low-Value Occasional Customers
28953,2,Clean & Green
28954,1,Gamers
28955,7,Large Families
28956,6,High-Value Customers
28958,5,Low-Value Occasional Customers
28959,4,Promotion Lovers
28960,0,Regular Cutomers
28962,5,Low-Value Occasional Customers
28963,4,Promotion Lovers
28965,2,Clean & Green
28966,0,Regular Cutomers
28967,0,Regular Cutomers
28968,0,Regular Cutomers
28969,6,High-Value Customers
28970,5,Low-Value Occasional Customers
28971,4,Promotion Lovers
28973,5,Low-Value Occasional Customers
28974,2,Clean & Green
28976,1,Gamers
28977,1,Gamers
28978,4,Promotion Lovers
28979,4,Promotion Lovers
28980,5,Low-Value Occasional Customers
28981,3,Senior Karens
28982,8,Young Karens
28984,5,Low-Value Occasional Customers
28985,2,Clean & Green
28986,8,Young Karens
28987,2,Clean & Green
28989,4,Promotion Lovers
28993,3,Senior Karens
28995,0,Regular Cutomers
28996,5,Low-Value Occasional Customers
28997,0,Regular Cutomers
28998,0,Regular Cutomers
28999,1,Gamers
29000,4,Promotion Lovers
29001,2,Clean & Green
29002,0,Regular Cutomers
29003,6,High-Value Customers
29004,4,Promotion Lovers
29005,0,Regular Cutomers
29006,4,Promotion Lovers
29007,4,Promotion Lovers
29009,0,Regular Cutomers
29010,4,Promotion Lovers
29011,4,Promotion Lovers
29012,1,Gamers
29013,2,Clean & Green
29014,6,High-Value Customers
29016,4,Promotion Lovers
29018,0,Regular Cutomers
29019,0,Regular Cutomers
29020,0,Regular Cutomers
29021,6,High-Value Customers
29022,2,Clean & Green
29023,5,Low-Value Occasional Customers
29024,8,Young Karens
29025,2,Clean & Green
29026,2,Clean & Green
29027,4,Promotion Lovers
29030,1,Gamers
29032,4,Promotion Lovers
29033,1,Gamers
29034,6,High-Value Customers
29035,4,Promotion Lovers
29036,7,Large Families
29037,4,Promotion Lovers
29038,5,Low-Value Occasional Customers
29039,1,Gamers
29040,0,Regular Cutomers
29041,6,High-Value Customers
29042,4,Promotion Lovers
29043,7,Large Families
29044,0,Regular Cutomers
29046,3,Senior Karens
29047,4,Promotion Lovers
29048,7,Large Families
29050,2,Clean & Green
29051,7,Large Families
29053,0,Regular Cutomers
29054,0,Regular Cutomers
29055,0,Regular Cutomers
29057,1,Gamers
29058,1,Gamers
29059,5,Low-Value Occasional Customers
29060,5,Low-Value Occasional Customers
29061,7,Large Families
29062,4,Promotion Lovers
29063,5,Low-Value Occasional Customers
29064,6,High-Value Customers
29065,0,Regular Cutomers
29066,2,Clean & Green
29068,0,Regular Cutomers
29069,4,Promotion Lovers
29070,6,High-Value Customers
29071,1,Gamers
29072,4,Promotion Lovers
29073,4,Promotion Lovers
29074,4,Promotion Lovers
29075,2,Clean & Green
29076,4,Promotion Lovers
29077,0,Regular Cutomers
29078,8,Young Karens
29079,6,High-Value Customers
29080,0,Regular Cutomers
29081,1,Gamers
29082,4,Promotion Lovers
29083,6,High-Value Customers
29084,4,Promotion Lovers
29085,7,Large Families
29086,8,Young Karens
29087,1,Gamers
29089,0,Regular Cutomers
29090,1,Gamers
29092,0,Regular Cutomers
29094,0,Regular Cutomers
29095,4,Promotion Lovers
29096,1,Gamers
29097,0,Regular Cutomers
29099,1,Gamers
29100,4,Promotion Lovers
29102,6,High-Value Customers
29103,0,Regular Cutomers
29104,0,Regular Cutomers
29105,5,Low-Value Occasional Customers
29107,7,Large Families
29111,4,Promotion Lovers
29112,0,Regular Cutomers
29113,2,Clean & Green
29114,4,Promotion Lovers
29116,6,High-Value Customers
29117,4,Promotion Lovers
29118,5,Low-Value Occasional Customers
29119,0,Regular Cutomers
29120,0,Regular Cutomers
29121,3,Senior Karens
29122,0,Regular Cutomers
29123,4,Promotion Lovers
29125,6,High-Value Customers
29126,6,High-Value Customers
29127,1,Gamers
29128,2,Clean & Green
29129,5,Low-Value Occasional Customers
29130,2,Clean & Green
29131,1,Gamers
29132,6,High-Value Customers
29133,6,High-Value Customers
29134,5,Low-Value Occasional Customers
29135,7,Large Families
29136,0,Regular Cutomers
29137,4,Promotion Lovers
29138,6,High-Value Customers
29139,0,Regular Cutomers
29141,7,Large Families
29142,8,Young Karens
29143,0,Regular Cutomers
29144,4,Promotion Lovers
29145,6,High-Value Customers
29147,1,Gamers
29148,1,Gamers
29149,4,Promotion Lovers
29150,2,Clean & Green
29151,5,Low-Value Occasional Customers
29152,0,Regular Cutomers
29153,0,Regular Cutomers
29154,5,Low-Value Occasional Customers
29157,0,Regular Cutomers
29159,7,Large Families
29160,5,Low-Value Occasional Customers
29161,4,Promotion Lovers
29162,6,High-Value Customers
29164,4,Promotion Lovers
29165,3,Senior Karens
29166,2,Clean & Green
29167,2,Clean & Green
29168,5,Low-Value Occasional Customers
29170,8,Young Karens
29171,5,Low-Value Occasional Customers
29173,0,Regular Cutomers
29174,7,Large Families
29175,5,Low-Value Occasional Customers
29176,0,Regular Cutomers
29177,0,Regular Cutomers
29178,4,Promotion Lovers
29179,5,Low-Value Occasional Customers
29180,8,Young Karens
29181,0,Regular Cutomers
29184,8,Young Karens
29185,2,Clean & Green
29186,5,Low-Value Occasional Customers
29187,0,Regular Cutomers
29189,6,High-Value Customers
29190,0,Regular Cutomers
29191,0,Regular Cutomers
29193,5,Low-Value Occasional Customers
29194,8,Young Karens
29195,1,Gamers
29196,4,Promotion Lovers
29197,5,Low-Value Occasional Customers
29198,4,Promotion Lovers
29200,2,Clean & Green
29201,5,Low-Value Occasional Customers
29203,6,High-Value Customers
29204,0,Regular Cutomers
29206,8,Young Karens
29207,0,Regular Cutomers
29208,4,Promotion Lovers
29209,2,Clean & Green
29210,2,Clean & Green
29211,0,Regular Cutomers
29212,0,Regular Cutomers
29213,4,Promotion Lovers
29214,8,Young Karens
29215,6,High-Value Customers
29216,4,Promotion Lovers
29219,8,Young Karens
29220,0,Regular Cutomers
29221,6,High-Value Customers
29223,6,High-Value Customers
29224,2,Clean & Green
29225,8,Young Karens
29226,4,Promotion Lovers
29228,4,Promotion Lovers
29230,6,High-Value Customers
29231,0,Regular Cutomers
29232,3,Senior Karens
29234,8,Young Karens
29236,4,Promotion Lovers
29238,0,Regular Cutomers
29239,4,Promotion Lovers
29240,4,Promotion Lovers
29241,7,Large Families
29242,5,Low-Value Occasional Customers
29243,4,Promotion Lovers
29244,5,Low-Value Occasional Customers
29245,3,Senior Karens
29246,7,Large Families
29247,6,High-Value Customers
29248,0,Regular Cutomers
29249,0,Regular Cutomers
29250,5,Low-Value Occasional Customers
29251,1,Gamers
29252,5,Low-Value Occasional Customers
29253,0,Regular Cutomers
29254,1,Gamers
29255,7,Large Families
29257,2,Clean & Green
29258,0,Regular Cutomers
29261,7,Large Families
29262,8,Young Karens
29263,4,Promotion Lovers
29264,3,Senior Karens
29265,2,Clean & Green
29266,0,Regular Cutomers
29267,1,Gamers
29268,1,Gamers
29269,1,Gamers
29270,7,Large Families
29271,2,Clean & Green
29272,8,Young Karens
29273,8,Young Karens
29274,0,Regular Cutomers
29275,1,Gamers
29276,4,Promotion Lovers
29277,5,Low-Value Occasional Customers
29278,5,Low-Value Occasional Customers
29279,6,High-Value Customers
29281,7,Large Families
29282,1,Gamers
29283,0,Regular Cutomers
29284,4,Promotion Lovers
29285,4,Promotion Lovers
29286,4,Promotion Lovers
29287,7,Large Families
29289,0,Regular Cutomers
29290,7,Large Families
29291,0,Regular Cutomers
29292,0,Regular Cutomers
29294,1,Gamers
29296,4,Promotion Lovers
29297,5,Low-Value Occasional Customers
29298,4,Promotion Lovers
29299,5,Low-Value Occasional Customers
29300,7,Large Families
29301,5,Low-Value Occasional Customers
29302,6,High-Value Customers
29303,0,Regular Cutomers
29304,5,Low-Value Occasional Customers
29305,0,Regular Cutomers
29307,0,Regular Cutomers
29308,5,Low-Value Occasional Customers
29310,4,Promotion Lovers
29311,7,Large Families
29312,4,Promotion Lovers
29313,6,High-Value Customers
29314,2,Clean & Green
29315,6,High-Value Customers
29316,3,Senior Karens
29317,4,Promotion Lovers
29318,0,Regular Cutomers
29319,6,High-Value Customers
29320,4,Promotion Lovers
29321,1,Gamers
29323,1,Gamers
29324,3,Senior Karens
29325,5,Low-Value Occasional Customers
29326,3,Senior Karens
29327,4,Promotion Lovers
29328,7,Large Families
29329,0,Regular Cutomers
29330,8,Young Karens
29331,0,Regular Cutomers
29332,2,Clean & Green
29333,6,High-Value Customers
29335,0,Regular Cutomers
29338,8,Young Karens
29339,5,Low-Value Occasional Customers
29340,2,Clean & Green
29341,8,Young Karens
29342,4,Promotion Lovers
29343,6,High-Value Customers
29344,0,Regular Cutomers
29345,4,Promotion Lovers
29346,5,Low-Value Occasional Customers
29347,4,Promotion Lovers
29348,7,Large Families
29349,8,Young Karens
29350,2,Clean & Green
29351,4,Promotion Lovers
29352,4,Promotion Lovers
29353,8,Young Karens
29354,4,Promotion Lovers
29355,8,Young Karens
29356,0,Regular Cutomers
29359,0,Regular Cutomers
29360,4,Promotion Lovers
29362,6,High-Value Customers
29363,0,Regular Cutomers
29364,4,Promotion Lovers
29365,4,Promotion Lovers
29366,1,Gamers
29367,2,Clean & Green
29368,4,Promotion Lovers
29369,7,Large Families
29370,1,Gamers
29371,4,Promotion Lovers
29372,4,Promotion Lovers
29373,6,High-Value Customers
29374,8,Young Karens
29375,4,Promotion Lovers
29376,6,High-Value Customers
29377,7,Large Families
29378,7,Large Families
29379,0,Regular Cutomers
29380,5,Low-Value Occasional Customers
29381,7,Large Families
29382,3,Senior Karens
29383,6,High-Value Customers
29384,0,Regular Cutomers
29385,6,High-Value Customers
29386,0,Regular Cutomers
29387,2,Clean & Green
29388,7,Large Families
29389,2,Clean & Green
29390,6,High-Value Customers
29391,5,Low-Value Occasional Customers
29393,2,Clean & Green
29394,4,Promotion Lovers
29395,0,Regular Cutomers
29396,6,High-Value Customers
29397,2,Clean & Green
29398,4,Promotion Lovers
29399,7,Large Families
29400,4,Promotion Lovers
29401,3,Senior Karens
29402,4,Promotion Lovers
29403,6,High-Value Customers
29404,7,Large Families
29405,2,Clean & Green
29406,8,Young Karens
29407,0,Regular Cutomers
29409,5,Low-Value Occasional Customers
29410,5,Low-Value Occasional Customers
29411,4,Promotion Lovers
29412,0,Regular Cutomers
29413,8,Young Karens
29415,5,Low-Value Occasional Customers
29416,5,Low-Value Occasional Customers
29418,8,Young Karens
29419,8,Young Karens
29420,4,Promotion Lovers
29421,0,Regular Cutomers
29422,8,Young Karens
29423,0,Regular Cutomers
29425,6,High-Value Customers
29427,5,Low-Value Occasional Customers
29428,8,Young Karens
29429,8,Young Karens
29430,4,Promotion Lovers
29431,1,Gamers
29432,0,Regular Cutomers
29434,2,Clean & Green
29435,6,High-Value Customers
29436,1,Gamers
29437,2,Clean & Green
29438,2,Clean & Green
29441,2,Clean & Green
29442,1,Gamers
29443,3,Senior Karens
29444,0,Regular Cutomers
29445,0,Regular Cutomers
29446,5,Low-Value Occasional Customers
29448,1,Gamers
29449,7,Large Families
29450,5,Low-Value Occasional Customers
29451,4,Promotion Lovers
29452,6,High-Value Customers
29453,7,Large Families
29454,0,Regular Cutomers
29455,4,Promotion Lovers
29456,0,Regular Cutomers
29457,3,Senior Karens
29459,4,Promotion Lovers
29461,4,Promotion Lovers
29462,8,Young Karens
29463,2,Clean & Green
29464,8,Young Karens
29465,1,Gamers
29466,2,Clean & Green
29467,4,Promotion Lovers
29468,1,Gamers
29469,1,Gamers
29471,4,Promotion Lovers
29472,6,High-Value Customers
29473,6,High-Value Customers
29474,7,Large Families
29476,0,Regular Cutomers
29477,5,Low-Value Occasional Customers
29478,8,Young Karens
29479,2,Clean & Green
29480,6,High-Value Customers
29481,0,Regular Cutomers
29482,4,Promotion Lovers
29483,0,Regular Cutomers
29485,6,High-Value Customers
29486,0,Regular Cutomers
29487,1,Gamers
29488,3,Senior Karens
29489,8,Young Karens
29491,5,Low-Value Occasional Customers
29492,8,Young Karens
29493,4,Promotion Lovers
29494,1,Gamers
29495,2,Clean & Green
29496,8,Young Karens
29497,8,Young Karens
29498,0,Regular Cutomers
29502,2,Clean & Green
29503,0,Regular Cutomers
29504,4,Promotion Lovers
29505,7,Large Families
29506,6,High-Value Customers
29507,0,Regular Cutomers
29508,5,Low-Value Occasional Customers
29510,1,Gamers
29511,5,Low-Value Occasional Customers
29512,5,Low-Value Occasional Customers
29513,3,Senior Karens
29514,2,Clean & Green
29515,1,Gamers
29516,4,Promotion Lovers
29517,6,High-Value Customers
29520,6,High-Value Customers
29521,2,Clean & Green
29522,0,Regular Cutomers
29523,2,Clean & Green
29524,0,Regular Cutomers
29525,6,High-Value Customers
29526,2,Clean & Green
29527,4,Promotion Lovers
29529,2,Clean & Green
29532,7,Large Families
29533,5,Low-Value Occasional Customers
29534,1,Gamers
29535,0,Regular Cutomers
29536,5,Low-Value Occasional Customers
29539,5,Low-Value Occasional Customers
29540,1,Gamers
29541,7,Large Families
29542,5,Low-Value Occasional Customers
29543,4,Promotion Lovers
29544,0,Regular Cutomers
29545,0,Regular Cutomers
29546,5,Low-Value Occasional Customers
29547,7,Large Families
29548,8,Young Karens
29550,1,Gamers
29551,4,Promotion Lovers
29552,4,Promotion Lovers
29553,2,Clean & Green
29554,0,Regular Cutomers
29555,0,Regular Cutomers
29557,0,Regular Cutomers
29560,4,Promotion Lovers
29561,0,Regular Cutomers
29562,0,Regular Cutomers
29564,1,Gamers
29565,4,Promotion Lovers
29566,0,Regular Cutomers
29567,3,Senior Karens
29568,1,Gamers
29570,2,Clean & Green
29571,8,Young Karens
29572,1,Gamers
29573,7,Large Families
29574,4,Promotion Lovers
29576,0,Regular Cutomers
29577,7,Large Families
29578,8,Young Karens
29579,0,Regular Cutomers
29580,5,Low-Value Occasional Customers
29582,0,Regular Cutomers
29584,7,Large Families
29585,0,Regular Cutomers
29586,5,Low-Value Occasional Customers
29587,0,Regular Cutomers
29588,2,Clean & Green
29589,2,Clean & Green
29590,0,Regular Cutomers
29591,1,Gamers
29592,4,Promotion Lovers
29593,7,Large Families
29594,0,Regular Cutomers
29595,1,Gamers
29596,5,Low-Value Occasional Customers
29597,0,Regular Cutomers
29598,0,Regular Cutomers
29599,7,Large Families
29601,3,Senior Karens
29602,5,Low-Value Occasional Customers
29603,4,Promotion Lovers
29605,7,Large Families
29606,4,Promotion Lovers
29607,4,Promotion Lovers
29608,4,Promotion Lovers
29609,2,Clean & Green
29610,5,Low-Value Occasional Customers
29611,2,Clean & Green
29612,4,Promotion Lovers
29613,8,Young Karens
29614,5,Low-Value Occasional Customers
29615,6,High-Value Customers
29617,2,Clean & Green
29618,4,Promotion Lovers
29619,4,Promotion Lovers
29620,7,Large Families
29621,4,Promotion Lovers
29622,0,Regular Cutomers
29623,7,Large Families
29624,0,Regular Cutomers
29626,4,Promotion Lovers
29627,4,Promotion Lovers
29629,0,Regular Cutomers
29630,2,Clean & Green
29631,6,High-Value Customers
29632,6,High-Value Customers
29633,7,Large Families
29635,0,Regular Cutomers
29637,4,Promotion Lovers
29639,0,Regular Cutomers
29640,4,Promotion Lovers
29641,0,Regular Cutomers
29642,0,Regular Cutomers
29643,2,Clean & Green
29644,8,Young Karens
29646,5,Low-Value Occasional Customers
29648,5,Low-Value Occasional Customers
29649,0,Regular Cutomers
29652,1,Gamers
29653,1,Gamers
29655,6,High-Value Customers
29656,2,Clean & Green
29657,5,Low-Value Occasional Customers
29658,5,Low-Value Occasional Customers
29660,2,Clean & Green
29661,7,Large Families
29662,5,Low-Value Occasional Customers
29663,6,High-Value Customers
29664,0,Regular Cutomers
29665,8,Young Karens
29666,4,Promotion Lovers
29667,7,Large Families
29668,7,Large Families
29672,8,Young Karens
29673,0,Regular Cutomers
29674,1,Gamers
29675,0,Regular Cutomers
29676,4,Promotion Lovers
29677,5,Low-Value Occasional Customers
29678,1,Gamers
29680,7,Large Families
29681,5,Low-Value Occasional Customers
29683,4,Promotion Lovers
29684,2,Clean & Green
29686,0,Regular Cutomers
29687,8,Young Karens
29688,6,High-Value Customers
29689,4,Promotion Lovers
29690,4,Promotion Lovers
29691,5,Low-Value Occasional Customers
29693,4,Promotion Lovers
29694,3,Senior Karens
29695,0,Regular Cutomers
29696,8,Young Karens
29698,3,Senior Karens
29699,0,Regular Cutomers
29700,0,Regular Cutomers
29701,0,Regular Cutomers
29702,6,High-Value Customers
29703,0,Regular Cutomers
29704,0,Regular Cutomers
29706,6,High-Value Customers
29707,2,Clean & Green
29709,6,High-Value Customers
29710,5,Low-Value Occasional Customers
29711,7,Large Families
29712,7,Large Families
29713,4,Promotion Lovers
29715,0,Regular Cutomers
29716,6,High-Value Customers
29717,1,Gamers
29719,3,Senior Karens
29720,4,Promotion Lovers
29723,4,Promotion Lovers
29724,1,Gamers
29725,5,Low-Value Occasional Customers
29726,8,Young Karens
29728,0,Regular Cutomers
29729,4,Promotion Lovers
29730,2,Clean & Green
29731,2,Clean & Green
29732,8,Young Karens
29733,0,Regular Cutomers
29734,7,Large Families
29735,7,Large Families
29737,7,Large Families
29738,3,Senior Karens
29740,0,Regular Cutomers
29741,2,Clean & Green
29742,0,Regular Cutomers
29744,7,Large Families
29746,4,Promotion Lovers
29747,2,Clean & Green
29748,4,Promotion Lovers
29749,4,Promotion Lovers
29751,4,Promotion Lovers
29752,2,Clean & Green
29753,5,Low-Value Occasional Customers
29754,8,Young Karens
29755,4,Promotion Lovers
29756,0,Regular Cutomers
29757,4,Promotion Lovers
29760,4,Promotion Lovers
29761,5,Low-Value Occasional Customers
29762,6,High-Value Customers
29763,6,High-Value Customers
29764,5,Low-Value Occasional Customers
29766,4,Promotion Lovers
29767,1,Gamers
29768,5,Low-Value Occasional Customers
29770,5,Low-Value Occasional Customers
29771,8,Young Karens
29772,8,Young Karens
29773,2,Clean & Green
29774,6,High-Value Customers
29775,6,High-Value Customers
29776,0,Regular Cutomers
29777,0,Regular Cutomers
29779,6,High-Value Customers
29780,3,Senior Karens
29782,4,Promotion Lovers
29783,6,High-Value Customers
29784,5,Low-Value Occasional Customers
29785,5,Low-Value Occasional Customers
29786,2,Clean & Green
29787,1,Gamers
29789,1,Gamers
29790,7,Large Families
29791,4,Promotion Lovers
29792,0,Regular Cutomers
29794,0,Regular Cutomers
29795,4,Promotion Lovers
29796,2,Clean & Green
29797,0,Regular Cutomers
29799,7,Large Families
29801,4,Promotion Lovers
29802,3,Senior Karens
29805,2,Clean & Green
29806,4,Promotion Lovers
29807,4,Promotion Lovers
29808,4,Promotion Lovers
29809,0,Regular Cutomers
29810,2,Clean & Green
29811,6,High-Value Customers
29812,6,High-Value Customers
29814,5,Low-Value Occasional Customers
29817,8,Young Karens
29818,0,Regular Cutomers
29819,0,Regular Cutomers
29820,0,Regular Cutomers
29822,2,Clean & Green
29823,0,Regular Cutomers
29824,1,Gamers
29825,5,Low-Value Occasional Customers
29826,4,Promotion Lovers
29827,4,Promotion Lovers
29828,7,Large Families
29829,8,Young Karens
29830,1,Gamers
29831,6,High-Value Customers
29833,4,Promotion Lovers
29834,5,Low-Value Occasional Customers
29835,5,Low-Value Occasional Customers
29836,5,Low-Value Occasional Customers
29837,7,Large Families
29838,0,Regular Cutomers
29839,8,Young Karens
29840,0,Regular Cutomers
29841,0,Regular Cutomers
29842,5,Low-Value Occasional Customers
29843,5,Low-Value Occasional Customers
29845,2,Clean & Green
29847,6,High-Value Customers
29848,4,Promotion Lovers
29849,2,Clean & Green
29850,5,Low-Value Occasional Customers
29851,4,Promotion Lovers
29852,2,Clean & Green
29854,0,Regular Cutomers
29855,4,Promotion Lovers
29856,2,Clean & Green
29857,7,Large Families
29858,0,Regular Cutomers
29859,8,Young Karens
29860,7,Large Families
29865,0,Regular Cutomers
29866,6,High-Value Customers
29869,6,High-Value Customers
29872,3,Senior Karens
29874,0,Regular Cutomers
29875,5,Low-Value Occasional Customers
29876,1,Gamers
29877,8,Young Karens
29878,6,High-Value Customers
29879,2,Clean & Green
29880,0,Regular Cutomers
29881,5,Low-Value Occasional Customers
29882,0,Regular Cutomers
29884,0,Regular Cutomers
29886,6,High-Value Customers
29887,0,Regular Cutomers
29889,6,High-Value Customers
29890,0,Regular Cutomers
29891,7,Large Families
29892,2,Clean & Green
29893,0,Regular Cutomers
29894,1,Gamers
29895,7,Large Families
29896,0,Regular Cutomers
29897,0,Regular Cutomers
29899,2,Clean & Green
29900,4,Promotion Lovers
29901,8,Young Karens
29903,0,Regular Cutomers
29904,3,Senior Karens
29905,0,Regular Cutomers
29908,7,Large Families
29909,1,Gamers
29910,5,Low-Value Occasional Customers
29911,4,Promotion Lovers
29912,5,Low-Value Occasional Customers
29913,3,Senior Karens
29914,6,High-Value Customers
29915,0,Regular Cutomers
29916,7,Large Families
29917,0,Regular Cutomers
29918,1,Gamers
29919,5,Low-Value Occasional Customers
29920,0,Regular Cutomers
29921,4,Promotion Lovers
29922,0,Regular Cutomers
29923,0,Regular Cutomers
29924,0,Regular Cutomers
29925,0,Regular Cutomers
29928,0,Regular Cutomers
29929,0,Regular Cutomers
29930,2,Clean & Green
29932,6,High-Value Customers
29933,2,Clean & Green
29935,8,Young Karens
29936,4,Promotion Lovers
29937,8,Young Karens
29938,0,Regular Cutomers
29940,6,High-Value Customers
29942,5,Low-Value Occasional Customers
29943,0,Regular Cutomers
29944,2,Clean & Green
29945,8,Young Karens
29946,1,Gamers
29947,0,Regular Cutomers
29948,3,Senior Karens
29949,4,Promotion Lovers
29950,1,Gamers
29951,5,Low-Value Occasional Customers
29952,5,Low-Value Occasional Customers
29955,5,Low-Value Occasional Customers
29956,4,Promotion Lovers
29957,2,Clean & Green
29958,7,Large Families
29959,7,Large Families
29960,4,Promotion Lovers
29961,0,Regular Cutomers
29962,6,High-Value Customers
29963,4,Promotion Lovers
29964,8,Young Karens
29965,8,Young Karens
29967,6,High-Value Customers
29969,0,Regular Cutomers
29970,0,Regular Cutomers
29971,6,High-Value Customers
29972,0,Regular Cutomers
29974,3,Senior Karens
29975,1,Gamers
29977,4,Promotion Lovers
29978,3,Senior Karens
29979,8,Young Karens
29981,6,High-Value Customers
29983,4,Promotion Lovers
29984,3,Senior Karens
29985,0,Regular Cutomers
29986,4,Promotion Lovers
29987,3,Senior Karens
29988,2,Clean & Green
29990,0,Regular Cutomers
29991,6,High-Value Customers
29992,3,Senior Karens
29994,5,Low-Value Occasional Customers
29995,1,Gamers
29996,2,Clean & Green
29997,3,Senior Karens
29999,6,High-Value Customers
30001,8,Young Karens
30004,4,Promotion Lovers
30005,4,Promotion Lovers
30006,6,High-Value Customers
30007,0,Regular Cutomers
30008,5,Low-Value Occasional Customers
30009,2,Clean & Green
30010,0,Regular Cutomers
30011,2,Clean & Green
30012,5,Low-Value Occasional Customers
30014,7,Large Families
30015,1,Gamers
30016,8,Young Karens
30017,0,Regular Cutomers
30018,8,Young Karens
30020,1,Gamers
30021,4,Promotion Lovers
30022,5,Low-Value Occasional Customers
30023,2,Clean & Green
30024,6,High-Value Customers
30025,8,Young Karens
30027,4,Promotion Lovers
30028,6,High-Value Customers
30029,2,Clean & Green
30031,5,Low-Value Occasional Customers
30032,4,Promotion Lovers
30033,0,Regular Cutomers
30034,0,Regular Cutomers
30035,5,Low-Value Occasional Customers
30036,1,Gamers
30037,5,Low-Value Occasional Customers
30038,4,Promotion Lovers
30039,8,Young Karens
30040,4,Promotion Lovers
30041,5,Low-Value Occasional Customers
30042,2,Clean & Green
30043,7,Large Families
30044,7,Large Families
30045,0,Regular Cutomers
30047,0,Regular Cutomers
30048,5,Low-Value Occasional Customers
30050,7,Large Families
30053,4,Promotion Lovers
30054,4,Promotion Lovers
30055,1,Gamers
30056,5,Low-Value Occasional Customers
30057,7,Large Families
30058,2,Clean & Green
30059,7,Large Families
30060,0,Regular Cutomers
30062,3,Senior Karens
30063,3,Senior Karens
30064,0,Regular Cutomers
30065,4,Promotion Lovers
30066,2,Clean & Green
30067,0,Regular Cutomers
30068,0,Regular Cutomers
30071,4,Promotion Lovers
30072,1,Gamers
30073,0,Regular Cutomers
30074,0,Regular Cutomers
30075,0,Regular Cutomers
30076,1,Gamers
30077,4,Promotion Lovers
30079,2,Clean & Green
30080,2,Clean & Green
30081,4,Promotion Lovers
30082,0,Regular Cutomers
30083,4,Promotion Lovers
30084,8,Young Karens
30085,8,Young Karens
30086,1,Gamers
30087,8,Young Karens
30088,2,Clean & Green
30089,0,Regular Cutomers
30090,1,Gamers
30092,0,Regular Cutomers
30093,0,Regular Cutomers
30095,0,Regular Cutomers
30096,5,Low-Value Occasional Customers
30097,4,Promotion Lovers
30098,4,Promotion Lovers
30099,5,Low-Value Occasional Customers
30101,0,Regular Cutomers
30102,7,Large Families
30103,0,Regular Cutomers
30104,5,Low-Value Occasional Customers
30107,0,Regular Cutomers
30108,6,High-Value Customers
30110,8,Young Karens
30112,1,Gamers
30113,0,Regular Cutomers
30114,0,Regular Cutomers
30115,4,Promotion Lovers
30116,0,Regular Cutomers
30117,4,Promotion Lovers
30118,3,Senior Karens
30119,3,Senior Karens
30120,0,Regular Cutomers
30122,4,Promotion Lovers
30123,0,Regular Cutomers
30124,6,High-Value Customers
30125,5,Low-Value Occasional Customers
30126,6,High-Value Customers
30127,4,Promotion Lovers
30128,4,Promotion Lovers
30129,0,Regular Cutomers
30130,3,Senior Karens
30131,6,High-Value Customers
30133,4,Promotion Lovers
30135,6,High-Value Customers
30136,5,Low-Value Occasional Customers
30137,0,Regular Cutomers
30138,4,Promotion Lovers
30139,4,Promotion Lovers
30141,5,Low-Value Occasional Customers
30142,1,Gamers
30143,4,Promotion Lovers
30145,1,Gamers
30146,7,Large Families
30147,6,High-Value Customers
30148,4,Promotion Lovers
30149,0,Regular Cutomers
30150,0,Regular Cutomers
30151,4,Promotion Lovers
30152,0,Regular Cutomers
30153,2,Clean & Green
30154,6,High-Value Customers
30155,4,Promotion Lovers
30156,6,High-Value Customers
30157,0,Regular Cutomers
30158,5,Low-Value Occasional Customers
30159,8,Young Karens
30161,0,Regular Cutomers
30164,8,Young Karens
30165,5,Low-Value Occasional Customers
30167,4,Promotion Lovers
30168,0,Regular Cutomers
30169,4,Promotion Lovers
30170,5,Low-Value Occasional Customers
30171,4,Promotion Lovers
30172,8,Young Karens
30173,4,Promotion Lovers
30174,7,Large Families
30175,8,Young Karens
30176,5,Low-Value Occasional Customers
30177,0,Regular Cutomers
30178,5,Low-Value Occasional Customers
30179,5,Low-Value Occasional Customers
30180,0,Regular Cutomers
30181,6,High-Value Customers
30183,7,Large Families
30184,8,Young Karens
30185,6,High-Value Customers
30186,5,Low-Value Occasional Customers
30187,4,Promotion Lovers
30188,1,Gamers
30189,7,Large Families
30190,6,High-Value Customers
30191,4,Promotion Lovers
30192,2,Clean & Green
30193,0,Regular Cutomers
30194,0,Regular Cutomers
30195,5,Low-Value Occasional Customers
30196,4,Promotion Lovers
30197,8,Young Karens
30198,2,Clean & Green
30199,0,Regular Cutomers
30203,6,High-Value Customers
30204,5,Low-Value Occasional Customers
30205,0,Regular Cutomers
30206,4,Promotion Lovers
30207,0,Regular Cutomers
30208,0,Regular Cutomers
30209,5,Low-Value Occasional Customers
30210,1,Gamers
30211,7,Large Families
30213,6,High-Value Customers
30214,1,Gamers
30215,0,Regular Cutomers
30216,6,High-Value Customers
30217,5,Low-Value Occasional Customers
30220,7,Large Families
30221,6,High-Value Customers
30222,0,Regular Cutomers
30223,5,Low-Value Occasional Customers
30224,7,Large Families
30225,7,Large Families
30226,7,Large Families
30227,6,High-Value Customers
30228,2,Clean & Green
30229,5,Low-Value Occasional Customers
30230,7,Large Families
30231,6,High-Value Customers
30232,0,Regular Cutomers
30233,4,Promotion Lovers
30234,3,Senior Karens
30235,0,Regular Cutomers
30236,8,Young Karens
30237,0,Regular Cutomers
30239,8,Young Karens
30240,5,Low-Value Occasional Customers
30241,6,High-Value Customers
30242,1,Gamers
30243,5,Low-Value Occasional Customers
30244,1,Gamers
30245,0,Regular Cutomers
30246,7,Large Families
30247,5,Low-Value Occasional Customers
30249,7,Large Families
30250,1,Gamers
30251,1,Gamers
30252,0,Regular Cutomers
30254,4,Promotion Lovers
30256,6,High-Value Customers
30259,0,Regular Cutomers
30260,0,Regular Cutomers
30261,4,Promotion Lovers
30262,4,Promotion Lovers
30263,3,Senior Karens
30264,5,Low-Value Occasional Customers
30266,0,Regular Cutomers
30267,8,Young Karens
30268,7,Large Families
30269,8,Young Karens
30270,1,Gamers
30272,1,Gamers
30273,2,Clean & Green
30275,4,Promotion Lovers
30276,2,Clean & Green
30277,2,Clean & Green
30278,4,Promotion Lovers
30279,6,High-Value Customers
30280,5,Low-Value Occasional Customers
30281,6,High-Value Customers
30282,4,Promotion Lovers
30283,2,Clean & Green
30284,1,Gamers
30285,7,Large Families
30286,5,Low-Value Occasional Customers
30287,1,Gamers
30288,4,Promotion Lovers
30289,0,Regular Cutomers
30290,7,Large Families
30291,0,Regular Cutomers
30293,0,Regular Cutomers
30294,7,Large Families
30296,4,Promotion Lovers
30297,5,Low-Value Occasional Customers
30298,4,Promotion Lovers
30300,5,Low-Value Occasional Customers
30301,5,Low-Value Occasional Customers
30302,2,Clean & Green
30304,0,Regular Cutomers
30305,3,Senior Karens
30306,6,High-Value Customers
30307,5,Low-Value Occasional Customers
30308,7,Large Families
30310,4,Promotion Lovers
30311,8,Young Karens
30312,1,Gamers
30313,2,Clean & Green
30315,0,Regular Cutomers
30317,0,Regular Cutomers
30319,4,Promotion Lovers
30320,4,Promotion Lovers
30321,4,Promotion Lovers
30322,4,Promotion Lovers
30323,8,Young Karens
30324,4,Promotion Lovers
30325,8,Young Karens
30326,2,Clean & Green
30327,3,Senior Karens
30328,0,Regular Cutomers
30329,0,Regular Cutomers
30330,4,Promotion Lovers
30331,6,High-Value Customers
30332,0,Regular Cutomers
30334,1,Gamers
30335,7,Large Families
30336,6,High-Value Customers
30337,6,High-Value Customers
30338,4,Promotion Lovers
30339,5,Low-Value Occasional Customers
30340,0,Regular Cutomers
30341,7,Large Families
30342,4,Promotion Lovers
30343,1,Gamers
30344,1,Gamers
30346,0,Regular Cutomers
30347,0,Regular Cutomers
30348,7,Large Families
30349,4,Promotion Lovers
30350,4,Promotion Lovers
30351,8,Young Karens
30354,3,Senior Karens
30355,2,Clean & Green
30356,2,Clean & Green
30357,1,Gamers
30358,7,Large Families
30359,1,Gamers
30360,5,Low-Value Occasional Customers
30361,5,Low-Value Occasional Customers
30362,0,Regular Cutomers
30363,1,Gamers
30365,5,Low-Value Occasional Customers
30366,6,High-Value Customers
30368,4,Promotion Lovers
30369,6,High-Value Customers
30370,2,Clean & Green
30371,4,Promotion Lovers
30372,0,Regular Cutomers
30373,0,Regular Cutomers
30374,6,High-Value Customers
30375,7,Large Families
30376,7,Large Families
30377,5,Low-Value Occasional Customers
30378,5,Low-Value Occasional Customers
30379,6,High-Value Customers
30382,0,Regular Cutomers
30384,1,Gamers
30385,2,Clean & Green
30387,4,Promotion Lovers
30388,8,Young Karens
30389,6,High-Value Customers
30391,8,Young Karens
30392,0,Regular Cutomers
30393,0,Regular Cutomers
30394,6,High-Value Customers
30395,1,Gamers
30396,4,Promotion Lovers
30397,7,Large Families
30399,0,Regular Cutomers
30400,0,Regular Cutomers
30401,4,Promotion Lovers
30403,6,High-Value Customers
30404,0,Regular Cutomers
30405,3,Senior Karens
30406,2,Clean & Green
30408,2,Clean & Green
30409,1,Gamers
30410,0,Regular Cutomers
30412,2,Clean & Green
30413,5,Low-Value Occasional Customers
30414,4,Promotion Lovers
30415,0,Regular Cutomers
30416,3,Senior Karens
30417,0,Regular Cutomers
30418,6,High-Value Customers
30419,5,Low-Value Occasional Customers
30421,6,High-Value Customers
30422,8,Young Karens
30423,4,Promotion Lovers
30424,7,Large Families
30425,3,Senior Karens
30426,5,Low-Value Occasional Customers
30427,1,Gamers
30428,5,Low-Value Occasional Customers
30429,4,Promotion Lovers
30430,0,Regular Cutomers
30431,3,Senior Karens
30432,3,Senior Karens
30434,8,Young Karens
30435,7,Large Families
30436,6,High-Value Customers
30437,1,Gamers
30439,6,High-Value Customers
30440,3,Senior Karens
30442,4,Promotion Lovers
30443,0,Regular Cutomers
30444,8,Young Karens
30446,4,Promotion Lovers
30447,8,Young Karens
30448,5,Low-Value Occasional Customers
30449,0,Regular Cutomers
30450,1,Gamers
30451,8,Young Karens
30452,2,Clean & Green
30453,0,Regular Cutomers
30454,8,Young Karens
30455,2,Clean & Green
30456,7,Large Families
30458,6,High-Value Customers
30459,4,Promotion Lovers
30462,7,Large Families
30463,1,Gamers
30464,6,High-Value Customers
30465,0,Regular Cutomers
30467,8,Young Karens
30469,4,Promotion Lovers
30470,5,Low-Value Occasional Customers
30472,7,Large Families
30474,0,Regular Cutomers
30475,0,Regular Cutomers
30476,0,Regular Cutomers
30477,3,Senior Karens
30478,7,Large Families
30480,2,Clean & Green
30481,7,Large Families
30482,6,High-Value Customers
30483,2,Clean & Green
30484,8,Young Karens
30486,1,Gamers
30488,2,Clean & Green
30489,0,Regular Cutomers
30490,7,Large Families
30491,4,Promotion Lovers
30492,7,Large Families
30493,0,Regular Cutomers
30494,4,Promotion Lovers
30495,0,Regular Cutomers
30496,1,Gamers
30497,5,Low-Value Occasional Customers
30498,2,Clean & Green
30499,0,Regular Cutomers
30500,1,Gamers
30501,3,Senior Karens
30503,0,Regular Cutomers
30504,7,Large Families
30505,7,Large Families
30506,0,Regular Cutomers
30507,2,Clean & Green
30508,5,Low-Value Occasional Customers
30509,0,Regular Cutomers
30511,4,Promotion Lovers
30512,1,Gamers
30513,4,Promotion Lovers
30514,0,Regular Cutomers
30515,4,Promotion Lovers
30516,8,Young Karens
30517,8,Young Karens
30518,4,Promotion Lovers
30519,0,Regular Cutomers
30522,4,Promotion Lovers
30523,7,Large Families
30524,1,Gamers
30525,5,Low-Value Occasional Customers
30527,5,Low-Value Occasional Customers
30528,4,Promotion Lovers
30529,3,Senior Karens
30530,0,Regular Cutomers
30531,4,Promotion Lovers
30532,2,Clean & Green
30533,2,Clean & Green
30534,5,Low-Value Occasional Customers
30535,3,Senior Karens
30536,2,Clean & Green
30537,0,Regular Cutomers
30538,0,Regular Cutomers
30539,7,Large Families
30540,5,Low-Value Occasional Customers
30541,0,Regular Cutomers
30542,5,Low-Value Occasional Customers
30544,5,Low-Value Occasional Customers
30545,1,Gamers
30546,7,Large Families
30547,1,Gamers
30548,3,Senior Karens
30552,2,Clean & Green
30553,0,Regular Cutomers
30554,6,High-Value Customers
30555,7,Large Families
30556,1,Gamers
30557,5,Low-Value Occasional Customers
30558,7,Large Families
30560,8,Young Karens
30561,6,High-Value Customers
30562,3,Senior Karens
30565,5,Low-Value Occasional Customers
30567,1,Gamers
30569,0,Regular Cutomers
30570,4,Promotion Lovers
30572,2,Clean & Green
30573,0,Regular Cutomers
30574,2,Clean & Green
30577,8,Young Karens
30578,5,Low-Value Occasional Customers
30579,1,Gamers
30580,4,Promotion Lovers
30581,0,Regular Cutomers
30582,0,Regular Cutomers
30583,2,Clean & Green
30584,0,Regular Cutomers
30585,0,Regular Cutomers
30586,1,Gamers
30587,0,Regular Cutomers
30588,6,High-Value Customers
30589,1,Gamers
30590,0,Regular Cutomers
30592,5,Low-Value Occasional Customers
30593,4,Promotion Lovers
30594,6,High-Value Customers
30596,0,Regular Cutomers
30597,8,Young Karens
30599,1,Gamers
30600,6,High-Value Customers
30601,7,Large Families
30602,5,Low-Value Occasional Customers
30603,5,Low-Value Occasional Customers
30604,1,Gamers
30605,5,Low-Value Occasional Customers
30606,2,Clean & Green
30607,0,Regular Cutomers
30608,3,Senior Karens
30609,0,Regular Cutomers
30610,0,Regular Cutomers
30611,0,Regular Cutomers
30612,0,Regular Cutomers
30613,0,Regular Cutomers
30614,7,Large Families
30615,3,Senior Karens
30617,8,Young Karens
30618,1,Gamers
30619,5,Low-Value Occasional Customers
30620,7,Large Families
30621,2,Clean & Green
30623,0,Regular Cutomers
30624,8,Young Karens
30625,5,Low-Value Occasional Customers
30626,5,Low-Value Occasional Customers
30627,0,Regular Cutomers
30628,0,Regular Cutomers
30629,5,Low-Value Occasional Customers
30630,7,Large Families
30633,8,Young Karens
30634,7,Large Families
30635,7,Large Families
30637,0,Regular Cutomers
30638,0,Regular Cutomers
30639,1,Gamers
30640,1,Gamers
30641,5,Low-Value Occasional Customers
30642,0,Regular Cutomers
30643,5,Low-Value Occasional Customers
30644,4,Promotion Lovers
30645,4,Promotion Lovers
30646,0,Regular Cutomers
30647,6,High-Value Customers
30648,0,Regular Cutomers
30651,5,Low-Value Occasional Customers
30652,1,Gamers
30653,0,Regular Cutomers
30654,7,Large Families
30655,5,Low-Value Occasional Customers
30656,3,Senior Karens
30658,4,Promotion Lovers
30660,7,Large Families
30661,3,Senior Karens
30662,1,Gamers
30663,4,Promotion Lovers
30664,5,Low-Value Occasional Customers
30665,7,Large Families
30666,4,Promotion Lovers
30667,7,Large Families
30669,0,Regular Cutomers
30670,5,Low-Value Occasional Customers
30671,6,High-Value Customers
30672,3,Senior Karens
30673,5,Low-Value Occasional Customers
30674,4,Promotion Lovers
30675,1,Gamers
30676,7,Large Families
30677,2,Clean & Green
30678,5,Low-Value Occasional Customers
30679,4,Promotion Lovers
30680,3,Senior Karens
30681,8,Young Karens
30682,0,Regular Cutomers
30685,1,Gamers
30687,7,Large Families
30688,1,Gamers
30689,7,Large Families
30690,4,Promotion Lovers
30692,0,Regular Cutomers
30693,2,Clean & Green
30694,7,Large Families
30695,6,High-Value Customers
30696,4,Promotion Lovers
30697,8,Young Karens
30698,6,High-Value Customers
30699,4,Promotion Lovers
30700,0,Regular Cutomers
30701,6,High-Value Customers
30702,5,Low-Value Occasional Customers
30703,3,Senior Karens
30705,4,Promotion Lovers
30706,1,Gamers
30707,1,Gamers
30708,0,Regular Cutomers
30709,0,Regular Cutomers
30710,8,Young Karens
30711,2,Clean & Green
30712,4,Promotion Lovers
30713,1,Gamers
30714,2,Clean & Green
30715,1,Gamers
30716,4,Promotion Lovers
30717,0,Regular Cutomers
30718,0,Regular Cutomers
30719,8,Young Karens
30720,8,Young Karens
30722,0,Regular Cutomers
30723,7,Large Families
30724,4,Promotion Lovers
30725,0,Regular Cutomers
30726,5,Low-Value Occasional Customers
30727,2,Clean & Green
30728,4,Promotion Lovers
30730,8,Young Karens
30731,0,Regular Cutomers
30732,5,Low-Value Occasional Customers
30733,4,Promotion Lovers
30734,5,Low-Value Occasional Customers
30736,4,Promotion Lovers
30737,0,Regular Cutomers
30739,4,Promotion Lovers
30740,0,Regular Cutomers
30741,3,Senior Karens
30742,4,Promotion Lovers
30743,4,Promotion Lovers
30744,4,Promotion Lovers
30745,4,Promotion Lovers
30747,4,Promotion Lovers
30748,1,Gamers
30749,8,Young Karens
30751,2,Clean & Green
30753,6,High-Value Customers
30754,1,Gamers
30755,1,Gamers
30756,1,Gamers
30757,6,High-Value Customers
30758,7,Large Families
30760,4,Promotion Lovers
30762,1,Gamers
30763,4,Promotion Lovers
30764,2,Clean & Green
30767,4,Promotion Lovers
30770,5,Low-Value Occasional Customers
30771,2,Clean & Green
30772,3,Senior Karens
30773,1,Gamers
30774,8,Young Karens
30775,4,Promotion Lovers
30776,7,Large Families
30777,3,Senior Karens
30778,5,Low-Value Occasional Customers
30780,4,Promotion Lovers
30781,0,Regular Cutomers
30782,7,Large Families
30783,5,Low-Value Occasional Customers
30784,2,Clean & Green
30786,4,Promotion Lovers
30787,0,Regular Cutomers
30789,5,Low-Value Occasional Customers
30790,8,Young Karens
30791,1,Gamers
30792,8,Young Karens
30793,5,Low-Value Occasional Customers
30794,4,Promotion Lovers
30795,0,Regular Cutomers
30796,7,Large Families
30797,5,Low-Value Occasional Customers
30798,3,Senior Karens
30799,0,Regular Cutomers
30800,7,Large Families
30801,4,Promotion Lovers
30802,4,Promotion Lovers
30803,4,Promotion Lovers
30804,8,Young Karens
30805,4,Promotion Lovers
30809,0,Regular Cutomers
30810,4,Promotion Lovers
30813,6,High-Value Customers
30814,0,Regular Cutomers
30815,7,Large Families
30816,5,Low-Value Occasional Customers
30817,4,Promotion Lovers
30818,5,Low-Value Occasional Customers
30820,5,Low-Value Occasional Customers
30821,0,Regular Cutomers
30822,0,Regular Cutomers
30823,0,Regular Cutomers
30825,0,Regular Cutomers
30827,8,Young Karens
30829,5,Low-Value Occasional Customers
30830,2,Clean & Green
30831,6,High-Value Customers
30832,5,Low-Value Occasional Customers
30833,0,Regular Cutomers
30834,2,Clean & Green
30835,6,High-Value Customers
30836,6,High-Value Customers
30837,2,Clean & Green
30838,6,High-Value Customers
30839,5,Low-Value Occasional Customers
30840,0,Regular Cutomers
30841,7,Large Families
30842,1,Gamers
30843,7,Large Families
30844,5,Low-Value Occasional Customers
30845,0,Regular Cutomers
30846,1,Gamers
30847,1,Gamers
30848,6,High-Value Customers
30849,7,Large Families
30850,7,Large Families
30852,8,Young Karens
30853,2,Clean & Green
30854,8,Young Karens
30855,2,Clean & Green
30856,0,Regular Cutomers
30858,6,High-Value Customers
30859,3,Senior Karens
30860,4,Promotion Lovers
30861,0,Regular Cutomers
30862,5,Low-Value Occasional Customers
30864,1,Gamers
30865,4,Promotion Lovers
30869,5,Low-Value Occasional Customers
30870,8,Young Karens
30872,5,Low-Value Occasional Customers
30873,1,Gamers
30874,7,Large Families
30875,1,Gamers
30877,6,High-Value Customers
30878,0,Regular Cutomers
30880,5,Low-Value Occasional Customers
30881,0,Regular Cutomers
30882,3,Senior Karens
30884,4,Promotion Lovers
30885,6,High-Value Customers
30886,7,Large Families
30887,5,Low-Value Occasional Customers
30888,1,Gamers
30889,2,Clean & Green
30890,0,Regular Cutomers
30891,0,Regular Cutomers
30892,0,Regular Cutomers
30893,0,Regular Cutomers
30895,1,Gamers
30896,2,Clean & Green
30897,4,Promotion Lovers
30898,3,Senior Karens
30899,4,Promotion Lovers
30900,0,Regular Cutomers
30901,1,Gamers
30904,8,Young Karens
30905,1,Gamers
30906,1,Gamers
30907,2,Clean & Green
30908,5,Low-Value Occasional Customers
30909,4,Promotion Lovers
30910,0,Regular Cutomers
30911,7,Large Families
30912,4,Promotion Lovers
30913,4,Promotion Lovers
30914,6,High-Value Customers
30915,8,Young Karens
30916,5,Low-Value Occasional Customers
30917,1,Gamers
30918,2,Clean & Green
30919,4,Promotion Lovers
30920,1,Gamers
30921,0,Regular Cutomers
30922,0,Regular Cutomers
30925,7,Large Families
30926,0,Regular Cutomers
30927,1,Gamers
30928,1,Gamers
30929,7,Large Families
30930,8,Young Karens
30931,1,Gamers
30932,4,Promotion Lovers
30933,8,Young Karens
30935,6,High-Value Customers
30937,4,Promotion Lovers
30939,8,Young Karens
30940,0,Regular Cutomers
30941,4,Promotion Lovers
30942,1,Gamers
30943,4,Promotion Lovers
30944,8,Young Karens
30945,0,Regular Cutomers
30947,5,Low-Value Occasional Customers
30949,4,Promotion Lovers
30950,4,Promotion Lovers
30951,0,Regular Cutomers
30952,8,Young Karens
30953,7,Large Families
30954,7,Large Families
30955,4,Promotion Lovers
30956,0,Regular Cutomers
30957,1,Gamers
30960,0,Regular Cutomers
30961,4,Promotion Lovers
30962,2,Clean & Green
30963,7,Large Families
30964,7,Large Families
30966,4,Promotion Lovers
30967,7,Large Families
30968,4,Promotion Lovers
30969,5,Low-Value Occasional Customers
30971,7,Large Families
30972,7,Large Families
30973,5,Low-Value Occasional Customers
30974,4,Promotion Lovers
30975,4,Promotion Lovers
30977,3,Senior Karens
30979,1,Gamers
30980,5,Low-Value Occasional Customers
30981,0,Regular Cutomers
30982,4,Promotion Lovers
30983,4,Promotion Lovers
30984,4,Promotion Lovers
30985,1,Gamers
30986,7,Large Families
30987,7,Large Families
30988,4,Promotion Lovers
30989,0,Regular Cutomers
30990,6,High-Value Customers
30991,5,Low-Value Occasional Customers
30992,7,Large Families
30993,4,Promotion Lovers
30994,4,Promotion Lovers
30996,0,Regular Cutomers
30997,1,Gamers
31000,4,Promotion Lovers
31001,2,Clean & Green
31002,4,Promotion Lovers
31003,4,Promotion Lovers
31004,2,Clean & Green
31006,5,Low-Value Occasional Customers
31007,2,Clean & Green
31008,4,Promotion Lovers
31009,0,Regular Cutomers
31010,4,Promotion Lovers
31012,6,High-Value Customers
31014,1,Gamers
31015,7,Large Families
31016,0,Regular Cutomers
31017,4,Promotion Lovers
31018,4,Promotion Lovers
31019,8,Young Karens
31020,0,Regular Cutomers
31021,2,Clean & Green
31022,0,Regular Cutomers
31023,1,Gamers
31026,7,Large Families
31027,8,Young Karens
31028,1,Gamers
31029,1,Gamers
31030,6,High-Value Customers
31031,0,Regular Cutomers
31032,8,Young Karens
31033,4,Promotion Lovers
31034,3,Senior Karens
31035,3,Senior Karens
31036,4,Promotion Lovers
31037,8,Young Karens
31038,6,High-Value Customers
31039,5,Low-Value Occasional Customers
31040,4,Promotion Lovers
31042,4,Promotion Lovers
31044,4,Promotion Lovers
31047,0,Regular Cutomers
31048,0,Regular Cutomers
31049,0,Regular Cutomers
31054,7,Large Families
31056,0,Regular Cutomers
31057,0,Regular Cutomers
31058,1,Gamers
31059,0,Regular Cutomers
31060,4,Promotion Lovers
31061,5,Low-Value Occasional Customers
31062,4,Promotion Lovers
31063,8,Young Karens
31064,5,Low-Value Occasional Customers
31065,0,Regular Cutomers
31066,4,Promotion Lovers
31067,6,High-Value Customers
31068,0,Regular Cutomers
31069,3,Senior Karens
31070,0,Regular Cutomers
31071,1,Gamers
31072,0,Regular Cutomers
31073,0,Regular Cutomers
31074,7,Large Families
31075,5,Low-Value Occasional Customers
31077,8,Young Karens
31078,4,Promotion Lovers
31079,1,Gamers
31080,6,High-Value Customers
31081,0,Regular Cutomers
31082,4,Promotion Lovers
31083,3,Senior Karens
31084,4,Promotion Lovers
31085,5,Low-Value Occasional Customers
31086,4,Promotion Lovers
31087,3,Senior Karens
31088,0,Regular Cutomers
31089,0,Regular Cutomers
31090,1,Gamers
31091,3,Senior Karens
31092,0,Regular Cutomers
31093,0,Regular Cutomers
31096,5,Low-Value Occasional Customers
31097,1,Gamers
31098,1,Gamers
31099,2,Clean & Green
31100,5,Low-Value Occasional Customers
31101,0,Regular Cutomers
31102,5,Low-Value Occasional Customers
31103,1,Gamers
31104,5,Low-Value Occasional Customers
31105,0,Regular Cutomers
31107,3,Senior Karens
31108,0,Regular Cutomers
31109,5,Low-Value Occasional Customers
31110,4,Promotion Lovers
31111,0,Regular Cutomers
31112,0,Regular Cutomers
31113,0,Regular Cutomers
31114,3,Senior Karens
31115,5,Low-Value Occasional Customers
31116,5,Low-Value Occasional Customers
31117,0,Regular Cutomers
31118,8,Young Karens
31119,4,Promotion Lovers
31121,0,Regular Cutomers
31122,4,Promotion Lovers
31123,4,Promotion Lovers
31125,0,Regular Cutomers
31126,0,Regular Cutomers
31127,2,Clean & Green
31128,1,Gamers
31129,7,Large Families
31131,7,Large Families
31132,3,Senior Karens
31133,7,Large Families
31136,2,Clean & Green
31137,2,Clean & Green
31138,0,Regular Cutomers
31139,2,Clean & Green
31140,5,Low-Value Occasional Customers
31141,0,Regular Cutomers
31142,6,High-Value Customers
31144,8,Young Karens
31145,0,Regular Cutomers
31146,5,Low-Value Occasional Customers
31147,5,Low-Value Occasional Customers
31148,6,High-Value Customers
31150,4,Promotion Lovers
31151,5,Low-Value Occasional Customers
31152,0,Regular Cutomers
31153,4,Promotion Lovers
31154,5,Low-Value Occasional Customers
31155,0,Regular Cutomers
31157,0,Regular Cutomers
31158,5,Low-Value Occasional Customers
31159,0,Regular Cutomers
31160,5,Low-Value Occasional Customers
31161,6,High-Value Customers
31162,3,Senior Karens
31163,0,Regular Cutomers
31164,4,Promotion Lovers
31165,6,High-Value Customers
31166,4,Promotion Lovers
31167,0,Regular Cutomers
31168,4,Promotion Lovers
31169,8,Young Karens
31170,0,Regular Cutomers
31172,4,Promotion Lovers
31173,5,Low-Value Occasional Customers
31174,1,Gamers
31175,7,Large Families
31176,3,Senior Karens
31177,2,Clean & Green
31178,4,Promotion Lovers
31179,4,Promotion Lovers
31180,6,High-Value Customers
31181,5,Low-Value Occasional Customers
31183,2,Clean & Green
31184,6,High-Value Customers
31185,5,Low-Value Occasional Customers
31186,1,Gamers
31188,4,Promotion Lovers
31189,0,Regular Cutomers
31190,1,Gamers
31191,4,Promotion Lovers
31193,7,Large Families
31195,4,Promotion Lovers
31196,7,Large Families
31197,4,Promotion Lovers
31198,7,Large Families
31199,3,Senior Karens
31200,8,Young Karens
31201,1,Gamers
31202,5,Low-Value Occasional Customers
31203,7,Large Families
31204,6,High-Value Customers
31205,2,Clean & Green
31206,4,Promotion Lovers
31207,8,Young Karens
31208,4,Promotion Lovers
31209,0,Regular Cutomers
31210,2,Clean & Green
31211,7,Large Families
31212,4,Promotion Lovers
31213,5,Low-Value Occasional Customers
31214,7,Large Families
31215,1,Gamers
31216,2,Clean & Green
31217,4,Promotion Lovers
31218,3,Senior Karens
31219,3,Senior Karens
31220,5,Low-Value Occasional Customers
31222,2,Clean & Green
31223,8,Young Karens
31224,0,Regular Cutomers
31225,2,Clean & Green
31226,0,Regular Cutomers
31227,7,Large Families
31228,1,Gamers
31229,6,High-Value Customers
31230,5,Low-Value Occasional Customers
31231,3,Senior Karens
31233,0,Regular Cutomers
31235,4,Promotion Lovers
31237,4,Promotion Lovers
31239,4,Promotion Lovers
31240,8,Young Karens
31241,4,Promotion Lovers
31242,7,Large Families
31243,6,High-Value Customers
31244,0,Regular Cutomers
31245,0,Regular Cutomers
31246,0,Regular Cutomers
31247,5,Low-Value Occasional Customers
31248,1,Gamers
31249,4,Promotion Lovers
31251,0,Regular Cutomers
31253,5,Low-Value Occasional Customers
31254,0,Regular Cutomers
31255,4,Promotion Lovers
31256,5,Low-Value Occasional Customers
31257,1,Gamers
31258,4,Promotion Lovers
31260,4,Promotion Lovers
31261,1,Gamers
31262,2,Clean & Green
31264,4,Promotion Lovers
31265,0,Regular Cutomers
31266,1,Gamers
31267,2,Clean & Green
31268,8,Young Karens
31269,5,Low-Value Occasional Customers
31270,2,Clean & Green
31271,0,Regular Cutomers
31272,0,Regular Cutomers
31273,2,Clean & Green
31274,5,Low-Value Occasional Customers
31275,4,Promotion Lovers
31276,2,Clean & Green
31277,0,Regular Cutomers
31278,2,Clean & Green
31279,3,Senior Karens
31280,7,Large Families
31281,0,Regular Cutomers
31283,4,Promotion Lovers
31284,1,Gamers
31285,1,Gamers
31286,6,High-Value Customers
31287,7,Large Families
31288,6,High-Value Customers
31290,5,Low-Value Occasional Customers
31291,0,Regular Cutomers
31292,1,Gamers
31294,6,High-Value Customers
31295,0,Regular Cutomers
31296,2,Clean & Green
31297,3,Senior Karens
31298,7,Large Families
31299,4,Promotion Lovers
31300,5,Low-Value Occasional Customers
31301,5,Low-Value Occasional Customers
31303,2,Clean & Green
31304,8,Young Karens
31305,4,Promotion Lovers
31307,4,Promotion Lovers
31309,0,Regular Cutomers
31310,0,Regular Cutomers
31312,3,Senior Karens
31313,0,Regular Cutomers
31314,4,Promotion Lovers
31317,0,Regular Cutomers
31318,3,Senior Karens
31320,4,Promotion Lovers
31321,7,Large Families
31322,6,High-Value Customers
31323,7,Large Families
31324,5,Low-Value Occasional Customers
31325,4,Promotion Lovers
31326,4,Promotion Lovers
31327,5,Low-Value Occasional Customers
31328,4,Promotion Lovers
31329,3,Senior Karens
31330,8,Young Karens
31332,4,Promotion Lovers
31333,6,High-Value Customers
31334,0,Regular Cutomers
31335,3,Senior Karens
31336,8,Young Karens
31339,5,Low-Value Occasional Customers
31341,7,Large Families
31342,2,Clean & Green
31344,7,Large Families
31345,2,Clean & Green
31346,8,Young Karens
31347,1,Gamers
31348,5,Low-Value Occasional Customers
31349,4,Promotion Lovers
31350,0,Regular Cutomers
31352,4,Promotion Lovers
31353,6,High-Value Customers
31355,4,Promotion Lovers
31356,0,Regular Cutomers
31357,0,Regular Cutomers
31359,0,Regular Cutomers
31360,8,Young Karens
31362,2,Clean & Green
31363,0,Regular Cutomers
31364,4,Promotion Lovers
31365,0,Regular Cutomers
31367,0,Regular Cutomers
31368,2,Clean & Green
31369,0,Regular Cutomers
31371,7,Large Families
31372,0,Regular Cutomers
31374,6,High-Value Customers
31375,1,Gamers
31377,4,Promotion Lovers
31378,0,Regular Cutomers
31379,2,Clean & Green
31380,4,Promotion Lovers
31381,4,Promotion Lovers
31383,0,Regular Cutomers
31384,0,Regular Cutomers
31385,2,Clean & Green
31387,4,Promotion Lovers
31388,1,Gamers
31390,0,Regular Cutomers
31391,6,High-Value Customers
31393,6,High-Value Customers
31394,5,Low-Value Occasional Customers
31395,1,Gamers
31396,3,Senior Karens
31397,4,Promotion Lovers
31398,5,Low-Value Occasional Customers
31399,4,Promotion Lovers
31400,4,Promotion Lovers
31401,1,Gamers
31402,6,High-Value Customers
31403,4,Promotion Lovers
31404,0,Regular Cutomers
31405,4,Promotion Lovers
31406,5,Low-Value Occasional Customers
31407,0,Regular Cutomers
31408,0,Regular Cutomers
31409,3,Senior Karens
31410,0,Regular Cutomers
31411,0,Regular Cutomers
31412,5,Low-Value Occasional Customers
31413,8,Young Karens
31415,0,Regular Cutomers
31416,8,Young Karens
31417,0,Regular Cutomers
31418,8,Young Karens
31419,8,Young Karens
31420,1,Gamers
31421,1,Gamers
31422,7,Large Families
31423,0,Regular Cutomers
31424,5,Low-Value Occasional Customers
31425,3,Senior Karens
31426,0,Regular Cutomers
31429,0,Regular Cutomers
31431,0,Regular Cutomers
31432,4,Promotion Lovers
31433,0,Regular Cutomers
31435,8,Young Karens
31436,0,Regular Cutomers
31438,1,Gamers
31439,0,Regular Cutomers
31441,7,Large Families
31442,2,Clean & Green
31443,1,Gamers
31444,7,Large Families
31445,5,Low-Value Occasional Customers
31446,0,Regular Cutomers
31448,4,Promotion Lovers
31449,6,High-Value Customers
31450,0,Regular Cutomers
31451,4,Promotion Lovers
31452,1,Gamers
31453,7,Large Families
31454,7,Large Families
31455,0,Regular Cutomers
31457,2,Clean & Green
31458,6,High-Value Customers
31459,1,Gamers
31460,7,Large Families
31461,4,Promotion Lovers
31463,2,Clean & Green
31464,5,Low-Value Occasional Customers
31465,0,Regular Cutomers
31466,2,Clean & Green
31467,0,Regular Cutomers
31468,0,Regular Cutomers
31469,6,High-Value Customers
31470,4,Promotion Lovers
31471,4,Promotion Lovers
31472,6,High-Value Customers
31473,0,Regular Cutomers
31474,7,Large Families
31475,5,Low-Value Occasional Customers
31476,1,Gamers
31478,0,Regular Cutomers
31479,4,Promotion Lovers
31480,4,Promotion Lovers
31481,0,Regular Cutomers
31482,2,Clean & Green
31483,4,Promotion Lovers
31485,6,High-Value Customers
31486,2,Clean & Green
31487,6,High-Value Customers
31488,2,Clean & Green
31489,6,High-Value Customers
31490,2,Clean & Green
31491,7,Large Families
31492,1,Gamers
31493,6,High-Value Customers
31494,7,Large Families
31495,7,Large Families
31496,4,Promotion Lovers
31497,2,Clean & Green
31498,0,Regular Cutomers
31499,0,Regular Cutomers
31502,6,High-Value Customers
31503,1,Gamers
31504,2,Clean & Green
31506,5,Low-Value Occasional Customers
31507,0,Regular Cutomers
31508,1,Gamers
31509,0,Regular Cutomers
31510,2,Clean & Green
31511,4,Promotion Lovers
31512,4,Promotion Lovers
31513,0,Regular Cutomers
31515,4,Promotion Lovers
31516,5,Low-Value Occasional Customers
31517,4,Promotion Lovers
31519,0,Regular Cutomers
31520,2,Clean & Green
31521,1,Gamers
31522,0,Regular Cutomers
31523,7,Large Families
31524,6,High-Value Customers
31525,5,Low-Value Occasional Customers
31526,2,Clean & Green
31527,1,Gamers
31528,0,Regular Cutomers
31530,0,Regular Cutomers
31531,1,Gamers
31532,8,Young Karens
31533,0,Regular Cutomers
31535,4,Promotion Lovers
31536,1,Gamers
31537,7,Large Families
31538,4,Promotion Lovers
31539,2,Clean & Green
31540,2,Clean & Green
31541,6,High-Value Customers
31542,0,Regular Cutomers
31543,4,Promotion Lovers
31544,1,Gamers
31545,8,Young Karens
31547,4,Promotion Lovers
31548,5,Low-Value Occasional Customers
31549,0,Regular Cutomers
31552,2,Clean & Green
31553,2,Clean & Green
31554,2,Clean & Green
31555,5,Low-Value Occasional Customers
31556,5,Low-Value Occasional Customers
31557,7,Large Families
31558,3,Senior Karens
31559,0,Regular Cutomers
31560,2,Clean & Green
31561,8,Young Karens
31562,8,Young Karens
31563,4,Promotion Lovers
31564,0,Regular Cutomers
31565,0,Regular Cutomers
31566,8,Young Karens
31567,4,Promotion Lovers
31568,2,Clean & Green
31569,5,Low-Value Occasional Customers
31570,2,Clean & Green
31571,6,High-Value Customers
31572,4,Promotion Lovers
31573,0,Regular Cutomers
31574,8,Young Karens
31576,7,Large Families
31577,4,Promotion Lovers
31579,6,High-Value Customers
31580,2,Clean & Green
31581,0,Regular Cutomers
31582,0,Regular Cutomers
31584,4,Promotion Lovers
31587,6,High-Value Customers
31588,1,Gamers
31589,6,High-Value Customers
31590,0,Regular Cutomers
31592,8,Young Karens
31593,4,Promotion Lovers
31594,5,Low-Value Occasional Customers
31595,0,Regular Cutomers
31596,8,Young Karens
31597,7,Large Families
31598,6,High-Value Customers
31600,5,Low-Value Occasional Customers
31601,2,Clean & Green
31603,5,Low-Value Occasional Customers
31605,8,Young Karens
31606,0,Regular Cutomers
31607,0,Regular Cutomers
31608,6,High-Value Customers
31610,4,Promotion Lovers
31611,7,Large Families
31612,2,Clean & Green
31613,0,Regular Cutomers
31614,8,Young Karens
31615,3,Senior Karens
31616,1,Gamers
31617,0,Regular Cutomers
31618,0,Regular Cutomers
31619,2,Clean & Green
31620,5,Low-Value Occasional Customers
31621,7,Large Families
31622,0,Regular Cutomers
31623,6,High-Value Customers
31624,2,Clean & Green
31625,8,Young Karens
31626,2,Clean & Green
31627,1,Gamers
31628,7,Large Families
31629,1,Gamers
31630,6,High-Value Customers
31631,0,Regular Cutomers
31632,4,Promotion Lovers
31634,2,Clean & Green
31635,8,Young Karens
31637,0,Regular Cutomers
31638,8,Young Karens
31639,4,Promotion Lovers
31641,4,Promotion Lovers
31642,0,Regular Cutomers
31643,0,Regular Cutomers
31644,2,Clean & Green
31645,5,Low-Value Occasional Customers
31646,3,Senior Karens
31647,2,Clean & Green
31648,4,Promotion Lovers
31649,4,Promotion Lovers
31650,7,Large Families
31651,4,Promotion Lovers
31652,2,Clean & Green
31653,0,Regular Cutomers
31654,0,Regular Cutomers
31656,8,Young Karens
31657,1,Gamers
31658,0,Regular Cutomers
31659,6,High-Value Customers
31660,2,Clean & Green
31661,6,High-Value Customers
31662,5,Low-Value Occasional Customers
31663,5,Low-Value Occasional Customers
31664,8,Young Karens
31665,2,Clean & Green
31666,2,Clean & Green
31667,0,Regular Cutomers
31668,0,Regular Cutomers
31670,7,Large Families
31671,7,Large Families
31672,1,Gamers
31673,1,Gamers
31674,3,Senior Karens
31675,8,Young Karens
31676,6,High-Value Customers
31677,0,Regular Cutomers
31678,3,Senior Karens
31679,4,Promotion Lovers
31680,8,Young Karens
31681,4,Promotion Lovers
31682,2,Clean & Green
31683,4,Promotion Lovers
31684,2,Clean & Green
31685,0,Regular Cutomers
31686,0,Regular Cutomers
31687,2,Clean & Green
31688,0,Regular Cutomers
31690,3,Senior Karens
31691,6,High-Value Customers
31692,0,Regular Cutomers
31693,7,Large Families
31694,8,Young Karens
31695,0,Regular Cutomers
31696,8,Young Karens
31697,4,Promotion Lovers
31699,0,Regular Cutomers
31700,5,Low-Value Occasional Customers
31701,2,Clean & Green
31702,8,Young Karens
31703,1,Gamers
31704,1,Gamers
31705,8,Young Karens
31706,2,Clean & Green
31707,0,Regular Cutomers
31708,4,Promotion Lovers
31709,0,Regular Cutomers
31710,5,Low-Value Occasional Customers
31712,1,Gamers
31713,4,Promotion Lovers
31714,0,Regular Cutomers
31715,6,High-Value Customers
31716,3,Senior Karens
31717,0,Regular Cutomers
31718,4,Promotion Lovers
31719,7,Large Families
31720,6,High-Value Customers
31721,6,High-Value Customers
31722,1,Gamers
31723,1,Gamers
31724,0,Regular Cutomers
31726,5,Low-Value Occasional Customers
31727,5,Low-Value Occasional Customers
31729,5,Low-Value Occasional Customers
31730,0,Regular Cutomers
31731,4,Promotion Lovers
31732,0,Regular Cutomers
31733,6,High-Value Customers
31734,7,Large Families
31736,5,Low-Value Occasional Customers
31737,5,Low-Value Occasional Customers
31738,7,Large Families
31739,1,Gamers
31741,4,Promotion Lovers
31742,5,Low-Value Occasional Customers
31743,3,Senior Karens
31744,4,Promotion Lovers
31746,6,High-Value Customers
31747,0,Regular Cutomers
31748,0,Regular Cutomers
31750,6,High-Value Customers
31751,0,Regular Cutomers
31752,5,Low-Value Occasional Customers
31754,2,Clean & Green
31755,0,Regular Cutomers
31756,1,Gamers
31757,4,Promotion Lovers
31758,1,Gamers
31759,2,Clean & Green
31760,5,Low-Value Occasional Customers
31761,2,Clean & Green
31762,6,High-Value Customers
31763,7,Large Families
31765,1,Gamers
31766,2,Clean & Green
31767,2,Clean & Green
31768,0,Regular Cutomers
31769,7,Large Families
31770,3,Senior Karens
31771,4,Promotion Lovers
31772,0,Regular Cutomers
31773,0,Regular Cutomers
31774,7,Large Families
31775,5,Low-Value Occasional Customers
31776,6,High-Value Customers
31778,4,Promotion Lovers
31779,0,Regular Cutomers
31780,7,Large Families
31781,5,Low-Value Occasional Customers
31782,8,Young Karens
31783,0,Regular Cutomers
31784,1,Gamers
31785,7,Large Families
31786,7,Large Families
31787,1,Gamers
31788,4,Promotion Lovers
31789,7,Large Families
31790,1,Gamers
31793,4,Promotion Lovers
31794,0,Regular Cutomers
31797,4,Promotion Lovers
31800,7,Large Families
31801,6,High-Value Customers
31802,1,Gamers
31803,0,Regular Cutomers
31804,1,Gamers
31807,0,Regular Cutomers
31808,0,Regular Cutomers
31809,8,Young Karens
31810,6,High-Value Customers
31811,8,Young Karens
31812,6,High-Value Customers
31813,0,Regular Cutomers
31814,2,Clean & Green
31815,4,Promotion Lovers
31817,5,Low-Value Occasional Customers
31818,8,Young Karens
31819,4,Promotion Lovers
31821,4,Promotion Lovers
31822,7,Large Families
31823,5,Low-Value Occasional Customers
31824,0,Regular Cutomers
31826,0,Regular Cutomers
31827,5,Low-Value Occasional Customers
31828,2,Clean & Green
31829,5,Low-Value Occasional Customers
31830,7,Large Families
31831,2,Clean & Green
31832,0,Regular Cutomers
31833,2,Clean & Green
31834,6,High-Value Customers
31835,0,Regular Cutomers
31836,2,Clean & Green
31838,0,Regular Cutomers
31839,8,Young Karens
31840,4,Promotion Lovers
31841,8,Young Karens
31842,5,Low-Value Occasional Customers
31843,0,Regular Cutomers
31844,5,Low-Value Occasional Customers
31845,4,Promotion Lovers
31846,4,Promotion Lovers
31847,2,Clean & Green
31848,0,Regular Cutomers
31849,5,Low-Value Occasional Customers
31850,3,Senior Karens
31851,1,Gamers
31854,2,Clean & Green
31855,1,Gamers
31856,5,Low-Value Occasional Customers
31859,4,Promotion Lovers
31860,5,Low-Value Occasional Customers
31861,2,Clean & Green
31862,7,Large Families
31863,0,Regular Cutomers
31864,0,Regular Cutomers
31865,2,Clean & Green
31866,2,Clean & Green
31867,5,Low-Value Occasional Customers
31868,3,Senior Karens
31870,2,Clean & Green
31872,1,Gamers
31873,4,Promotion Lovers
31874,6,High-Value Customers
31875,5,Low-Value Occasional Customers
31876,7,Large Families
31877,1,Gamers
31878,5,Low-Value Occasional Customers
31879,0,Regular Cutomers
31880,2,Clean & Green
31881,3,Senior Karens
31882,6,High-Value Customers
31883,5,Low-Value Occasional Customers
31884,0,Regular Cutomers
31886,8,Young Karens
31887,0,Regular Cutomers
31888,6,High-Value Customers
31889,4,Promotion Lovers
31890,1,Gamers
31892,6,High-Value Customers
31893,4,Promotion Lovers
31894,7,Large Families
31896,7,Large Families
31897,3,Senior Karens
31898,6,High-Value Customers
31899,5,Low-Value Occasional Customers
31900,0,Regular Cutomers
31901,2,Clean & Green
31902,0,Regular Cutomers
31903,5,Low-Value Occasional Customers
31904,0,Regular Cutomers
31905,4,Promotion Lovers
31907,8,Young Karens
31908,1,Gamers
31909,2,Clean & Green
31910,5,Low-Value Occasional Customers
31912,5,Low-Value Occasional Customers
31913,4,Promotion Lovers
31915,2,Clean & Green
31916,7,Large Families
31917,2,Clean & Green
31918,5,Low-Value Occasional Customers
31919,1,Gamers
31920,5,Low-Value Occasional Customers
31921,0,Regular Cutomers
31923,6,High-Value Customers
31924,3,Senior Karens
31925,6,High-Value Customers
31928,5,Low-Value Occasional Customers
31929,4,Promotion Lovers
31930,5,Low-Value Occasional Customers
31933,0,Regular Cutomers
31934,8,Young Karens
31936,4,Promotion Lovers
31937,6,High-Value Customers
31938,7,Large Families
31939,6,High-Value Customers
31940,0,Regular Cutomers
31941,5,Low-Value Occasional Customers
31942,0,Regular Cutomers
31943,7,Large Families
31944,6,High-Value Customers
31945,0,Regular Cutomers
31946,3,Senior Karens
31947,1,Gamers
31948,5,Low-Value Occasional Customers
31949,8,Young Karens
31951,7,Large Families
31952,1,Gamers
31953,0,Regular Cutomers
31954,8,Young Karens
31956,7,Large Families
31957,7,Large Families
31958,3,Senior Karens
31959,2,Clean & Green
31960,4,Promotion Lovers
31961,7,Large Families
31962,5,Low-Value Occasional Customers
31963,4,Promotion Lovers
31964,5,Low-Value Occasional Customers
31965,3,Senior Karens
31966,0,Regular Cutomers
31969,6,High-Value Customers
31970,1,Gamers
31971,5,Low-Value Occasional Customers
31972,3,Senior Karens
31974,7,Large Families
31975,7,Large Families
31979,1,Gamers
31980,7,Large Families
31981,7,Large Families
31985,5,Low-Value Occasional Customers
31986,0,Regular Cutomers
31988,1,Gamers
31990,5,Low-Value Occasional Customers
31991,4,Promotion Lovers
31992,8,Young Karens
31993,2,Clean & Green
31994,4,Promotion Lovers
31995,3,Senior Karens
31996,2,Clean & Green
31997,2,Clean & Green
31999,5,Low-Value Occasional Customers
32001,4,Promotion Lovers
32002,5,Low-Value Occasional Customers
32004,6,High-Value Customers
32005,1,Gamers
32007,7,Large Families
32009,0,Regular Cutomers
32011,8,Young Karens
32012,2,Clean & Green
32013,8,Young Karens
32014,4,Promotion Lovers
32017,0,Regular Cutomers
32018,0,Regular Cutomers
32021,2,Clean & Green
32022,1,Gamers
32023,6,High-Value Customers
32025,1,Gamers
32026,5,Low-Value Occasional Customers
32027,6,High-Value Customers
32030,5,Low-Value Occasional Customers
32031,2,Clean & Green
32032,0,Regular Cutomers
32033,4,Promotion Lovers
32034,0,Regular Cutomers
32035,7,Large Families
32036,2,Clean & Green
32037,0,Regular Cutomers
32038,7,Large Families
32039,5,Low-Value Occasional Customers
32040,0,Regular Cutomers
32041,2,Clean & Green
32042,4,Promotion Lovers
32043,2,Clean & Green
32044,2,Clean & Green
32045,7,Large Families
32047,6,High-Value Customers
32049,7,Large Families
32051,8,Young Karens
32052,4,Promotion Lovers
32053,0,Regular Cutomers
32054,8,Young Karens
32056,7,Large Families
32058,6,High-Value Customers
32060,8,Young Karens
32062,0,Regular Cutomers
32063,7,Large Families
32064,2,Clean & Green
32065,0,Regular Cutomers
32066,7,Large Families
32067,5,Low-Value Occasional Customers
32069,5,Low-Value Occasional Customers
32071,2,Clean & Green
32072,4,Promotion Lovers
32073,7,Large Families
32075,6,High-Value Customers
32077,5,Low-Value Occasional Customers
32078,1,Gamers
32079,8,Young Karens
32080,7,Large Families
32081,4,Promotion Lovers
32082,0,Regular Cutomers
32083,0,Regular Cutomers
32085,5,Low-Value Occasional Customers
32086,1,Gamers
32088,0,Regular Cutomers
32089,4,Promotion Lovers
32090,7,Large Families
32091,0,Regular Cutomers
32092,8,Young Karens
32093,6,High-Value Customers
32094,8,Young Karens
32095,4,Promotion Lovers
32096,5,Low-Value Occasional Customers
32097,0,Regular Cutomers
32098,5,Low-Value Occasional Customers
32099,2,Clean & Green
32100,4,Promotion Lovers
32101,5,Low-Value Occasional Customers
32102,7,Large Families
32103,4,Promotion Lovers
32104,7,Large Families
32106,7,Large Families
32107,4,Promotion Lovers
32108,6,High-Value Customers
32110,7,Large Families
32111,1,Gamers
32112,7,Large Families
32113,5,Low-Value Occasional Customers
32114,4,Promotion Lovers
32115,7,Large Families
32116,7,Large Families
32117,5,Low-Value Occasional Customers
32118,1,Gamers
32119,0,Regular Cutomers
32121,0,Regular Cutomers
32124,5,Low-Value Occasional Customers
32125,4,Promotion Lovers
32126,5,Low-Value Occasional Customers
32128,0,Regular Cutomers
32129,7,Large Families
32130,2,Clean & Green
32131,8,Young Karens
32132,7,Large Families
32133,7,Large Families
32136,0,Regular Cutomers
32137,0,Regular Cutomers
32138,1,Gamers
32139,8,Young Karens
32140,0,Regular Cutomers
32141,5,Low-Value Occasional Customers
32142,7,Large Families
32144,0,Regular Cutomers
32145,4,Promotion Lovers
32146,8,Young Karens
32147,0,Regular Cutomers
32148,1,Gamers
32149,0,Regular Cutomers
32150,4,Promotion Lovers
32151,1,Gamers
32152,6,High-Value Customers
32153,4,Promotion Lovers
32154,0,Regular Cutomers
32155,0,Regular Cutomers
32157,7,Large Families
32160,0,Regular Cutomers
32161,5,Low-Value Occasional Customers
32162,6,High-Value Customers
32163,4,Promotion Lovers
32164,4,Promotion Lovers
32165,4,Promotion Lovers
32166,2,Clean & Green
32168,6,High-Value Customers
32169,8,Young Karens
32170,2,Clean & Green
32171,6,High-Value Customers
32172,0,Regular Cutomers
32173,1,Gamers
32174,0,Regular Cutomers
32175,8,Young Karens
32176,0,Regular Cutomers
32177,2,Clean & Green
32178,8,Young Karens
32179,0,Regular Cutomers
32180,0,Regular Cutomers
32181,8,Young Karens
32182,1,Gamers
32183,0,Regular Cutomers
32185,1,Gamers
32187,5,Low-Value Occasional Customers
32188,6,High-Value Customers
32189,8,Young Karens
32190,4,Promotion Lovers
32192,2,Clean & Green
32193,8,Young Karens
32194,1,Gamers
32195,4,Promotion Lovers
32196,0,Regular Cutomers
32199,0,Regular Cutomers
32200,1,Gamers
32201,4,Promotion Lovers
32202,5,Low-Value Occasional Customers
32203,0,Regular Cutomers
32204,1,Gamers
32205,0,Regular Cutomers
32206,4,Promotion Lovers
32207,5,Low-Value Occasional Customers
32208,7,Large Families
32209,2,Clean & Green
32210,2,Clean & Green
32211,0,Regular Cutomers
32212,6,High-Value Customers
32213,8,Young Karens
32214,2,Clean & Green
32215,4,Promotion Lovers
32216,8,Young Karens
32217,5,Low-Value Occasional Customers
32218,7,Large Families
32219,3,Senior Karens
32221,2,Clean & Green
32222,7,Large Families
32223,0,Regular Cutomers
32224,5,Low-Value Occasional Customers
32226,2,Clean & Green
32229,5,Low-Value Occasional Customers
32230,0,Regular Cutomers
32231,4,Promotion Lovers
32232,7,Large Families
32233,2,Clean & Green
32234,0,Regular Cutomers
32235,0,Regular Cutomers
32237,0,Regular Cutomers
32238,7,Large Families
32239,1,Gamers
32240,7,Large Families
32241,0,Regular Cutomers
32243,0,Regular Cutomers
32244,5,Low-Value Occasional Customers
32245,6,High-Value Customers
32246,0,Regular Cutomers
32247,0,Regular Cutomers
32248,6,High-Value Customers
32250,5,Low-Value Occasional Customers
32251,7,Large Families
32252,5,Low-Value Occasional Customers
32255,4,Promotion Lovers
32256,1,Gamers
32257,0,Regular Cutomers
32258,0,Regular Cutomers
32259,1,Gamers
32260,0,Regular Cutomers
32261,0,Regular Cutomers
32262,0,Regular Cutomers
32263,1,Gamers
32264,6,High-Value Customers
32265,7,Large Families
32266,0,Regular Cutomers
32267,4,Promotion Lovers
32268,0,Regular Cutomers
32269,4,Promotion Lovers
32270,8,Young Karens
32271,1,Gamers
32272,7,Large Families
32273,0,Regular Cutomers
32274,4,Promotion Lovers
32275,6,High-Value Customers
32276,6,High-Value Customers
32277,0,Regular Cutomers
32278,3,Senior Karens
32279,0,Regular Cutomers
32280,0,Regular Cutomers
32281,4,Promotion Lovers
32282,4,Promotion Lovers
32283,1,Gamers
32284,3,Senior Karens
32285,8,Young Karens
32286,4,Promotion Lovers
32287,0,Regular Cutomers
32288,5,Low-Value Occasional Customers
32289,4,Promotion Lovers
32291,5,Low-Value Occasional Customers
32292,0,Regular Cutomers
32293,4,Promotion Lovers
32294,4,Promotion Lovers
32295,0,Regular Cutomers
32297,2,Clean & Green
32298,0,Regular Cutomers
32299,0,Regular Cutomers
32300,7,Large Families
32301,4,Promotion Lovers
32302,2,Clean & Green
32303,0,Regular Cutomers
32306,6,High-Value Customers
32308,3,Senior Karens
32309,0,Regular Cutomers
32310,2,Clean & Green
32311,0,Regular Cutomers
32312,7,Large Families
32316,5,Low-Value Occasional Customers
32317,7,Large Families
32318,2,Clean & Green
32320,4,Promotion Lovers
32321,4,Promotion Lovers
32322,0,Regular Cutomers
32323,2,Clean & Green
32324,4,Promotion Lovers
32325,6,High-Value Customers
32326,0,Regular Cutomers
32327,7,Large Families
32328,0,Regular Cutomers
32329,5,Low-Value Occasional Customers
32332,4,Promotion Lovers
32333,7,Large Families
32334,0,Regular Cutomers
32335,0,Regular Cutomers
32337,1,Gamers
32338,4,Promotion Lovers
32339,1,Gamers
32341,2,Clean & Green
32342,2,Clean & Green
32343,7,Large Families
32344,8,Young Karens
32345,1,Gamers
32346,0,Regular Cutomers
32348,5,Low-Value Occasional Customers
32349,5,Low-Value Occasional Customers
32350,6,High-Value Customers
32351,5,Low-Value Occasional Customers
32352,0,Regular Cutomers
32353,0,Regular Cutomers
32354,4,Promotion Lovers
32355,4,Promotion Lovers
32356,2,Clean & Green
32357,6,High-Value Customers
32358,7,Large Families
32359,1,Gamers
32360,7,Large Families
32361,7,Large Families
32362,5,Low-Value Occasional Customers
32363,0,Regular Cutomers
32365,2,Clean & Green
32366,6,High-Value Customers
32367,4,Promotion Lovers
32369,5,Low-Value Occasional Customers
32370,0,Regular Cutomers
32371,2,Clean & Green
32372,5,Low-Value Occasional Customers
32374,6,High-Value Customers
32375,5,Low-Value Occasional Customers
32376,6,High-Value Customers
32377,8,Young Karens
32378,2,Clean & Green
32379,0,Regular Cutomers
32380,6,High-Value Customers
32381,0,Regular Cutomers
32382,5,Low-Value Occasional Customers
32383,3,Senior Karens
32384,1,Gamers
32387,4,Promotion Lovers
32388,8,Young Karens
32390,0,Regular Cutomers
32391,1,Gamers
32392,2,Clean & Green
32393,0,Regular Cutomers
32394,4,Promotion Lovers
32396,4,Promotion Lovers
32398,5,Low-Value Occasional Customers
32399,0,Regular Cutomers
32400,5,Low-Value Occasional Customers
32401,0,Regular Cutomers
32402,5,Low-Value Occasional Customers
32405,7,Large Families
32407,2,Clean & Green
32408,3,Senior Karens
32409,7,Large Families
32411,3,Senior Karens
32412,1,Gamers
32415,4,Promotion Lovers
32416,5,Low-Value Occasional Customers
32417,4,Promotion Lovers
32419,4,Promotion Lovers
32420,1,Gamers
32421,0,Regular Cutomers
32422,0,Regular Cutomers
32423,0,Regular Cutomers
32424,2,Clean & Green
32425,7,Large Families
32426,8,Young Karens
32427,1,Gamers
32428,7,Large Families
32429,3,Senior Karens
32430,0,Regular Cutomers
32431,8,Young Karens
32432,6,High-Value Customers
32433,2,Clean & Green
32434,0,Regular Cutomers
32435,0,Regular Cutomers
32436,0,Regular Cutomers
32437,0,Regular Cutomers
32438,3,Senior Karens
32439,4,Promotion Lovers
32440,0,Regular Cutomers
32442,6,High-Value Customers
32443,0,Regular Cutomers
32446,1,Gamers
32447,6,High-Value Customers
32448,4,Promotion Lovers
32451,0,Regular Cutomers
32452,0,Regular Cutomers
32453,4,Promotion Lovers
32455,0,Regular Cutomers
32456,7,Large Families
32458,1,Gamers
32460,5,Low-Value Occasional Customers
32462,6,High-Value Customers
32463,1,Gamers
32464,3,Senior Karens
32465,1,Gamers
32466,4,Promotion Lovers
32467,0,Regular Cutomers
32468,0,Regular Cutomers
32469,0,Regular Cutomers
32470,2,Clean & Green
32471,8,Young Karens
32472,6,High-Value Customers
32473,5,Low-Value Occasional Customers
32474,1,Gamers
32475,5,Low-Value Occasional Customers
32476,3,Senior Karens
32479,6,High-Value Customers
32480,7,Large Families
32481,7,Large Families
32482,4,Promotion Lovers
32483,2,Clean & Green
32484,0,Regular Cutomers
32485,4,Promotion Lovers
32486,1,Gamers
32487,3,Senior Karens
32488,4,Promotion Lovers
32489,0,Regular Cutomers
32490,0,Regular Cutomers
32491,6,High-Value Customers
32492,5,Low-Value Occasional Customers
32493,3,Senior Karens
32494,7,Large Families
32495,5,Low-Value Occasional Customers
32497,4,Promotion Lovers
32498,3,Senior Karens
32499,0,Regular Cutomers
32500,3,Senior Karens
32501,4,Promotion Lovers
32502,0,Regular Cutomers
32503,5,Low-Value Occasional Customers
32504,6,High-Value Customers
32506,8,Young Karens
32507,0,Regular Cutomers
32508,4,Promotion Lovers
32511,1,Gamers
32512,0,Regular Cutomers
32514,6,High-Value Customers
32515,6,High-Value Customers
32516,0,Regular Cutomers
32517,7,Large Families
32518,4,Promotion Lovers
32521,6,High-Value Customers
32522,0,Regular Cutomers
32524,0,Regular Cutomers
32525,0,Regular Cutomers
32526,6,High-Value Customers
32527,4,Promotion Lovers
32529,2,Clean & Green
32530,0,Regular Cutomers
32531,4,Promotion Lovers
32532,4,Promotion Lovers
32533,6,High-Value Customers
32534,6,High-Value Customers
32535,4,Promotion Lovers
32536,5,Low-Value Occasional Customers
32537,5,Low-Value Occasional Customers
32538,0,Regular Cutomers
32539,2,Clean & Green
32540,0,Regular Cutomers
32542,5,Low-Value Occasional Customers
32543,4,Promotion Lovers
32544,4,Promotion Lovers
32545,6,High-Value Customers
32546,1,Gamers
32548,0,Regular Cutomers
32549,0,Regular Cutomers
32550,0,Regular Cutomers
32551,5,Low-Value Occasional Customers
32552,7,Large Families
32553,6,High-Value Customers
32555,4,Promotion Lovers
32556,1,Gamers
32558,4,Promotion Lovers
32559,6,High-Value Customers
32560,3,Senior Karens
32561,4,Promotion Lovers
32562,1,Gamers
32563,4,Promotion Lovers
32565,8,Young Karens
32566,4,Promotion Lovers
32567,0,Regular Cutomers
32568,7,Large Families
32569,5,Low-Value Occasional Customers
32570,6,High-Value Customers
32571,8,Young Karens
32572,1,Gamers
32573,7,Large Families
32574,0,Regular Cutomers
32575,8,Young Karens
32576,3,Senior Karens
32577,7,Large Families
32578,0,Regular Cutomers
32579,5,Low-Value Occasional Customers
32580,8,Young Karens
32581,3,Senior Karens
32582,5,Low-Value Occasional Customers
32583,7,Large Families
32584,0,Regular Cutomers
32586,2,Clean & Green
32587,0,Regular Cutomers
32588,0,Regular Cutomers
32589,0,Regular Cutomers
32590,4,Promotion Lovers
32591,0,Regular Cutomers
32592,4,Promotion Lovers
32594,5,Low-Value Occasional Customers
32595,0,Regular Cutomers
32597,0,Regular Cutomers
32598,3,Senior Karens
32599,0,Regular Cutomers
32600,0,Regular Cutomers
32601,1,Gamers
32602,8,Young Karens
32603,0,Regular Cutomers
32604,1,Gamers
32606,8,Young Karens
32607,0,Regular Cutomers
32609,3,Senior Karens
32610,0,Regular Cutomers
32611,7,Large Families
32612,3,Senior Karens
32613,4,Promotion Lovers
32614,4,Promotion Lovers
32615,2,Clean & Green
32616,0,Regular Cutomers
32617,3,Senior Karens
32618,0,Regular Cutomers
32619,0,Regular Cutomers
32621,1,Gamers
32622,4,Promotion Lovers
32623,4,Promotion Lovers
32624,5,Low-Value Occasional Customers
32625,5,Low-Value Occasional Customers
32626,0,Regular Cutomers
32628,0,Regular Cutomers
32629,6,High-Value Customers
32630,1,Gamers
32631,2,Clean & Green
32632,1,Gamers
32633,7,Large Families
32634,1,Gamers
32635,0,Regular Cutomers
32636,4,Promotion Lovers
32637,7,Large Families
32638,4,Promotion Lovers
32639,2,Clean & Green
32641,0,Regular Cutomers
32642,3,Senior Karens
32643,2,Clean & Green
32644,1,Gamers
32645,0,Regular Cutomers
32646,1,Gamers
32647,0,Regular Cutomers
32650,8,Young Karens
32651,0,Regular Cutomers
32652,0,Regular Cutomers
32653,5,Low-Value Occasional Customers
32656,0,Regular Cutomers
32657,8,Young Karens
32658,8,Young Karens
32661,4,Promotion Lovers
32662,0,Regular Cutomers
32663,0,Regular Cutomers
32665,1,Gamers
32667,1,Gamers
32668,6,High-Value Customers
32669,5,Low-Value Occasional Customers
32671,5,Low-Value Occasional Customers
32672,1,Gamers
32674,7,Large Families
32675,4,Promotion Lovers
32676,3,Senior Karens
32677,0,Regular Cutomers
32679,3,Senior Karens
32680,7,Large Families
32682,0,Regular Cutomers
32683,1,Gamers
32684,0,Regular Cutomers
32685,0,Regular Cutomers
32686,2,Clean & Green
32687,0,Regular Cutomers
32688,2,Clean & Green
32692,2,Clean & Green
32693,8,Young Karens
32694,3,Senior Karens
32695,6,High-Value Customers
32696,7,Large Families
32697,6,High-Value Customers
32698,0,Regular Cutomers
32699,4,Promotion Lovers
32700,0,Regular Cutomers
32702,3,Senior Karens
32703,7,Large Families
32704,5,Low-Value Occasional Customers
32705,4,Promotion Lovers
32706,0,Regular Cutomers
32707,4,Promotion Lovers
32708,0,Regular Cutomers
32709,6,High-Value Customers
32710,4,Promotion Lovers
32711,2,Clean & Green
32712,4,Promotion Lovers
32713,6,High-Value Customers
32714,7,Large Families
32716,5,Low-Value Occasional Customers
32717,0,Regular Cutomers
32718,7,Large Families
32720,6,High-Value Customers
32721,6,High-Value Customers
32722,7,Large Families
32723,4,Promotion Lovers
32724,7,Large Families
32726,4,Promotion Lovers
32727,5,Low-Value Occasional Customers
32728,3,Senior Karens
32729,6,High-Value Customers
32730,6,High-Value Customers
32731,4,Promotion Lovers
32732,6,High-Value Customers
32733,2,Clean & Green
32734,7,Large Families
32735,5,Low-Value Occasional Customers
32736,1,Gamers
32737,7,Large Families
32738,0,Regular Cutomers
32739,5,Low-Value Occasional Customers
32740,8,Young Karens
32741,4,Promotion Lovers
32742,6,High-Value Customers
32743,3,Senior Karens
32744,0,Regular Cutomers
32745,3,Senior Karens
32746,0,Regular Cutomers
32748,4,Promotion Lovers
32749,0,Regular Cutomers
32750,2,Clean & Green
32751,4,Promotion Lovers
32752,5,Low-Value Occasional Customers
32754,3,Senior Karens
32755,8,Young Karens
32758,0,Regular Cutomers
32760,7,Large Families
32761,7,Large Families
32763,1,Gamers
32764,6,High-Value Customers
32765,1,Gamers
32766,8,Young Karens
32768,2,Clean & Green
32769,0,Regular Cutomers
32770,0,Regular Cutomers
32771,4,Promotion Lovers
32772,4,Promotion Lovers
32773,2,Clean & Green
32775,2,Clean & Green
32776,4,Promotion Lovers
32777,4,Promotion Lovers
32779,3,Senior Karens
32780,1,Gamers
32783,7,Large Families
32784,6,High-Value Customers
32785,7,Large Families
32786,3,Senior Karens
32787,2,Clean & Green
32788,4,Promotion Lovers
32789,7,Large Families
32790,6,High-Value Customers
32791,5,Low-Value Occasional Customers
32794,7,Large Families
32795,5,Low-Value Occasional Customers
32796,2,Clean & Green
32797,3,Senior Karens
32799,5,Low-Value Occasional Customers
32800,8,Young Karens
32802,4,Promotion Lovers
32804,0,Regular Cutomers
32805,7,Large Families
32806,2,Clean & Green
32807,7,Large Families
32810,0,Regular Cutomers
32811,0,Regular Cutomers
32812,1,Gamers
32814,1,Gamers
32815,7,Large Families
32816,7,Large Families
32817,2,Clean & Green
32818,8,Young Karens
32819,1,Gamers
32820,0,Regular Cutomers
32821,1,Gamers
32822,8,Young Karens
32823,0,Regular Cutomers
32825,4,Promotion Lovers
32826,3,Senior Karens
32828,4,Promotion Lovers
32829,0,Regular Cutomers
32830,6,High-Value Customers
32831,5,Low-Value Occasional Customers
32832,0,Regular Cutomers
32833,4,Promotion Lovers
32834,4,Promotion Lovers
32835,0,Regular Cutomers
32836,0,Regular Cutomers
32837,4,Promotion Lovers
32838,5,Low-Value Occasional Customers
32839,2,Clean & Green
32840,3,Senior Karens
32841,4,Promotion Lovers
32842,4,Promotion Lovers
32843,7,Large Families
32844,0,Regular Cutomers
32845,0,Regular Cutomers
32846,5,Low-Value Occasional Customers
32847,4,Promotion Lovers
32848,4,Promotion Lovers
32849,6,High-Value Customers
32850,4,Promotion Lovers
32851,2,Clean & Green
32852,5,Low-Value Occasional Customers
32853,1,Gamers
32854,4,Promotion Lovers
32855,1,Gamers
32856,8,Young Karens
32858,6,High-Value Customers
32859,4,Promotion Lovers
32860,4,Promotion Lovers
32861,5,Low-Value Occasional Customers
32862,0,Regular Cutomers
32863,8,Young Karens
32865,0,Regular Cutomers
32867,4,Promotion Lovers
32868,0,Regular Cutomers
32869,1,Gamers
32870,0,Regular Cutomers
32871,7,Large Families
32872,1,Gamers
32873,2,Clean & Green
32874,2,Clean & Green
32875,6,High-Value Customers
32876,5,Low-Value Occasional Customers
32877,0,Regular Cutomers
32878,8,Young Karens
32879,2,Clean & Green
32881,6,High-Value Customers
32882,4,Promotion Lovers
32883,7,Large Families
32884,7,Large Families
32885,7,Large Families
32886,4,Promotion Lovers
32887,7,Large Families
32889,4,Promotion Lovers
32890,3,Senior Karens
32891,5,Low-Value Occasional Customers
32892,0,Regular Cutomers
32893,1,Gamers
32894,5,Low-Value Occasional Customers
32895,2,Clean & Green
32896,2,Clean & Green
32897,5,Low-Value Occasional Customers
32898,8,Young Karens
32899,5,Low-Value Occasional Customers
32900,1,Gamers
32901,0,Regular Cutomers
32902,3,Senior Karens
32904,1,Gamers
32905,0,Regular Cutomers
32906,4,Promotion Lovers
32908,3,Senior Karens
32909,0,Regular Cutomers
32910,1,Gamers
32911,3,Senior Karens
32912,3,Senior Karens
32913,8,Young Karens
32914,1,Gamers
32915,7,Large Families
32916,2,Clean & Green
32917,0,Regular Cutomers
32919,3,Senior Karens
32921,5,Low-Value Occasional Customers
32922,0,Regular Cutomers
32923,5,Low-Value Occasional Customers
32924,6,High-Value Customers
32925,7,Large Families
32926,1,Gamers
32927,1,Gamers
32928,0,Regular Cutomers
32931,3,Senior Karens
32932,5,Low-Value Occasional Customers
32933,0,Regular Cutomers
32935,0,Regular Cutomers
32940,0,Regular Cutomers
32941,2,Clean & Green
32942,4,Promotion Lovers
32943,8,Young Karens
32944,6,High-Value Customers
32945,3,Senior Karens
32946,4,Promotion Lovers
32948,4,Promotion Lovers
32949,5,Low-Value Occasional Customers
32950,5,Low-Value Occasional Customers
32951,8,Young Karens
32952,4,Promotion Lovers
32953,0,Regular Cutomers
32954,1,Gamers
32955,0,Regular Cutomers
32956,5,Low-Value Occasional Customers
32957,0,Regular Cutomers
32958,6,High-Value Customers
32959,1,Gamers
32962,0,Regular Cutomers
32963,2,Clean & Green
32964,2,Clean & Green
32965,2,Clean & Green
32966,3,Senior Karens
32967,5,Low-Value Occasional Customers
32968,0,Regular Cutomers
32970,7,Large Families
32972,5,Low-Value Occasional Customers
32973,0,Regular Cutomers
32974,7,Large Families
32975,7,Large Families
32976,0,Regular Cutomers
32978,0,Regular Cutomers
32979,2,Clean & Green
32981,5,Low-Value Occasional Customers
32982,0,Regular Cutomers
32983,6,High-Value Customers
32984,0,Regular Cutomers
32985,8,Young Karens
32986,6,High-Value Customers
32989,4,Promotion Lovers
32990,6,High-Value Customers
32991,7,Large Families
32992,0,Regular Cutomers
32993,4,Promotion Lovers
32994,4,Promotion Lovers
32996,4,Promotion Lovers
32999,4,Promotion Lovers
33000,4,Promotion Lovers
33001,0,Regular Cutomers
33002,6,High-Value Customers
33003,7,Large Families
33006,0,Regular Cutomers
33008,8,Young Karens
33009,4,Promotion Lovers
33010,6,High-Value Customers
33011,7,Large Families
33012,0,Regular Cutomers
33013,6,High-Value Customers
33015,4,Promotion Lovers
33016,3,Senior Karens
33017,7,Large Families
33018,8,Young Karens
33020,1,Gamers
33022,0,Regular Cutomers
33023,0,Regular Cutomers
33025,1,Gamers
33028,0,Regular Cutomers
33029,4,Promotion Lovers
33030,2,Clean & Green
33033,8,Young Karens
33035,8,Young Karens
33036,7,Large Families
33037,5,Low-Value Occasional Customers
33038,5,Low-Value Occasional Customers
33039,0,Regular Cutomers
33041,0,Regular Cutomers
33043,2,Clean & Green
33044,1,Gamers
33045,0,Regular Cutomers
33046,6,High-Value Customers
33047,6,High-Value Customers
33048,6,High-Value Customers
33049,2,Clean & Green
33050,2,Clean & Green
33052,1,Gamers
33054,4,Promotion Lovers
33055,4,Promotion Lovers
33056,6,High-Value Customers
33057,4,Promotion Lovers
33058,6,High-Value Customers
33059,6,High-Value Customers
33060,4,Promotion Lovers
33061,1,Gamers
33062,8,Young Karens
33063,4,Promotion Lovers
33064,5,Low-Value Occasional Customers
33065,2,Clean & Green
33067,1,Gamers
33068,7,Large Families
33069,4,Promotion Lovers
33071,6,High-Value Customers
33073,0,Regular Cutomers
33074,4,Promotion Lovers
33075,0,Regular Cutomers
33076,8,Young Karens
33080,7,Large Families
33081,6,High-Value Customers
33082,4,Promotion Lovers
33085,5,Low-Value Occasional Customers
33086,6,High-Value Customers
33087,6,High-Value Customers
33088,8,Young Karens
33089,4,Promotion Lovers
33090,2,Clean & Green
33092,6,High-Value Customers
33095,3,Senior Karens
33097,0,Regular Cutomers
33098,2,Clean & Green
33099,6,High-Value Customers
33100,6,High-Value Customers
33101,4,Promotion Lovers
33102,2,Clean & Green
33103,5,Low-Value Occasional Customers
33104,6,High-Value Customers
33105,4,Promotion Lovers
33106,2,Clean & Green
33108,6,High-Value Customers
33109,0,Regular Cutomers
33110,0,Regular Cutomers
33111,4,Promotion Lovers
33112,6,High-Value Customers
33113,4,Promotion Lovers
33115,4,Promotion Lovers
33116,0,Regular Cutomers
33117,0,Regular Cutomers
33119,5,Low-Value Occasional Customers
33122,1,Gamers
33123,5,Low-Value Occasional Customers
33124,1,Gamers
33125,4,Promotion Lovers
33127,5,Low-Value Occasional Customers
33128,1,Gamers
33129,7,Large Families
33131,2,Clean & Green
33132,6,High-Value Customers
33133,8,Young Karens
33134,0,Regular Cutomers
33136,7,Large Families
33137,0,Regular Cutomers
33139,1,Gamers
33140,6,High-Value Customers
33141,0,Regular Cutomers
33142,8,Young Karens
33143,2,Clean & Green
33144,1,Gamers
33145,2,Clean & Green
33146,0,Regular Cutomers
33148,0,Regular Cutomers
33149,2,Clean & Green
33150,0,Regular Cutomers
33152,0,Regular Cutomers
33153,6,High-Value Customers
33154,0,Regular Cutomers
33155,4,Promotion Lovers
33156,4,Promotion Lovers
33158,3,Senior Karens
33159,6,High-Value Customers
33160,1,Gamers
33162,8,Young Karens
33163,0,Regular Cutomers
33164,7,Large Families
33165,5,Low-Value Occasional Customers
33167,5,Low-Value Occasional Customers
33168,4,Promotion Lovers
33169,2,Clean & Green
33170,1,Gamers
33171,4,Promotion Lovers
33172,6,High-Value Customers
33174,3,Senior Karens
33175,6,High-Value Customers
33176,6,High-Value Customers
33177,2,Clean & Green
33179,1,Gamers
33181,6,High-Value Customers
33182,4,Promotion Lovers
33184,4,Promotion Lovers
33185,7,Large Families
33186,4,Promotion Lovers
33187,0,Regular Cutomers
33188,6,High-Value Customers
33189,3,Senior Karens
33192,4,Promotion Lovers
33195,1,Gamers
33196,2,Clean & Green
33198,1,Gamers
33199,7,Large Families
33200,3,Senior Karens
33201,3,Senior Karens
33203,4,Promotion Lovers
33204,8,Young Karens
33205,3,Senior Karens
33206,7,Large Families
33207,0,Regular Cutomers
33209,8,Young Karens
33210,1,Gamers
33211,4,Promotion Lovers
33212,0,Regular Cutomers
33213,6,High-Value Customers
33214,0,Regular Cutomers
33215,2,Clean & Green
33216,5,Low-Value Occasional Customers
33217,7,Large Families
33218,1,Gamers
33219,5,Low-Value Occasional Customers
33220,2,Clean & Green
33221,2,Clean & Green
33222,1,Gamers
33223,0,Regular Cutomers
33224,7,Large Families
33225,0,Regular Cutomers
33226,0,Regular Cutomers
33227,0,Regular Cutomers
33228,0,Regular Cutomers
33229,2,Clean & Green
33230,0,Regular Cutomers
33231,0,Regular Cutomers
33232,4,Promotion Lovers
33233,7,Large Families
33234,8,Young Karens
33235,5,Low-Value Occasional Customers
33238,8,Young Karens
33239,5,Low-Value Occasional Customers
33240,2,Clean & Green
33241,4,Promotion Lovers
33242,5,Low-Value Occasional Customers
33243,0,Regular Cutomers
33245,3,Senior Karens
33246,4,Promotion Lovers
33247,5,Low-Value Occasional Customers
33248,0,Regular Cutomers
33249,7,Large Families
33251,0,Regular Cutomers
33252,1,Gamers
33253,2,Clean & Green
33254,6,High-Value Customers
33255,4,Promotion Lovers
33256,5,Low-Value Occasional Customers
33257,0,Regular Cutomers
33258,5,Low-Value Occasional Customers
33260,6,High-Value Customers
33261,5,Low-Value Occasional Customers
33263,7,Large Families
33264,6,High-Value Customers
33265,0,Regular Cutomers
33266,5,Low-Value Occasional Customers
33267,5,Low-Value Occasional Customers
33270,8,Young Karens
33271,7,Large Families
33272,8,Young Karens
33273,8,Young Karens
33274,0,Regular Cutomers
33275,5,Low-Value Occasional Customers
33276,0,Regular Cutomers
33277,0,Regular Cutomers
33279,0,Regular Cutomers
33280,4,Promotion Lovers
33281,4,Promotion Lovers
33282,5,Low-Value Occasional Customers
33283,6,High-Value Customers
33284,1,Gamers
33285,0,Regular Cutomers
33286,4,Promotion Lovers
33287,6,High-Value Customers
33288,4,Promotion Lovers
33289,8,Young Karens
33291,4,Promotion Lovers
33292,0,Regular Cutomers
33294,3,Senior Karens
33296,0,Regular Cutomers
33297,5,Low-Value Occasional Customers
33301,1,Gamers
33302,4,Promotion Lovers
33303,1,Gamers
33304,6,High-Value Customers
33305,7,Large Families
33306,0,Regular Cutomers
33308,2,Clean & Green
33309,0,Regular Cutomers
33311,7,Large Families
33312,6,High-Value Customers
33313,0,Regular Cutomers
33314,3,Senior Karens
33315,0,Regular Cutomers
33316,4,Promotion Lovers
33317,0,Regular Cutomers
33318,1,Gamers
33319,2,Clean & Green
33320,0,Regular Cutomers
33321,4,Promotion Lovers
33323,4,Promotion Lovers
33324,8,Young Karens
33325,4,Promotion Lovers
33327,5,Low-Value Occasional Customers
33329,6,High-Value Customers
33330,0,Regular Cutomers
33331,7,Large Families
33332,0,Regular Cutomers
33333,0,Regular Cutomers
33334,0,Regular Cutomers
33335,7,Large Families
33336,5,Low-Value Occasional Customers
33338,7,Large Families
33339,0,Regular Cutomers
33340,4,Promotion Lovers
33342,5,Low-Value Occasional Customers
33343,8,Young Karens
33344,5,Low-Value Occasional Customers
33345,5,Low-Value Occasional Customers
33346,0,Regular Cutomers
33348,1,Gamers
33349,4,Promotion Lovers
33350,4,Promotion Lovers
33352,4,Promotion Lovers
33353,0,Regular Cutomers
33355,6,High-Value Customers
33357,6,High-Value Customers
33358,1,Gamers
33359,0,Regular Cutomers
33360,1,Gamers
33361,0,Regular Cutomers
33362,4,Promotion Lovers
33363,8,Young Karens
33364,3,Senior Karens
33365,7,Large Families
33366,6,High-Value Customers
33367,4,Promotion Lovers
33369,7,Large Families
33370,5,Low-Value Occasional Customers
33371,0,Regular Cutomers
33372,1,Gamers
33373,0,Regular Cutomers
33375,2,Clean & Green
33376,5,Low-Value Occasional Customers
33377,0,Regular Cutomers
33378,0,Regular Cutomers
33379,2,Clean & Green
33380,0,Regular Cutomers
33382,4,Promotion Lovers
33383,2,Clean & Green
33384,0,Regular Cutomers
33386,7,Large Families
33387,4,Promotion Lovers
33388,1,Gamers
33391,5,Low-Value Occasional Customers
33393,0,Regular Cutomers
33394,1,Gamers
33397,8,Young Karens
33398,4,Promotion Lovers
33400,4,Promotion Lovers
33401,1,Gamers
33403,8,Young Karens
33404,0,Regular Cutomers
33406,0,Regular Cutomers
33407,4,Promotion Lovers
33408,8,Young Karens
33410,3,Senior Karens
33411,7,Large Families
33412,5,Low-Value Occasional Customers
33413,0,Regular Cutomers
33414,4,Promotion Lovers
33415,7,Large Families
33416,7,Large Families
33417,4,Promotion Lovers
33418,2,Clean & Green
33419,5,Low-Value Occasional Customers
33420,4,Promotion Lovers
33421,0,Regular Cutomers
33422,1,Gamers
33423,4,Promotion Lovers
33424,2,Clean & Green
33425,7,Large Families
33426,6,High-Value Customers
33427,0,Regular Cutomers
33428,4,Promotion Lovers
33429,4,Promotion Lovers
33430,2,Clean & Green
33431,0,Regular Cutomers
33432,0,Regular Cutomers
33433,7,Large Families
33435,8,Young Karens
33436,7,Large Families
33437,0,Regular Cutomers
33438,4,Promotion Lovers
33439,4,Promotion Lovers
33440,2,Clean & Green
33441,0,Regular Cutomers
33443,2,Clean & Green
33445,7,Large Families
33446,0,Regular Cutomers
33447,6,High-Value Customers
33448,0,Regular Cutomers
33449,8,Young Karens
33451,0,Regular Cutomers
33452,4,Promotion Lovers
33453,5,Low-Value Occasional Customers
33454,4,Promotion Lovers
33455,8,Young Karens
33456,4,Promotion Lovers
33457,4,Promotion Lovers
33458,2,Clean & Green
33459,4,Promotion Lovers
33460,0,Regular Cutomers
33461,1,Gamers
33463,2,Clean & Green
33464,0,Regular Cutomers
33465,4,Promotion Lovers
33466,3,Senior Karens
33467,0,Regular Cutomers
33468,6,High-Value Customers
33469,0,Regular Cutomers
33470,0,Regular Cutomers
33471,0,Regular Cutomers
33472,0,Regular Cutomers
33474,0,Regular Cutomers
33475,0,Regular Cutomers
33476,5,Low-Value Occasional Customers
33477,2,Clean & Green
33478,0,Regular Cutomers
33479,5,Low-Value Occasional Customers
33480,6,High-Value Customers
33481,0,Regular Cutomers
33483,2,Clean & Green
33484,7,Large Families
33486,2,Clean & Green
33487,3,Senior Karens
33489,1,Gamers
33490,6,High-Value Customers
33494,6,High-Value Customers
33495,1,Gamers
33496,7,Large Families
33497,4,Promotion Lovers
33498,2,Clean & Green
33499,4,Promotion Lovers
33502,8,Young Karens
33503,0,Regular Cutomers
33505,5,Low-Value Occasional Customers
33506,1,Gamers
33507,0,Regular Cutomers
33510,5,Low-Value Occasional Customers
33511,7,Large Families
33512,4,Promotion Lovers
33513,0,Regular Cutomers
33514,5,Low-Value Occasional Customers
33515,5,Low-Value Occasional Customers
33516,2,Clean & Green
33517,4,Promotion Lovers
33519,5,Low-Value Occasional Customers
33520,3,Senior Karens
33521,4,Promotion Lovers
33522,0,Regular Cutomers
33523,4,Promotion Lovers
33524,2,Clean & Green
33525,1,Gamers
33526,6,High-Value Customers
33527,5,Low-Value Occasional Customers
33528,0,Regular Cutomers
33529,8,Young Karens
33530,8,Young Karens
33531,4,Promotion Lovers
33532,0,Regular Cutomers
33533,8,Young Karens
33535,1,Gamers
33536,3,Senior Karens
33538,7,Large Families
33539,2,Clean & Green
33540,4,Promotion Lovers
33541,6,High-Value Customers
33542,0,Regular Cutomers
33543,1,Gamers
33544,6,High-Value Customers
33546,6,High-Value Customers
33547,2,Clean & Green
33548,4,Promotion Lovers
33549,4,Promotion Lovers
33550,7,Large Families
33551,6,High-Value Customers
33552,3,Senior Karens
33554,5,Low-Value Occasional Customers
33555,2,Clean & Green
33556,4,Promotion Lovers
33559,7,Large Families
33560,5,Low-Value Occasional Customers
33561,5,Low-Value Occasional Customers
33562,5,Low-Value Occasional Customers
33563,1,Gamers
33564,7,Large Families
33565,4,Promotion Lovers
33566,1,Gamers
33567,4,Promotion Lovers
33570,0,Regular Cutomers
33571,0,Regular Cutomers
33572,6,High-Value Customers
33573,2,Clean & Green
33574,4,Promotion Lovers
33575,5,Low-Value Occasional Customers
33577,0,Regular Cutomers
33578,0,Regular Cutomers
33579,8,Young Karens
33580,8,Young Karens
33581,8,Young Karens
33582,0,Regular Cutomers
33583,2,Clean & Green
33584,4,Promotion Lovers
33585,4,Promotion Lovers
33586,7,Large Families
33587,1,Gamers
33588,4,Promotion Lovers
33589,0,Regular Cutomers
33590,0,Regular Cutomers
33591,0,Regular Cutomers
33592,4,Promotion Lovers
33593,0,Regular Cutomers
33594,6,High-Value Customers
33595,7,Large Families
33596,0,Regular Cutomers
33597,6,High-Value Customers
33598,6,High-Value Customers
33599,4,Promotion Lovers
33600,6,High-Value Customers
33601,2,Clean & Green
33602,0,Regular Cutomers
33603,0,Regular Cutomers
33604,0,Regular Cutomers
33605,8,Young Karens
33606,0,Regular Cutomers
33607,4,Promotion Lovers
33608,7,Large Families
33609,3,Senior Karens
33610,7,Large Families
33611,6,High-Value Customers
33612,0,Regular Cutomers
33613,0,Regular Cutomers
33614,1,Gamers
33615,7,Large Families
33616,7,Large Families
33618,1,Gamers
33619,6,High-Value Customers
33620,0,Regular Cutomers
33624,0,Regular Cutomers
33626,4,Promotion Lovers
33627,0,Regular Cutomers
33628,6,High-Value Customers
33629,5,Low-Value Occasional Customers
33630,1,Gamers
33631,6,High-Value Customers
33632,0,Regular Cutomers
33633,1,Gamers
33635,4,Promotion Lovers
33636,3,Senior Karens
33637,4,Promotion Lovers
33638,5,Low-Value Occasional Customers
33639,0,Regular Cutomers
33640,0,Regular Cutomers
33641,4,Promotion Lovers
33642,0,Regular Cutomers
33643,2,Clean & Green
33644,5,Low-Value Occasional Customers
33645,8,Young Karens
33646,6,High-Value Customers
33647,2,Clean & Green
33648,2,Clean & Green
33649,0,Regular Cutomers
33650,8,Young Karens
33651,0,Regular Cutomers
33652,8,Young Karens
33654,1,Gamers
33655,7,Large Families
33656,0,Regular Cutomers
33657,4,Promotion Lovers
33658,2,Clean & Green
33659,5,Low-Value Occasional Customers
33660,2,Clean & Green
33661,2,Clean & Green
33662,6,High-Value Customers
33663,4,Promotion Lovers
33664,7,Large Families
33665,5,Low-Value Occasional Customers
33666,0,Regular Cutomers
33667,5,Low-Value Occasional Customers
33668,4,Promotion Lovers
33669,1,Gamers
33671,0,Regular Cutomers
33672,0,Regular Cutomers
33673,0,Regular Cutomers
33674,0,Regular Cutomers
33676,0,Regular Cutomers
33677,3,Senior Karens
33678,4,Promotion Lovers
33679,8,Young Karens
33680,2,Clean & Green
33681,1,Gamers
33683,4,Promotion Lovers
33684,4,Promotion Lovers
33685,4,Promotion Lovers
33686,5,Low-Value Occasional Customers
33688,2,Clean & Green
33689,0,Regular Cutomers
33690,7,Large Families
33691,0,Regular Cutomers
33692,3,Senior Karens
33693,1,Gamers
33694,4,Promotion Lovers
33695,2,Clean & Green
33696,7,Large Families
33697,7,Large Families
33698,3,Senior Karens
33699,3,Senior Karens
33700,0,Regular Cutomers
33701,4,Promotion Lovers
33702,6,High-Value Customers
33703,0,Regular Cutomers
33704,5,Low-Value Occasional Customers
33705,2,Clean & Green
33706,3,Senior Karens
33707,1,Gamers
33709,4,Promotion Lovers
33710,5,Low-Value Occasional Customers
33711,0,Regular Cutomers
33713,0,Regular Cutomers
33714,8,Young Karens
33715,0,Regular Cutomers
33716,0,Regular Cutomers
33717,6,High-Value Customers
33718,1,Gamers
33719,8,Young Karens
33720,0,Regular Cutomers
33721,0,Regular Cutomers
33722,8,Young Karens
33723,6,High-Value Customers
33724,4,Promotion Lovers
33725,0,Regular Cutomers
33726,5,Low-Value Occasional Customers
33727,4,Promotion Lovers
33729,2,Clean & Green
33730,8,Young Karens
33731,8,Young Karens
33732,7,Large Families
33733,7,Large Families
33734,0,Regular Cutomers
33735,0,Regular Cutomers
33736,8,Young Karens
33737,5,Low-Value Occasional Customers
33739,0,Regular Cutomers
33740,6,High-Value Customers
33744,0,Regular Cutomers
33745,6,High-Value Customers
33746,6,High-Value Customers
33747,0,Regular Cutomers
33749,6,High-Value Customers
33750,3,Senior Karens
33751,6,High-Value Customers
33752,7,Large Families
33753,4,Promotion Lovers
33754,4,Promotion Lovers
33756,0,Regular Cutomers
33757,4,Promotion Lovers
33758,2,Clean & Green
33759,2,Clean & Green
33760,1,Gamers
33761,0,Regular Cutomers
33762,7,Large Families
33763,5,Low-Value Occasional Customers
33764,0,Regular Cutomers
33765,2,Clean & Green
33766,5,Low-Value Occasional Customers
33767,2,Clean & Green
33768,4,Promotion Lovers
33769,5,Low-Value Occasional Customers
33770,5,Low-Value Occasional Customers
33772,3,Senior Karens
33773,6,High-Value Customers
33774,2,Clean & Green
33775,6,High-Value Customers
33776,0,Regular Cutomers
33777,2,Clean & Green
33778,2,Clean & Green
33779,0,Regular Cutomers
33780,0,Regular Cutomers
33781,4,Promotion Lovers
33782,8,Young Karens
33783,4,Promotion Lovers
33785,4,Promotion Lovers
33786,1,Gamers
33787,1,Gamers
33788,6,High-Value Customers
33790,0,Regular Cutomers
33791,6,High-Value Customers
33792,2,Clean & Green
33793,0,Regular Cutomers
33794,7,Large Families
33795,5,Low-Value Occasional Customers
33796,6,High-Value Customers
33797,5,Low-Value Occasional Customers
33798,4,Promotion Lovers
33800,2,Clean & Green
33802,0,Regular Cutomers
33804,0,Regular Cutomers
33805,1,Gamers
33807,8,Young Karens
33808,3,Senior Karens
33809,0,Regular Cutomers
33810,5,Low-Value Occasional Customers
33811,6,High-Value Customers
33812,0,Regular Cutomers
33813,0,Regular Cutomers
33814,0,Regular Cutomers
33815,1,Gamers
33816,0,Regular Cutomers
33817,1,Gamers
33818,5,Low-Value Occasional Customers
33819,4,Promotion Lovers
33820,8,Young Karens
33821,8,Young Karens
33822,2,Clean & Green
33823,8,Young Karens
33826,4,Promotion Lovers
33827,6,High-Value Customers
33828,4,Promotion Lovers
33829,5,Low-Value Occasional Customers
33830,4,Promotion Lovers
33831,3,Senior Karens
33832,4,Promotion Lovers
33833,6,High-Value Customers
33834,0,Regular Cutomers
33835,5,Low-Value Occasional Customers
33836,2,Clean & Green
33837,1,Gamers
33838,0,Regular Cutomers
33839,0,Regular Cutomers
33840,8,Young Karens
33841,7,Large Families
33843,4,Promotion Lovers
33844,3,Senior Karens
33845,2,Clean & Green
33847,0,Regular Cutomers
33848,4,Promotion Lovers
33849,2,Clean & Green
33850,4,Promotion Lovers
33852,0,Regular Cutomers
33853,5,Low-Value Occasional Customers
33854,4,Promotion Lovers
33855,4,Promotion Lovers
33856,4,Promotion Lovers
33858,2,Clean & Green
33859,8,Young Karens
33860,4,Promotion Lovers
33861,5,Low-Value Occasional Customers
33862,0,Regular Cutomers
33863,4,Promotion Lovers
33865,0,Regular Cutomers
33866,0,Regular Cutomers
33867,0,Regular Cutomers
33868,4,Promotion Lovers
33869,0,Regular Cutomers
33870,0,Regular Cutomers
33871,0,Regular Cutomers
33872,3,Senior Karens
33873,5,Low-Value Occasional Customers
33874,0,Regular Cutomers
33875,8,Young Karens
33876,8,Young Karens
33877,2,Clean & Green
33879,0,Regular Cutomers
33880,4,Promotion Lovers
33881,2,Clean & Green
33882,2,Clean & Green
33883,4,Promotion Lovers
33884,1,Gamers
33886,7,Large Families
33887,3,Senior Karens
33888,4,Promotion Lovers
33889,8,Young Karens
33890,2,Clean & Green
33891,5,Low-Value Occasional Customers
33892,5,Low-Value Occasional Customers
33893,4,Promotion Lovers
33894,0,Regular Cutomers
33896,4,Promotion Lovers
33897,1,Gamers
33899,6,High-Value Customers
33900,6,High-Value Customers
33901,8,Young Karens
33903,5,Low-Value Occasional Customers
33905,1,Gamers
33907,4,Promotion Lovers
33908,0,Regular Cutomers
33910,5,Low-Value Occasional Customers
33911,8,Young Karens
33912,2,Clean & Green
33913,0,Regular Cutomers
33915,1,Gamers
33916,3,Senior Karens
33918,0,Regular Cutomers
33921,0,Regular Cutomers
33922,4,Promotion Lovers
33923,6,High-Value Customers
33924,4,Promotion Lovers
33926,5,Low-Value Occasional Customers
33927,6,High-Value Customers
33928,0,Regular Cutomers
33930,0,Regular Cutomers
33931,0,Regular Cutomers
33932,5,Low-Value Occasional Customers
33933,4,Promotion Lovers
33935,6,High-Value Customers
33936,8,Young Karens
33937,6,High-Value Customers
33938,5,Low-Value Occasional Customers
33939,4,Promotion Lovers
33940,4,Promotion Lovers
33941,7,Large Families
33942,5,Low-Value Occasional Customers
33943,4,Promotion Lovers
33944,4,Promotion Lovers
33945,7,Large Families
33947,5,Low-Value Occasional Customers
33948,0,Regular Cutomers
33951,6,High-Value Customers
33952,4,Promotion Lovers
33953,6,High-Value Customers
33954,1,Gamers
33957,0,Regular Cutomers
33958,0,Regular Cutomers
33959,4,Promotion Lovers
33960,6,High-Value Customers
33962,2,Clean & Green
33964,1,Gamers
33965,2,Clean & Green
33966,7,Large Families
33967,1,Gamers
33968,4,Promotion Lovers
33969,5,Low-Value Occasional Customers
33970,8,Young Karens
33971,1,Gamers
33972,2,Clean & Green
33974,0,Regular Cutomers
33975,2,Clean & Green
33976,5,Low-Value Occasional Customers
33977,2,Clean & Green
33978,0,Regular Cutomers
33979,0,Regular Cutomers
33980,0,Regular Cutomers
33981,4,Promotion Lovers
33985,3,Senior Karens
33986,0,Regular Cutomers
33987,1,Gamers
33988,0,Regular Cutomers
33989,8,Young Karens
33990,0,Regular Cutomers
33992,0,Regular Cutomers
33993,0,Regular Cutomers
33994,0,Regular Cutomers
33997,4,Promotion Lovers
33998,5,Low-Value Occasional Customers
33999,4,Promotion Lovers
34000,7,Large Families
34002,5,Low-Value Occasional Customers
34003,6,High-Value Customers
34004,0,Regular Cutomers
34005,1,Gamers
34006,4,Promotion Lovers
34008,0,Regular Cutomers
34009,4,Promotion Lovers
34012,8,Young Karens
34013,4,Promotion Lovers
34014,1,Gamers
34015,5,Low-Value Occasional Customers
34016,5,Low-Value Occasional Customers
34017,2,Clean & Green
34018,0,Regular Cutomers
34019,1,Gamers
34020,6,High-Value Customers
34022,0,Regular Cutomers
34023,0,Regular Cutomers
34025,0,Regular Cutomers
34027,0,Regular Cutomers
34028,8,Young Karens
34029,3,Senior Karens
34030,0,Regular Cutomers
34031,0,Regular Cutomers
34033,5,Low-Value Occasional Customers
34035,8,Young Karens
34037,5,Low-Value Occasional Customers
34038,4,Promotion Lovers
34039,7,Large Families
34040,5,Low-Value Occasional Customers
34041,2,Clean & Green
34042,0,Regular Cutomers
34043,4,Promotion Lovers
34044,0,Regular Cutomers
34045,5,Low-Value Occasional Customers
34046,4,Promotion Lovers
34047,1,Gamers
34050,4,Promotion Lovers
34052,5,Low-Value Occasional Customers
34054,1,Gamers
34056,1,Gamers
34057,3,Senior Karens
34059,7,Large Families
34060,1,Gamers
34061,2,Clean & Green
34063,1,Gamers
34064,3,Senior Karens
34065,5,Low-Value Occasional Customers
34066,2,Clean & Green
34067,0,Regular Cutomers
34068,7,Large Families
34069,6,High-Value Customers
34071,1,Gamers
34072,4,Promotion Lovers
34073,3,Senior Karens
34074,0,Regular Cutomers
34075,6,High-Value Customers
34076,1,Gamers
34077,0,Regular Cutomers
34078,2,Clean & Green
34079,2,Clean & Green
34080,0,Regular Cutomers
34082,8,Young Karens
34083,1,Gamers
34084,7,Large Families
34085,0,Regular Cutomers
34086,8,Young Karens
34087,2,Clean & Green
34089,6,High-Value Customers
34091,0,Regular Cutomers
34092,2,Clean & Green
34093,5,Low-Value Occasional Customers
34094,8,Young Karens
34096,7,Large Families
34098,1,Gamers
34099,6,High-Value Customers
34100,3,Senior Karens
34101,0,Regular Cutomers
34103,4,Promotion Lovers
34107,4,Promotion Lovers
34108,5,Low-Value Occasional Customers
34109,7,Large Families
34112,0,Regular Cutomers
34113,8,Young Karens
34115,0,Regular Cutomers
34116,4,Promotion Lovers
34119,0,Regular Cutomers
34120,4,Promotion Lovers
34122,4,Promotion Lovers
34124,4,Promotion Lovers
34125,0,Regular Cutomers
34126,5,Low-Value Occasional Customers
34128,6,High-Value Customers
34129,1,Gamers
34130,8,Young Karens
34131,2,Clean & Green
34132,1,Gamers
34133,5,Low-Value Occasional Customers
34134,4,Promotion Lovers
34135,4,Promotion Lovers
34136,4,Promotion Lovers
34137,7,Large Families
34138,0,Regular Cutomers
34141,7,Large Families
34142,4,Promotion Lovers
34145,0,Regular Cutomers
34146,4,Promotion Lovers
34147,2,Clean & Green
34148,1,Gamers
34150,7,Large Families
34151,0,Regular Cutomers
34152,1,Gamers
34153,8,Young Karens
34154,4,Promotion Lovers
34155,3,Senior Karens
34156,4,Promotion Lovers
34158,8,Young Karens
34159,4,Promotion Lovers
34160,6,High-Value Customers
34162,2,Clean & Green
34163,0,Regular Cutomers
34164,0,Regular Cutomers
34165,5,Low-Value Occasional Customers
34166,2,Clean & Green
34167,4,Promotion Lovers
34169,7,Large Families
34170,4,Promotion Lovers
34171,4,Promotion Lovers
34172,5,Low-Value Occasional Customers
34174,0,Regular Cutomers
34176,6,High-Value Customers
34177,2,Clean & Green
34178,7,Large Families
34179,0,Regular Cutomers
34180,5,Low-Value Occasional Customers
34182,0,Regular Cutomers
34183,0,Regular Cutomers
34184,6,High-Value Customers
34185,4,Promotion Lovers
34186,0,Regular Cutomers
34187,4,Promotion Lovers
34188,5,Low-Value Occasional Customers
34189,8,Young Karens
34190,6,High-Value Customers
34192,0,Regular Cutomers
34195,0,Regular Cutomers
34196,0,Regular Cutomers
34197,0,Regular Cutomers
34199,6,High-Value Customers
34201,6,High-Value Customers
34202,4,Promotion Lovers
34203,4,Promotion Lovers
34204,4,Promotion Lovers
34205,3,Senior Karens
34206,0,Regular Cutomers
34208,2,Clean & Green
34209,0,Regular Cutomers
34210,5,Low-Value Occasional Customers
34211,7,Large Families
34212,0,Regular Cutomers
34213,0,Regular Cutomers
34214,2,Clean & Green
34215,5,Low-Value Occasional Customers
34216,6,High-Value Customers
34217,2,Clean & Green
34218,2,Clean & Green
34219,4,Promotion Lovers
34220,1,Gamers
34221,2,Clean & Green
34222,5,Low-Value Occasional Customers
34223,8,Young Karens
34224,0,Regular Cutomers
34225,5,Low-Value Occasional Customers
34226,7,Large Families
34227,0,Regular Cutomers
34228,6,High-Value Customers
34230,7,Large Families
34231,6,High-Value Customers
34233,1,Gamers
34234,5,Low-Value Occasional Customers
34235,3,Senior Karens
34236,1,Gamers
34237,7,Large Families
34238,3,Senior Karens
34239,4,Promotion Lovers
34240,8,Young Karens
34241,4,Promotion Lovers
34243,6,High-Value Customers
34246,6,High-Value Customers
34247,0,Regular Cutomers
34248,1,Gamers
34249,0,Regular Cutomers
34250,2,Clean & Green
34251,0,Regular Cutomers
34252,5,Low-Value Occasional Customers
34253,7,Large Families
34254,5,Low-Value Occasional Customers
34256,6,High-Value Customers
34257,7,Large Families
34258,0,Regular Cutomers
34259,1,Gamers
34260,2,Clean & Green
34262,8,Young Karens
34265,4,Promotion Lovers
34266,0,Regular Cutomers
34267,1,Gamers
34268,7,Large Families
34269,7,Large Families
34270,7,Large Families
34271,6,High-Value Customers
34272,0,Regular Cutomers
34273,0,Regular Cutomers
34274,8,Young Karens
34277,3,Senior Karens
34278,1,Gamers
34279,4,Promotion Lovers
34280,8,Young Karens
34281,5,Low-Value Occasional Customers
34283,4,Promotion Lovers
34286,7,Large Families
34287,0,Regular Cutomers
34290,1,Gamers
34291,2,Clean & Green
34293,0,Regular Cutomers
34295,8,Young Karens
34296,0,Regular Cutomers
34297,4,Promotion Lovers
34298,0,Regular Cutomers
34300,1,Gamers
34301,0,Regular Cutomers
34303,2,Clean & Green
34304,5,Low-Value Occasional Customers
34305,0,Regular Cutomers
34306,0,Regular Cutomers
34308,0,Regular Cutomers
34309,1,Gamers
34310,1,Gamers
34312,6,High-Value Customers
34313,0,Regular Cutomers
34314,6,High-Value Customers
34315,2,Clean & Green
34317,5,Low-Value Occasional Customers
34318,7,Large Families
34319,5,Low-Value Occasional Customers
34320,0,Regular Cutomers
34322,8,Young Karens
34323,6,High-Value Customers
34324,6,High-Value Customers
34325,0,Regular Cutomers
34326,1,Gamers
34327,5,Low-Value Occasional Customers
34328,5,Low-Value Occasional Customers
34329,1,Gamers
34330,1,Gamers
34331,4,Promotion Lovers
34332,0,Regular Cutomers
34334,0,Regular Cutomers
34335,5,Low-Value Occasional Customers
34336,6,High-Value Customers
34337,8,Young Karens
34338,6,High-Value Customers
34339,7,Large Families
34341,6,High-Value Customers
34342,0,Regular Cutomers
34343,3,Senior Karens
34344,2,Clean & Green
34345,4,Promotion Lovers
34346,4,Promotion Lovers
34347,4,Promotion Lovers
34348,7,Large Families
34349,6,High-Value Customers
34350,0,Regular Cutomers
34351,8,Young Karens
34352,4,Promotion Lovers
34353,7,Large Families
34354,0,Regular Cutomers
34356,4,Promotion Lovers
34357,4,Promotion Lovers
34358,7,Large Families
34359,5,Low-Value Occasional Customers
34360,1,Gamers
34361,7,Large Families
34363,3,Senior Karens
34364,4,Promotion Lovers
34365,1,Gamers
34366,7,Large Families
34367,0,Regular Cutomers
34368,5,Low-Value Occasional Customers
34369,0,Regular Cutomers
34370,5,Low-Value Occasional Customers
34371,8,Young Karens
34372,1,Gamers
34374,2,Clean & Green
34375,4,Promotion Lovers
34376,4,Promotion Lovers
34377,2,Clean & Green
34378,0,Regular Cutomers
34379,8,Young Karens
34381,5,Low-Value Occasional Customers
34383,6,High-Value Customers
34384,4,Promotion Lovers
34385,3,Senior Karens
34386,1,Gamers
34389,0,Regular Cutomers
34391,2,Clean & Green
34392,8,Young Karens
34393,2,Clean & Green
34394,0,Regular Cutomers
34395,5,Low-Value Occasional Customers
34396,5,Low-Value Occasional Customers
34397,0,Regular Cutomers
34398,3,Senior Karens
34399,4,Promotion Lovers
34400,5,Low-Value Occasional Customers
34401,7,Large Families
34405,5,Low-Value Occasional Customers
34406,0,Regular Cutomers
34408,1,Gamers
34409,1,Gamers
34410,1,Gamers
34411,0,Regular Cutomers
34413,7,Large Families
34414,4,Promotion Lovers
34415,8,Young Karens
34416,0,Regular Cutomers
34419,0,Regular Cutomers
34420,4,Promotion Lovers
34422,0,Regular Cutomers
34423,0,Regular Cutomers
34425,5,Low-Value Occasional Customers
34426,4,Promotion Lovers
34427,6,High-Value Customers
34428,4,Promotion Lovers
34429,6,High-Value Customers
34431,6,High-Value Customers
34432,0,Regular Cutomers
34433,0,Regular Cutomers
34434,0,Regular Cutomers
34435,7,Large Families
34436,3,Senior Karens
34437,4,Promotion Lovers
34438,4,Promotion Lovers
34439,4,Promotion Lovers
34441,5,Low-Value Occasional Customers
34442,0,Regular Cutomers
34443,2,Clean & Green
34444,4,Promotion Lovers
34445,4,Promotion Lovers
34446,6,High-Value Customers
34447,0,Regular Cutomers
34448,0,Regular Cutomers
34450,0,Regular Cutomers
34451,1,Gamers
34452,4,Promotion Lovers
34453,0,Regular Cutomers
34454,7,Large Families
34455,0,Regular Cutomers
34456,4,Promotion Lovers
34457,8,Young Karens
34458,2,Clean & Green
34459,0,Regular Cutomers
34461,2,Clean & Green
34462,0,Regular Cutomers
34463,7,Large Families
34464,0,Regular Cutomers
34465,1,Gamers
34466,6,High-Value Customers
34467,4,Promotion Lovers
34469,7,Large Families
34470,4,Promotion Lovers
34471,6,High-Value Customers
34472,1,Gamers
34473,4,Promotion Lovers
34474,2,Clean & Green
34475,1,Gamers
34477,6,High-Value Customers
34479,4,Promotion Lovers
34480,8,Young Karens
34481,2,Clean & Green
34482,4,Promotion Lovers
34483,0,Regular Cutomers
34485,2,Clean & Green
34486,4,Promotion Lovers
34487,6,High-Value Customers
34488,7,Large Families
34490,0,Regular Cutomers
34492,2,Clean & Green
34493,2,Clean & Green
34494,1,Gamers
34495,0,Regular Cutomers
34496,4,Promotion Lovers
34497,4,Promotion Lovers
34498,1,Gamers
34499,0,Regular Cutomers
34500,2,Clean & Green
34501,4,Promotion Lovers
34502,8,Young Karens
34503,0,Regular Cutomers
34504,4,Promotion Lovers
34505,6,High-Value Customers
34506,4,Promotion Lovers
34508,8,Young Karens
34509,5,Low-Value Occasional Customers
34511,4,Promotion Lovers
34513,7,Large Families
34514,7,Large Families
34515,5,Low-Value Occasional Customers
34516,8,Young Karens
34517,4,Promotion Lovers
34518,2,Clean & Green
34519,7,Large Families
34520,0,Regular Cutomers
34521,4,Promotion Lovers
34522,0,Regular Cutomers
34524,7,Large Families
34525,0,Regular Cutomers
34526,6,High-Value Customers
34527,2,Clean & Green
34528,4,Promotion Lovers
34529,4,Promotion Lovers
34531,4,Promotion Lovers
34532,0,Regular Cutomers
34534,5,Low-Value Occasional Customers
34535,5,Low-Value Occasional Customers
34537,4,Promotion Lovers
34539,1,Gamers
34540,2,Clean & Green
34541,4,Promotion Lovers
34542,8,Young Karens
34543,4,Promotion Lovers
34544,0,Regular Cutomers
34546,4,Promotion Lovers
34547,4,Promotion Lovers
34549,4,Promotion Lovers
34550,4,Promotion Lovers
34551,5,Low-Value Occasional Customers
34552,0,Regular Cutomers
34554,0,Regular Cutomers
34556,0,Regular Cutomers
34557,7,Large Families
34558,6,High-Value Customers
34560,0,Regular Cutomers
34561,5,Low-Value Occasional Customers
34562,0,Regular Cutomers
34563,5,Low-Value Occasional Customers
34564,5,Low-Value Occasional Customers
34565,4,Promotion Lovers
34566,7,Large Families
34567,2,Clean & Green
34568,6,High-Value Customers
34569,4,Promotion Lovers
34570,0,Regular Cutomers
34571,8,Young Karens
34573,0,Regular Cutomers
34575,5,Low-Value Occasional Customers
34576,6,High-Value Customers
34578,1,Gamers
34579,4,Promotion Lovers
34580,6,High-Value Customers
34581,7,Large Families
34582,0,Regular Cutomers
34583,6,High-Value Customers
34584,4,Promotion Lovers
34585,0,Regular Cutomers
34586,7,Large Families
34587,5,Low-Value Occasional Customers
34588,6,High-Value Customers
34589,2,Clean & Green
34590,7,Large Families
34592,0,Regular Cutomers
34594,7,Large Families
34595,1,Gamers
34597,6,High-Value Customers
34598,4,Promotion Lovers
34600,0,Regular Cutomers
34601,5,Low-Value Occasional Customers
34602,4,Promotion Lovers
34603,5,Low-Value Occasional Customers
34604,7,Large Families
34605,1,Gamers
34606,7,Large Families
34607,6,High-Value Customers
34608,5,Low-Value Occasional Customers
34609,3,Senior Karens
34610,8,Young Karens
34612,6,High-Value Customers
34613,1,Gamers
34614,1,Gamers
34615,6,High-Value Customers
34616,5,Low-Value Occasional Customers
34617,4,Promotion Lovers
34618,4,Promotion Lovers
34619,0,Regular Cutomers
34620,0,Regular Cutomers
34621,0,Regular Cutomers
34622,0,Regular Cutomers
34624,0,Regular Cutomers
34625,1,Gamers
34626,2,Clean & Green
34627,5,Low-Value Occasional Customers
34628,5,Low-Value Occasional Customers
34629,1,Gamers
34630,2,Clean & Green
34631,2,Clean & Green
34632,8,Young Karens
34634,5,Low-Value Occasional Customers
34635,5,Low-Value Occasional Customers
34636,6,High-Value Customers
34638,1,Gamers
34639,4,Promotion Lovers
34640,0,Regular Cutomers
34641,4,Promotion Lovers
34642,0,Regular Cutomers
34643,2,Clean & Green
34644,2,Clean & Green
34645,8,Young Karens
34646,0,Regular Cutomers
34647,1,Gamers
34649,0,Regular Cutomers
34650,1,Gamers
34652,5,Low-Value Occasional Customers
34653,8,Young Karens
34654,4,Promotion Lovers
34655,4,Promotion Lovers
34656,5,Low-Value Occasional Customers
34657,3,Senior Karens
34659,8,Young Karens
34661,6,High-Value Customers
34662,6,High-Value Customers
34666,2,Clean & Green
34667,4,Promotion Lovers
34668,6,High-Value Customers
34669,0,Regular Cutomers
34670,6,High-Value Customers
34671,2,Clean & Green
34672,8,Young Karens
34674,5,Low-Value Occasional Customers
34676,4,Promotion Lovers
34677,1,Gamers
34679,1,Gamers
34680,5,Low-Value Occasional Customers
34682,5,Low-Value Occasional Customers
34683,0,Regular Cutomers
34684,0,Regular Cutomers
34685,2,Clean & Green
34686,0,Regular Cutomers
34687,4,Promotion Lovers
34688,4,Promotion Lovers
34689,1,Gamers
34690,3,Senior Karens
34691,4,Promotion Lovers
34692,0,Regular Cutomers
34693,0,Regular Cutomers
34694,4,Promotion Lovers
34696,7,Large Families
34697,8,Young Karens
34698,0,Regular Cutomers
34699,7,Large Families
34700,4,Promotion Lovers
34701,2,Clean & Green
34702,0,Regular Cutomers
34703,3,Senior Karens
34704,3,Senior Karens
34705,4,Promotion Lovers
34706,2,Clean & Green
34707,5,Low-Value Occasional Customers
34708,1,Gamers
34709,0,Regular Cutomers
34711,2,Clean & Green
34712,8,Young Karens
34713,2,Clean & Green
34714,4,Promotion Lovers
34715,5,Low-Value Occasional Customers
34716,0,Regular Cutomers
34718,2,Clean & Green
34719,7,Large Families
34720,6,High-Value Customers
34721,0,Regular Cutomers
34722,4,Promotion Lovers
34723,7,Large Families
34724,1,Gamers
34725,4,Promotion Lovers
34728,0,Regular Cutomers
34730,2,Clean & Green
34731,8,Young Karens
34733,6,High-Value Customers
34734,7,Large Families
34735,1,Gamers
34736,4,Promotion Lovers
34737,4,Promotion Lovers
34738,4,Promotion Lovers
34739,7,Large Families
34740,5,Low-Value Occasional Customers
34741,2,Clean & Green
34743,8,Young Karens
34744,0,Regular Cutomers
34745,0,Regular Cutomers
34747,8,Young Karens
34748,0,Regular Cutomers
34749,0,Regular Cutomers
34750,1,Gamers
34751,4,Promotion Lovers
34753,7,Large Families
34754,8,Young Karens
34755,8,Young Karens
34756,4,Promotion Lovers
34757,4,Promotion Lovers
34758,7,Large Families
34759,0,Regular Cutomers
34761,7,Large Families
34762,6,High-Value Customers
34763,0,Regular Cutomers
34764,4,Promotion Lovers
34765,8,Young Karens
34766,7,Large Families
34767,2,Clean & Green
34768,7,Large Families
34770,4,Promotion Lovers
34772,2,Clean & Green
34773,0,Regular Cutomers
34774,8,Young Karens
34776,0,Regular Cutomers
34777,7,Large Families
34778,6,High-Value Customers
34779,0,Regular Cutomers
34780,4,Promotion Lovers
34781,0,Regular Cutomers
34782,0,Regular Cutomers
34783,4,Promotion Lovers
34784,8,Young Karens
34785,4,Promotion Lovers
34787,0,Regular Cutomers
34788,0,Regular Cutomers
34789,5,Low-Value Occasional Customers
34790,4,Promotion Lovers
34791,4,Promotion Lovers
34793,6,High-Value Customers
34794,5,Low-Value Occasional Customers
34795,6,High-Value Customers
34796,1,Gamers
34797,2,Clean & Green
34798,1,Gamers
34799,6,High-Value Customers
34800,0,Regular Cutomers
34801,4,Promotion Lovers
34802,5,Low-Value Occasional Customers
34803,1,Gamers
34804,1,Gamers
34805,0,Regular Cutomers
34806,7,Large Families
34807,7,Large Families
34808,0,Regular Cutomers
34809,4,Promotion Lovers
34810,4,Promotion Lovers
34811,0,Regular Cutomers
34812,7,Large Families
34814,7,Large Families
34815,7,Large Families
34816,6,High-Value Customers
34817,7,Large Families
34818,2,Clean & Green
34819,1,Gamers
34820,6,High-Value Customers
34821,2,Clean & Green
34822,4,Promotion Lovers
34823,5,Low-Value Occasional Customers
34824,0,Regular Cutomers
34825,4,Promotion Lovers
34826,6,High-Value Customers
34827,3,Senior Karens
34830,5,Low-Value Occasional Customers
34831,0,Regular Cutomers
34833,0,Regular Cutomers
34834,4,Promotion Lovers
34835,7,Large Families
34836,2,Clean & Green
34837,4,Promotion Lovers
34838,2,Clean & Green
34839,0,Regular Cutomers
34840,4,Promotion Lovers
34841,0,Regular Cutomers
34843,4,Promotion Lovers
34844,4,Promotion Lovers
34845,7,Large Families
34846,0,Regular Cutomers
34847,7,Large Families
34848,6,High-Value Customers
34849,0,Regular Cutomers
34850,6,High-Value Customers
34851,3,Senior Karens
34852,2,Clean & Green
34853,4,Promotion Lovers
34854,3,Senior Karens
34855,0,Regular Cutomers
34857,4,Promotion Lovers
34858,2,Clean & Green
34859,0,Regular Cutomers
34860,7,Large Families
34861,8,Young Karens
34862,4,Promotion Lovers
34863,4,Promotion Lovers
34864,5,Low-Value Occasional Customers
34866,4,Promotion Lovers
34867,1,Gamers
34869,0,Regular Cutomers
34870,5,Low-Value Occasional Customers
34871,6,High-Value Customers
34872,0,Regular Cutomers
34873,5,Low-Value Occasional Customers
34874,1,Gamers
34875,7,Large Families
34876,4,Promotion Lovers
34877,4,Promotion Lovers
34878,7,Large Families
34879,0,Regular Cutomers
34880,6,High-Value Customers
34881,2,Clean & Green
34882,8,Young Karens
34883,8,Young Karens
34884,8,Young Karens
34885,5,Low-Value Occasional Customers
34886,0,Regular Cutomers
34887,3,Senior Karens
34888,4,Promotion Lovers
34889,2,Clean & Green
34890,4,Promotion Lovers
34891,2,Clean & Green
34892,3,Senior Karens
34893,0,Regular Cutomers
34894,0,Regular Cutomers
34895,8,Young Karens
34897,2,Clean & Green
34898,1,Gamers
34899,7,Large Families
34900,8,Young Karens
34902,1,Gamers
34903,0,Regular Cutomers
34904,6,High-Value Customers
34905,0,Regular Cutomers
34906,1,Gamers
34908,8,Young Karens
34909,0,Regular Cutomers
34910,6,High-Value Customers
34912,4,Promotion Lovers
34913,5,Low-Value Occasional Customers
34914,0,Regular Cutomers
34915,2,Clean & Green
34916,0,Regular Cutomers
34917,8,Young Karens
34918,6,High-Value Customers
34919,7,Large Families
34920,4,Promotion Lovers
34921,4,Promotion Lovers
34923,4,Promotion Lovers
34924,0,Regular Cutomers
34925,6,High-Value Customers
34926,0,Regular Cutomers
34927,0,Regular Cutomers
34928,4,Promotion Lovers
34929,3,Senior Karens
34930,3,Senior Karens
34931,7,Large Families
34932,2,Clean & Green
34933,8,Young Karens
34935,7,Large Families
34936,5,Low-Value Occasional Customers
34937,0,Regular Cutomers
34939,2,Clean & Green
34941,6,High-Value Customers
34942,1,Gamers
34943,0,Regular Cutomers
34944,3,Senior Karens
34945,5,Low-Value Occasional Customers
34946,7,Large Families
34947,3,Senior Karens
34949,8,Young Karens
34950,6,High-Value Customers
34951,0,Regular Cutomers
34952,4,Promotion Lovers
34953,1,Gamers
34954,6,High-Value Customers
34955,4,Promotion Lovers
34956,6,High-Value Customers
34957,1,Gamers
34958,2,Clean & Green
34959,4,Promotion Lovers
34960,3,Senior Karens
34961,5,Low-Value Occasional Customers
34962,0,Regular Cutomers
34963,7,Large Families
34964,4,Promotion Lovers
34965,5,Low-Value Occasional Customers
34966,0,Regular Cutomers
34967,1,Gamers
34968,5,Low-Value Occasional Customers
34969,0,Regular Cutomers
34970,0,Regular Cutomers
34971,7,Large Families
34972,0,Regular Cutomers
34973,2,Clean & Green
34974,2,Clean & Green
34975,2,Clean & Green
34977,4,Promotion Lovers
34978,7,Large Families
34979,4,Promotion Lovers
34980,0,Regular Cutomers
34981,3,Senior Karens
34982,4,Promotion Lovers
34983,0,Regular Cutomers
34985,5,Low-Value Occasional Customers
34986,6,High-Value Customers
34987,0,Regular Cutomers
34988,0,Regular Cutomers
34989,1,Gamers
34990,3,Senior Karens
34991,0,Regular Cutomers
34992,3,Senior Karens
34993,4,Promotion Lovers
34994,0,Regular Cutomers
34995,1,Gamers
34996,5,Low-Value Occasional Customers
34998,6,High-Value Customers
34999,2,Clean & Green
35000,4,Promotion Lovers
35001,4,Promotion Lovers
35002,7,Large Families
35003,7,Large Families
35004,7,Large Families
35005,2,Clean & Green
35006,4,Promotion Lovers
35007,2,Clean & Green
35008,6,High-Value Customers
35009,0,Regular Cutomers
35010,4,Promotion Lovers
35011,0,Regular Cutomers
35012,0,Regular Cutomers
35013,0,Regular Cutomers
35014,7,Large Families
35015,4,Promotion Lovers
35016,0,Regular Cutomers
35017,5,Low-Value Occasional Customers
35018,0,Regular Cutomers
35019,6,High-Value Customers
35020,4,Promotion Lovers
35021,7,Large Families
35022,5,Low-Value Occasional Customers
35023,3,Senior Karens
35024,0,Regular Cutomers
35025,5,Low-Value Occasional Customers
35026,0,Regular Cutomers
35027,5,Low-Value Occasional Customers
35028,4,Promotion Lovers
35029,6,High-Value Customers
35030,0,Regular Cutomers
35033,8,Young Karens
35034,8,Young Karens
35035,1,Gamers
35037,0,Regular Cutomers
35038,0,Regular Cutomers
35039,2,Clean & Green
35040,0,Regular Cutomers
35041,4,Promotion Lovers
35042,5,Low-Value Occasional Customers
35043,1,Gamers
35044,7,Large Families
35045,0,Regular Cutomers
35046,0,Regular Cutomers
35047,6,High-Value Customers
35048,6,High-Value Customers
35049,4,Promotion Lovers
35050,0,Regular Cutomers
35051,2,Clean & Green
35053,6,High-Value Customers
35055,4,Promotion Lovers
35057,6,High-Value Customers
35059,2,Clean & Green
35060,3,Senior Karens
35061,8,Young Karens
35062,4,Promotion Lovers
35063,4,Promotion Lovers
35064,0,Regular Cutomers
35065,0,Regular Cutomers
35066,2,Clean & Green
35067,4,Promotion Lovers
35068,1,Gamers
35069,2,Clean & Green
35070,1,Gamers
35072,0,Regular Cutomers
35073,5,Low-Value Occasional Customers
35074,5,Low-Value Occasional Customers
35075,1,Gamers
35076,1,Gamers
35077,5,Low-Value Occasional Customers
35078,2,Clean & Green
35079,2,Clean & Green
35081,5,Low-Value Occasional Customers
35082,4,Promotion Lovers
35083,4,Promotion Lovers
35084,3,Senior Karens
35086,5,Low-Value Occasional Customers
35087,4,Promotion Lovers
35088,4,Promotion Lovers
35089,0,Regular Cutomers
35090,7,Large Families
35091,1,Gamers
35092,7,Large Families
35093,4,Promotion Lovers
35094,7,Large Families
35095,6,High-Value Customers
35096,0,Regular Cutomers
35097,5,Low-Value Occasional Customers
35098,1,Gamers
35099,4,Promotion Lovers
35100,8,Young Karens
35101,0,Regular Cutomers
35103,0,Regular Cutomers
35105,0,Regular Cutomers
35106,7,Large Families
35107,3,Senior Karens
35108,1,Gamers
35109,6,High-Value Customers
35111,2,Clean & Green
35112,1,Gamers
35113,7,Large Families
35114,7,Large Families
35115,2,Clean & Green
35116,5,Low-Value Occasional Customers
35117,5,Low-Value Occasional Customers
35118,4,Promotion Lovers
35119,7,Large Families
35121,5,Low-Value Occasional Customers
35122,3,Senior Karens
35123,0,Regular Cutomers
35124,0,Regular Cutomers
35126,4,Promotion Lovers
35127,8,Young Karens
35128,0,Regular Cutomers
35129,4,Promotion Lovers
35131,1,Gamers
35132,2,Clean & Green
35133,7,Large Families
35134,2,Clean & Green
35135,0,Regular Cutomers
35137,4,Promotion Lovers
35138,4,Promotion Lovers
35140,5,Low-Value Occasional Customers
35141,4,Promotion Lovers
35142,4,Promotion Lovers
35143,0,Regular Cutomers
35144,0,Regular Cutomers
35145,1,Gamers
35146,7,Large Families
35147,3,Senior Karens
35148,0,Regular Cutomers
35150,1,Gamers
35151,5,Low-Value Occasional Customers
35152,0,Regular Cutomers
35153,6,High-Value Customers
35154,0,Regular Cutomers
35155,1,Gamers
35156,5,Low-Value Occasional Customers
35157,2,Clean & Green
35158,0,Regular Cutomers
35159,0,Regular Cutomers
35162,7,Large Families
35163,8,Young Karens
35164,4,Promotion Lovers
35165,0,Regular Cutomers
35167,1,Gamers
35168,7,Large Families
35170,6,High-Value Customers
35172,6,High-Value Customers
35173,8,Young Karens
35174,0,Regular Cutomers
35175,0,Regular Cutomers
35177,7,Large Families
35178,1,Gamers
35180,1,Gamers
35181,1,Gamers
35182,1,Gamers
35183,6,High-Value Customers
35184,0,Regular Cutomers
35186,0,Regular Cutomers
35189,0,Regular Cutomers
35191,4,Promotion Lovers
35192,0,Regular Cutomers
35193,4,Promotion Lovers
35194,2,Clean & Green
35195,6,High-Value Customers
35196,0,Regular Cutomers
35197,1,Gamers
35198,8,Young Karens
35199,6,High-Value Customers
35200,8,Young Karens
35202,8,Young Karens
35204,7,Large Families
35205,6,High-Value Customers
35206,4,Promotion Lovers
35208,0,Regular Cutomers
35209,8,Young Karens
35210,4,Promotion Lovers
35211,8,Young Karens
35212,7,Large Families
35213,0,Regular Cutomers
35214,4,Promotion Lovers
35216,0,Regular Cutomers
35217,7,Large Families
35219,6,High-Value Customers
35220,1,Gamers
35222,5,Low-Value Occasional Customers
35223,0,Regular Cutomers
35224,5,Low-Value Occasional Customers
35226,0,Regular Cutomers
35227,1,Gamers
35228,8,Young Karens
35229,4,Promotion Lovers
35230,2,Clean & Green
35231,1,Gamers
35232,7,Large Families
35234,0,Regular Cutomers
35235,1,Gamers
35236,2,Clean & Green
35237,5,Low-Value Occasional Customers
35239,7,Large Families
35240,0,Regular Cutomers
35241,1,Gamers
35242,6,High-Value Customers
35243,2,Clean & Green
35244,6,High-Value Customers
35245,4,Promotion Lovers
35246,1,Gamers
35247,2,Clean & Green
35248,4,Promotion Lovers
35249,4,Promotion Lovers
35250,4,Promotion Lovers
35251,2,Clean & Green
35252,7,Large Families
35253,5,Low-Value Occasional Customers
35254,1,Gamers
35255,8,Young Karens
35256,8,Young Karens
35257,1,Gamers
35260,2,Clean & Green
35262,2,Clean & Green
35263,2,Clean & Green
35264,5,Low-Value Occasional Customers
35265,5,Low-Value Occasional Customers
35266,4,Promotion Lovers
35268,5,Low-Value Occasional Customers
35270,0,Regular Cutomers
35271,1,Gamers
35272,1,Gamers
35275,8,Young Karens
35276,1,Gamers
35279,0,Regular Cutomers
35281,8,Young Karens
35282,1,Gamers
35283,4,Promotion Lovers
35285,1,Gamers
35287,2,Clean & Green
35288,6,High-Value Customers
35289,7,Large Families
35290,7,Large Families
35291,0,Regular Cutomers
35292,2,Clean & Green
35293,1,Gamers
35294,4,Promotion Lovers
35295,3,Senior Karens
35296,0,Regular Cutomers
35297,7,Large Families
35298,1,Gamers
35299,1,Gamers
35300,5,Low-Value Occasional Customers
35302,2,Clean & Green
35303,0,Regular Cutomers
35304,0,Regular Cutomers
35306,8,Young Karens
35307,6,High-Value Customers
35308,6,High-Value Customers
35309,0,Regular Cutomers
35310,8,Young Karens
35311,1,Gamers
35312,4,Promotion Lovers
35313,8,Young Karens
35314,7,Large Families
35315,6,High-Value Customers
35316,0,Regular Cutomers
35317,6,High-Value Customers
35318,5,Low-Value Occasional Customers
35319,1,Gamers
35321,5,Low-Value Occasional Customers
35323,2,Clean & Green
35324,6,High-Value Customers
35325,1,Gamers
35326,5,Low-Value Occasional Customers
35327,0,Regular Cutomers
35328,0,Regular Cutomers
35329,6,High-Value Customers
35330,4,Promotion Lovers
35331,5,Low-Value Occasional Customers
35333,8,Young Karens
35334,4,Promotion Lovers
35335,4,Promotion Lovers
35336,1,Gamers
35337,0,Regular Cutomers
35338,8,Young Karens
35339,5,Low-Value Occasional Customers
35340,8,Young Karens
35341,4,Promotion Lovers
35342,5,Low-Value Occasional Customers
35343,0,Regular Cutomers
35344,5,Low-Value Occasional Customers
35346,3,Senior Karens
35347,0,Regular Cutomers
35350,0,Regular Cutomers
35351,3,Senior Karens
35353,5,Low-Value Occasional Customers
35354,0,Regular Cutomers
35356,5,Low-Value Occasional Customers
35358,1,Gamers
35361,5,Low-Value Occasional Customers
35363,0,Regular Cutomers
35364,0,Regular Cutomers
35365,2,Clean & Green
35367,7,Large Families
35368,1,Gamers
35369,1,Gamers
35370,2,Clean & Green
35371,8,Young Karens
35372,7,Large Families
35373,2,Clean & Green
35374,7,Large Families
35375,4,Promotion Lovers
35376,0,Regular Cutomers
35377,7,Large Families
35378,0,Regular Cutomers
35379,4,Promotion Lovers
35380,7,Large Families
35381,0,Regular Cutomers
35383,6,High-Value Customers
35384,5,Low-Value Occasional Customers
35385,5,Low-Value Occasional Customers
35386,5,Low-Value Occasional Customers
35387,1,Gamers
35389,5,Low-Value Occasional Customers
35390,6,High-Value Customers
35391,0,Regular Cutomers
35393,4,Promotion Lovers
35395,1,Gamers
35396,4,Promotion Lovers
35397,0,Regular Cutomers
35399,0,Regular Cutomers
35400,4,Promotion Lovers
35401,6,High-Value Customers
35402,6,High-Value Customers
35404,2,Clean & Green
35405,4,Promotion Lovers
35406,7,Large Families
35407,0,Regular Cutomers
35409,0,Regular Cutomers
35410,4,Promotion Lovers
35412,0,Regular Cutomers
35413,8,Young Karens
35414,4,Promotion Lovers
35415,0,Regular Cutomers
35416,3,Senior Karens
35417,5,Low-Value Occasional Customers
35418,1,Gamers
35419,6,High-Value Customers
35420,5,Low-Value Occasional Customers
35421,6,High-Value Customers
35423,5,Low-Value Occasional Customers
35424,0,Regular Cutomers
35425,0,Regular Cutomers
35426,5,Low-Value Occasional Customers
35427,8,Young Karens
35428,0,Regular Cutomers
35429,2,Clean & Green
35430,0,Regular Cutomers
35431,1,Gamers
35432,0,Regular Cutomers
35433,4,Promotion Lovers
35434,3,Senior Karens
35436,3,Senior Karens
35437,4,Promotion Lovers
35438,0,Regular Cutomers
35439,8,Young Karens
35440,4,Promotion Lovers
35441,0,Regular Cutomers
35442,8,Young Karens
35444,0,Regular Cutomers
35445,7,Large Families
35446,5,Low-Value Occasional Customers
35447,5,Low-Value Occasional Customers
35448,3,Senior Karens
35450,2,Clean & Green
35451,7,Large Families
35452,6,High-Value Customers
35453,1,Gamers
35454,7,Large Families
35455,5,Low-Value Occasional Customers
35456,0,Regular Cutomers
35457,4,Promotion Lovers
35458,0,Regular Cutomers
35459,0,Regular Cutomers
35460,4,Promotion Lovers
35461,0,Regular Cutomers
35462,4,Promotion Lovers
35463,2,Clean & Green
35464,7,Large Families
35465,7,Large Families
35466,1,Gamers
35467,7,Large Families
35468,7,Large Families
35469,2,Clean & Green
35470,0,Regular Cutomers
35471,4,Promotion Lovers
35473,4,Promotion Lovers
35475,5,Low-Value Occasional Customers
35477,5,Low-Value Occasional Customers
35478,1,Gamers
35479,6,High-Value Customers
35480,5,Low-Value Occasional Customers
35481,0,Regular Cutomers
35483,0,Regular Cutomers
35484,4,Promotion Lovers
35485,3,Senior Karens
35486,6,High-Value Customers
35487,0,Regular Cutomers
35488,2,Clean & Green
35489,4,Promotion Lovers
35490,6,High-Value Customers
35491,8,Young Karens
35492,6,High-Value Customers
35493,4,Promotion Lovers
35495,5,Low-Value Occasional Customers
35497,0,Regular Cutomers
35499,5,Low-Value Occasional Customers
35500,5,Low-Value Occasional Customers
35501,8,Young Karens
35502,4,Promotion Lovers
35503,0,Regular Cutomers
35505,7,Large Families
35506,8,Young Karens
35508,8,Young Karens
35509,7,Large Families
35510,6,High-Value Customers
35511,4,Promotion Lovers
35512,2,Clean & Green
35513,0,Regular Cutomers
35515,7,Large Families
35516,2,Clean & Green
35517,0,Regular Cutomers
35519,7,Large Families
35520,4,Promotion Lovers
35521,0,Regular Cutomers
35523,5,Low-Value Occasional Customers
35525,0,Regular Cutomers
35526,8,Young Karens
35527,4,Promotion Lovers
35528,4,Promotion Lovers
35529,0,Regular Cutomers
35530,0,Regular Cutomers
35531,5,Low-Value Occasional Customers
35532,0,Regular Cutomers
35533,2,Clean & Green
35535,8,Young Karens
35536,0,Regular Cutomers
35537,8,Young Karens
35538,3,Senior Karens
35539,8,Young Karens
35540,7,Large Families
35541,4,Promotion Lovers
35542,2,Clean & Green
35543,2,Clean & Green
35544,8,Young Karens
35545,5,Low-Value Occasional Customers
35548,0,Regular Cutomers
35549,0,Regular Cutomers
35551,6,High-Value Customers
35552,4,Promotion Lovers
35553,0,Regular Cutomers
35554,2,Clean & Green
35556,3,Senior Karens
35557,0,Regular Cutomers
35558,2,Clean & Green
35559,4,Promotion Lovers
35560,5,Low-Value Occasional Customers
35561,4,Promotion Lovers
35562,0,Regular Cutomers
35563,0,Regular Cutomers
35564,3,Senior Karens
35566,4,Promotion Lovers
35567,0,Regular Cutomers
35568,4,Promotion Lovers
35569,0,Regular Cutomers
35570,2,Clean & Green
35571,0,Regular Cutomers
35572,7,Large Families
35574,4,Promotion Lovers
35575,5,Low-Value Occasional Customers
35576,0,Regular Cutomers
35579,0,Regular Cutomers
35580,5,Low-Value Occasional Customers
35581,0,Regular Cutomers
35582,1,Gamers
35583,1,Gamers
35584,6,High-Value Customers
35586,5,Low-Value Occasional Customers
35589,2,Clean & Green
35590,4,Promotion Lovers
35591,0,Regular Cutomers
35592,4,Promotion Lovers
35593,0,Regular Cutomers
35594,4,Promotion Lovers
35595,0,Regular Cutomers
35596,2,Clean & Green
35599,1,Gamers
35600,0,Regular Cutomers
35602,5,Low-Value Occasional Customers
35603,0,Regular Cutomers
35604,3,Senior Karens
35605,7,Large Families
35606,4,Promotion Lovers
35607,0,Regular Cutomers
35608,0,Regular Cutomers
35609,3,Senior Karens
35610,4,Promotion Lovers
35611,6,High-Value Customers
35612,1,Gamers
35614,1,Gamers
35617,3,Senior Karens
35618,5,Low-Value Occasional Customers
35619,7,Large Families
35620,0,Regular Cutomers
35621,0,Regular Cutomers
35623,0,Regular Cutomers
35624,1,Gamers
35625,1,Gamers
35626,8,Young Karens
35627,5,Low-Value Occasional Customers
35629,2,Clean & Green
35632,1,Gamers
35633,7,Large Families
35634,8,Young Karens
35635,0,Regular Cutomers
35636,0,Regular Cutomers
35637,2,Clean & Green
35638,8,Young Karens
35639,6,High-Value Customers
35640,4,Promotion Lovers
35641,1,Gamers
35642,4,Promotion Lovers
35644,0,Regular Cutomers
35645,0,Regular Cutomers
35647,6,High-Value Customers
35648,4,Promotion Lovers
35649,5,Low-Value Occasional Customers
35650,0,Regular Cutomers
35654,1,Gamers
35656,7,Large Families
35657,2,Clean & Green
35658,2,Clean & Green
35659,4,Promotion Lovers
35661,4,Promotion Lovers
35662,0,Regular Cutomers
35663,7,Large Families
35666,3,Senior Karens
35667,6,High-Value Customers
35668,1,Gamers
35669,8,Young Karens
35670,7,Large Families
35671,4,Promotion Lovers
35672,3,Senior Karens
35673,1,Gamers
35674,4,Promotion Lovers
35675,8,Young Karens
35676,4,Promotion Lovers
35678,7,Large Families
35679,5,Low-Value Occasional Customers
35680,0,Regular Cutomers
35682,0,Regular Cutomers
35684,0,Regular Cutomers
35685,5,Low-Value Occasional Customers
35686,6,High-Value Customers
35688,0,Regular Cutomers
35689,0,Regular Cutomers
35690,2,Clean & Green
35691,1,Gamers
35692,2,Clean & Green
35693,4,Promotion Lovers
35694,5,Low-Value Occasional Customers
35696,3,Senior Karens
35697,4,Promotion Lovers
35698,7,Large Families
35699,5,Low-Value Occasional Customers
35700,2,Clean & Green
35701,4,Promotion Lovers
35702,0,Regular Cutomers
35703,4,Promotion Lovers
35704,3,Senior Karens
35705,0,Regular Cutomers
35707,0,Regular Cutomers
35709,3,Senior Karens
35710,2,Clean & Green
35711,4,Promotion Lovers
35712,6,High-Value Customers
35713,7,Large Families
35714,4,Promotion Lovers
35715,4,Promotion Lovers
35718,4,Promotion Lovers
35721,6,High-Value Customers
35722,0,Regular Cutomers
35723,2,Clean & Green
35724,1,Gamers
35725,5,Low-Value Occasional Customers
35726,5,Low-Value Occasional Customers
35727,5,Low-Value Occasional Customers
35728,5,Low-Value Occasional Customers
35729,1,Gamers
35730,0,Regular Cutomers
35731,0,Regular Cutomers
35732,1,Gamers
35734,0,Regular Cutomers
35735,7,Large Families
35736,5,Low-Value Occasional Customers
35737,4,Promotion Lovers
35738,6,High-Value Customers
35740,4,Promotion Lovers
35741,0,Regular Cutomers
35742,1,Gamers
35743,5,Low-Value Occasional Customers
35745,6,High-Value Customers
35747,4,Promotion Lovers
35748,5,Low-Value Occasional Customers
35749,0,Regular Cutomers
35750,7,Large Families
35751,1,Gamers
35752,8,Young Karens
35753,0,Regular Cutomers
35754,8,Young Karens
35755,6,High-Value Customers
35756,2,Clean & Green
35757,1,Gamers
35758,8,Young Karens
35760,6,High-Value Customers
35761,0,Regular Cutomers
35762,5,Low-Value Occasional Customers
35764,4,Promotion Lovers
35765,7,Large Families
35766,0,Regular Cutomers
35767,0,Regular Cutomers
35768,4,Promotion Lovers
35769,0,Regular Cutomers
35770,1,Gamers
35772,0,Regular Cutomers
35773,8,Young Karens
35774,0,Regular Cutomers
35775,2,Clean & Green
35776,7,Large Families
35777,0,Regular Cutomers
35778,5,Low-Value Occasional Customers
35779,0,Regular Cutomers
35780,1,Gamers
35781,8,Young Karens
35782,0,Regular Cutomers
35786,4,Promotion Lovers
35789,0,Regular Cutomers
35790,5,Low-Value Occasional Customers
35791,0,Regular Cutomers
35793,7,Large Families
35794,0,Regular Cutomers
35795,5,Low-Value Occasional Customers
35796,1,Gamers
35797,2,Clean & Green
35798,0,Regular Cutomers
35799,7,Large Families
35800,3,Senior Karens
35801,1,Gamers
35802,0,Regular Cutomers
35803,1,Gamers
35804,2,Clean & Green
35805,0,Regular Cutomers
35806,2,Clean & Green
35807,5,Low-Value Occasional Customers
35808,0,Regular Cutomers
35809,1,Gamers
35810,0,Regular Cutomers
35813,5,Low-Value Occasional Customers
35814,0,Regular Cutomers
35815,3,Senior Karens
35816,6,High-Value Customers
35817,3,Senior Karens
35818,1,Gamers
35819,8,Young Karens
35820,7,Large Families
35821,8,Young Karens
35822,4,Promotion Lovers
35823,2,Clean & Green
35824,8,Young Karens
35826,4,Promotion Lovers
35827,7,Large Families
35828,2,Clean & Green
35829,4,Promotion Lovers
35831,3,Senior Karens
35832,6,High-Value Customers
35833,4,Promotion Lovers
35835,7,Large Families
35837,2,Clean & Green
35838,6,High-Value Customers
35839,4,Promotion Lovers
35840,2,Clean & Green
35841,0,Regular Cutomers
35842,4,Promotion Lovers
35843,8,Young Karens
35844,6,High-Value Customers
35845,4,Promotion Lovers
35846,5,Low-Value Occasional Customers
35848,2,Clean & Green
35850,8,Young Karens
35851,8,Young Karens
35853,0,Regular Cutomers
35854,8,Young Karens
35855,5,Low-Value Occasional Customers
35857,0,Regular Cutomers
35858,2,Clean & Green
35859,0,Regular Cutomers
35860,4,Promotion Lovers
35861,6,High-Value Customers
35862,4,Promotion Lovers
35863,0,Regular Cutomers
35864,2,Clean & Green
35865,8,Young Karens
35866,3,Senior Karens
35867,0,Regular Cutomers
35868,4,Promotion Lovers
35869,1,Gamers
35870,4,Promotion Lovers
35871,4,Promotion Lovers
35872,6,High-Value Customers
35873,5,Low-Value Occasional Customers
35874,6,High-Value Customers
35875,7,Large Families
35876,0,Regular Cutomers
35877,1,Gamers
35880,4,Promotion Lovers
35881,2,Clean & Green
35882,4,Promotion Lovers
35883,2,Clean & Green
35884,2,Clean & Green
35885,5,Low-Value Occasional Customers
35886,6,High-Value Customers
35887,2,Clean & Green
35888,0,Regular Cutomers
35889,2,Clean & Green
35891,5,Low-Value Occasional Customers
35893,0,Regular Cutomers
35894,1,Gamers
35895,4,Promotion Lovers
35897,0,Regular Cutomers
35898,6,High-Value Customers
35899,0,Regular Cutomers
35900,5,Low-Value Occasional Customers
35901,5,Low-Value Occasional Customers
35902,1,Gamers
35903,4,Promotion Lovers
35904,4,Promotion Lovers
35907,5,Low-Value Occasional Customers
35908,0,Regular Cutomers
35909,6,High-Value Customers
35911,2,Clean & Green
35912,2,Clean & Green
35914,7,Large Families
35915,5,Low-Value Occasional Customers
35916,4,Promotion Lovers
35917,0,Regular Cutomers
35918,5,Low-Value Occasional Customers
35919,7,Large Families
35920,0,Regular Cutomers
35921,5,Low-Value Occasional Customers
35922,2,Clean & Green
35923,0,Regular Cutomers
35924,4,Promotion Lovers
35925,0,Regular Cutomers
35927,7,Large Families
35928,4,Promotion Lovers
35929,6,High-Value Customers
35930,4,Promotion Lovers
35931,8,Young Karens
35932,1,Gamers
35933,6,High-Value Customers
35934,4,Promotion Lovers
35935,2,Clean & Green
35936,6,High-Value Customers
35937,4,Promotion Lovers
35938,8,Young Karens
35939,0,Regular Cutomers
35940,0,Regular Cutomers
35944,0,Regular Cutomers
35946,4,Promotion Lovers
35950,4,Promotion Lovers
35951,5,Low-Value Occasional Customers
35952,0,Regular Cutomers
35954,5,Low-Value Occasional Customers
35955,4,Promotion Lovers
35956,4,Promotion Lovers
35958,7,Large Families
35959,5,Low-Value Occasional Customers
35960,4,Promotion Lovers
35961,2,Clean & Green
35962,4,Promotion Lovers
35963,6,High-Value Customers
35964,8,Young Karens
35965,8,Young Karens
35966,0,Regular Cutomers
35967,0,Regular Cutomers
35968,0,Regular Cutomers
35969,5,Low-Value Occasional Customers
35972,2,Clean & Green
35973,1,Gamers
35975,2,Clean & Green
35976,5,Low-Value Occasional Customers
35977,8,Young Karens
35978,6,High-Value Customers
35979,1,Gamers
35980,1,Gamers
35981,1,Gamers
35983,5,Low-Value Occasional Customers
35984,4,Promotion Lovers
35987,6,High-Value Customers
35988,4,Promotion Lovers
35989,8,Young Karens
35990,0,Regular Cutomers
35991,6,High-Value Customers
35992,4,Promotion Lovers
35993,0,Regular Cutomers
35994,1,Gamers
35996,0,Regular Cutomers
35997,4,Promotion Lovers
35999,6,High-Value Customers
36000,0,Regular Cutomers
36001,0,Regular Cutomers
36002,6,High-Value Customers
36004,5,Low-Value Occasional Customers
36005,4,Promotion Lovers
36006,5,Low-Value Occasional Customers
36008,1,Gamers
36009,4,Promotion Lovers
36010,6,High-Value Customers
36011,5,Low-Value Occasional Customers
36013,7,Large Families
36014,4,Promotion Lovers
36015,0,Regular Cutomers
36016,7,Large Families
36017,7,Large Families
36018,7,Large Families
36019,5,Low-Value Occasional Customers
36020,4,Promotion Lovers
36021,5,Low-Value Occasional Customers
36022,4,Promotion Lovers
36023,6,High-Value Customers
36024,1,Gamers
36025,2,Clean & Green
36026,0,Regular Cutomers
36028,0,Regular Cutomers
36030,4,Promotion Lovers
36031,2,Clean & Green
36032,4,Promotion Lovers
36034,7,Large Families
36035,0,Regular Cutomers
36036,3,Senior Karens
36038,2,Clean & Green
36039,1,Gamers
36040,4,Promotion Lovers
36041,1,Gamers
36042,4,Promotion Lovers
36043,5,Low-Value Occasional Customers
36044,1,Gamers
36046,0,Regular Cutomers
36047,8,Young Karens
36048,0,Regular Cutomers
36049,0,Regular Cutomers
36050,0,Regular Cutomers
36051,4,Promotion Lovers
36052,5,Low-Value Occasional Customers
36053,4,Promotion Lovers
36054,4,Promotion Lovers
36055,4,Promotion Lovers
36056,0,Regular Cutomers
36057,7,Large Families
36058,0,Regular Cutomers
36060,0,Regular Cutomers
36061,0,Regular Cutomers
36062,7,Large Families
36064,2,Clean & Green
36065,6,High-Value Customers
36066,6,High-Value Customers
36067,7,Large Families
36068,4,Promotion Lovers
36069,8,Young Karens
36070,8,Young Karens
36071,0,Regular Cutomers
36072,0,Regular Cutomers
36073,0,Regular Cutomers
36074,7,Large Families
36076,5,Low-Value Occasional Customers
36077,0,Regular Cutomers
36079,0,Regular Cutomers
36080,2,Clean & Green
36081,0,Regular Cutomers
36083,7,Large Families
36084,4,Promotion Lovers
36085,5,Low-Value Occasional Customers
36086,4,Promotion Lovers
36088,6,High-Value Customers
36090,0,Regular Cutomers
36091,5,Low-Value Occasional Customers
36092,3,Senior Karens
36093,7,Large Families
36094,1,Gamers
36096,4,Promotion Lovers
36097,1,Gamers
36098,8,Young Karens
36099,0,Regular Cutomers
36100,5,Low-Value Occasional Customers
36101,6,High-Value Customers
36102,0,Regular Cutomers
36103,0,Regular Cutomers
36104,6,High-Value Customers
36105,2,Clean & Green
36106,4,Promotion Lovers
36108,3,Senior Karens
36110,5,Low-Value Occasional Customers
36111,8,Young Karens
36113,7,Large Families
36114,6,High-Value Customers
36115,4,Promotion Lovers
36116,4,Promotion Lovers
36117,1,Gamers
36118,0,Regular Cutomers
36119,5,Low-Value Occasional Customers
36120,5,Low-Value Occasional Customers
36122,7,Large Families
36123,5,Low-Value Occasional Customers
36125,4,Promotion Lovers
36126,0,Regular Cutomers
36127,8,Young Karens
36129,5,Low-Value Occasional Customers
36130,7,Large Families
36131,2,Clean & Green
36132,3,Senior Karens
36134,0,Regular Cutomers
36135,6,High-Value Customers
36136,1,Gamers
36137,4,Promotion Lovers
36139,7,Large Families
36140,1,Gamers
36141,0,Regular Cutomers
36143,3,Senior Karens
36145,3,Senior Karens
36147,4,Promotion Lovers
36148,2,Clean & Green
36149,8,Young Karens
36150,4,Promotion Lovers
36151,4,Promotion Lovers
36152,4,Promotion Lovers
36153,1,Gamers
36155,2,Clean & Green
36156,4,Promotion Lovers
36157,1,Gamers
36158,6,High-Value Customers
36159,0,Regular Cutomers
36160,0,Regular Cutomers
36161,0,Regular Cutomers
36162,1,Gamers
36163,7,Large Families
36164,7,Large Families
36165,0,Regular Cutomers
36166,0,Regular Cutomers
36168,4,Promotion Lovers
36169,0,Regular Cutomers
36171,2,Clean & Green
36173,5,Low-Value Occasional Customers
36174,4,Promotion Lovers
36175,0,Regular Cutomers
36176,6,High-Value Customers
36178,4,Promotion Lovers
36180,0,Regular Cutomers
36182,5,Low-Value Occasional Customers
36183,0,Regular Cutomers
36184,0,Regular Cutomers
36185,4,Promotion Lovers
36186,0,Regular Cutomers
36190,0,Regular Cutomers
36192,8,Young Karens
36193,0,Regular Cutomers
36194,5,Low-Value Occasional Customers
36195,4,Promotion Lovers
36196,4,Promotion Lovers
36197,6,High-Value Customers
36199,1,Gamers
36200,0,Regular Cutomers
36201,1,Gamers
36202,1,Gamers
36204,6,High-Value Customers
36205,7,Large Families
36206,0,Regular Cutomers
36207,4,Promotion Lovers
36208,8,Young Karens
36210,5,Low-Value Occasional Customers
36211,4,Promotion Lovers
36212,4,Promotion Lovers
36213,0,Regular Cutomers
36214,3,Senior Karens
36215,4,Promotion Lovers
36216,0,Regular Cutomers
36217,0,Regular Cutomers
36218,5,Low-Value Occasional Customers
36219,0,Regular Cutomers
36221,6,High-Value Customers
36222,4,Promotion Lovers
36224,1,Gamers
36225,4,Promotion Lovers
36226,7,Large Families
36227,4,Promotion Lovers
36229,5,Low-Value Occasional Customers
36231,0,Regular Cutomers
36232,2,Clean & Green
36233,0,Regular Cutomers
36234,5,Low-Value Occasional Customers
36235,0,Regular Cutomers
36236,4,Promotion Lovers
36237,0,Regular Cutomers
36238,5,Low-Value Occasional Customers
36239,4,Promotion Lovers
36241,4,Promotion Lovers
36242,0,Regular Cutomers
36243,8,Young Karens
36244,8,Young Karens
36245,7,Large Families
36246,1,Gamers
36247,7,Large Families
36249,1,Gamers
36250,0,Regular Cutomers
36252,3,Senior Karens
36253,0,Regular Cutomers
36254,1,Gamers
36255,5,Low-Value Occasional Customers
36257,6,High-Value Customers
36258,4,Promotion Lovers
36259,4,Promotion Lovers
36261,4,Promotion Lovers
36263,4,Promotion Lovers
36265,0,Regular Cutomers
36266,1,Gamers
36267,0,Regular Cutomers
36270,0,Regular Cutomers
36271,0,Regular Cutomers
36272,5,Low-Value Occasional Customers
36273,4,Promotion Lovers
36274,4,Promotion Lovers
36275,3,Senior Karens
36276,0,Regular Cutomers
36277,6,High-Value Customers
36278,0,Regular Cutomers
36282,8,Young Karens
36283,8,Young Karens
36284,4,Promotion Lovers
36285,6,High-Value Customers
36287,5,Low-Value Occasional Customers
36288,0,Regular Cutomers
36289,4,Promotion Lovers
36290,5,Low-Value Occasional Customers
36291,0,Regular Cutomers
36292,5,Low-Value Occasional Customers
36296,1,Gamers
36297,1,Gamers
36298,2,Clean & Green
36299,6,High-Value Customers
36302,0,Regular Cutomers
36303,4,Promotion Lovers
36304,0,Regular Cutomers
36305,4,Promotion Lovers
36307,6,High-Value Customers
36309,5,Low-Value Occasional Customers
36310,1,Gamers
36311,5,Low-Value Occasional Customers
36313,1,Gamers
36314,0,Regular Cutomers
36315,4,Promotion Lovers
36316,6,High-Value Customers
36317,7,Large Families
36318,4,Promotion Lovers
36319,7,Large Families
36320,1,Gamers
36322,6,High-Value Customers
36323,8,Young Karens
36324,4,Promotion Lovers
36325,0,Regular Cutomers
36326,4,Promotion Lovers
36327,4,Promotion Lovers
36328,0,Regular Cutomers
36329,7,Large Families
36331,1,Gamers
36332,5,Low-Value Occasional Customers
36333,4,Promotion Lovers
36334,4,Promotion Lovers
36335,0,Regular Cutomers
36336,2,Clean & Green
36337,1,Gamers
36338,3,Senior Karens
36339,4,Promotion Lovers
36340,0,Regular Cutomers
36341,4,Promotion Lovers
36342,7,Large Families
36343,4,Promotion Lovers
36344,6,High-Value Customers
36345,4,Promotion Lovers
36346,6,High-Value Customers
36347,0,Regular Cutomers
36348,0,Regular Cutomers
36349,7,Large Families
36350,0,Regular Cutomers
36353,1,Gamers
36355,4,Promotion Lovers
36356,0,Regular Cutomers
36357,7,Large Families
36358,2,Clean & Green
36360,5,Low-Value Occasional Customers
36362,8,Young Karens
36363,7,Large Families
36364,4,Promotion Lovers
36365,0,Regular Cutomers
36366,4,Promotion Lovers
36367,2,Clean & Green
36368,6,High-Value Customers
36369,8,Young Karens
36370,0,Regular Cutomers
36371,0,Regular Cutomers
36372,2,Clean & Green
36374,8,Young Karens
36375,0,Regular Cutomers
36377,4,Promotion Lovers
36378,7,Large Families
36379,0,Regular Cutomers
36380,0,Regular Cutomers
36381,2,Clean & Green
36382,2,Clean & Green
36383,4,Promotion Lovers
36384,4,Promotion Lovers
36385,5,Low-Value Occasional Customers
36386,0,Regular Cutomers
36387,3,Senior Karens
36388,5,Low-Value Occasional Customers
36389,3,Senior Karens
36390,5,Low-Value Occasional Customers
36391,5,Low-Value Occasional Customers
36392,4,Promotion Lovers
36395,8,Young Karens
36396,0,Regular Cutomers
36397,0,Regular Cutomers
36398,2,Clean & Green
36399,6,High-Value Customers
36400,0,Regular Cutomers
36401,7,Large Families
36402,0,Regular Cutomers
36403,2,Clean & Green
36404,1,Gamers
36405,0,Regular Cutomers
36407,5,Low-Value Occasional Customers
36408,1,Gamers
36409,4,Promotion Lovers
36410,0,Regular Cutomers
36411,0,Regular Cutomers
36414,0,Regular Cutomers
36415,4,Promotion Lovers
36416,4,Promotion Lovers
36417,1,Gamers
36419,1,Gamers
36420,7,Large Families
36421,0,Regular Cutomers
36422,5,Low-Value Occasional Customers
36423,3,Senior Karens
36424,6,High-Value Customers
36425,1,Gamers
36427,5,Low-Value Occasional Customers
36428,2,Clean & Green
36431,4,Promotion Lovers
36432,3,Senior Karens
36433,1,Gamers
36434,4,Promotion Lovers
36435,7,Large Families
36437,6,High-Value Customers
36438,1,Gamers
36439,0,Regular Cutomers
36441,8,Young Karens
36442,0,Regular Cutomers
36443,6,High-Value Customers
36444,6,High-Value Customers
36445,4,Promotion Lovers
36446,0,Regular Cutomers
36447,4,Promotion Lovers
36448,6,High-Value Customers
36449,2,Clean & Green
36450,7,Large Families
36452,6,High-Value Customers
36454,2,Clean & Green
36455,5,Low-Value Occasional Customers
36456,2,Clean & Green
36457,2,Clean & Green
36458,6,High-Value Customers
36459,3,Senior Karens
36460,4,Promotion Lovers
36461,0,Regular Cutomers
36462,0,Regular Cutomers
36463,2,Clean & Green
36464,1,Gamers
36465,4,Promotion Lovers
36466,3,Senior Karens
36467,1,Gamers
36468,0,Regular Cutomers
36469,8,Young Karens
36470,7,Large Families
36472,1,Gamers
36473,0,Regular Cutomers
36474,6,High-Value Customers
36475,2,Clean & Green
36476,2,Clean & Green
36478,0,Regular Cutomers
36480,1,Gamers
36481,1,Gamers
36482,2,Clean & Green
36483,7,Large Families
36484,4,Promotion Lovers
36485,7,Large Families
36486,7,Large Families
36487,5,Low-Value Occasional Customers
36489,6,High-Value Customers
36491,2,Clean & Green
36492,4,Promotion Lovers
36493,4,Promotion Lovers
36494,4,Promotion Lovers
36495,1,Gamers
36496,5,Low-Value Occasional Customers
36498,0,Regular Cutomers
36499,4,Promotion Lovers
36500,3,Senior Karens
36501,5,Low-Value Occasional Customers
36502,0,Regular Cutomers
36503,0,Regular Cutomers
36504,5,Low-Value Occasional Customers
36505,4,Promotion Lovers
36507,1,Gamers
36508,6,High-Value Customers
36511,8,Young Karens
36512,0,Regular Cutomers
36513,2,Clean & Green
36514,5,Low-Value Occasional Customers
36515,2,Clean & Green
36516,8,Young Karens
36517,8,Young Karens
36518,4,Promotion Lovers
36519,2,Clean & Green
36520,0,Regular Cutomers
36521,7,Large Families
36522,5,Low-Value Occasional Customers
36524,5,Low-Value Occasional Customers
36525,4,Promotion Lovers
36526,4,Promotion Lovers
36527,0,Regular Cutomers
36528,6,High-Value Customers
36529,1,Gamers
36530,1,Gamers
36531,2,Clean & Green
36532,5,Low-Value Occasional Customers
36533,8,Young Karens
36535,4,Promotion Lovers
36536,6,High-Value Customers
36537,7,Large Families
36538,4,Promotion Lovers
36539,0,Regular Cutomers
36540,5,Low-Value Occasional Customers
36542,1,Gamers
36543,0,Regular Cutomers
36544,8,Young Karens
36545,0,Regular Cutomers
36546,2,Clean & Green
36548,4,Promotion Lovers
36550,4,Promotion Lovers
36551,4,Promotion Lovers
36552,4,Promotion Lovers
36553,5,Low-Value Occasional Customers
36555,5,Low-Value Occasional Customers
36557,0,Regular Cutomers
36558,0,Regular Cutomers
36559,0,Regular Cutomers
36560,2,Clean & Green
36561,3,Senior Karens
36562,5,Low-Value Occasional Customers
36563,0,Regular Cutomers
36564,4,Promotion Lovers
36565,0,Regular Cutomers
36567,1,Gamers
36568,2,Clean & Green
36569,2,Clean & Green
36570,0,Regular Cutomers
36572,5,Low-Value Occasional Customers
36574,7,Large Families
36575,8,Young Karens
36576,0,Regular Cutomers
36580,0,Regular Cutomers
36581,3,Senior Karens
36582,4,Promotion Lovers
36583,0,Regular Cutomers
36584,1,Gamers
36585,0,Regular Cutomers
36586,0,Regular Cutomers
36587,0,Regular Cutomers
36588,4,Promotion Lovers
36589,7,Large Families
36590,5,Low-Value Occasional Customers
36591,1,Gamers
36592,7,Large Families
36593,4,Promotion Lovers
36596,3,Senior Karens
36597,0,Regular Cutomers
36598,5,Low-Value Occasional Customers
36599,0,Regular Cutomers
36600,6,High-Value Customers
36601,7,Large Families
36603,5,Low-Value Occasional Customers
36604,6,High-Value Customers
36605,7,Large Families
36608,0,Regular Cutomers
36609,2,Clean & Green
36610,4,Promotion Lovers
36612,4,Promotion Lovers
36613,0,Regular Cutomers
36614,4,Promotion Lovers
36615,6,High-Value Customers
36616,8,Young Karens
36617,5,Low-Value Occasional Customers
36618,1,Gamers
36619,4,Promotion Lovers
36621,0,Regular Cutomers
36622,3,Senior Karens
36623,4,Promotion Lovers
36624,7,Large Families
36625,0,Regular Cutomers
36626,0,Regular Cutomers
36628,4,Promotion Lovers
36629,3,Senior Karens
36630,0,Regular Cutomers
36631,4,Promotion Lovers
36632,0,Regular Cutomers
36633,4,Promotion Lovers
36635,4,Promotion Lovers
36636,8,Young Karens
36637,8,Young Karens
36638,4,Promotion Lovers
36640,1,Gamers
36641,2,Clean & Green
36642,3,Senior Karens
36644,4,Promotion Lovers
36646,0,Regular Cutomers
36647,5,Low-Value Occasional Customers
36648,2,Clean & Green
36649,1,Gamers
36650,0,Regular Cutomers
36651,5,Low-Value Occasional Customers
36652,1,Gamers
36653,2,Clean & Green
36654,1,Gamers
36656,4,Promotion Lovers
36657,4,Promotion Lovers
36658,3,Senior Karens
36659,6,High-Value Customers
36664,0,Regular Cutomers
36665,0,Regular Cutomers
36667,5,Low-Value Occasional Customers
36668,3,Senior Karens
36669,0,Regular Cutomers
36671,4,Promotion Lovers
36672,8,Young Karens
36673,4,Promotion Lovers
36675,2,Clean & Green
36676,0,Regular Cutomers
36677,8,Young Karens
36679,4,Promotion Lovers
36680,0,Regular Cutomers
36681,7,Large Families
36682,3,Senior Karens
36683,0,Regular Cutomers
36684,8,Young Karens
36685,1,Gamers
36686,6,High-Value Customers
36688,4,Promotion Lovers
36689,7,Large Families
36690,0,Regular Cutomers
36691,8,Young Karens
36692,5,Low-Value Occasional Customers
36693,1,Gamers
36694,4,Promotion Lovers
36695,7,Large Families
36696,0,Regular Cutomers
36697,0,Regular Cutomers
36700,6,High-Value Customers
36703,7,Large Families
36704,6,High-Value Customers
36705,4,Promotion Lovers
36706,1,Gamers
36707,0,Regular Cutomers
36709,6,High-Value Customers
36710,7,Large Families
36711,0,Regular Cutomers
36712,2,Clean & Green
36713,1,Gamers
36714,1,Gamers
36715,3,Senior Karens
36716,3,Senior Karens
36717,2,Clean & Green
36718,5,Low-Value Occasional Customers
36719,5,Low-Value Occasional Customers
36721,5,Low-Value Occasional Customers
36722,1,Gamers
36723,8,Young Karens
36724,8,Young Karens
36725,1,Gamers
36727,6,High-Value Customers
36728,0,Regular Cutomers
36729,5,Low-Value Occasional Customers
36730,4,Promotion Lovers
36731,5,Low-Value Occasional Customers
36732,6,High-Value Customers
36734,2,Clean & Green
36735,2,Clean & Green
36736,0,Regular Cutomers
36737,5,Low-Value Occasional Customers
36738,0,Regular Cutomers
36739,8,Young Karens
36740,0,Regular Cutomers
36742,0,Regular Cutomers
36744,1,Gamers
36745,6,High-Value Customers
36747,5,Low-Value Occasional Customers
36748,6,High-Value Customers
36749,6,High-Value Customers
36750,0,Regular Cutomers
36752,4,Promotion Lovers
36753,8,Young Karens
36754,3,Senior Karens
36755,5,Low-Value Occasional Customers
36756,5,Low-Value Occasional Customers
36757,5,Low-Value Occasional Customers
36759,6,High-Value Customers
36760,8,Young Karens
36761,4,Promotion Lovers
36762,4,Promotion Lovers
36763,2,Clean & Green
36764,5,Low-Value Occasional Customers
36765,0,Regular Cutomers
36766,4,Promotion Lovers
36767,2,Clean & Green
36768,1,Gamers
36769,5,Low-Value Occasional Customers
36770,3,Senior Karens
36771,0,Regular Cutomers
36772,3,Senior Karens
36773,1,Gamers
36774,5,Low-Value Occasional Customers
36775,6,High-Value Customers
36776,0,Regular Cutomers
36777,8,Young Karens
36778,6,High-Value Customers
36780,0,Regular Cutomers
36781,0,Regular Cutomers
36782,3,Senior Karens
36783,1,Gamers
36784,7,Large Families
36785,5,Low-Value Occasional Customers
36786,6,High-Value Customers
36787,0,Regular Cutomers
36788,2,Clean & Green
36789,1,Gamers
36790,7,Large Families
36791,3,Senior Karens
36793,2,Clean & Green
36795,0,Regular Cutomers
36797,0,Regular Cutomers
36799,1,Gamers
36800,4,Promotion Lovers
36801,8,Young Karens
36803,8,Young Karens
36804,0,Regular Cutomers
36805,7,Large Families
36806,5,Low-Value Occasional Customers
36807,2,Clean & Green
36808,0,Regular Cutomers
36810,7,Large Families
36811,8,Young Karens
36812,5,Low-Value Occasional Customers
36813,4,Promotion Lovers
36815,7,Large Families
36816,0,Regular Cutomers
36817,7,Large Families
36818,4,Promotion Lovers
36819,0,Regular Cutomers
36820,4,Promotion Lovers
36821,4,Promotion Lovers
36823,4,Promotion Lovers
36825,7,Large Families
36826,8,Young Karens
36827,0,Regular Cutomers
36828,5,Low-Value Occasional Customers
36830,2,Clean & Green
36831,4,Promotion Lovers
36833,4,Promotion Lovers
36834,0,Regular Cutomers
36835,2,Clean & Green
36836,2,Clean & Green
36838,8,Young Karens
36839,8,Young Karens
36840,8,Young Karens
36844,4,Promotion Lovers
36845,1,Gamers
36846,5,Low-Value Occasional Customers
36848,0,Regular Cutomers
36849,5,Low-Value Occasional Customers
36850,0,Regular Cutomers
36851,0,Regular Cutomers
36853,4,Promotion Lovers
36856,8,Young Karens
36857,0,Regular Cutomers
36858,0,Regular Cutomers
36859,5,Low-Value Occasional Customers
36860,0,Regular Cutomers
36861,3,Senior Karens
36862,0,Regular Cutomers
36863,0,Regular Cutomers
36864,3,Senior Karens
36865,2,Clean & Green
36866,1,Gamers
36867,0,Regular Cutomers
36868,4,Promotion Lovers
36869,5,Low-Value Occasional Customers
36870,4,Promotion Lovers
36871,0,Regular Cutomers
36872,0,Regular Cutomers
36873,7,Large Families
36874,4,Promotion Lovers
36875,6,High-Value Customers
36876,0,Regular Cutomers
36877,4,Promotion Lovers
36878,6,High-Value Customers
36881,6,High-Value Customers
36882,4,Promotion Lovers
36884,0,Regular Cutomers
36885,4,Promotion Lovers
36886,0,Regular Cutomers
36887,4,Promotion Lovers
36888,0,Regular Cutomers
36890,6,High-Value Customers
36891,8,Young Karens
36892,2,Clean & Green
36893,2,Clean & Green
36894,0,Regular Cutomers
36895,2,Clean & Green
36897,7,Large Families
36899,4,Promotion Lovers
36900,0,Regular Cutomers
36901,4,Promotion Lovers
36902,5,Low-Value Occasional Customers
36903,0,Regular Cutomers
36904,3,Senior Karens
36905,2,Clean & Green
36906,8,Young Karens
36907,0,Regular Cutomers
36909,1,Gamers
36910,5,Low-Value Occasional Customers
36912,5,Low-Value Occasional Customers
36914,0,Regular Cutomers
36915,7,Large Families
36916,6,High-Value Customers
36917,7,Large Families
36921,4,Promotion Lovers
36922,0,Regular Cutomers
36923,0,Regular Cutomers
36924,5,Low-Value Occasional Customers
36925,7,Large Families
36926,5,Low-Value Occasional Customers
36927,0,Regular Cutomers
36928,5,Low-Value Occasional Customers
36929,2,Clean & Green
36931,3,Senior Karens
36932,7,Large Families
36933,4,Promotion Lovers
36934,3,Senior Karens
36935,7,Large Families
36936,0,Regular Cutomers
36937,4,Promotion Lovers
36938,4,Promotion Lovers
36939,0,Regular Cutomers
36940,4,Promotion Lovers
36941,5,Low-Value Occasional Customers
36942,8,Young Karens
36944,2,Clean & Green
36945,0,Regular Cutomers
36947,0,Regular Cutomers
36948,3,Senior Karens
36949,7,Large Families
36950,5,Low-Value Occasional Customers
36951,7,Large Families
36952,4,Promotion Lovers
36953,0,Regular Cutomers
36954,0,Regular Cutomers
36957,4,Promotion Lovers
36959,0,Regular Cutomers
36960,1,Gamers
36961,7,Large Families
36962,1,Gamers
36965,5,Low-Value Occasional Customers
36966,2,Clean & Green
36967,6,High-Value Customers
36968,2,Clean & Green
36972,0,Regular Cutomers
36973,4,Promotion Lovers
36974,6,High-Value Customers
36975,4,Promotion Lovers
36976,1,Gamers
36977,6,High-Value Customers
36978,8,Young Karens
36979,8,Young Karens
36980,0,Regular Cutomers
36981,0,Regular Cutomers
36982,5,Low-Value Occasional Customers
36983,0,Regular Cutomers
36984,3,Senior Karens
36985,4,Promotion Lovers
36986,0,Regular Cutomers
36987,2,Clean & Green
36988,6,High-Value Customers
36989,4,Promotion Lovers
36990,4,Promotion Lovers
36991,2,Clean & Green
36992,2,Clean & Green
36993,1,Gamers
36994,0,Regular Cutomers
36996,7,Large Families
36997,0,Regular Cutomers
36998,6,High-Value Customers
37001,5,Low-Value Occasional Customers
37002,2,Clean & Green
37003,0,Regular Cutomers
37004,0,Regular Cutomers
37005,0,Regular Cutomers
37006,1,Gamers
37007,0,Regular Cutomers
37008,7,Large Families
37009,8,Young Karens
37010,0,Regular Cutomers
37011,6,High-Value Customers
37012,2,Clean & Green
37013,6,High-Value Customers
37014,6,High-Value Customers
37015,4,Promotion Lovers
37017,0,Regular Cutomers
37019,0,Regular Cutomers
37020,4,Promotion Lovers
37021,4,Promotion Lovers
37022,0,Regular Cutomers
37023,0,Regular Cutomers
37024,1,Gamers
37025,2,Clean & Green
37026,8,Young Karens
37027,1,Gamers
37029,6,High-Value Customers
37032,6,High-Value Customers
37034,1,Gamers
37035,2,Clean & Green
37036,7,Large Families
37037,7,Large Families
37038,8,Young Karens
37039,4,Promotion Lovers
37040,0,Regular Cutomers
37041,4,Promotion Lovers
37042,8,Young Karens
37043,7,Large Families
37045,5,Low-Value Occasional Customers
37046,5,Low-Value Occasional Customers
37047,1,Gamers
37048,0,Regular Cutomers
37050,4,Promotion Lovers
37051,0,Regular Cutomers
37052,0,Regular Cutomers
37053,2,Clean & Green
37054,7,Large Families
37055,1,Gamers
37056,4,Promotion Lovers
37057,8,Young Karens
37058,4,Promotion Lovers
37060,0,Regular Cutomers
37061,8,Young Karens
37063,4,Promotion Lovers
37064,8,Young Karens
37066,1,Gamers
37068,2,Clean & Green
37069,6,High-Value Customers
37070,4,Promotion Lovers
37071,0,Regular Cutomers
37072,0,Regular Cutomers
37073,7,Large Families
37074,5,Low-Value Occasional Customers
37077,0,Regular Cutomers
37079,4,Promotion Lovers
37080,6,High-Value Customers
37081,0,Regular Cutomers
37084,5,Low-Value Occasional Customers
37085,7,Large Families
37086,4,Promotion Lovers
37087,3,Senior Karens
37088,4,Promotion Lovers
37089,8,Young Karens
37090,7,Large Families
37092,0,Regular Cutomers
37093,0,Regular Cutomers
37094,7,Large Families
37095,5,Low-Value Occasional Customers
37096,8,Young Karens
37097,4,Promotion Lovers
37098,4,Promotion Lovers
37099,1,Gamers
37100,0,Regular Cutomers
37101,7,Large Families
37102,5,Low-Value Occasional Customers
37103,2,Clean & Green
37104,0,Regular Cutomers
37105,0,Regular Cutomers
37106,0,Regular Cutomers
37107,4,Promotion Lovers
37108,4,Promotion Lovers
37109,0,Regular Cutomers
37110,7,Large Families
37111,2,Clean & Green
37112,1,Gamers
37113,5,Low-Value Occasional Customers
37114,4,Promotion Lovers
37116,7,Large Families
37117,4,Promotion Lovers
37118,1,Gamers
37119,6,High-Value Customers
37120,8,Young Karens
37121,0,Regular Cutomers
37122,2,Clean & Green
37123,4,Promotion Lovers
37124,0,Regular Cutomers
37125,4,Promotion Lovers
37127,4,Promotion Lovers
37128,0,Regular Cutomers
37130,8,Young Karens
37131,4,Promotion Lovers
37132,6,High-Value Customers
37133,1,Gamers
37134,4,Promotion Lovers
37136,4,Promotion Lovers
37137,4,Promotion Lovers
37138,8,Young Karens
37139,7,Large Families
37140,0,Regular Cutomers
37144,1,Gamers
37145,0,Regular Cutomers
37146,5,Low-Value Occasional Customers
37147,0,Regular Cutomers
37149,0,Regular Cutomers
37150,2,Clean & Green
37151,7,Large Families
37152,2,Clean & Green
37153,4,Promotion Lovers
37154,1,Gamers
37156,0,Regular Cutomers
37157,0,Regular Cutomers
37158,8,Young Karens
37159,7,Large Families
37160,7,Large Families
37161,4,Promotion Lovers
37162,1,Gamers
37163,2,Clean & Green
37164,0,Regular Cutomers
37165,4,Promotion Lovers
37166,4,Promotion Lovers
37167,1,Gamers
37168,5,Low-Value Occasional Customers
37169,4,Promotion Lovers
37170,5,Low-Value Occasional Customers
37171,0,Regular Cutomers
37172,8,Young Karens
37173,5,Low-Value Occasional Customers
37174,4,Promotion Lovers
37175,1,Gamers
37176,0,Regular Cutomers
37177,5,Low-Value Occasional Customers
37178,2,Clean & Green
37179,4,Promotion Lovers
37180,1,Gamers
37181,5,Low-Value Occasional Customers
37182,4,Promotion Lovers
37183,7,Large Families
37184,5,Low-Value Occasional Customers
37185,0,Regular Cutomers
37186,2,Clean & Green
37188,4,Promotion Lovers
37189,1,Gamers
37191,2,Clean & Green
37192,4,Promotion Lovers
37194,6,High-Value Customers
37195,8,Young Karens
37196,1,Gamers
37197,6,High-Value Customers
37198,2,Clean & Green
37199,5,Low-Value Occasional Customers
37200,7,Large Families
37203,8,Young Karens
37204,0,Regular Cutomers
37205,1,Gamers
37206,0,Regular Cutomers
37207,0,Regular Cutomers
37208,0,Regular Cutomers
37209,6,High-Value Customers
37210,6,High-Value Customers
37211,6,High-Value Customers
37212,2,Clean & Green
37214,4,Promotion Lovers
37215,0,Regular Cutomers
37216,0,Regular Cutomers
37217,0,Regular Cutomers
37218,5,Low-Value Occasional Customers
37219,2,Clean & Green
37220,8,Young Karens
37221,0,Regular Cutomers
37222,2,Clean & Green
37223,5,Low-Value Occasional Customers
37225,0,Regular Cutomers
37227,4,Promotion Lovers
37228,5,Low-Value Occasional Customers
37230,1,Gamers
37231,1,Gamers
37232,0,Regular Cutomers
37234,7,Large Families
37236,0,Regular Cutomers
37237,7,Large Families
37238,0,Regular Cutomers
37240,0,Regular Cutomers
37241,2,Clean & Green
37242,7,Large Families
37243,7,Large Families
37244,4,Promotion Lovers
37246,2,Clean & Green
37248,5,Low-Value Occasional Customers
37249,4,Promotion Lovers
37251,2,Clean & Green
37252,1,Gamers
37253,4,Promotion Lovers
37254,4,Promotion Lovers
37256,0,Regular Cutomers
37258,5,Low-Value Occasional Customers
37259,4,Promotion Lovers
37260,0,Regular Cutomers
37262,7,Large Families
37265,7,Large Families
37266,0,Regular Cutomers
37267,8,Young Karens
37268,5,Low-Value Occasional Customers
37269,6,High-Value Customers
37270,4,Promotion Lovers
37271,4,Promotion Lovers
37272,0,Regular Cutomers
37273,8,Young Karens
37274,5,Low-Value Occasional Customers
37276,0,Regular Cutomers
37277,8,Young Karens
37278,4,Promotion Lovers
37282,2,Clean & Green
37283,1,Gamers
37286,6,High-Value Customers
37287,2,Clean & Green
37288,2,Clean & Green
37289,4,Promotion Lovers
37290,4,Promotion Lovers
37292,8,Young Karens
37294,6,High-Value Customers
37295,7,Large Families
37296,1,Gamers
37297,0,Regular Cutomers
37298,7,Large Families
37299,2,Clean & Green
37300,4,Promotion Lovers
37301,4,Promotion Lovers
37303,5,Low-Value Occasional Customers
37304,1,Gamers
37305,2,Clean & Green
37306,7,Large Families
37307,0,Regular Cutomers
37308,1,Gamers
37309,1,Gamers
37310,7,Large Families
37311,0,Regular Cutomers
37312,7,Large Families
37313,0,Regular Cutomers
37314,3,Senior Karens
37315,2,Clean & Green
37316,1,Gamers
37317,7,Large Families
37318,8,Young Karens
37319,4,Promotion Lovers
37320,2,Clean & Green
37321,8,Young Karens
37323,4,Promotion Lovers
37324,4,Promotion Lovers
37325,6,High-Value Customers
37326,1,Gamers
37328,4,Promotion Lovers
37329,0,Regular Cutomers
37330,1,Gamers
37331,8,Young Karens
37332,4,Promotion Lovers
37333,8,Young Karens
37334,8,Young Karens
37335,7,Large Families
37336,0,Regular Cutomers
37337,0,Regular Cutomers
37338,4,Promotion Lovers
37339,2,Clean & Green
37341,0,Regular Cutomers
37343,8,Young Karens
37344,1,Gamers
37345,0,Regular Cutomers
37346,7,Large Families
37347,7,Large Families
37348,0,Regular Cutomers
37350,6,High-Value Customers
37351,2,Clean & Green
37352,6,High-Value Customers
37353,8,Young Karens
37354,0,Regular Cutomers
37355,5,Low-Value Occasional Customers
37356,4,Promotion Lovers
37357,6,High-Value Customers
37358,3,Senior Karens
37359,3,Senior Karens
37360,5,Low-Value Occasional Customers
37361,8,Young Karens
37362,1,Gamers
37364,0,Regular Cutomers
37365,8,Young Karens
37366,7,Large Families
37367,2,Clean & Green
37368,5,Low-Value Occasional Customers
37369,5,Low-Value Occasional Customers
37370,3,Senior Karens
37371,5,Low-Value Occasional Customers
37372,0,Regular Cutomers
37373,4,Promotion Lovers
37374,2,Clean & Green
37375,0,Regular Cutomers
37379,0,Regular Cutomers
37380,0,Regular Cutomers
37381,0,Regular Cutomers
37382,4,Promotion Lovers
37383,0,Regular Cutomers
37384,4,Promotion Lovers
37385,0,Regular Cutomers
37388,2,Clean & Green
37389,0,Regular Cutomers
37390,2,Clean & Green
37391,7,Large Families
37392,8,Young Karens
37393,8,Young Karens
37394,5,Low-Value Occasional Customers
37395,1,Gamers
37396,3,Senior Karens
37397,6,High-Value Customers
37398,0,Regular Cutomers
37400,0,Regular Cutomers
37401,5,Low-Value Occasional Customers
37402,0,Regular Cutomers
37403,2,Clean & Green
37405,4,Promotion Lovers
37407,0,Regular Cutomers
37408,8,Young Karens
37409,1,Gamers
37411,5,Low-Value Occasional Customers
37412,4,Promotion Lovers
37414,4,Promotion Lovers
37415,8,Young Karens
37416,4,Promotion Lovers
37417,7,Large Families
37419,8,Young Karens
37421,8,Young Karens
37422,3,Senior Karens
37423,4,Promotion Lovers
37424,0,Regular Cutomers
37425,2,Clean & Green
37426,1,Gamers
37428,4,Promotion Lovers
37429,8,Young Karens
37430,7,Large Families
37431,0,Regular Cutomers
37432,4,Promotion Lovers
37433,4,Promotion Lovers
37434,2,Clean & Green
37435,0,Regular Cutomers
37436,3,Senior Karens
37437,2,Clean & Green
37438,7,Large Families
37439,7,Large Families
37440,4,Promotion Lovers
37441,1,Gamers
37442,8,Young Karens
37444,8,Young Karens
37445,1,Gamers
37447,8,Young Karens
37448,2,Clean & Green
37450,2,Clean & Green
37451,0,Regular Cutomers
37452,0,Regular Cutomers
37453,5,Low-Value Occasional Customers
37454,2,Clean & Green
37455,4,Promotion Lovers
37457,4,Promotion Lovers
37458,3,Senior Karens
37459,5,Low-Value Occasional Customers
37460,0,Regular Cutomers
37461,0,Regular Cutomers
37462,0,Regular Cutomers
37463,4,Promotion Lovers
37464,2,Clean & Green
37465,5,Low-Value Occasional Customers
37466,5,Low-Value Occasional Customers
37467,0,Regular Cutomers
37468,4,Promotion Lovers
37469,1,Gamers
37470,0,Regular Cutomers
37471,0,Regular Cutomers
37473,1,Gamers
37474,1,Gamers
37476,4,Promotion Lovers
37477,5,Low-Value Occasional Customers
37478,0,Regular Cutomers
37479,1,Gamers
37480,4,Promotion Lovers
37481,2,Clean & Green
37483,0,Regular Cutomers
37484,7,Large Families
37486,0,Regular Cutomers
37487,5,Low-Value Occasional Customers
37488,3,Senior Karens
37489,0,Regular Cutomers
37490,4,Promotion Lovers
37491,4,Promotion Lovers
37493,8,Young Karens
37494,8,Young Karens
37497,2,Clean & Green
37498,8,Young Karens
37500,0,Regular Cutomers
37501,7,Large Families
37502,8,Young Karens
37503,6,High-Value Customers
37504,4,Promotion Lovers
37506,4,Promotion Lovers
37507,4,Promotion Lovers
37508,7,Large Families
37509,0,Regular Cutomers
37510,5,Low-Value Occasional Customers
37511,5,Low-Value Occasional Customers
37514,6,High-Value Customers
37515,0,Regular Cutomers
37516,4,Promotion Lovers
37517,7,Large Families
37518,7,Large Families
37520,4,Promotion Lovers
37521,0,Regular Cutomers
37523,2,Clean & Green
37524,4,Promotion Lovers
37525,4,Promotion Lovers
37526,5,Low-Value Occasional Customers
37527,6,High-Value Customers
37528,5,Low-Value Occasional Customers
37529,3,Senior Karens
37531,0,Regular Cutomers
37535,1,Gamers
37536,1,Gamers
37537,4,Promotion Lovers
37540,1,Gamers
37541,6,High-Value Customers
37542,3,Senior Karens
37545,8,Young Karens
37546,0,Regular Cutomers
37548,0,Regular Cutomers
37550,0,Regular Cutomers
37551,0,Regular Cutomers
37553,5,Low-Value Occasional Customers
37554,4,Promotion Lovers
37555,4,Promotion Lovers
37556,8,Young Karens
37557,6,High-Value Customers
37558,7,Large Families
37559,1,Gamers
37560,5,Low-Value Occasional Customers
37561,0,Regular Cutomers
37562,0,Regular Cutomers
37563,6,High-Value Customers
37564,5,Low-Value Occasional Customers
37565,7,Large Families
37566,0,Regular Cutomers
37567,4,Promotion Lovers
37569,4,Promotion Lovers
37570,8,Young Karens
37571,4,Promotion Lovers
37572,0,Regular Cutomers
37573,5,Low-Value Occasional Customers
37574,5,Low-Value Occasional Customers
37575,7,Large Families
37576,1,Gamers
37577,5,Low-Value Occasional Customers
37578,5,Low-Value Occasional Customers
37579,6,High-Value Customers
37580,0,Regular Cutomers
37581,6,High-Value Customers
37582,4,Promotion Lovers
37583,5,Low-Value Occasional Customers
37584,1,Gamers
37585,8,Young Karens
37586,0,Regular Cutomers
37587,3,Senior Karens
37588,0,Regular Cutomers
37589,5,Low-Value Occasional Customers
37590,4,Promotion Lovers
37591,2,Clean & Green
37592,0,Regular Cutomers
37593,5,Low-Value Occasional Customers
37595,8,Young Karens
37596,7,Large Families
37597,1,Gamers
37598,7,Large Families
37599,3,Senior Karens
37600,8,Young Karens
37601,0,Regular Cutomers
37602,4,Promotion Lovers
37603,0,Regular Cutomers
37605,1,Gamers
37606,3,Senior Karens
37607,0,Regular Cutomers
37608,4,Promotion Lovers
37610,7,Large Families
37612,0,Regular Cutomers
37613,1,Gamers
37614,7,Large Families
37615,0,Regular Cutomers
37617,5,Low-Value Occasional Customers
37621,1,Gamers
37622,0,Regular Cutomers
37623,7,Large Families
37624,1,Gamers
37625,2,Clean & Green
37626,5,Low-Value Occasional Customers
37629,2,Clean & Green
37630,1,Gamers
37631,4,Promotion Lovers
37633,8,Young Karens
37634,2,Clean & Green
37635,2,Clean & Green
37637,7,Large Families
37638,8,Young Karens
37639,3,Senior Karens
37640,1,Gamers
37641,0,Regular Cutomers
37642,1,Gamers
37643,6,High-Value Customers
37645,4,Promotion Lovers
37647,2,Clean & Green
37648,1,Gamers
37649,5,Low-Value Occasional Customers
37650,5,Low-Value Occasional Customers
37651,0,Regular Cutomers
37652,0,Regular Cutomers
37653,4,Promotion Lovers
37654,0,Regular Cutomers
37656,3,Senior Karens
37657,8,Young Karens
37658,2,Clean & Green
37659,4,Promotion Lovers
37660,4,Promotion Lovers
37661,0,Regular Cutomers
37662,4,Promotion Lovers
37663,0,Regular Cutomers
37665,0,Regular Cutomers
37666,2,Clean & Green
37667,0,Regular Cutomers
37669,8,Young Karens
37670,8,Young Karens
37671,0,Regular Cutomers
37672,8,Young Karens
37673,5,Low-Value Occasional Customers
37675,7,Large Families
37676,0,Regular Cutomers
37677,3,Senior Karens
37679,7,Large Families
37682,1,Gamers
37683,6,High-Value Customers
37684,5,Low-Value Occasional Customers
37685,1,Gamers
37686,4,Promotion Lovers
37687,0,Regular Cutomers
37689,5,Low-Value Occasional Customers
37690,7,Large Families
37691,0,Regular Cutomers
37693,6,High-Value Customers
37694,8,Young Karens
37695,8,Young Karens
37696,2,Clean & Green
37698,6,High-Value Customers
37699,0,Regular Cutomers
37700,6,High-Value Customers
37701,4,Promotion Lovers
37702,3,Senior Karens
37703,2,Clean & Green
37704,0,Regular Cutomers
37706,8,Young Karens
37707,5,Low-Value Occasional Customers
37708,4,Promotion Lovers
37710,4,Promotion Lovers
37711,4,Promotion Lovers
37712,0,Regular Cutomers
37713,0,Regular Cutomers
37714,2,Clean & Green
37715,2,Clean & Green
37716,0,Regular Cutomers
37717,3,Senior Karens
37718,3,Senior Karens
37720,6,High-Value Customers
37721,0,Regular Cutomers
37723,0,Regular Cutomers
37724,5,Low-Value Occasional Customers
37725,4,Promotion Lovers
37726,0,Regular Cutomers
37727,0,Regular Cutomers
37729,0,Regular Cutomers
37732,4,Promotion Lovers
37733,4,Promotion Lovers
37735,6,High-Value Customers
37736,7,Large Families
37738,2,Clean & Green
37739,0,Regular Cutomers
37740,2,Clean & Green
37741,0,Regular Cutomers
37742,4,Promotion Lovers
37743,1,Gamers
37745,0,Regular Cutomers
37747,5,Low-Value Occasional Customers
37749,6,High-Value Customers
37750,0,Regular Cutomers
37751,1,Gamers
37752,1,Gamers
37754,2,Clean & Green
37756,8,Young Karens
37757,2,Clean & Green
37758,2,Clean & Green
37760,1,Gamers
37761,4,Promotion Lovers
37762,1,Gamers
37764,2,Clean & Green
37765,4,Promotion Lovers
37768,0,Regular Cutomers
37769,3,Senior Karens
37770,4,Promotion Lovers
37771,4,Promotion Lovers
37772,8,Young Karens
37773,4,Promotion Lovers
37774,0,Regular Cutomers
37775,7,Large Families
37776,0,Regular Cutomers
37777,0,Regular Cutomers
37779,0,Regular Cutomers
37780,2,Clean & Green
37781,4,Promotion Lovers
37782,8,Young Karens
37783,4,Promotion Lovers
37784,4,Promotion Lovers
37785,4,Promotion Lovers
37786,0,Regular Cutomers
37787,0,Regular Cutomers
37788,8,Young Karens
37790,3,Senior Karens
37791,4,Promotion Lovers
37792,0,Regular Cutomers
37793,0,Regular Cutomers
37795,4,Promotion Lovers
37796,8,Young Karens
37797,5,Low-Value Occasional Customers
37798,6,High-Value Customers
37799,1,Gamers
37802,5,Low-Value Occasional Customers
37803,1,Gamers
37806,4,Promotion Lovers
37807,5,Low-Value Occasional Customers
37808,6,High-Value Customers
37809,0,Regular Cutomers
37810,8,Young Karens
37811,4,Promotion Lovers
37812,4,Promotion Lovers
37813,6,High-Value Customers
37816,5,Low-Value Occasional Customers
37817,5,Low-Value Occasional Customers
37818,6,High-Value Customers
37819,2,Clean & Green
37821,0,Regular Cutomers
37822,4,Promotion Lovers
37823,0,Regular Cutomers
37824,8,Young Karens
37826,0,Regular Cutomers
37827,0,Regular Cutomers
37828,2,Clean & Green
37830,4,Promotion Lovers
37831,0,Regular Cutomers
37832,2,Clean & Green
37833,0,Regular Cutomers
37834,4,Promotion Lovers
37835,6,High-Value Customers
37836,0,Regular Cutomers
37838,7,Large Families
37839,1,Gamers
37840,0,Regular Cutomers
37841,6,High-Value Customers
37842,4,Promotion Lovers
37843,2,Clean & Green
37844,5,Low-Value Occasional Customers
37845,6,High-Value Customers
37846,0,Regular Cutomers
37848,5,Low-Value Occasional Customers
37849,0,Regular Cutomers
37850,7,Large Families
37851,0,Regular Cutomers
37852,1,Gamers
37853,4,Promotion Lovers
37854,8,Young Karens
37855,5,Low-Value Occasional Customers
37856,8,Young Karens
37857,4,Promotion Lovers
37858,5,Low-Value Occasional Customers
37859,5,Low-Value Occasional Customers
37860,5,Low-Value Occasional Customers
37861,0,Regular Cutomers
37862,1,Gamers
37863,8,Young Karens
37864,6,High-Value Customers
37865,1,Gamers
37867,4,Promotion Lovers
37868,3,Senior Karens
37869,4,Promotion Lovers
37870,4,Promotion Lovers
37871,2,Clean & Green
37872,4,Promotion Lovers
37873,7,Large Families
37874,0,Regular Cutomers
37876,7,Large Families
37877,7,Large Families
37878,0,Regular Cutomers
37879,0,Regular Cutomers
37880,8,Young Karens
37881,2,Clean & Green
37882,0,Regular Cutomers
37884,6,High-Value Customers
37885,3,Senior Karens
37886,4,Promotion Lovers
37887,5,Low-Value Occasional Customers
37888,5,Low-Value Occasional Customers
37889,7,Large Families
37890,1,Gamers
37891,0,Regular Cutomers
37893,4,Promotion Lovers
37895,0,Regular Cutomers
37897,0,Regular Cutomers
37898,0,Regular Cutomers
37899,8,Young Karens
37900,3,Senior Karens
37901,0,Regular Cutomers
37902,1,Gamers
37903,4,Promotion Lovers
37904,6,High-Value Customers
37905,0,Regular Cutomers
37906,4,Promotion Lovers
37907,7,Large Families
37908,5,Low-Value Occasional Customers
37909,5,Low-Value Occasional Customers
37911,6,High-Value Customers
37912,2,Clean & Green
37913,4,Promotion Lovers
37915,0,Regular Cutomers
37916,4,Promotion Lovers
37917,4,Promotion Lovers
37918,8,Young Karens
37919,2,Clean & Green
37920,0,Regular Cutomers
37921,2,Clean & Green
37922,6,High-Value Customers
37923,7,Large Families
37924,8,Young Karens
37925,5,Low-Value Occasional Customers
37926,7,Large Families
37928,4,Promotion Lovers
37929,6,High-Value Customers
37930,4,Promotion Lovers
37931,8,Young Karens
37932,7,Large Families
37934,4,Promotion Lovers
37935,6,High-Value Customers
37936,4,Promotion Lovers
37937,4,Promotion Lovers
37938,5,Low-Value Occasional Customers
37940,5,Low-Value Occasional Customers
37941,5,Low-Value Occasional Customers
37942,2,Clean & Green
37943,8,Young Karens
37944,4,Promotion Lovers
37945,5,Low-Value Occasional Customers
37946,4,Promotion Lovers
37947,4,Promotion Lovers
37948,2,Clean & Green
37950,4,Promotion Lovers
37952,0,Regular Cutomers
37953,7,Large Families
37954,5,Low-Value Occasional Customers
37955,0,Regular Cutomers
37956,0,Regular Cutomers
37957,0,Regular Cutomers
37958,3,Senior Karens
37959,4,Promotion Lovers
37961,6,High-Value Customers
37962,6,High-Value Customers
37963,5,Low-Value Occasional Customers
37964,8,Young Karens
37965,2,Clean & Green
37966,1,Gamers
37967,2,Clean & Green
37969,0,Regular Cutomers
37970,5,Low-Value Occasional Customers
37972,6,High-Value Customers
37973,0,Regular Cutomers
37974,0,Regular Cutomers
37975,8,Young Karens
37976,4,Promotion Lovers
37977,7,Large Families
37978,4,Promotion Lovers
37979,6,High-Value Customers
37980,4,Promotion Lovers
37981,5,Low-Value Occasional Customers
37983,0,Regular Cutomers
37984,3,Senior Karens
37985,5,Low-Value Occasional Customers
37986,1,Gamers
37987,7,Large Families
37989,0,Regular Cutomers
37990,8,Young Karens
37991,5,Low-Value Occasional Customers
37992,5,Low-Value Occasional Customers
37993,4,Promotion Lovers
37995,4,Promotion Lovers
37996,0,Regular Cutomers
37997,5,Low-Value Occasional Customers
37998,8,Young Karens
37999,0,Regular Cutomers
38001,0,Regular Cutomers
38002,4,Promotion Lovers
38003,8,Young Karens
38004,0,Regular Cutomers
38005,4,Promotion Lovers
38006,0,Regular Cutomers
38007,1,Gamers
38008,8,Young Karens
38009,4,Promotion Lovers
38012,4,Promotion Lovers
38013,2,Clean & Green
38014,0,Regular Cutomers
38016,1,Gamers
38017,4,Promotion Lovers
38018,1,Gamers
38019,4,Promotion Lovers
38020,1,Gamers
38021,5,Low-Value Occasional Customers
38022,4,Promotion Lovers
38023,0,Regular Cutomers
38024,1,Gamers
38025,7,Large Families
38026,1,Gamers
38027,2,Clean & Green
38028,0,Regular Cutomers
38029,1,Gamers
38031,4,Promotion Lovers
38032,4,Promotion Lovers
38033,5,Low-Value Occasional Customers
38034,1,Gamers
38035,3,Senior Karens
38036,0,Regular Cutomers
38037,4,Promotion Lovers
38038,7,Large Families
38040,5,Low-Value Occasional Customers
38041,7,Large Families
38042,7,Large Families
38043,0,Regular Cutomers
38044,4,Promotion Lovers
38046,0,Regular Cutomers
38048,8,Young Karens
38049,2,Clean & Green
38050,5,Low-Value Occasional Customers
38051,2,Clean & Green
38052,2,Clean & Green
38053,4,Promotion Lovers
38055,5,Low-Value Occasional Customers
38056,2,Clean & Green
38057,1,Gamers
38058,7,Large Families
38059,0,Regular Cutomers
38060,5,Low-Value Occasional Customers
38061,0,Regular Cutomers
38062,3,Senior Karens
38065,1,Gamers
38066,6,High-Value Customers
38067,0,Regular Cutomers
38068,4,Promotion Lovers
38070,5,Low-Value Occasional Customers
38071,6,High-Value Customers
38073,3,Senior Karens
38074,2,Clean & Green
38076,4,Promotion Lovers
38077,3,Senior Karens
38078,4,Promotion Lovers
38079,2,Clean & Green
38080,4,Promotion Lovers
38081,1,Gamers
38082,7,Large Families
38083,0,Regular Cutomers
38085,6,High-Value Customers
38086,4,Promotion Lovers
38087,0,Regular Cutomers
38088,7,Large Families
38089,4,Promotion Lovers
38090,5,Low-Value Occasional Customers
38091,0,Regular Cutomers
38092,5,Low-Value Occasional Customers
38093,3,Senior Karens
38095,4,Promotion Lovers
38096,0,Regular Cutomers
38097,1,Gamers
38098,4,Promotion Lovers
38099,7,Large Families
38100,3,Senior Karens
38101,1,Gamers
38102,7,Large Families
38104,0,Regular Cutomers
38105,0,Regular Cutomers
38106,4,Promotion Lovers
38108,1,Gamers
38109,4,Promotion Lovers
38110,3,Senior Karens
38111,4,Promotion Lovers
38112,1,Gamers
38113,5,Low-Value Occasional Customers
38114,6,High-Value Customers
38115,4,Promotion Lovers
38116,5,Low-Value Occasional Customers
38117,6,High-Value Customers
38118,3,Senior Karens
38119,4,Promotion Lovers
38121,6,High-Value Customers
38122,8,Young Karens
38124,5,Low-Value Occasional Customers
38125,4,Promotion Lovers
38126,0,Regular Cutomers
38127,4,Promotion Lovers
38128,2,Clean & Green
38129,1,Gamers
38130,0,Regular Cutomers
38131,0,Regular Cutomers
38132,6,High-Value Customers
38133,0,Regular Cutomers
38134,2,Clean & Green
38135,8,Young Karens
38136,2,Clean & Green
38137,7,Large Families
38138,7,Large Families
38141,0,Regular Cutomers
38142,5,Low-Value Occasional Customers
38143,7,Large Families
38144,8,Young Karens
38145,2,Clean & Green
38146,0,Regular Cutomers
38148,0,Regular Cutomers
38149,1,Gamers
38150,2,Clean & Green
38151,6,High-Value Customers
38152,0,Regular Cutomers
38153,4,Promotion Lovers
38154,4,Promotion Lovers
38155,6,High-Value Customers
38156,0,Regular Cutomers
38157,8,Young Karens
38158,4,Promotion Lovers
38160,4,Promotion Lovers
38161,5,Low-Value Occasional Customers
38162,5,Low-Value Occasional Customers
38163,4,Promotion Lovers
38164,2,Clean & Green
38165,0,Regular Cutomers
38166,4,Promotion Lovers
38167,4,Promotion Lovers
38168,4,Promotion Lovers
38169,6,High-Value Customers
38170,1,Gamers
38171,8,Young Karens
38173,1,Gamers
38174,4,Promotion Lovers
38176,4,Promotion Lovers
38177,5,Low-Value Occasional Customers
38179,2,Clean & Green
38180,0,Regular Cutomers
38181,7,Large Families
38182,5,Low-Value Occasional Customers
38183,5,Low-Value Occasional Customers
38184,8,Young Karens
38185,1,Gamers
38187,4,Promotion Lovers
38188,8,Young Karens
38189,1,Gamers
38190,6,High-Value Customers
38191,4,Promotion Lovers
38192,8,Young Karens
38193,3,Senior Karens
38195,0,Regular Cutomers
38196,8,Young Karens
38197,0,Regular Cutomers
38198,7,Large Families
38199,2,Clean & Green
38200,3,Senior Karens
38201,1,Gamers
38203,0,Regular Cutomers
38204,2,Clean & Green
38205,1,Gamers
38206,5,Low-Value Occasional Customers
38207,0,Regular Cutomers
38208,2,Clean & Green
38209,1,Gamers
38210,5,Low-Value Occasional Customers
38211,1,Gamers
38212,4,Promotion Lovers
38213,2,Clean & Green
38215,6,High-Value Customers
38216,1,Gamers
38217,1,Gamers
38218,3,Senior Karens
38219,5,Low-Value Occasional Customers
38221,7,Large Families
38222,2,Clean & Green
38223,2,Clean & Green
38224,7,Large Families
38225,4,Promotion Lovers
38227,2,Clean & Green
38228,4,Promotion Lovers
38230,0,Regular Cutomers
38231,7,Large Families
38232,4,Promotion Lovers
38233,0,Regular Cutomers
38234,6,High-Value Customers
38235,7,Large Families
38236,0,Regular Cutomers
38237,4,Promotion Lovers
38238,0,Regular Cutomers
38239,5,Low-Value Occasional Customers
38241,8,Young Karens
38242,5,Low-Value Occasional Customers
38243,2,Clean & Green
38244,0,Regular Cutomers
38245,0,Regular Cutomers
38246,2,Clean & Green
38248,8,Young Karens
38250,7,Large Families
38251,0,Regular Cutomers
38252,7,Large Families
38255,1,Gamers
38256,0,Regular Cutomers
38257,4,Promotion Lovers
38258,0,Regular Cutomers
38259,0,Regular Cutomers
38260,4,Promotion Lovers
38261,4,Promotion Lovers
38262,4,Promotion Lovers
38263,5,Low-Value Occasional Customers
38267,8,Young Karens
38268,4,Promotion Lovers
38269,7,Large Families
38270,8,Young Karens
38271,8,Young Karens
38273,4,Promotion Lovers
38274,4,Promotion Lovers
38275,0,Regular Cutomers
38276,4,Promotion Lovers
38277,0,Regular Cutomers
38278,0,Regular Cutomers
38280,6,High-Value Customers
38281,4,Promotion Lovers
38282,0,Regular Cutomers
38284,4,Promotion Lovers
38285,1,Gamers
38286,4,Promotion Lovers
38288,6,High-Value Customers
38290,5,Low-Value Occasional Customers
38294,4,Promotion Lovers
38295,8,Young Karens
38297,4,Promotion Lovers
38300,1,Gamers
38301,0,Regular Cutomers
38302,0,Regular Cutomers
38303,7,Large Families
38304,4,Promotion Lovers
38305,5,Low-Value Occasional Customers
38306,0,Regular Cutomers
38307,2,Clean & Green
38308,3,Senior Karens
38309,7,Large Families
38310,4,Promotion Lovers
38311,0,Regular Cutomers
38312,2,Clean & Green
38313,5,Low-Value Occasional Customers
38314,1,Gamers
38315,4,Promotion Lovers
38316,0,Regular Cutomers
38317,7,Large Families
38318,8,Young Karens
38319,7,Large Families
38320,1,Gamers
38321,7,Large Families
38322,0,Regular Cutomers
38323,1,Gamers
38324,2,Clean & Green
38325,7,Large Families
38328,2,Clean & Green
38329,3,Senior Karens
38330,5,Low-Value Occasional Customers
38331,0,Regular Cutomers
38332,4,Promotion Lovers
38333,0,Regular Cutomers
38334,5,Low-Value Occasional Customers
38335,0,Regular Cutomers
38336,2,Clean & Green
38337,4,Promotion Lovers
38338,2,Clean & Green
38339,6,High-Value Customers
38340,2,Clean & Green
38342,6,High-Value Customers
38343,1,Gamers
38344,1,Gamers
38345,0,Regular Cutomers
38346,7,Large Families
38348,5,Low-Value Occasional Customers
38349,2,Clean & Green
38350,2,Clean & Green
38351,1,Gamers
38352,4,Promotion Lovers
38353,0,Regular Cutomers
38354,2,Clean & Green
38355,0,Regular Cutomers
38356,6,High-Value Customers
38357,4,Promotion Lovers
38358,6,High-Value Customers
38359,2,Clean & Green
38360,8,Young Karens
38361,0,Regular Cutomers
38362,6,High-Value Customers
38363,5,Low-Value Occasional Customers
38364,4,Promotion Lovers
38365,6,High-Value Customers
38366,8,Young Karens
38367,5,Low-Value Occasional Customers
38368,1,Gamers
38369,4,Promotion Lovers
38370,4,Promotion Lovers
38371,0,Regular Cutomers
38372,0,Regular Cutomers
38373,5,Low-Value Occasional Customers
38374,5,Low-Value Occasional Customers
38376,0,Regular Cutomers
38377,1,Gamers
38378,4,Promotion Lovers
38379,1,Gamers
38380,4,Promotion Lovers
38381,0,Regular Cutomers
38382,8,Young Karens
38384,3,Senior Karens
38385,1,Gamers
38386,4,Promotion Lovers
38388,0,Regular Cutomers
38389,8,Young Karens
38390,0,Regular Cutomers
38392,5,Low-Value Occasional Customers
38393,7,Large Families
38394,5,Low-Value Occasional Customers
38395,1,Gamers
38397,5,Low-Value Occasional Customers
38398,8,Young Karens
38399,2,Clean & Green
38400,0,Regular Cutomers
38401,0,Regular Cutomers
38402,4,Promotion Lovers
38404,1,Gamers
38405,4,Promotion Lovers
38406,8,Young Karens
38407,2,Clean & Green
38408,0,Regular Cutomers
38409,1,Gamers
38411,1,Gamers
38414,2,Clean & Green
38415,7,Large Families
38416,4,Promotion Lovers
38417,5,Low-Value Occasional Customers
38418,5,Low-Value Occasional Customers
38419,1,Gamers
38420,4,Promotion Lovers
38421,5,Low-Value Occasional Customers
38422,1,Gamers
38423,8,Young Karens
38424,5,Low-Value Occasional Customers
38425,2,Clean & Green
38426,2,Clean & Green
38427,2,Clean & Green
38429,3,Senior Karens
38430,0,Regular Cutomers
38431,3,Senior Karens
38433,0,Regular Cutomers
38434,1,Gamers
38435,0,Regular Cutomers
38436,4,Promotion Lovers
38438,6,High-Value Customers
38440,5,Low-Value Occasional Customers
38441,3,Senior Karens
38442,3,Senior Karens
38444,4,Promotion Lovers
38445,1,Gamers
38447,4,Promotion Lovers
38448,5,Low-Value Occasional Customers
38449,3,Senior Karens
38450,2,Clean & Green
38453,0,Regular Cutomers
38454,4,Promotion Lovers
38457,0,Regular Cutomers
38459,1,Gamers
38460,5,Low-Value Occasional Customers
38461,7,Large Families
38462,0,Regular Cutomers
38463,5,Low-Value Occasional Customers
38464,7,Large Families
38465,0,Regular Cutomers
38466,6,High-Value Customers
38467,2,Clean & Green
38468,5,Low-Value Occasional Customers
38470,0,Regular Cutomers
38471,8,Young Karens
38473,0,Regular Cutomers
38474,4,Promotion Lovers
38476,7,Large Families
38477,7,Large Families
38478,7,Large Families
38480,6,High-Value Customers
38481,8,Young Karens
38482,0,Regular Cutomers
38484,1,Gamers
38486,5,Low-Value Occasional Customers
38487,0,Regular Cutomers
38488,4,Promotion Lovers
38489,0,Regular Cutomers
38490,7,Large Families
38492,2,Clean & Green
38493,5,Low-Value Occasional Customers
38494,2,Clean & Green
38495,7,Large Families
38497,3,Senior Karens
38498,1,Gamers
38499,4,Promotion Lovers
38501,5,Low-Value Occasional Customers
38502,4,Promotion Lovers
38503,6,High-Value Customers
38504,8,Young Karens
38505,4,Promotion Lovers
38506,0,Regular Cutomers
38507,0,Regular Cutomers
38508,2,Clean & Green
38510,5,Low-Value Occasional Customers
38511,8,Young Karens
38512,4,Promotion Lovers
38513,4,Promotion Lovers
38514,0,Regular Cutomers
38516,0,Regular Cutomers
38517,6,High-Value Customers
38518,0,Regular Cutomers
38519,4,Promotion Lovers
38520,7,Large Families
38521,6,High-Value Customers
38522,0,Regular Cutomers
38523,4,Promotion Lovers
38524,7,Large Families
38525,4,Promotion Lovers
38526,2,Clean & Green
38528,7,Large Families
38529,0,Regular Cutomers
38530,0,Regular Cutomers
38531,2,Clean & Green
38532,4,Promotion Lovers
38533,6,High-Value Customers
38535,1,Gamers
38536,4,Promotion Lovers
38537,5,Low-Value Occasional Customers
38538,4,Promotion Lovers
38540,6,High-Value Customers
38541,2,Clean & Green
38542,4,Promotion Lovers
38543,4,Promotion Lovers
38544,4,Promotion Lovers
38545,0,Regular Cutomers
38548,5,Low-Value Occasional Customers
38550,0,Regular Cutomers
38551,6,High-Value Customers
38552,0,Regular Cutomers
38553,4,Promotion Lovers
38554,0,Regular Cutomers
38555,8,Young Karens
38556,4,Promotion Lovers
38557,3,Senior Karens
38558,5,Low-Value Occasional Customers
38559,6,High-Value Customers
38560,7,Large Families
38561,4,Promotion Lovers
38562,7,Large Families
38563,1,Gamers
38564,2,Clean & Green
38565,6,High-Value Customers
38566,0,Regular Cutomers
38568,8,Young Karens
38569,4,Promotion Lovers
38570,6,High-Value Customers
38571,8,Young Karens
38573,8,Young Karens
38574,0,Regular Cutomers
38575,1,Gamers
38576,6,High-Value Customers
38577,5,Low-Value Occasional Customers
38578,0,Regular Cutomers
38580,2,Clean & Green
38581,4,Promotion Lovers
38582,6,High-Value Customers
38583,0,Regular Cutomers
38584,2,Clean & Green
38585,0,Regular Cutomers
38586,7,Large Families
38587,2,Clean & Green
38588,2,Clean & Green
38589,1,Gamers
38590,6,High-Value Customers
38591,6,High-Value Customers
38592,7,Large Families
38593,4,Promotion Lovers
38594,4,Promotion Lovers
38595,4,Promotion Lovers
38596,6,High-Value Customers
38597,0,Regular Cutomers
38598,1,Gamers
38600,5,Low-Value Occasional Customers
38601,1,Gamers
38602,1,Gamers
38603,0,Regular Cutomers
38606,1,Gamers
38608,5,Low-Value Occasional Customers
38609,5,Low-Value Occasional Customers
38610,1,Gamers
38611,4,Promotion Lovers
38612,8,Young Karens
38613,0,Regular Cutomers
38614,6,High-Value Customers
38615,2,Clean & Green
38616,0,Regular Cutomers
38617,5,Low-Value Occasional Customers
38618,2,Clean & Green
38619,1,Gamers
38620,7,Large Families
38622,1,Gamers
38624,2,Clean & Green
38625,8,Young Karens
38626,4,Promotion Lovers
38627,4,Promotion Lovers
38628,6,High-Value Customers
38629,6,High-Value Customers
38630,8,Young Karens
38631,0,Regular Cutomers
38632,1,Gamers
38633,4,Promotion Lovers
38634,6,High-Value Customers
38635,5,Low-Value Occasional Customers
38636,0,Regular Cutomers
38637,7,Large Families
38638,8,Young Karens
38639,0,Regular Cutomers
38640,4,Promotion Lovers
38642,0,Regular Cutomers
38643,2,Clean & Green
38644,0,Regular Cutomers
38645,1,Gamers
38646,7,Large Families
38648,2,Clean & Green
38649,1,Gamers
38650,2,Clean & Green
38652,0,Regular Cutomers
38653,1,Gamers
38654,2,Clean & Green
38655,1,Gamers
38656,1,Gamers
38658,4,Promotion Lovers
38659,4,Promotion Lovers
38661,3,Senior Karens
38662,0,Regular Cutomers
38663,4,Promotion Lovers
38664,4,Promotion Lovers
38665,8,Young Karens
38666,4,Promotion Lovers
38669,1,Gamers
38670,0,Regular Cutomers
38671,8,Young Karens
38673,0,Regular Cutomers
38674,4,Promotion Lovers
38675,1,Gamers
38677,4,Promotion Lovers
38678,0,Regular Cutomers
38680,8,Young Karens
38681,2,Clean & Green
38682,6,High-Value Customers
38683,1,Gamers
38684,2,Clean & Green
38685,4,Promotion Lovers
38686,4,Promotion Lovers
38687,0,Regular Cutomers
38688,7,Large Families
38689,0,Regular Cutomers
38691,1,Gamers
38692,5,Low-Value Occasional Customers
38693,8,Young Karens
38694,6,High-Value Customers
38695,2,Clean & Green
38696,0,Regular Cutomers
38697,5,Low-Value Occasional Customers
38698,1,Gamers
38699,5,Low-Value Occasional Customers
38700,1,Gamers
38701,1,Gamers
38702,5,Low-Value Occasional Customers
38703,4,Promotion Lovers
38704,0,Regular Cutomers
38705,0,Regular Cutomers
38706,0,Regular Cutomers
38707,5,Low-Value Occasional Customers
38708,1,Gamers
38709,0,Regular Cutomers
38710,8,Young Karens
38713,6,High-Value Customers
38714,7,Large Families
38715,0,Regular Cutomers
38716,8,Young Karens
38717,4,Promotion Lovers
38718,2,Clean & Green
38719,3,Senior Karens
38721,4,Promotion Lovers
38722,2,Clean & Green
38725,4,Promotion Lovers
38726,5,Low-Value Occasional Customers
38727,0,Regular Cutomers
38728,5,Low-Value Occasional Customers
38729,1,Gamers
38730,6,High-Value Customers
38731,2,Clean & Green
38733,6,High-Value Customers
38734,0,Regular Cutomers
38737,4,Promotion Lovers
38738,4,Promotion Lovers
38739,5,Low-Value Occasional Customers
38741,0,Regular Cutomers
38742,2,Clean & Green
38743,7,Large Families
38744,0,Regular Cutomers
38745,7,Large Families
38746,1,Gamers
38747,6,High-Value Customers
38748,4,Promotion Lovers
38749,5,Low-Value Occasional Customers
38750,7,Large Families
38751,1,Gamers
38752,0,Regular Cutomers
38753,1,Gamers
38754,5,Low-Value Occasional Customers
38755,1,Gamers
38756,7,Large Families
38757,4,Promotion Lovers
38758,7,Large Families
38759,0,Regular Cutomers
38761,2,Clean & Green
38762,4,Promotion Lovers
38763,5,Low-Value Occasional Customers
38764,0,Regular Cutomers
38765,4,Promotion Lovers
38766,2,Clean & Green
38768,2,Clean & Green
38769,5,Low-Value Occasional Customers
38771,0,Regular Cutomers
38772,2,Clean & Green
38774,0,Regular Cutomers
38775,2,Clean & Green
38777,0,Regular Cutomers
38778,0,Regular Cutomers
38779,2,Clean & Green
38780,1,Gamers
38781,0,Regular Cutomers
38782,2,Clean & Green
38784,8,Young Karens
38786,7,Large Families
38787,1,Gamers
38788,0,Regular Cutomers
38789,7,Large Families
38791,5,Low-Value Occasional Customers
38793,6,High-Value Customers
38794,0,Regular Cutomers
38796,4,Promotion Lovers
38797,2,Clean & Green
38798,0,Regular Cutomers
38799,4,Promotion Lovers
38801,6,High-Value Customers
38802,2,Clean & Green
38803,4,Promotion Lovers
38804,1,Gamers
38806,4,Promotion Lovers
38807,0,Regular Cutomers
38808,5,Low-Value Occasional Customers
38811,2,Clean & Green
38813,2,Clean & Green
38814,0,Regular Cutomers
38815,6,High-Value Customers
38818,4,Promotion Lovers
38819,3,Senior Karens
38820,4,Promotion Lovers
38821,8,Young Karens
38822,0,Regular Cutomers
38823,0,Regular Cutomers
38824,1,Gamers
38825,0,Regular Cutomers
38826,4,Promotion Lovers
38827,2,Clean & Green
38828,7,Large Families
38829,4,Promotion Lovers
38830,6,High-Value Customers
38831,6,High-Value Customers
38833,1,Gamers
38835,8,Young Karens
38836,6,High-Value Customers
38837,4,Promotion Lovers
38839,8,Young Karens
38840,0,Regular Cutomers
38841,2,Clean & Green
38842,6,High-Value Customers
38843,8,Young Karens
38844,6,High-Value Customers
38845,8,Young Karens
38846,0,Regular Cutomers
38848,0,Regular Cutomers
38849,4,Promotion Lovers
38851,0,Regular Cutomers
38852,2,Clean & Green
38853,2,Clean & Green
38854,1,Gamers
38855,8,Young Karens
38856,7,Large Families
38857,0,Regular Cutomers
38858,6,High-Value Customers
38860,1,Gamers
38861,0,Regular Cutomers
38863,5,Low-Value Occasional Customers
38864,0,Regular Cutomers
38867,0,Regular Cutomers
38869,5,Low-Value Occasional Customers
38870,5,Low-Value Occasional Customers
38871,0,Regular Cutomers
38872,0,Regular Cutomers
38873,0,Regular Cutomers
38874,8,Young Karens
38875,2,Clean & Green
38876,0,Regular Cutomers
38877,6,High-Value Customers
38878,0,Regular Cutomers
38879,0,Regular Cutomers
38880,0,Regular Cutomers
38881,7,Large Families
38882,2,Clean & Green
38883,0,Regular Cutomers
38884,1,Gamers
38885,0,Regular Cutomers
38887,7,Large Families
38888,0,Regular Cutomers
38889,0,Regular Cutomers
38890,3,Senior Karens
38891,5,Low-Value Occasional Customers
38892,6,High-Value Customers
38893,4,Promotion Lovers
38896,1,Gamers
38897,4,Promotion Lovers
38898,4,Promotion Lovers
38899,4,Promotion Lovers
38900,4,Promotion Lovers
38901,0,Regular Cutomers
38902,8,Young Karens
38903,3,Senior Karens
38904,4,Promotion Lovers
38905,0,Regular Cutomers
38907,8,Young Karens
38910,0,Regular Cutomers
38911,1,Gamers
38912,4,Promotion Lovers
38913,4,Promotion Lovers
38914,2,Clean & Green
38915,5,Low-Value Occasional Customers
38916,4,Promotion Lovers
38917,2,Clean & Green
38918,2,Clean & Green
38919,3,Senior Karens
38920,0,Regular Cutomers
38921,2,Clean & Green
38923,1,Gamers
38924,0,Regular Cutomers
38926,6,High-Value Customers
38927,7,Large Families
38928,7,Large Families
38929,8,Young Karens
38930,5,Low-Value Occasional Customers
38931,3,Senior Karens
38933,1,Gamers
38934,2,Clean & Green
38935,0,Regular Cutomers
38936,2,Clean & Green
38937,5,Low-Value Occasional Customers
38938,0,Regular Cutomers
38939,0,Regular Cutomers
38940,7,Large Families
38941,6,High-Value Customers
38942,4,Promotion Lovers
38943,0,Regular Cutomers
38944,1,Gamers
38946,6,High-Value Customers
38947,4,Promotion Lovers
38949,5,Low-Value Occasional Customers
38950,1,Gamers
38951,0,Regular Cutomers
38952,8,Young Karens
38954,0,Regular Cutomers
38955,4,Promotion Lovers
38956,0,Regular Cutomers
38958,6,High-Value Customers
38959,8,Young Karens
38960,3,Senior Karens
38961,4,Promotion Lovers
38962,0,Regular Cutomers
38963,5,Low-Value Occasional Customers
38964,6,High-Value Customers
38965,3,Senior Karens
38967,4,Promotion Lovers
38968,2,Clean & Green
38969,0,Regular Cutomers
38970,6,High-Value Customers
38971,3,Senior Karens
38972,0,Regular Cutomers
38974,0,Regular Cutomers
38975,2,Clean & Green
38976,7,Large Families
38977,8,Young Karens
38978,0,Regular Cutomers
38979,1,Gamers
38980,4,Promotion Lovers
38981,0,Regular Cutomers
38982,5,Low-Value Occasional Customers
38983,5,Low-Value Occasional Customers
38984,6,High-Value Customers
38985,7,Large Families
38987,4,Promotion Lovers
38988,0,Regular Cutomers
38989,4,Promotion Lovers
38990,0,Regular Cutomers
38993,0,Regular Cutomers
38995,0,Regular Cutomers
38996,4,Promotion Lovers
38997,4,Promotion Lovers
38999,4,Promotion Lovers
39000,4,Promotion Lovers
39001,5,Low-Value Occasional Customers
39002,8,Young Karens
39004,4,Promotion Lovers
39005,2,Clean & Green
39006,1,Gamers
39007,6,High-Value Customers
39008,2,Clean & Green
39009,7,Large Families
39010,6,High-Value Customers
39011,5,Low-Value Occasional Customers
39012,7,Large Families
39013,2,Clean & Green
39014,2,Clean & Green
39015,4,Promotion Lovers
39016,4,Promotion Lovers
39017,5,Low-Value Occasional Customers
39018,0,Regular Cutomers
39019,8,Young Karens
39020,5,Low-Value Occasional Customers
39021,5,Low-Value Occasional Customers
39022,0,Regular Cutomers
39023,2,Clean & Green
39025,5,Low-Value Occasional Customers
39026,5,Low-Value Occasional Customers
39027,4,Promotion Lovers
39028,0,Regular Cutomers
39030,1,Gamers
39031,5,Low-Value Occasional Customers
39032,0,Regular Cutomers
39033,3,Senior Karens
39034,0,Regular Cutomers
39035,4,Promotion Lovers
39036,0,Regular Cutomers
39037,0,Regular Cutomers
39038,4,Promotion Lovers
39039,0,Regular Cutomers
39040,4,Promotion Lovers
39041,6,High-Value Customers
39042,0,Regular Cutomers
39043,2,Clean & Green
39044,3,Senior Karens
39045,3,Senior Karens
39047,6,High-Value Customers
39048,4,Promotion Lovers
39049,0,Regular Cutomers
39050,4,Promotion Lovers
39052,0,Regular Cutomers
39053,7,Large Families
39054,5,Low-Value Occasional Customers
39055,4,Promotion Lovers
39056,7,Large Families
39058,6,High-Value Customers
39059,0,Regular Cutomers
39060,7,Large Families
39061,2,Clean & Green
39062,0,Regular Cutomers
39063,0,Regular Cutomers
39065,5,Low-Value Occasional Customers
39067,3,Senior Karens
39068,4,Promotion Lovers
39069,2,Clean & Green
39071,0,Regular Cutomers
39072,5,Low-Value Occasional Customers
39074,8,Young Karens
39075,1,Gamers
39076,2,Clean & Green
39077,0,Regular Cutomers
39078,5,Low-Value Occasional Customers
39079,8,Young Karens
39080,0,Regular Cutomers
39081,0,Regular Cutomers
39082,4,Promotion Lovers
39083,0,Regular Cutomers
39084,0,Regular Cutomers
39085,2,Clean & Green
39086,0,Regular Cutomers
39087,8,Young Karens
39088,0,Regular Cutomers
39089,5,Low-Value Occasional Customers
39091,1,Gamers
39092,1,Gamers
39094,1,Gamers
39095,6,High-Value Customers
39096,8,Young Karens
39097,8,Young Karens
39099,4,Promotion Lovers
39100,0,Regular Cutomers
39101,0,Regular Cutomers
39102,0,Regular Cutomers
39103,7,Large Families
39104,0,Regular Cutomers
39105,1,Gamers
39106,4,Promotion Lovers
39107,7,Large Families
39108,4,Promotion Lovers
39109,8,Young Karens
39110,7,Large Families
39111,4,Promotion Lovers
39112,1,Gamers
39113,2,Clean & Green
39114,6,High-Value Customers
39115,7,Large Families
39116,2,Clean & Green
39117,3,Senior Karens
39119,0,Regular Cutomers
39120,8,Young Karens
39122,1,Gamers
39123,7,Large Families
39125,1,Gamers
39126,6,High-Value Customers
39128,5,Low-Value Occasional Customers
39129,6,High-Value Customers
39130,4,Promotion Lovers
39131,5,Low-Value Occasional Customers
39132,4,Promotion Lovers
39133,8,Young Karens
39134,7,Large Families
39135,0,Regular Cutomers
39136,2,Clean & Green
39138,0,Regular Cutomers
39139,0,Regular Cutomers
39140,6,High-Value Customers
39141,1,Gamers
39142,4,Promotion Lovers
39144,2,Clean & Green
39145,2,Clean & Green
39146,2,Clean & Green
39147,0,Regular Cutomers
39149,0,Regular Cutomers
39150,4,Promotion Lovers
39151,4,Promotion Lovers
39152,5,Low-Value Occasional Customers
39153,0,Regular Cutomers
39154,6,High-Value Customers
39155,3,Senior Karens
39156,4,Promotion Lovers
39157,5,Low-Value Occasional Customers
39158,6,High-Value Customers
39159,8,Young Karens
39161,8,Young Karens
39162,8,Young Karens
39163,4,Promotion Lovers
39164,7,Large Families
39165,4,Promotion Lovers
39166,0,Regular Cutomers
39168,1,Gamers
39170,6,High-Value Customers
39173,8,Young Karens
39174,8,Young Karens
39175,0,Regular Cutomers
39176,4,Promotion Lovers
39177,4,Promotion Lovers
39178,1,Gamers
39180,5,Low-Value Occasional Customers
39181,7,Large Families
39184,4,Promotion Lovers
39185,8,Young Karens
39186,1,Gamers
39187,7,Large Families
39188,4,Promotion Lovers
39190,6,High-Value Customers
39191,4,Promotion Lovers
39192,8,Young Karens
39193,4,Promotion Lovers
39194,7,Large Families
39195,2,Clean & Green
39196,6,High-Value Customers
39197,1,Gamers
39198,6,High-Value Customers
39199,3,Senior Karens
39200,0,Regular Cutomers
39201,2,Clean & Green
39202,4,Promotion Lovers
39203,6,High-Value Customers
39204,6,High-Value Customers
39205,4,Promotion Lovers
39206,4,Promotion Lovers
39207,5,Low-Value Occasional Customers
39208,4,Promotion Lovers
39209,1,Gamers
39210,2,Clean & Green
39211,8,Young Karens
39212,6,High-Value Customers
39213,3,Senior Karens
39214,0,Regular Cutomers
39215,0,Regular Cutomers
39216,2,Clean & Green
39218,0,Regular Cutomers
39219,0,Regular Cutomers
39220,0,Regular Cutomers
39221,7,Large Families
39222,4,Promotion Lovers
39223,0,Regular Cutomers
39224,2,Clean & Green
39226,4,Promotion Lovers
39227,2,Clean & Green
39229,7,Large Families
39230,0,Regular Cutomers
39231,0,Regular Cutomers
39232,0,Regular Cutomers
39234,0,Regular Cutomers
39236,5,Low-Value Occasional Customers
39238,5,Low-Value Occasional Customers
39239,0,Regular Cutomers
39241,8,Young Karens
39242,4,Promotion Lovers
39243,1,Gamers
39244,1,Gamers
39245,8,Young Karens
39246,5,Low-Value Occasional Customers
39247,2,Clean & Green
39249,4,Promotion Lovers
39251,0,Regular Cutomers
39252,2,Clean & Green
39255,4,Promotion Lovers
39257,4,Promotion Lovers
39258,4,Promotion Lovers
39259,8,Young Karens
39260,5,Low-Value Occasional Customers
39261,2,Clean & Green
39262,2,Clean & Green
39264,5,Low-Value Occasional Customers
39265,2,Clean & Green
39266,4,Promotion Lovers
39267,0,Regular Cutomers
39268,4,Promotion Lovers
39269,4,Promotion Lovers
39271,4,Promotion Lovers
39274,5,Low-Value Occasional Customers
39275,4,Promotion Lovers
39276,2,Clean & Green
39277,7,Large Families
39278,5,Low-Value Occasional Customers
39279,1,Gamers
39280,4,Promotion Lovers
39281,4,Promotion Lovers
39282,0,Regular Cutomers
39283,4,Promotion Lovers
39285,0,Regular Cutomers
39286,1,Gamers
39287,0,Regular Cutomers
39288,0,Regular Cutomers
39289,0,Regular Cutomers
39290,7,Large Families
39291,6,High-Value Customers
39292,2,Clean & Green
39295,4,Promotion Lovers
39296,5,Low-Value Occasional Customers
39297,6,High-Value Customers
39298,2,Clean & Green
39299,7,Large Families
39301,4,Promotion Lovers
39302,0,Regular Cutomers
39304,4,Promotion Lovers
39305,8,Young Karens
39306,8,Young Karens
39307,2,Clean & Green
39308,7,Large Families
39309,0,Regular Cutomers
39310,6,High-Value Customers
39311,1,Gamers
39312,4,Promotion Lovers
39313,0,Regular Cutomers
39314,5,Low-Value Occasional Customers
39315,0,Regular Cutomers
39317,6,High-Value Customers
39318,1,Gamers
39320,1,Gamers
39321,1,Gamers
39322,2,Clean & Green
39323,0,Regular Cutomers
39324,5,Low-Value Occasional Customers
39325,6,High-Value Customers
39326,0,Regular Cutomers
39327,5,Low-Value Occasional Customers
39328,4,Promotion Lovers
39329,7,Large Families
39330,4,Promotion Lovers
39332,4,Promotion Lovers
39333,5,Low-Value Occasional Customers
39334,6,High-Value Customers
39335,0,Regular Cutomers
39336,0,Regular Cutomers
39337,1,Gamers
39338,1,Gamers
39339,1,Gamers
39340,0,Regular Cutomers
39343,5,Low-Value Occasional Customers
39344,8,Young Karens
39345,0,Regular Cutomers
39346,7,Large Families
39347,5,Low-Value Occasional Customers
39348,0,Regular Cutomers
39349,4,Promotion Lovers
39350,5,Low-Value Occasional Customers
39351,2,Clean & Green
39352,7,Large Families
39353,5,Low-Value Occasional Customers
39354,3,Senior Karens
39355,5,Low-Value Occasional Customers
39356,3,Senior Karens
39357,0,Regular Cutomers
39358,6,High-Value Customers
39359,0,Regular Cutomers
39360,4,Promotion Lovers
39361,6,High-Value Customers
39363,6,High-Value Customers
39364,0,Regular Cutomers
39365,1,Gamers
39366,5,Low-Value Occasional Customers
39368,0,Regular Cutomers
39369,1,Gamers
39370,1,Gamers
39371,2,Clean & Green
39372,2,Clean & Green
39373,2,Clean & Green
39374,7,Large Families
39375,1,Gamers
39378,5,Low-Value Occasional Customers
39379,4,Promotion Lovers
39381,0,Regular Cutomers
39382,4,Promotion Lovers
39383,7,Large Families
39384,3,Senior Karens
39385,5,Low-Value Occasional Customers
39386,6,High-Value Customers
39387,4,Promotion Lovers
39388,6,High-Value Customers
39390,6,High-Value Customers
39391,4,Promotion Lovers
39392,1,Gamers
39394,5,Low-Value Occasional Customers
39395,7,Large Families
39396,0,Regular Cutomers
39397,2,Clean & Green
39398,4,Promotion Lovers
39400,3,Senior Karens
39401,0,Regular Cutomers
39402,6,High-Value Customers
39404,5,Low-Value Occasional Customers
39405,6,High-Value Customers
39406,8,Young Karens
39407,6,High-Value Customers
39408,4,Promotion Lovers
39409,8,Young Karens
39412,0,Regular Cutomers
39413,5,Low-Value Occasional Customers
39414,1,Gamers
39415,0,Regular Cutomers
39416,1,Gamers
39417,4,Promotion Lovers
39418,7,Large Families
39419,0,Regular Cutomers
39420,5,Low-Value Occasional Customers
39423,4,Promotion Lovers
39424,1,Gamers
39425,0,Regular Cutomers
39426,2,Clean & Green
39427,7,Large Families
39428,5,Low-Value Occasional Customers
39429,5,Low-Value Occasional Customers
39430,4,Promotion Lovers
39431,8,Young Karens
39433,2,Clean & Green
39435,4,Promotion Lovers
39436,0,Regular Cutomers
39437,0,Regular Cutomers
39439,5,Low-Value Occasional Customers
39440,5,Low-Value Occasional Customers
39442,0,Regular Cutomers
39443,3,Senior Karens
39445,7,Large Families
39447,6,High-Value Customers
39448,5,Low-Value Occasional Customers
39449,5,Low-Value Occasional Customers
39450,1,Gamers
39451,7,Large Families
39452,1,Gamers
39453,0,Regular Cutomers
39454,2,Clean & Green
39456,8,Young Karens
39458,1,Gamers
39459,8,Young Karens
39460,4,Promotion Lovers
39461,4,Promotion Lovers
39462,3,Senior Karens
39463,7,Large Families
39464,2,Clean & Green
39465,4,Promotion Lovers
39466,2,Clean & Green
39468,5,Low-Value Occasional Customers
39470,0,Regular Cutomers
39472,3,Senior Karens
39473,7,Large Families
39474,6,High-Value Customers
39475,3,Senior Karens
39476,0,Regular Cutomers
39477,6,High-Value Customers
39478,6,High-Value Customers
39479,7,Large Families
39480,4,Promotion Lovers
39481,5,Low-Value Occasional Customers
39482,7,Large Families
39484,4,Promotion Lovers
39485,0,Regular Cutomers
39486,0,Regular Cutomers
39487,0,Regular Cutomers
39488,8,Young Karens
39489,0,Regular Cutomers
39490,0,Regular Cutomers
39491,7,Large Families
39492,7,Large Families
39493,2,Clean & Green
39494,5,Low-Value Occasional Customers
39497,7,Large Families
39498,3,Senior Karens
39499,6,High-Value Customers
39500,0,Regular Cutomers
39501,4,Promotion Lovers
39502,4,Promotion Lovers
39503,2,Clean & Green
39504,0,Regular Cutomers
39505,7,Large Families
39506,2,Clean & Green
39507,7,Large Families
39511,4,Promotion Lovers
39512,1,Gamers
39513,2,Clean & Green
39514,5,Low-Value Occasional Customers
39515,7,Large Families
39516,2,Clean & Green
39517,6,High-Value Customers
39518,8,Young Karens
39519,0,Regular Cutomers
39520,0,Regular Cutomers
39521,0,Regular Cutomers
39523,1,Gamers
39524,0,Regular Cutomers
39525,8,Young Karens
39526,4,Promotion Lovers
39527,4,Promotion Lovers
39528,0,Regular Cutomers
39529,4,Promotion Lovers
39531,6,High-Value Customers
39532,5,Low-Value Occasional Customers
39533,6,High-Value Customers
39534,1,Gamers
39535,4,Promotion Lovers
39536,7,Large Families
39537,4,Promotion Lovers
39538,4,Promotion Lovers
39539,0,Regular Cutomers
39542,8,Young Karens
39543,5,Low-Value Occasional Customers
39544,4,Promotion Lovers
39545,4,Promotion Lovers
39546,6,High-Value Customers
39548,4,Promotion Lovers
39549,4,Promotion Lovers
39550,5,Low-Value Occasional Customers
39551,3,Senior Karens
39552,4,Promotion Lovers
39553,5,Low-Value Occasional Customers
39554,1,Gamers
39555,0,Regular Cutomers
39559,4,Promotion Lovers
39560,8,Young Karens
39561,8,Young Karens
39562,2,Clean & Green
39563,7,Large Families
39565,0,Regular Cutomers
39567,0,Regular Cutomers
39568,5,Low-Value Occasional Customers
39569,0,Regular Cutomers
39570,7,Large Families
39571,7,Large Families
39572,0,Regular Cutomers
39573,2,Clean & Green
39574,5,Low-Value Occasional Customers
39575,4,Promotion Lovers
39576,3,Senior Karens
39578,0,Regular Cutomers
39579,4,Promotion Lovers
39581,1,Gamers
39582,7,Large Families
39583,8,Young Karens
39585,0,Regular Cutomers
39587,3,Senior Karens
39588,0,Regular Cutomers
39589,7,Large Families
39590,6,High-Value Customers
39591,7,Large Families
39592,8,Young Karens
39593,6,High-Value Customers
39594,6,High-Value Customers
39595,0,Regular Cutomers
39596,6,High-Value Customers
39598,7,Large Families
39600,0,Regular Cutomers
39603,0,Regular Cutomers
39604,1,Gamers
39607,8,Young Karens
39608,0,Regular Cutomers
39609,6,High-Value Customers
39610,8,Young Karens
39611,7,Large Families
39614,0,Regular Cutomers
39615,0,Regular Cutomers
39617,5,Low-Value Occasional Customers
39618,7,Large Families
39620,1,Gamers
39621,7,Large Families
39622,4,Promotion Lovers
39623,0,Regular Cutomers
39624,0,Regular Cutomers
39625,0,Regular Cutomers
39627,6,High-Value Customers
39628,6,High-Value Customers
39629,4,Promotion Lovers
39631,2,Clean & Green
39632,4,Promotion Lovers
39633,7,Large Families
39636,5,Low-Value Occasional Customers
39637,4,Promotion Lovers
39639,4,Promotion Lovers
39640,7,Large Families
39641,0,Regular Cutomers
39643,6,High-Value Customers
39644,6,High-Value Customers
39645,6,High-Value Customers
39646,4,Promotion Lovers
39647,7,Large Families
39648,0,Regular Cutomers
39649,0,Regular Cutomers
39651,4,Promotion Lovers
39652,4,Promotion Lovers
39653,3,Senior Karens
39654,4,Promotion Lovers
39656,5,Low-Value Occasional Customers
39658,0,Regular Cutomers
39659,0,Regular Cutomers
39660,0,Regular Cutomers
39662,2,Clean & Green
39663,6,High-Value Customers
39664,6,High-Value Customers
39665,0,Regular Cutomers
39666,0,Regular Cutomers
39667,0,Regular Cutomers
39668,7,Large Families
39669,4,Promotion Lovers
39670,4,Promotion Lovers
39672,7,Large Families
39673,3,Senior Karens
39674,1,Gamers
39675,6,High-Value Customers
39677,3,Senior Karens
39678,8,Young Karens
39679,4,Promotion Lovers
39680,8,Young Karens
39681,8,Young Karens
39682,3,Senior Karens
39683,6,High-Value Customers
39684,0,Regular Cutomers
39685,4,Promotion Lovers
39686,7,Large Families
39687,4,Promotion Lovers
39689,0,Regular Cutomers
39690,0,Regular Cutomers
39691,7,Large Families
39692,0,Regular Cutomers
39693,0,Regular Cutomers
39694,0,Regular Cutomers
39695,5,Low-Value Occasional Customers
39696,3,Senior Karens
39697,1,Gamers
39698,8,Young Karens
39699,3,Senior Karens
39700,2,Clean & Green
39701,0,Regular Cutomers
39702,1,Gamers
39703,0,Regular Cutomers
39705,3,Senior Karens
39706,5,Low-Value Occasional Customers
39707,2,Clean & Green
39708,2,Clean & Green
39710,4,Promotion Lovers
39711,4,Promotion Lovers
39713,0,Regular Cutomers
39714,2,Clean & Green
39715,7,Large Families
39717,4,Promotion Lovers
39718,3,Senior Karens
39719,4,Promotion Lovers
39721,2,Clean & Green
39722,3,Senior Karens
39723,5,Low-Value Occasional Customers
39726,3,Senior Karens
39727,2,Clean & Green
39729,0,Regular Cutomers
39730,1,Gamers
39731,6,High-Value Customers
39732,2,Clean & Green
39733,0,Regular Cutomers
39735,1,Gamers
39736,4,Promotion Lovers
39737,6,High-Value Customers
39738,4,Promotion Lovers
39739,8,Young Karens
39740,5,Low-Value Occasional Customers
39741,4,Promotion Lovers
39742,1,Gamers
39743,0,Regular Cutomers
39744,5,Low-Value Occasional Customers
39745,6,High-Value Customers
39746,1,Gamers
39747,2,Clean & Green
39748,6,High-Value Customers
39750,2,Clean & Green
39751,5,Low-Value Occasional Customers
39752,7,Large Families
39753,3,Senior Karens
39755,5,Low-Value Occasional Customers
39756,3,Senior Karens
39757,0,Regular Cutomers
39758,2,Clean & Green
39759,1,Gamers
39760,1,Gamers
39761,2,Clean & Green
39762,0,Regular Cutomers
39763,2,Clean & Green
39764,8,Young Karens
39765,8,Young Karens
39766,5,Low-Value Occasional Customers
39767,8,Young Karens
39768,0,Regular Cutomers
39770,5,Low-Value Occasional Customers
39771,2,Clean & Green
39772,2,Clean & Green
39773,7,Large Families
39774,4,Promotion Lovers
39775,0,Regular Cutomers
39777,1,Gamers
39778,7,Large Families
39779,0,Regular Cutomers
39780,8,Young Karens
39781,8,Young Karens
39782,7,Large Families
39784,7,Large Families
39785,0,Regular Cutomers
39786,7,Large Families
39787,0,Regular Cutomers
39788,4,Promotion Lovers
39789,0,Regular Cutomers
39791,2,Clean & Green
39793,4,Promotion Lovers
39796,0,Regular Cutomers
39797,0,Regular Cutomers
39798,0,Regular Cutomers
39799,2,Clean & Green
39800,8,Young Karens
39801,6,High-Value Customers
39804,0,Regular Cutomers
39805,4,Promotion Lovers
39806,1,Gamers
39807,6,High-Value Customers
39808,0,Regular Cutomers
39809,1,Gamers
39810,8,Young Karens
39811,1,Gamers
39812,0,Regular Cutomers
39814,4,Promotion Lovers
39815,8,Young Karens
39817,4,Promotion Lovers
39818,7,Large Families
39819,2,Clean & Green
39820,7,Large Families
39823,1,Gamers
39824,4,Promotion Lovers
39825,7,Large Families
39826,4,Promotion Lovers
39827,2,Clean & Green
39828,4,Promotion Lovers
39829,0,Regular Cutomers
39830,8,Young Karens
39831,1,Gamers
39832,7,Large Families
39833,0,Regular Cutomers
39834,2,Clean & Green
39835,8,Young Karens
39836,0,Regular Cutomers
39837,0,Regular Cutomers
39838,4,Promotion Lovers
39839,8,Young Karens
39840,0,Regular Cutomers
39841,1,Gamers
39842,0,Regular Cutomers
39843,2,Clean & Green
39844,5,Low-Value Occasional Customers
39845,1,Gamers
39846,6,High-Value Customers
39848,4,Promotion Lovers
39850,1,Gamers
39851,5,Low-Value Occasional Customers
39852,8,Young Karens
39853,1,Gamers
39854,4,Promotion Lovers
39855,4,Promotion Lovers
39856,0,Regular Cutomers
39857,0,Regular Cutomers
39858,1,Gamers
39859,7,Large Families
39860,4,Promotion Lovers
39862,6,High-Value Customers
39863,0,Regular Cutomers
39864,4,Promotion Lovers
39865,1,Gamers
39866,0,Regular Cutomers
39867,0,Regular Cutomers
39868,4,Promotion Lovers
39869,0,Regular Cutomers
39870,5,Low-Value Occasional Customers
39871,5,Low-Value Occasional Customers
39872,0,Regular Cutomers
39874,4,Promotion Lovers
39875,4,Promotion Lovers
39877,4,Promotion Lovers
39878,0,Regular Cutomers
39879,0,Regular Cutomers
39880,2,Clean & Green
39881,0,Regular Cutomers
39882,6,High-Value Customers
39883,4,Promotion Lovers
39884,6,High-Value Customers
39885,2,Clean & Green
39886,5,Low-Value Occasional Customers
39887,0,Regular Cutomers
39889,8,Young Karens
39890,3,Senior Karens
39891,2,Clean & Green
39892,4,Promotion Lovers
39893,3,Senior Karens
39894,6,High-Value Customers
39895,7,Large Families
39896,5,Low-Value Occasional Customers
39897,0,Regular Cutomers
39898,7,Large Families
39899,3,Senior Karens
39900,0,Regular Cutomers
39901,5,Low-Value Occasional Customers
39902,4,Promotion Lovers
39903,1,Gamers
39904,5,Low-Value Occasional Customers
39905,8,Young Karens
39907,7,Large Families
39908,8,Young Karens
39909,8,Young Karens
39910,7,Large Families
39911,0,Regular Cutomers
39913,8,Young Karens
39914,4,Promotion Lovers
39915,5,Low-Value Occasional Customers
39916,7,Large Families
39917,2,Clean & Green
39918,6,High-Value Customers
39919,5,Low-Value Occasional Customers
39920,0,Regular Cutomers
39922,5,Low-Value Occasional Customers
39923,6,High-Value Customers
39924,6,High-Value Customers
39925,1,Gamers
39926,1,Gamers
39927,2,Clean & Green
39928,4,Promotion Lovers
39929,8,Young Karens
39930,0,Regular Cutomers
39932,0,Regular Cutomers
39933,2,Clean & Green
39934,8,Young Karens
39938,7,Large Families
39939,2,Clean & Green
39940,1,Gamers
39941,1,Gamers
39942,5,Low-Value Occasional Customers
39943,4,Promotion Lovers
39944,2,Clean & Green
39945,0,Regular Cutomers
39946,8,Young Karens
39947,7,Large Families
39948,4,Promotion Lovers
39949,6,High-Value Customers
39950,0,Regular Cutomers
39952,1,Gamers
39954,2,Clean & Green
39956,4,Promotion Lovers
39957,0,Regular Cutomers
39959,4,Promotion Lovers
39960,4,Promotion Lovers
39962,4,Promotion Lovers
39963,8,Young Karens
39964,4,Promotion Lovers
39965,2,Clean & Green
39966,1,Gamers
39967,4,Promotion Lovers
39968,2,Clean & Green
39970,8,Young Karens
39971,2,Clean & Green
39972,0,Regular Cutomers
39974,0,Regular Cutomers
39975,7,Large Families
39976,1,Gamers
39977,1,Gamers
39978,0,Regular Cutomers
39979,8,Young Karens
39980,5,Low-Value Occasional Customers
39981,7,Large Families
39982,5,Low-Value Occasional Customers
39983,7,Large Families
39984,4,Promotion Lovers
39985,2,Clean & Green
39988,0,Regular Cutomers
39989,4,Promotion Lovers
39990,5,Low-Value Occasional Customers
39991,5,Low-Value Occasional Customers
39992,4,Promotion Lovers
39994,0,Regular Cutomers
39996,1,Gamers
39997,1,Gamers
39998,2,Clean & Green
39999,4,Promotion Lovers
40000,0,Regular Cutomers
